symbol,exchange,company_name,display_name,en_company_name,vietstock_company_name,name_match_status,watchlist_sector_l1,watchlist_sector_l2,watchlist_sector_l3,vietstock_sector_l1,vietstock_sector_l2,vietstock_sector_l3,website_group,financial_model,website_group_order,matched_keyword,mapping_confidence,suggestion_source,source_url,vietstock_financial_url,status,needs_review,review_reason
AAT,HOSE,CTCP Tập Đoàn Tiên Sơn Thanh Hóa,CTCP Tập Đoàn Tiên Sơn Thanh Hóa,Tien Son Thanh Hoa Group JSC,CTCP Tập Đoàn Tiên Sơn Thanh Hóa - Tien Son Thanh Hoa Group JSC - Hồ sơ doanh nghiệp,MATCH,Tiêu dùng không thiết yếu,Thời trang và hàng lâu bền,Thời trang và dệt may,Tiêu dùng không thiết yếu,Thời trang và hàng lâu bền,Thời trang và dệt may,Dệt may,NORMAL,13,det may,VIETSTOCK_RULE,VIETSTOCK,https://finance.vietstock.vn/AAT/ho-so-doanh-nghiep.htm,https://finance.vietstock.vn/AAT/tai-chinh.htm?tab=BCTT,OK,NO,
ABI,UPCOM,CTCP Bảo hiểm Ngân hàng Nông nghiệp Việt Nam,CTCP Bảo hiểm Ngân hàng Nông nghiệp Việt Nam,Agriculture Bank Insurance Joint Stock Corporation,CTCP Bảo hiểm Ngân hàng Nông nghiệp Việt Nam - ABIC - Hồ sơ doanh nghiệp,MATCH,Tài chính,Bảo hiểm,Bảo hiểm,Tài chính,Bảo hiểm,,Bảo hiểm,INSURANCE,3,bao hiem,VIETSTOCK_RULE,VIETSTOCK,https://finance.vietstock.vn/ABI/ho-so-doanh-nghiep.htm,https://finance.vietstock.vn/ABI/tai-chinh.htm?tab=BCTT,OK,NO,
ACG,HOSE,CTCP Gỗ An Cường,CTCP Gỗ An Cường,An Cuong Wood - Working Joint Stock Company,CTCP Gỗ An Cường - An Cuong Wood - Working JSC - Hồ sơ doanh nghiệp,MATCH,Nguyên vật liệu,Nguyên vật liệu,Gỗ và giấy,Nguyên vật liệu,Gỗ và giấy,,Gỗ & Giấy,NORMAL,24,go va giay,VIETSTOCK_RULE,VIETSTOCK,https://finance.vietstock.vn/ACG/ho-so-doanh-nghiep.htm,https://finance.vietstock.vn/ACG/tai-chinh.htm?tab=BCTT,OK,NO,
ACL,HOSE,CTCP Xuất nhập khẩu Thủy sản Cửu Long An Giang,CTCP Xuất nhập khẩu Thủy sản Cửu Long An Giang,Cuu Long Fish Joint Stock Company,CTCP Xuất nhập khẩu Thủy sản Cửu Long An Giang - CL-Fish Corp - Hồ sơ doanh nghiệp,MATCH,Tiêu dùng thiết yếu,"Thực phẩm, đồ uống và thuốc lá",Thực phẩm,Tiêu dùng thiết yếu,"Thực phẩm, đồ uống và thuốc lá",Thực phẩm,Thực phẩm & đồ uống,NORMAL,18,thuc pham,VIETSTOCK_RULE,VIETSTOCK,https://finance.vietstock.vn/ACL/ho-so-doanh-nghiep.htm,https://finance.vietstock.vn/ACL/tai-chinh.htm?tab=BCTT,OK,NO,
ACM,UPCOM,CTCP Tập đoàn Khoáng sản Á Cường,CTCP Tập đoàn Khoáng sản Á Cường,A Cuong Mineral Group JSC,"CTCP Tập đoàn Khoáng sản Á Cường - AC Group.,JSC - Hồ sơ doanh nghiệp",MATCH,Nguyên vật liệu,Nguyên vật liệu,Khai khoáng và luyện kim,Nguyên vật liệu,Khai khoáng và luyện kim,,Kim loại & Khoáng sản,NORMAL,32,khai khoang,VIETSTOCK_RULE,VIETSTOCK,https://finance.vietstock.vn/ACM/ho-so-doanh-nghiep.htm,https://finance.vietstock.vn/ACM/tai-chinh.htm?tab=BCTT,OK,NO,
ADG,HOSE,CTCP Clever Group,CTCP Clever Group,Clever Group Corporation,CTCP Clever Group - CLEVER GROUP - Hồ sơ doanh nghiệp,MATCH,Dịch vụ truyền thông,Truyền thông và giải trí,Truyền thông,Dịch vụ truyền thông,Truyền thông và giải trí,Truyền thông,Du lịch & Giải trí,NORMAL,27,giai tri,VIETSTOCK_RULE,VIETSTOCK,https://finance.vietstock.vn/ADG/ho-so-doanh-nghiep.htm,https://finance.vietstock.vn/ADG/tai-chinh.htm?tab=BCTT,OK,NO,
ADP,HOSE,CTCP Sơn Á Đông,CTCP Sơn Á Đông,A Dong Paint JSC,CTCP Sơn Á Đông - ADONG PAINT - Hồ sơ doanh nghiệp,MATCH,Nguyên vật liệu,Nguyên vật liệu,Hóa chất,Nguyên vật liệu,Hóa chất,,Hóa chất,NORMAL,10,hoa chat,VIETSTOCK_RULE,VIETSTOCK,https://finance.vietstock.vn/ADP/ho-so-doanh-nghiep.htm,https://finance.vietstock.vn/ADP/tai-chinh.htm?tab=BCTT,OK,NO,
ADS,HOSE,CTCP Damsan,CTCP Damsan,DamSan Joint Stock Company,CTCP Damsan - Damsan JSC - Hồ sơ doanh nghiệp,MATCH,Tiêu dùng không thiết yếu,Thời trang và hàng lâu bền,Thời trang và dệt may,Tiêu dùng không thiết yếu,Thời trang và hàng lâu bền,Thời trang và dệt may,Dệt may,NORMAL,13,det may,VIETSTOCK_RULE,VIETSTOCK,https://finance.vietstock.vn/ADS/ho-so-doanh-nghiep.htm,https://finance.vietstock.vn/ADS/tai-chinh.htm?tab=BCTT,OK,NO,
AGF,UPCOM,CTCP Xuất nhập khẩu Thủy sản An Giang,CTCP Xuất nhập khẩu Thủy sản An Giang,Angiang Fisheries Import Export JSC,CTCP Xuất nhập khẩu Thủy sản An Giang - AGIFISH Co - Hồ sơ doanh nghiệp,MATCH,Tiêu dùng thiết yếu,"Thực phẩm, đồ uống và thuốc lá",Thực phẩm,Tiêu dùng thiết yếu,"Thực phẩm, đồ uống và thuốc lá",Thực phẩm,Thực phẩm & đồ uống,NORMAL,18,thuc pham,VIETSTOCK_RULE,VIETSTOCK,https://finance.vietstock.vn/AGF/ho-so-doanh-nghiep.htm,https://finance.vietstock.vn/AGF/tai-chinh.htm?tab=BCTT,OK,NO,
AGP,UPCOM,CTCP Dược phẩm Agimexpharm,CTCP Dược phẩm Agimexpharm,Agimexpharm Pharmaceutical JSC,CTCP Dược phẩm Agimexpharm - AGIMEXPHARM - Hồ sơ doanh nghiệp,MATCH,Chăm sóc sức khỏe,"Dược phẩm, công nghệ sinh học và khoa học sự sống",Dược phẩm,Chăm sóc sức khỏe,"Dược phẩm, công nghệ sinh học và khoa học sự sống",Dược phẩm,Dược & Y tế,NORMAL,19,duoc,VIETSTOCK_RULE,VIETSTOCK,https://finance.vietstock.vn/AGP/ho-so-doanh-nghiep.htm,https://finance.vietstock.vn/AGP/tai-chinh.htm?tab=BCTT,OK,NO,
AIC,UPCOM,Tổng Công ty Cổ phần Bảo hiểm DBV,Tổng Công ty Cổ phần Bảo hiểm DBV,DBV Insurance Corporation,Tổng Công ty Cổ phần Bảo hiểm DBV - DBV - Hồ sơ doanh nghiệp,MATCH,Tài chính,Bảo hiểm,Bảo hiểm,Tài chính,Bảo hiểm,,Bảo hiểm,INSURANCE,3,bao hiem,VIETSTOCK_RULE,VIETSTOCK,https://finance.vietstock.vn/AIC/ho-so-doanh-nghiep.htm,https://finance.vietstock.vn/AIC/tai-chinh.htm?tab=BCTT,OK,NO,
AMD,UPCOM,CTCP Đầu tư và Khoáng sản FLC Stone,CTCP Đầu tư và Khoáng sản FLC Stone,FLC Stone Mining And Investment Joint Stock Company,"CTCP Đầu tư và Khoáng sản FLC Stone - FLC STONE.,JSC - Hồ sơ doanh nghiệp",MATCH,Công nghiệp,Hàng hóa công nghiệp,Sản phẩm xây dựng,Công nghiệp,Hàng hóa công nghiệp,Sản phẩm xây dựng,Xây dựng,NORMAL,15,xay dung,VIETSTOCK_RULE,VIETSTOCK,https://finance.vietstock.vn/AMD/ho-so-doanh-nghiep.htm,https://finance.vietstock.vn/AMD/tai-chinh.htm?tab=BCTT,OK,NO,
AME,HNX,CTCP Alphanam E&C,CTCP Alphanam E&C,Alphanam E&C Joint Stock Company,CTCP Alphanam E&C - ALPHANAM E&C JSC - Hồ sơ doanh nghiệp,MATCH,Công nghiệp,Hàng hóa công nghiệp,Thiết bị điện,Công nghiệp,Hàng hóa công nghiệp,Phân phối hàng công nghiệp,Thương mại & Phân phối,NORMAL,33,phan phoi,VIETSTOCK_RULE,VIETSTOCK,https://finance.vietstock.vn/AME/ho-so-doanh-nghiep.htm,https://finance.vietstock.vn/AME/tai-chinh.htm?tab=BCTT,OK,NO,
AMS,UPCOM,CTCP Cơ khí Xây dựng AMECC,CTCP Cơ khí Xây dựng AMECC,AMECC MECHANICAL CONSTRUCTION JSC,CTCP Cơ khí Xây dựng AMECC - AMECC JSC - Hồ sơ doanh nghiệp,MATCH,Công nghiệp,Hàng hóa công nghiệp,Máy móc công nghiệp,Công nghiệp,Hàng hóa công nghiệp,Máy móc công nghiệp,Máy móc & Thiết bị,NORMAL,30,may moc,VIETSTOCK_RULE,VIETSTOCK,https://finance.vietstock.vn/AMS/ho-so-doanh-nghiep.htm,https://finance.vietstock.vn/AMS/tai-chinh.htm?tab=BCTT,OK,NO,
APF,UPCOM,CTCP Nông sản Thực phẩm Quảng Ngãi,CTCP Nông sản Thực phẩm Quảng Ngãi,Quang Ngai Agricultural Products and Foodstuff JSC,CTCP Nông sản Thực phẩm Quảng Ngãi - APFCO - Hồ sơ doanh nghiệp,MATCH,Tiêu dùng thiết yếu,"Thực phẩm, đồ uống và thuốc lá",Thực phẩm,Tiêu dùng thiết yếu,"Thực phẩm, đồ uống và thuốc lá",Thực phẩm,Thực phẩm & đồ uống,NORMAL,18,thuc pham,VIETSTOCK_RULE,VIETSTOCK,https://finance.vietstock.vn/APF/ho-so-doanh-nghiep.htm,https://finance.vietstock.vn/APF/tai-chinh.htm?tab=BCTT,OK,NO,
ARM,HNX,CTCP Xuất nhập khẩu Hàng không,CTCP Xuất nhập khẩu Hàng không,General Aviation Import Export JSC,"CTCP Xuất nhập khẩu Hàng không - AIRIMEX.,JSC - Hồ sơ doanh nghiệp",MATCH,Công nghiệp,Hàng hóa công nghiệp,Phân phối hàng công nghiệp,Công nghiệp,Hàng hóa công nghiệp,Phân phối hàng công nghiệp,Thương mại & Phân phối,NORMAL,33,phan phoi,VIETSTOCK_RULE,VIETSTOCK,https://finance.vietstock.vn/ARM/ho-so-doanh-nghiep.htm,https://finance.vietstock.vn/ARM/tai-chinh.htm?tab=BCTT,OK,NO,
ART,UPCOM,CTCP Chứng khoán Artex,CTCP Chứng khoán Artex,Artex Securities Joint Stock Company,CTCP Chứng khoán ARTEX - Artex - Hồ sơ doanh nghiệp,MATCH,Tài chính,Dịch vụ tài chính,Thị trường vốn,Tài chính,Dịch vụ tài chính,Thị trường vốn,Chứng khoán,SECURITIES,2,thi truong von,VIETSTOCK_RULE,VIETSTOCK,https://finance.vietstock.vn/ART/ho-so-doanh-nghiep.htm,https://finance.vietstock.vn/ART/tai-chinh.htm?tab=BCTT,OK,NO,
ASG,HOSE,CTCP Tập đoàn ASG,CTCP Tập đoàn ASG,ASG Corporation,"CTCP Tập đoàn ASG - ASG.,CORP - Hồ sơ doanh nghiệp",MATCH,Công nghiệp,Vận tải,Vận tải và logistics hàng không,Công nghiệp,Vận tải,Vận tải và logistics hàng không,Cảng & Logistics,NORMAL,14,logistics,VIETSTOCK_RULE,VIETSTOCK,https://finance.vietstock.vn/ASG/ho-so-doanh-nghiep.htm,https://finance.vietstock.vn/ASG/tai-chinh.htm?tab=BCTT,OK,NO,
AST,HOSE,CTCP Dịch vụ Hàng không Taseco,CTCP Dịch vụ Hàng không Taseco,Taseco Air Services JSC,CTCP Dịch vụ Hàng không Taseco - TASECO AIRS - Hồ sơ doanh nghiệp,MATCH,Công nghiệp,Vận tải,Vận tải và logistics hàng không,Công nghiệp,Vận tải,Hạ tầng giao thông,Cảng & Logistics,NORMAL,14,logistics,WATCHLIST_FALLBACK,WATCHLIST,https://finance.vietstock.vn/AST/ho-so-doanh-nghiep.htm,https://finance.vietstock.vn/AST/tai-chinh.htm?tab=BCTT,OK,YES,Phân ngành dùng fallback watchlist
AVC,UPCOM,CTCP Thủy điện A Vương,CTCP Thủy điện A Vương,A Vuong Hydropower JSC,CTCP Thủy điện A Vương - AVHPC - Hồ sơ doanh nghiệp,MATCH,Tiện ích,Tiện ích,Phát điện độc lập và điện tái tạo,Tiện ích,Phát điện độc lập và điện tái tạo,,Khác / cần duyệt,NORMAL,99,,REVIEW,,https://finance.vietstock.vn/AVC/ho-so-doanh-nghiep.htm,https://finance.vietstock.vn/AVC/tai-chinh.htm?tab=BCTT,OK,YES,Chưa map được ngành
AVF,UPCOM,CTCP Việt An,CTCP Việt An,AnViFish Joint Stock Company,CTCP Việt An - AnViFish Co. - Hồ sơ doanh nghiệp,MATCH,Tiêu dùng thiết yếu,"Thực phẩm, đồ uống và thuốc lá",Thực phẩm,Tiêu dùng thiết yếu,"Thực phẩm, đồ uống và thuốc lá",Thực phẩm,Thực phẩm & đồ uống,NORMAL,18,thuc pham,VIETSTOCK_RULE,VIETSTOCK,https://finance.vietstock.vn/AVF/ho-so-doanh-nghiep.htm,https://finance.vietstock.vn/AVF/tai-chinh.htm?tab=BCTT,OK,NO,
BCA,UPCOM,CTCP B.C.H,CTCP B.C.H,B.C.H Joint Stock Company,CTCP B.C.H - - Hồ sơ doanh nghiệp,MATCH,Nguyên vật liệu,Nguyên vật liệu,Khai khoáng và luyện kim,Nguyên vật liệu,Khai khoáng và luyện kim,,Kim loại & Khoáng sản,NORMAL,32,khai khoang,VIETSTOCK_RULE,VIETSTOCK,https://finance.vietstock.vn/BCA/ho-so-doanh-nghiep.htm,https://finance.vietstock.vn/BCA/tai-chinh.htm?tab=BCTT,OK,NO,
BCC,HNX,CTCP Xi măng Bỉm Sơn,CTCP Xi măng Bỉm Sơn,Bim Son Cement JSC,CTCP Xi măng Bỉm Sơn - BCC - Hồ sơ doanh nghiệp,MATCH,Nguyên vật liệu,Nguyên vật liệu,Vật liệu xây dựng,Nguyên vật liệu,Vật liệu xây dựng,,Vật liệu xây dựng,NORMAL,16,vat lieu xay dung,VIETSTOCK_RULE,VIETSTOCK,https://finance.vietstock.vn/BCC/ho-so-doanh-nghiep.htm,https://finance.vietstock.vn/BCC/tai-chinh.htm?tab=BCTT,OK,NO,
BCF,HNX,CTCP Thực phẩm Bích Chi,CTCP Thực phẩm Bích Chi,Bich Chi Food JSC,CTCP Thực phẩm Bích Chi - BCF - Hồ sơ doanh nghiệp,MATCH,Tiêu dùng thiết yếu,"Thực phẩm, đồ uống và thuốc lá",Thực phẩm,Tiêu dùng thiết yếu,"Thực phẩm, đồ uống và thuốc lá",Thực phẩm,Thực phẩm & đồ uống,NORMAL,18,thuc pham,VIETSTOCK_RULE,VIETSTOCK,https://finance.vietstock.vn/BCF/ho-so-doanh-nghiep.htm,https://finance.vietstock.vn/BCF/tai-chinh.htm?tab=BCTT,OK,NO,
BCG,HOSE,CTCP Tập đoàn Bamboo Capital,CTCP Tập đoàn Bamboo Capital,Bamboo Capital Group Joint Stock Company,CTCP Tập đoàn Bamboo Capital - BCG - Hồ sơ doanh nghiệp,MATCH,Công nghiệp,Hàng hóa công nghiệp,Tập đoàn đa ngành,Công nghiệp,Hàng hóa công nghiệp,Tập đoàn đa ngành,Khác / cần duyệt,NORMAL,99,,REVIEW,,https://finance.vietstock.vn/BCG/ho-so-doanh-nghiep.htm,https://finance.vietstock.vn/BCG/tai-chinh.htm?tab=BCTT,OK,YES,Chưa map được ngành
BCR,UPCOM,CTCP BCG Land,CTCP BCG Land,BCG Land Joint Stock Company,CTCP BCG Land - BCG Land - Hồ sơ doanh nghiệp,MATCH,Bất động sản,Bất động sản,Quản lý và phát triển bất động sản,Bất động sản,Quản lý và phát triển bất động sản,,Khác / cần duyệt,NORMAL,99,,REVIEW,,https://finance.vietstock.vn/BCR/ho-so-doanh-nghiep.htm,https://finance.vietstock.vn/BCR/tai-chinh.htm?tab=BCTT,OK,YES,Chưa map được ngành
BDG,UPCOM,CTCP May mặc Bình Dương,CTCP May mặc Bình Dương,Protrade Garment Joint Stock Company,CTCP May mặc Bình Dương - Protrade Garment JSC - Hồ sơ doanh nghiệp,MATCH,Tiêu dùng không thiết yếu,Thời trang và hàng lâu bền,Thời trang và dệt may,Tiêu dùng không thiết yếu,Thời trang và hàng lâu bền,Thời trang và dệt may,Dệt may,NORMAL,13,det may,VIETSTOCK_RULE,VIETSTOCK,https://finance.vietstock.vn/BDG/ho-so-doanh-nghiep.htm,https://finance.vietstock.vn/BDG/tai-chinh.htm?tab=BCTT,OK,NO,
BDT,UPCOM,CTCP Xây lắp và Vật liệu Xây dựng Đồng Tháp,CTCP Xây lắp và Vật liệu Xây dựng Đồng Tháp,Dong Thap Building Materials & Contruction Joint Stock Company,CTCP Xây lắp và Vật liệu Xây dựng Đồng Tháp - DONGTHAP BMC - Hồ sơ doanh nghiệp,MATCH,Nguyên vật liệu,Nguyên vật liệu,Vật liệu xây dựng,Nguyên vật liệu,Vật liệu xây dựng,,Vật liệu xây dựng,NORMAL,16,vat lieu xay dung,VIETSTOCK_RULE,VIETSTOCK,https://finance.vietstock.vn/BDT/ho-so-doanh-nghiep.htm,https://finance.vietstock.vn/BDT/tai-chinh.htm?tab=BCTT,OK,NO,
BGE,UPCOM,CTCP BCG Energy,CTCP BCG Energy,BCG Energy Joint Stock Company,CTCP BCG Energy - BCG Energy - Hồ sơ doanh nghiệp,MATCH,Tiện ích,Tiện ích,Phát điện độc lập và điện tái tạo,Tiện ích,Phát điện độc lập và điện tái tạo,,Khác / cần duyệt,NORMAL,99,,REVIEW,,https://finance.vietstock.vn/BGE/ho-so-doanh-nghiep.htm,https://finance.vietstock.vn/BGE/tai-chinh.htm?tab=BCTT,OK,YES,Chưa map được ngành
BHA,UPCOM,CTCP Thủy điện Bắc Hà,CTCP Thủy điện Bắc Hà,Bac Ha Hydropower JSC,CTCP Thủy điện Bắc Hà - BHHC - Hồ sơ doanh nghiệp,MATCH,Tiện ích,Tiện ích,Phát điện độc lập và điện tái tạo,Tiện ích,Phát điện độc lập và điện tái tạo,,Khác / cần duyệt,NORMAL,99,,REVIEW,,https://finance.vietstock.vn/BHA/ho-so-doanh-nghiep.htm,https://finance.vietstock.vn/BHA/tai-chinh.htm?tab=BCTT,OK,YES,Chưa map được ngành
BHI,UPCOM,Tổng Công ty cổ phần Bảo hiểm Sài Gòn - Hà Nội,Tổng Công ty cổ phần Bảo hiểm Sài Gòn - Hà Nội,Sai Gon - Ha Noi Insurance Corporation,Tổng Công ty cổ phần Bảo hiểm Sài Gòn - Hà Nội - BSH - Hồ sơ doanh nghiệp,MATCH,Tài chính,Bảo hiểm,Bảo hiểm,Tài chính,Bảo hiểm,,Bảo hiểm,INSURANCE,3,bao hiem,VIETSTOCK_RULE,VIETSTOCK,https://finance.vietstock.vn/BHI/ho-so-doanh-nghiep.htm,https://finance.vietstock.vn/BHI/tai-chinh.htm?tab=BCTT,OK,NO,
BHN,HOSE,Tổng Công ty cổ phần Bia - Rượu - Nước giải khát Hà Nội,Tổng Công ty cổ phần Bia - Rượu - Nước giải khát Hà Nội,Hanoi Beer Alcohol And Beverage Joint Stock Corporation,Tổng Công ty cổ phần Bia - Rượu - Nước giải khát Hà Nội - HABECO - Hồ sơ doanh nghiệp,MATCH,Tiêu dùng thiết yếu,"Thực phẩm, đồ uống và thuốc lá",Đồ uống,Tiêu dùng thiết yếu,"Thực phẩm, đồ uống và thuốc lá",Đồ uống,Thực phẩm & đồ uống,NORMAL,18,thuc pham,VIETSTOCK_RULE,VIETSTOCK,https://finance.vietstock.vn/BHN/ho-so-doanh-nghiep.htm,https://finance.vietstock.vn/BHN/tai-chinh.htm?tab=BCTT,OK,NO,
BIC,HOSE,Tổng Công ty cổ phần Bảo hiểm Ngân hàng Đầu tư và Phát triển Việt Nam,Tổng Công ty cổ phần Bảo hiểm Ngân hàng Đầu tư và Phát triển Việt Nam,BIDV Insurance Corporation,Tổng Công ty cổ phần Bảo hiểm Ngân hàng Đầu tư và Phát triển Việt Nam - BIC - Hồ sơ doanh nghiệp,MATCH,Tài chính,Bảo hiểm,Bảo hiểm,Tài chính,Bảo hiểm,,Bảo hiểm,INSURANCE,3,bao hiem,VIETSTOCK_RULE,VIETSTOCK,https://finance.vietstock.vn/BIC/ho-so-doanh-nghiep.htm,https://finance.vietstock.vn/BIC/tai-chinh.htm?tab=BCTT,OK,NO,
BII,UPCOM,CTCP Louis Land,CTCP Louis Land,Louis Land JSC,CTCP Đầu tư và Phát triển Công nghiệp Bảo Thư - BIDICO - Hồ sơ doanh nghiệp,MISMATCH_REVIEW,Bất động sản,Bất động sản,Quản lý và phát triển bất động sản,Bất động sản,Quản lý và phát triển bất động sản,,Khác / cần duyệt,NORMAL,99,,REVIEW,,https://finance.vietstock.vn/BII/ho-so-doanh-nghiep.htm,https://finance.vietstock.vn/BII/tai-chinh.htm?tab=BCTT,OK,YES,Tên VNStock khác Vietstock | Chưa map được ngành
BKC,HNX,CTCP Khoáng sản Bắc Kạn,CTCP Khoáng sản Bắc Kạn,Bac Kan Mineral Joint Stock Corporation,CTCP Khoáng sản Bắc Kạn - BAMCORP - Hồ sơ doanh nghiệp,MATCH,Nguyên vật liệu,Nguyên vật liệu,Khai khoáng và luyện kim,Nguyên vật liệu,Khai khoáng và luyện kim,,Kim loại & Khoáng sản,NORMAL,32,khai khoang,VIETSTOCK_RULE,VIETSTOCK,https://finance.vietstock.vn/BKC/ho-so-doanh-nghiep.htm,https://finance.vietstock.vn/BKC/tai-chinh.htm?tab=BCTT,OK,NO,
BLI,UPCOM,Tổng Công ty cổ phần Bảo hiểm Bảo Long,Tổng Công ty cổ phần Bảo hiểm Bảo Long,Bao Long Insurance Corporation,Tổng Công ty cổ phần Bảo hiểm Bảo Long - Bảo Long - Hồ sơ doanh nghiệp,MATCH,Tài chính,Bảo hiểm,Bảo hiểm,Tài chính,Bảo hiểm,,Bảo hiểm,INSURANCE,3,bao hiem,VIETSTOCK_RULE,VIETSTOCK,https://finance.vietstock.vn/BLI/ho-so-doanh-nghiep.htm,https://finance.vietstock.vn/BLI/tai-chinh.htm?tab=BCTT,OK,NO,
BMI,HOSE,Tổng Công ty cổ phần Bảo Minh,Tổng Công ty cổ phần Bảo Minh,Bao Minh Insurance Corporation,Tổng Công ty cổ phần Bảo Minh - BAO MINH - Hồ sơ doanh nghiệp,MATCH,Tài chính,Bảo hiểm,Bảo hiểm,Tài chính,Bảo hiểm,,Bảo hiểm,INSURANCE,3,bao hiem,VIETSTOCK_RULE,VIETSTOCK,https://finance.vietstock.vn/BMI/ho-so-doanh-nghiep.htm,https://finance.vietstock.vn/BMI/tai-chinh.htm?tab=BCTT,OK,NO,
BMJ,UPCOM,CTCP Khoáng sản Miền Đông AHP,CTCP Khoáng sản Miền Đông AHP,Easterns AHP Minerals Joint Stock Company,CTCP Khoáng sản Miền Đông AHP - AHP MINERALS - Hồ sơ doanh nghiệp,MATCH,Nguyên vật liệu,Nguyên vật liệu,Vật liệu xây dựng,Nguyên vật liệu,Vật liệu xây dựng,,Vật liệu xây dựng,NORMAL,16,vat lieu xay dung,VIETSTOCK_RULE,VIETSTOCK,https://finance.vietstock.vn/BMJ/ho-so-doanh-nghiep.htm,https://finance.vietstock.vn/BMJ/tai-chinh.htm?tab=BCTT,OK,NO,
BMP,HOSE,CTCP Nhựa Bình Minh,CTCP Nhựa Bình Minh,Binh Minh Plastics Joint Stock Company,CTCP Nhựa Bình Minh - BM PLASCO. - Hồ sơ doanh nghiệp,MATCH,Công nghiệp,Hàng hóa công nghiệp,Sản phẩm xây dựng,Nguyên vật liệu,Hóa chất,,Hóa chất,NORMAL,10,hoa chat,VIETSTOCK_RULE,VIETSTOCK,https://finance.vietstock.vn/BMP/ho-so-doanh-nghiep.htm,https://finance.vietstock.vn/BMP/tai-chinh.htm?tab=BCTT,OK,NO,
BMV,UPCOM,CTCP Bột mỳ Vinafood 1,CTCP Bột mỳ Vinafood 1,Vinafood 1 Flour Joint Stock Company,CTCP Bột mỳ Vinafood 1 - VNF1 Flour. JSC - Hồ sơ doanh nghiệp,MATCH,Tiêu dùng thiết yếu,"Thực phẩm, đồ uống và thuốc lá",Thực phẩm,Tiêu dùng thiết yếu,"Thực phẩm, đồ uống và thuốc lá",Thực phẩm,Thực phẩm & đồ uống,NORMAL,18,thuc pham,VIETSTOCK_RULE,VIETSTOCK,https://finance.vietstock.vn/BMV/ho-so-doanh-nghiep.htm,https://finance.vietstock.vn/BMV/tai-chinh.htm?tab=BCTT,OK,NO,
BNA,HNX,CTCP Tập đoàn Đầu tư Bảo Ngọc,CTCP Tập đoàn Đầu tư Bảo Ngọc,Bao Ngoc Investment Group Joint Stock Company,CTCP Tập đoàn Đầu tư Bảo Ngọc - BNGroup.JSC - Hồ sơ doanh nghiệp,MATCH,Tiêu dùng thiết yếu,"Thực phẩm, đồ uống và thuốc lá",Thực phẩm,Tiêu dùng thiết yếu,"Thực phẩm, đồ uống và thuốc lá",Thực phẩm,Thực phẩm & đồ uống,NORMAL,18,thuc pham,VIETSTOCK_RULE,VIETSTOCK,https://finance.vietstock.vn/BNA/ho-so-doanh-nghiep.htm,https://finance.vietstock.vn/BNA/tai-chinh.htm?tab=BCTT,OK,NO,
BNW,UPCOM,CTCP Nước sạch Bắc Ninh,CTCP Nước sạch Bắc Ninh,Bac Ninh Clean Water Joint Stock Company,CTCP Nước sạch Bắc Ninh - BANIWACO - Hồ sơ doanh nghiệp,MATCH,Tiện ích,Tiện ích,Nước,Tiện ích,Nước,,Khác / cần duyệt,NORMAL,99,,REVIEW,,https://finance.vietstock.vn/BNW/ho-so-doanh-nghiep.htm,https://finance.vietstock.vn/BNW/tai-chinh.htm?tab=BCTT,OK,YES,Chưa map được ngành
BOT,UPCOM,CTCP BOT Cầu Thái Hà,CTCP BOT Cầu Thái Hà,Thai Ha Bridge BOT Joint Stock Company,"CTCP BOT Cầu Thái Hà - BOT CAU THAI HA.,JSC - Hồ sơ doanh nghiệp",MATCH,Công nghiệp,Vận tải,Hạ tầng giao thông,Công nghiệp,Vận tải,Hạ tầng giao thông,Khác / cần duyệt,NORMAL,99,,REVIEW,,https://finance.vietstock.vn/BOT/ho-so-doanh-nghiep.htm,https://finance.vietstock.vn/BOT/tai-chinh.htm?tab=BCTT,OK,YES,Chưa map được ngành
BRR,UPCOM,CTCP Cao su Bà Rịa,CTCP Cao su Bà Rịa,BaRia Rubber Joint Stock Company,CTCP Cao su Bà Rịa - BARUCO - Hồ sơ doanh nghiệp,MATCH,Nguyên vật liệu,Nguyên vật liệu,Hóa chất,Nguyên vật liệu,Hóa chất,,Hóa chất,NORMAL,10,hoa chat,VIETSTOCK_RULE,VIETSTOCK,https://finance.vietstock.vn/BRR/ho-so-doanh-nghiep.htm,https://finance.vietstock.vn/BRR/tai-chinh.htm?tab=BCTT,OK,NO,
BSA,UPCOM,CTCP Thủy điện Buôn Đôn,CTCP Thủy điện Buôn Đôn,Buon Don Hydropower JSC,CTCP Thủy điện Buôn Đôn - BDHC - Hồ sơ doanh nghiệp,MATCH,Tiện ích,Tiện ích,Phát điện độc lập và điện tái tạo,Tiện ích,Phát điện độc lập và điện tái tạo,,Khác / cần duyệt,NORMAL,99,,REVIEW,,https://finance.vietstock.vn/BSA/ho-so-doanh-nghiep.htm,https://finance.vietstock.vn/BSA/tai-chinh.htm?tab=BCTT,OK,YES,Chưa map được ngành
BSG,UPCOM,CTCP Xe khách Sài Gòn,CTCP Xe khách Sài Gòn,Saigon Passenger Transport JSC,CTCP Xe khách Sài Gòn - SATRANCO - Hồ sơ doanh nghiệp,MATCH,Công nghiệp,Vận tải,Vận tải mặt đất,Công nghiệp,Vận tải,Vận tải mặt đất,Khác / cần duyệt,NORMAL,99,,REVIEW,,https://finance.vietstock.vn/BSG/ho-so-doanh-nghiep.htm,https://finance.vietstock.vn/BSG/tai-chinh.htm?tab=BCTT,OK,YES,Chưa map được ngành
BSL,UPCOM,CTCP Bia Sài Gòn - Sông Lam,CTCP Bia Sài Gòn - Sông Lam,SaiGon-SongLam Beer Joint Stock Company,CTCP Bia Sài Gòn - Sông Lam - SAIGON-SONGLAM BEER JSC - Hồ sơ doanh nghiệp,MATCH,Tiêu dùng thiết yếu,"Thực phẩm, đồ uống và thuốc lá",Đồ uống,Tiêu dùng thiết yếu,"Thực phẩm, đồ uống và thuốc lá",Đồ uống,Thực phẩm & đồ uống,NORMAL,18,thuc pham,VIETSTOCK_RULE,VIETSTOCK,https://finance.vietstock.vn/BSL/ho-so-doanh-nghiep.htm,https://finance.vietstock.vn/BSL/tai-chinh.htm?tab=BCTT,OK,NO,
BSQ,UPCOM,CTCP Bia Sài Gòn - Quảng Ngãi,CTCP Bia Sài Gòn - Quảng Ngãi,Sai Gon - Quang Ngai Beer JSC,CTCP Bia Sài Gòn - Quảng Ngãi - Sabeco-Quang Ngai - Hồ sơ doanh nghiệp,MATCH,Tiêu dùng thiết yếu,"Thực phẩm, đồ uống và thuốc lá",Đồ uống,Tiêu dùng thiết yếu,"Thực phẩm, đồ uống và thuốc lá",Đồ uống,Thực phẩm & đồ uống,NORMAL,18,thuc pham,VIETSTOCK_RULE,VIETSTOCK,https://finance.vietstock.vn/BSQ/ho-so-doanh-nghiep.htm,https://finance.vietstock.vn/BSQ/tai-chinh.htm?tab=BCTT,OK,NO,
BT6,UPCOM,CTCP Beton 6,CTCP Beton 6,Beton 6 Corporation,CTCP Beton 6 - BETON 6 - Hồ sơ doanh nghiệp,MATCH,Nguyên vật liệu,Nguyên vật liệu,Vật liệu xây dựng,Nguyên vật liệu,Vật liệu xây dựng,,Vật liệu xây dựng,NORMAL,16,vat lieu xay dung,VIETSTOCK_RULE,VIETSTOCK,https://finance.vietstock.vn/BT6/ho-so-doanh-nghiep.htm,https://finance.vietstock.vn/BT6/tai-chinh.htm?tab=BCTT,OK,NO,
BTH,UPCOM,CTCP Chế tạo Biến thế và Vật liệu Điện Hà Nội,CTCP Chế tạo Biến thế và Vật liệu Điện Hà Nội,Ha Noi Transformer Manufacturing And Electric Material Joint Stock Company,"CTCP Chế tạo Biến thế và Vật liệu Điện Hà Nội - CTBT HN., JSC - Hồ sơ doanh nghiệp",MATCH,Công nghiệp,Hàng hóa công nghiệp,Thiết bị điện,Công nghiệp,Hàng hóa công nghiệp,Thiết bị điện,Khác / cần duyệt,NORMAL,99,,REVIEW,,https://finance.vietstock.vn/BTH/ho-so-doanh-nghiep.htm,https://finance.vietstock.vn/BTH/tai-chinh.htm?tab=BCTT,OK,YES,Chưa map được ngành
BTP,HOSE,CTCP Nhiệt điện Bà Rịa,CTCP Nhiệt điện Bà Rịa,BaRia Thermal Power Joint Stock Company,CTCP Nhiệt điện Bà Rịa - BTP - Hồ sơ doanh nghiệp,MATCH,Tiện ích,Tiện ích,Điện,Tiện ích,Điện,,Khác / cần duyệt,NORMAL,99,,REVIEW,,https://finance.vietstock.vn/BTP/ho-so-doanh-nghiep.htm,https://finance.vietstock.vn/BTP/tai-chinh.htm?tab=BCTT,OK,YES,Chưa map được ngành
BTS,HNX,CTCP Xi măng VICEM Bút Sơn,CTCP Xi măng VICEM Bút Sơn,Vicem But Son Cement Joint Stock Company,CTCP Xi măng VICEM Bút Sơn - VICEM BUTSON - Hồ sơ doanh nghiệp,MATCH,Nguyên vật liệu,Nguyên vật liệu,Vật liệu xây dựng,Nguyên vật liệu,Vật liệu xây dựng,,Vật liệu xây dựng,NORMAL,16,vat lieu xay dung,VIETSTOCK_RULE,VIETSTOCK,https://finance.vietstock.vn/BTS/ho-so-doanh-nghiep.htm,https://finance.vietstock.vn/BTS/tai-chinh.htm?tab=BCTT,OK,NO,
BTV,UPCOM,CTCP Dịch vụ Du lịch Bến Thành,CTCP Dịch vụ Du lịch Bến Thành,BenThanh Tourist Service Corporation,CTCP Dịch vụ Du lịch Bến Thành - BENTHANH TOURIST - Hồ sơ doanh nghiệp,MATCH,Tiêu dùng không thiết yếu,Dịch vụ tiêu dùng,"Khách sạn, nhà hàng và giải trí",Tiêu dùng không thiết yếu,Dịch vụ tiêu dùng,"Khách sạn, nhà hàng và giải trí",Du lịch & Giải trí,NORMAL,27,giai tri,VIETSTOCK_RULE,VIETSTOCK,https://finance.vietstock.vn/BTV/ho-so-doanh-nghiep.htm,https://finance.vietstock.vn/BTV/tai-chinh.htm?tab=BCTT,OK,NO,
BVL,UPCOM,CTCP BV Land,CTCP BV Land,BV Land JSC,CTCP BV Land - BV Land - Hồ sơ doanh nghiệp,MATCH,Công nghiệp,Hàng hóa công nghiệp,Tập đoàn đa ngành,Bất động sản,Quản lý và phát triển bất động sản,,Khác / cần duyệt,NORMAL,99,,REVIEW,,https://finance.vietstock.vn/BVL/ho-so-doanh-nghiep.htm,https://finance.vietstock.vn/BVL/tai-chinh.htm?tab=BCTT,OK,YES,Chưa map được ngành
BWS,UPCOM,CTCP Cấp nước Bà Rịa - Vũng Tàu,CTCP Cấp nước Bà Rịa - Vũng Tàu,Ba Ria - Vung Tau Water Supply Joint Stock Company,CTCP Cấp nước Bà Rịa - Vũng Tàu - BWACO - Hồ sơ doanh nghiệp,MATCH,Tiện ích,Tiện ích,Nước,Tiện ích,Nước,,Khác / cần duyệt,NORMAL,99,,REVIEW,,https://finance.vietstock.vn/BWS/ho-so-doanh-nghiep.htm,https://finance.vietstock.vn/BWS/tai-chinh.htm?tab=BCTT,OK,YES,Chưa map được ngành
C47,HOSE,CTCP Xây dựng 47,CTCP Xây dựng 47,Construction Joint Stock Company 47,CTCP Xây dựng 47 - CC47 - Hồ sơ doanh nghiệp,MATCH,Công nghiệp,Hàng hóa công nghiệp,Kỹ thuật xây dựng,Công nghiệp,Hàng hóa công nghiệp,Kỹ thuật xây dựng,Xây dựng,NORMAL,15,ky thuat xay dung,VIETSTOCK_RULE,VIETSTOCK,https://finance.vietstock.vn/C47/ho-so-doanh-nghiep.htm,https://finance.vietstock.vn/C47/tai-chinh.htm?tab=BCTT,OK,NO,
CBI,UPCOM,CTCP Gang thép Cao Bằng,CTCP Gang thép Cao Bằng,Cao Bang Cast Iron And Steel Joint Stock Company,CTCP Gang thép Cao Bằng - CISCO - Hồ sơ doanh nghiệp,MATCH,Nguyên vật liệu,Nguyên vật liệu,Khai khoáng và luyện kim,Nguyên vật liệu,Khai khoáng và luyện kim,,Kim loại & Khoáng sản,NORMAL,32,khai khoang,VIETSTOCK_RULE,VIETSTOCK,https://finance.vietstock.vn/CBI/ho-so-doanh-nghiep.htm,https://finance.vietstock.vn/CBI/tai-chinh.htm?tab=BCTT,OK,NO,
CC1,UPCOM,Tổng Công ty Xây dựng Số 1 - CTCP,Tổng Công ty Xây dựng Số 1 - CTCP,Construction Corporation No 1 Joint Stock Company,Tổng Công ty Xây dựng Số 1 - CTCP - CC1 - Hồ sơ doanh nghiệp,MATCH,Công nghiệp,Hàng hóa công nghiệp,Kỹ thuật xây dựng,Công nghiệp,Hàng hóa công nghiệp,Kỹ thuật xây dựng,Xây dựng,NORMAL,15,ky thuat xay dung,VIETSTOCK_RULE,VIETSTOCK,https://finance.vietstock.vn/CC1/ho-so-doanh-nghiep.htm,https://finance.vietstock.vn/CC1/tai-chinh.htm?tab=BCTT,OK,NO,
CCC,HOSE,CTCP Xây dựng CDC,CTCP Xây dựng CDC,CDC Construction Joint Stock Company,CTCP Xây dựng CDC - CDC - Hồ sơ doanh nghiệp,MATCH,Công nghiệp,Hàng hóa công nghiệp,Kỹ thuật xây dựng,Công nghiệp,Hàng hóa công nghiệp,Kỹ thuật xây dựng,Xây dựng,NORMAL,15,ky thuat xay dung,VIETSTOCK_RULE,VIETSTOCK,https://finance.vietstock.vn/CCC/ho-so-doanh-nghiep.htm,https://finance.vietstock.vn/CCC/tai-chinh.htm?tab=BCTT,OK,NO,
CCL,HOSE,CTCP Đầu tư và Phát triển Đô thị Dầu khí Cửu Long,CTCP Đầu tư và Phát triển Đô thị Dầu khí Cửu Long,Cuu Long Petro Urban Development & Investment Corporation,CTCP Đầu tư và Phát triển Đô thị Dầu khí Cửu Long - PVCL - Hồ sơ doanh nghiệp,MATCH,Bất động sản,Bất động sản,Quản lý và phát triển bất động sản,Bất động sản,Quản lý và phát triển bất động sản,,Khác / cần duyệt,NORMAL,99,,REVIEW,,https://finance.vietstock.vn/CCL/ho-so-doanh-nghiep.htm,https://finance.vietstock.vn/CCL/tai-chinh.htm?tab=BCTT,OK,YES,Chưa map được ngành
CCR,HNX,CTCP Cảng Cam Ranh,CTCP Cảng Cam Ranh,Cam Ranh Port Joint Stock Company,CTCP Cảng Cam Ranh - Cảng Cam Ranh - Hồ sơ doanh nghiệp,MATCH,Công nghiệp,Vận tải,Hạ tầng giao thông,Công nghiệp,Vận tải,Hạ tầng giao thông,Khác / cần duyệt,NORMAL,99,,REVIEW,,https://finance.vietstock.vn/CCR/ho-so-doanh-nghiep.htm,https://finance.vietstock.vn/CCR/tai-chinh.htm?tab=BCTT,OK,YES,Chưa map được ngành
CCT,UPCOM,CTCP Cảng Cần Thơ,CTCP Cảng Cần Thơ,CanTho Port Joint Stock Company,CTCP Cảng Cần Thơ - CANTHO PORT - Hồ sơ doanh nghiệp,MATCH,Công nghiệp,Vận tải,Hạ tầng giao thông,Công nghiệp,Vận tải,Hạ tầng giao thông,Khác / cần duyệt,NORMAL,99,,REVIEW,,https://finance.vietstock.vn/CCT/ho-so-doanh-nghiep.htm,https://finance.vietstock.vn/CCT/tai-chinh.htm?tab=BCTT,OK,YES,Chưa map được ngành
CDN,HNX,CTCP Cảng Đà Nẵng,CTCP Cảng Đà Nẵng,Danang Port Joint Stock Company,CTCP Cảng Đà Nẵng - DaNang Port - Hồ sơ doanh nghiệp,MATCH,Công nghiệp,Vận tải,Hạ tầng giao thông,Công nghiệp,Vận tải,Hạ tầng giao thông,Khác / cần duyệt,NORMAL,99,,REVIEW,,https://finance.vietstock.vn/CDN/ho-so-doanh-nghiep.htm,https://finance.vietstock.vn/CDN/tai-chinh.htm?tab=BCTT,OK,YES,Chưa map được ngành
CDO,UPCOM,CTCP Tư vấn Thiết kế và Phát triển Đô thị,CTCP Tư vấn Thiết kế và Phát triển Đô thị,Consultancy Design & Urban Development JSC,"CTCP Tư vấn Thiết kế và Phát triển Đô thị - CDDC .,JSC - Hồ sơ doanh nghiệp",MATCH,Công nghiệp,Hàng hóa công nghiệp,Kỹ thuật xây dựng,Công nghiệp,Hàng hóa công nghiệp,Kỹ thuật xây dựng,Xây dựng,NORMAL,15,ky thuat xay dung,VIETSTOCK_RULE,VIETSTOCK,https://finance.vietstock.vn/CDO/ho-so-doanh-nghiep.htm,https://finance.vietstock.vn/CDO/tai-chinh.htm?tab=BCTT,OK,NO,
CEN,UPCOM,CTCP CENCON Việt Nam,CTCP CENCON Việt Nam,Cencon Vietnam JSC,"CTCP CENCON Việt Nam - CENCON.,JSC - Hồ sơ doanh nghiệp",MATCH,Tiêu dùng không thiết yếu,Thương mại hàng không thiết yếu,Nhà phân phối,Tiêu dùng không thiết yếu,Thương mại hàng không thiết yếu,Nhà phân phối,Hàng không,NORMAL,17,hang khong,VIETSTOCK_RULE,VIETSTOCK,https://finance.vietstock.vn/CEN/ho-so-doanh-nghiep.htm,https://finance.vietstock.vn/CEN/tai-chinh.htm?tab=BCTT,OK,NO,
CHP,HOSE,CTCP Thủy điện Miền Trung,CTCP Thủy điện Miền Trung,Central Hydropower Joint Stock Company,CTCP Thủy điện Miền Trung - EVNCHP - Hồ sơ doanh nghiệp,MATCH,Tiện ích,Tiện ích,Phát điện độc lập và điện tái tạo,Tiện ích,Phát điện độc lập và điện tái tạo,,Khác / cần duyệt,NORMAL,99,,REVIEW,,https://finance.vietstock.vn/CHP/ho-so-doanh-nghiep.htm,https://finance.vietstock.vn/CHP/tai-chinh.htm?tab=BCTT,OK,YES,Chưa map được ngành
CHS,UPCOM,CTCP Chiếu sáng Công cộng Thành phố Hồ Chí Minh,CTCP Chiếu sáng Công cộng Thành phố Hồ Chí Minh,HOCHIMINH CITY PUBLIC LIGHTING JSC,CTCP Chiếu sáng Công cộng Thành phố Hồ Chí Minh - SAPULICO - Hồ sơ doanh nghiệp,MATCH,Công nghiệp,Hàng hóa công nghiệp,Kỹ thuật xây dựng,Công nghiệp,Hàng hóa công nghiệp,Kỹ thuật xây dựng,Xây dựng,NORMAL,15,ky thuat xay dung,VIETSTOCK_RULE,VIETSTOCK,https://finance.vietstock.vn/CHS/ho-so-doanh-nghiep.htm,https://finance.vietstock.vn/CHS/tai-chinh.htm?tab=BCTT,OK,NO,
CIG,HOSE,CTCP COMA 18,CTCP COMA 18,COMA 18 Joint Stock Company,CTCP COMA 18 - COMA18 - Hồ sơ doanh nghiệp,MATCH,Công nghiệp,Hàng hóa công nghiệp,Kỹ thuật xây dựng,Công nghiệp,Hàng hóa công nghiệp,Kỹ thuật xây dựng,Xây dựng,NORMAL,15,ky thuat xay dung,VIETSTOCK_RULE,VIETSTOCK,https://finance.vietstock.vn/CIG/ho-so-doanh-nghiep.htm,https://finance.vietstock.vn/CIG/tai-chinh.htm?tab=BCTT,OK,NO,
CKD,UPCOM,CTCP Cơ khí Đông Anh LICOGI,CTCP Cơ khí Đông Anh LICOGI,Dong Anh Licogi Mechanical Joint Stock Company,"CTCP Cơ khí Đông Anh LICOGI - CKDA.,JSC - Hồ sơ doanh nghiệp",MATCH,Nguyên vật liệu,Nguyên vật liệu,Khai khoáng và luyện kim,Nguyên vật liệu,Khai khoáng và luyện kim,,Kim loại & Khoáng sản,NORMAL,32,khai khoang,VIETSTOCK_RULE,VIETSTOCK,https://finance.vietstock.vn/CKD/ho-so-doanh-nghiep.htm,https://finance.vietstock.vn/CKD/tai-chinh.htm?tab=BCTT,OK,NO,
CKG,HOSE,CTCP Tập đoàn CIC,CTCP Tập đoàn CIC,CIC Group Joint Stock Company,CTCP Tập đoàn CIC - CIC Group - Hồ sơ doanh nghiệp,MATCH,Bất động sản,Bất động sản,Quản lý và phát triển bất động sản,Bất động sản,Quản lý và phát triển bất động sản,,Khác / cần duyệt,NORMAL,99,,REVIEW,,https://finance.vietstock.vn/CKG/ho-so-doanh-nghiep.htm,https://finance.vietstock.vn/CKG/tai-chinh.htm?tab=BCTT,OK,YES,Chưa map được ngành
CLC,HOSE,CTCP Cát Lợi,CTCP Cát Lợi,Cat Loi Joint Stock Company,CTCP Cát Lợi - CL CO - Hồ sơ doanh nghiệp,MATCH,Tiêu dùng thiết yếu,"Thực phẩm, đồ uống và thuốc lá",Thuốc lá,Tiêu dùng thiết yếu,"Thực phẩm, đồ uống và thuốc lá",Thuốc lá,Thực phẩm & đồ uống,NORMAL,18,thuc pham,VIETSTOCK_RULE,VIETSTOCK,https://finance.vietstock.vn/CLC/ho-so-doanh-nghiep.htm,https://finance.vietstock.vn/CLC/tai-chinh.htm?tab=BCTT,OK,NO,
CLG,UPCOM,CTCP Đầu tư và Phát triển Nhà đất COTEC,CTCP Đầu tư và Phát triển Nhà đất COTEC,Cotec Invesment & Land-House Development JSC,CTCP Đầu tư và Phát triển Nhà đất COTEC - COTECLAND JSC - Hồ sơ doanh nghiệp,MATCH,Công nghiệp,Hàng hóa công nghiệp,Kỹ thuật xây dựng,Bất động sản,Bất động sản đa dạng,,Xây dựng,NORMAL,15,ky thuat xay dung,WATCHLIST_FALLBACK,WATCHLIST,https://finance.vietstock.vn/CLG/ho-so-doanh-nghiep.htm,https://finance.vietstock.vn/CLG/tai-chinh.htm?tab=BCTT,OK,YES,Phân ngành dùng fallback watchlist
CLL,HOSE,CTCP Cảng Cát Lái,CTCP Cảng Cát Lái,Cat Lai Port Joint Stock Company,CTCP Cảng Cát Lái - CAT LAI PORT JSC - Hồ sơ doanh nghiệp,MATCH,Công nghiệp,Vận tải,Hạ tầng giao thông,Công nghiệp,Vận tải,Hạ tầng giao thông,Khác / cần duyệt,NORMAL,99,,REVIEW,,https://finance.vietstock.vn/CLL/ho-so-doanh-nghiep.htm,https://finance.vietstock.vn/CLL/tai-chinh.htm?tab=BCTT,OK,YES,Chưa map được ngành
CLX,UPCOM,CTCP Xuất nhập khẩu và Đầu tư Chợ Lớn (CHOLIMEX),CTCP Xuất nhập khẩu và Đầu tư Chợ Lớn (CHOLIMEX),Cho Lon Investment And Import Export Corporation (CHOLIMEX),CTCP Xuất nhập khẩu và Đầu tư Chợ Lớn (CHOLIMEX) - CHOLIMEX - Hồ sơ doanh nghiệp,MATCH,Tiêu dùng thiết yếu,Thương mại hàng thiết yếu,Thương mại hàng thiết yếu,Tiêu dùng thiết yếu,Thương mại hàng thiết yếu,,Khác / cần duyệt,NORMAL,99,,REVIEW,,https://finance.vietstock.vn/CLX/ho-so-doanh-nghiep.htm,https://finance.vietstock.vn/CLX/tai-chinh.htm?tab=BCTT,OK,YES,Chưa map được ngành
CMM,UPCOM,CTCP Camimex,CTCP Camimex,Camimex Joint Stock Company,CTCP Camimex - Camimex Corp - Hồ sơ doanh nghiệp,MATCH,Tiêu dùng thiết yếu,"Thực phẩm, đồ uống và thuốc lá",Thực phẩm,Tiêu dùng thiết yếu,"Thực phẩm, đồ uống và thuốc lá",Thực phẩm,Thực phẩm & đồ uống,NORMAL,18,thuc pham,VIETSTOCK_RULE,VIETSTOCK,https://finance.vietstock.vn/CMM/ho-so-doanh-nghiep.htm,https://finance.vietstock.vn/CMM/tai-chinh.htm?tab=BCTT,OK,NO,
CMP,UPCOM,CTCP Cảng Chân Mây,CTCP Cảng Chân Mây,Chanmay Port Joint Stock Company,CTCP Cảng Chân Mây - Cảng Chân Mây - Hồ sơ doanh nghiệp,MATCH,Công nghiệp,Vận tải,Hạ tầng giao thông,Công nghiệp,Vận tải,Hạ tầng giao thông,Khác / cần duyệt,NORMAL,99,,REVIEW,,https://finance.vietstock.vn/CMP/ho-so-doanh-nghiep.htm,https://finance.vietstock.vn/CMP/tai-chinh.htm?tab=BCTT,OK,YES,Chưa map được ngành
CMS,HNX,CTCP Tập Đoàn CMH Việt Nam,CTCP Tập Đoàn CMH Việt Nam,CMH Viet Nam Group Joint Stock Company,CTCP Tập Đoàn CMH Việt Nam - CMH Group - Hồ sơ doanh nghiệp,MATCH,Công nghiệp,Hàng hóa công nghiệp,Kỹ thuật xây dựng,Công nghiệp,Hàng hóa công nghiệp,Kỹ thuật xây dựng,Xây dựng,NORMAL,15,ky thuat xay dung,VIETSTOCK_RULE,VIETSTOCK,https://finance.vietstock.vn/CMS/ho-so-doanh-nghiep.htm,https://finance.vietstock.vn/CMS/tai-chinh.htm?tab=BCTT,OK,NO,
CMX,HOSE,CTCP Camimex Group,CTCP Camimex Group,Camimex Group JSC,CTCP Camimex Group - CAMIMEX GROUP - Hồ sơ doanh nghiệp,MATCH,Tiêu dùng thiết yếu,"Thực phẩm, đồ uống và thuốc lá",Thực phẩm,Tiêu dùng thiết yếu,"Thực phẩm, đồ uống và thuốc lá",Thực phẩm,Thực phẩm & đồ uống,NORMAL,18,thuc pham,VIETSTOCK_RULE,VIETSTOCK,https://finance.vietstock.vn/CMX/ho-so-doanh-nghiep.htm,https://finance.vietstock.vn/CMX/tai-chinh.htm?tab=BCTT,OK,NO,
CNG,HOSE,CTCP CNG Việt Nam,CTCP CNG Việt Nam,CNG Viet Nam Joint Stock Company,CTCP CNG Việt Nam - CNG VIET NAM - Hồ sơ doanh nghiệp,MATCH,Tiện ích,Tiện ích,Gas sinh hoạt,Tiện ích,Gas sinh hoạt,,Khác / cần duyệt,NORMAL,99,,REVIEW,,https://finance.vietstock.vn/CNG/ho-so-doanh-nghiep.htm,https://finance.vietstock.vn/CNG/tai-chinh.htm?tab=BCTT,OK,YES,Chưa map được ngành
CNT,UPCOM,CTCP Tập đoàn CNT,CTCP Tập đoàn CNT,CNT Group Corporation,CTCP Tập đoàn CNT - CNT Group - Hồ sơ doanh nghiệp,MATCH,Bất động sản,Bất động sản,Quản lý và phát triển bất động sản,Bất động sản,Quản lý và phát triển bất động sản,,Khác / cần duyệt,NORMAL,99,,REVIEW,,https://finance.vietstock.vn/CNT/ho-so-doanh-nghiep.htm,https://finance.vietstock.vn/CNT/tai-chinh.htm?tab=BCTT,OK,YES,Chưa map được ngành
CPA,UPCOM,CTCP Cà phê Phước An,CTCP Cà phê Phước An,PhuocAn Coffee Joint Stock Company,CTCP Cà phê Phước An - PhuocAn Coffee - Hồ sơ doanh nghiệp,MATCH,Tiêu dùng thiết yếu,"Thực phẩm, đồ uống và thuốc lá",Thực phẩm,Tiêu dùng thiết yếu,"Thực phẩm, đồ uống và thuốc lá",Thực phẩm,Thực phẩm & đồ uống,NORMAL,18,thuc pham,VIETSTOCK_RULE,VIETSTOCK,https://finance.vietstock.vn/CPA/ho-so-doanh-nghiep.htm,https://finance.vietstock.vn/CPA/tai-chinh.htm?tab=BCTT,OK,NO,
CPI,UPCOM,CTCP Đầu tư Cảng Cái Lân,CTCP Đầu tư Cảng Cái Lân,Cailan Port Investment Joint Stock Company,CTCP Đầu tư Cảng Cái Lân - CAILANPORT INVEST JSC - Hồ sơ doanh nghiệp,MATCH,Công nghiệp,Vận tải,Hạ tầng giao thông,Công nghiệp,Vận tải,Hạ tầng giao thông,Khác / cần duyệt,NORMAL,99,,REVIEW,,https://finance.vietstock.vn/CPI/ho-so-doanh-nghiep.htm,https://finance.vietstock.vn/CPI/tai-chinh.htm?tab=BCTT,OK,YES,Chưa map được ngành
CQN,UPCOM,CTCP Cảng Quảng Ninh,CTCP Cảng Quảng Ninh,QUANG NINH PORT JSC,CTCP Cảng Quảng Ninh - Cảng Quảng Ninh - Hồ sơ doanh nghiệp,MATCH,Công nghiệp,Vận tải,Hạ tầng giao thông,Công nghiệp,Vận tải,Hạ tầng giao thông,Khác / cần duyệt,NORMAL,99,,REVIEW,,https://finance.vietstock.vn/CQN/ho-so-doanh-nghiep.htm,https://finance.vietstock.vn/CQN/tai-chinh.htm?tab=BCTT,OK,YES,Chưa map được ngành
CQT,UPCOM,CTCP Xi măng Quán Triều VVMI,CTCP Xi măng Quán Triều VVMI,VVMI QUAN TRIEU CEMENT JSC,CTCP Xi măng Quán Triều VVMI - VQCT - Hồ sơ doanh nghiệp,MATCH,Nguyên vật liệu,Nguyên vật liệu,Vật liệu xây dựng,Nguyên vật liệu,Vật liệu xây dựng,,Vật liệu xây dựng,NORMAL,16,vat lieu xay dung,VIETSTOCK_RULE,VIETSTOCK,https://finance.vietstock.vn/CQT/ho-so-doanh-nghiep.htm,https://finance.vietstock.vn/CQT/tai-chinh.htm?tab=BCTT,OK,NO,
CSC,HNX,CTCP Tập đoàn COTANA,CTCP Tập đoàn COTANA,COTANA Group JSC,"CTCP Tập đoàn Cotana - COTANA GROUP., JSC - Hồ sơ doanh nghiệp",MATCH,Bất động sản,Bất động sản,Quản lý và phát triển bất động sản,Bất động sản,Quản lý và phát triển bất động sản,,Khác / cần duyệt,NORMAL,99,,REVIEW,,https://finance.vietstock.vn/CSC/ho-so-doanh-nghiep.htm,https://finance.vietstock.vn/CSC/tai-chinh.htm?tab=BCTT,OK,YES,Chưa map được ngành
CST,HNX,CTCP Than Cao Sơn - TKV,CTCP Than Cao Sơn - TKV,Cao Son Coal JSC,CTCP Than Cao Sơn - TKV - Than Cao Son - Hồ sơ doanh nghiệp,MATCH,Năng lượng,Năng lượng,Dầu khí,Năng lượng,Dầu khí,,Dầu khí,NORMAL,6,dau khi,VIETSTOCK_RULE,VIETSTOCK,https://finance.vietstock.vn/CST/ho-so-doanh-nghiep.htm,https://finance.vietstock.vn/CST/tai-chinh.htm?tab=BCTT,OK,NO,
CTW,UPCOM,CTCP Cấp thoát nước Cần Thơ,CTCP Cấp thoát nước Cần Thơ,Can Tho Water Supply - Sewerage JSC,CTCP Cấp thoát nước Cần Thơ - CANTHOWASSCO - Hồ sơ doanh nghiệp,MATCH,Tiện ích,Tiện ích,Nước,Tiện ích,Nước,,Khác / cần duyệt,NORMAL,99,,REVIEW,,https://finance.vietstock.vn/CTW/ho-so-doanh-nghiep.htm,https://finance.vietstock.vn/CTW/tai-chinh.htm?tab=BCTT,OK,YES,Chưa map được ngành
CTX,UPCOM,Tổng Công ty cổ phần Đầu tư Xây dựng và Thương mại Việt Nam,Tổng Công ty cổ phần Đầu tư Xây dựng và Thương mại Việt Nam,Vietnam Investment Construction and Trading Joint Stock Corporation,Tổng Công ty cổ phần Đầu tư Xây dựng và Thương mại Việt Nam - CONSTREXIM HOLDINGS - Hồ sơ doanh nghiệp,MATCH,Bất động sản,Bất động sản,Bất động sản đa dạng,Bất động sản,Quản lý và phát triển bất động sản,,Khác / cần duyệt,NORMAL,99,,REVIEW,,https://finance.vietstock.vn/CTX/ho-so-doanh-nghiep.htm,https://finance.vietstock.vn/CTX/tai-chinh.htm?tab=BCTT,OK,YES,Chưa map được ngành
CVT,HOSE,CTCP CMC,CTCP CMC,CMC Joint Stock Company,CTCP CMC - CMC JSC - Hồ sơ doanh nghiệp,MATCH,Nguyên vật liệu,Nguyên vật liệu,Vật liệu xây dựng,Nguyên vật liệu,Vật liệu xây dựng,,Vật liệu xây dựng,NORMAL,16,vat lieu xay dung,VIETSTOCK_RULE,VIETSTOCK,https://finance.vietstock.vn/CVT/ho-so-doanh-nghiep.htm,https://finance.vietstock.vn/CVT/tai-chinh.htm?tab=BCTT,OK,NO,
D2D,HOSE,CTCP Phát triển Đô thị Công nghiệp số 2,CTCP Phát triển Đô thị Công nghiệp số 2,Industrial Urban Development JSC No. 2,CTCP Phát triển Đô thị Công nghiệp số 2 - Công ty D2D - Hồ sơ doanh nghiệp,MATCH,Bất động sản,Bất động sản,Quản lý và phát triển bất động sản,Bất động sản,Quản lý và phát triển bất động sản,,Khác / cần duyệt,NORMAL,99,,REVIEW,,https://finance.vietstock.vn/D2D/ho-so-doanh-nghiep.htm,https://finance.vietstock.vn/D2D/tai-chinh.htm?tab=BCTT,OK,YES,Chưa map được ngành
DAG,UPCOM,CTCP Tập đoàn Nhựa Đông Á,CTCP Tập đoàn Nhựa Đông Á,Dong A Plastic JSC,CTCP Tập đoàn Nhựa Đông Á - Tập Đoàn Đông Á - Hồ sơ doanh nghiệp,MATCH,Công nghiệp,Hàng hóa công nghiệp,Sản phẩm xây dựng,Nguyên vật liệu,Hóa chất,,Hóa chất,NORMAL,10,hoa chat,VIETSTOCK_RULE,VIETSTOCK,https://finance.vietstock.vn/DAG/ho-so-doanh-nghiep.htm,https://finance.vietstock.vn/DAG/tai-chinh.htm?tab=BCTT,OK,NO,
DAH,HOSE,CTCP Tập đoàn Khách sạn Đông Á,CTCP Tập đoàn Khách sạn Đông Á,Dong A Hotel Group JSC,"CTCP Tập đoàn Khách sạn Đông Á - DONG A HOTEL GROUP .,JSC - Hồ sơ doanh nghiệp",MATCH,Tiêu dùng không thiết yếu,Dịch vụ tiêu dùng,"Khách sạn, nhà hàng và giải trí",Tiêu dùng không thiết yếu,Dịch vụ tiêu dùng,"Khách sạn, nhà hàng và giải trí",Du lịch & Giải trí,NORMAL,27,giai tri,VIETSTOCK_RULE,VIETSTOCK,https://finance.vietstock.vn/DAH/ho-so-doanh-nghiep.htm,https://finance.vietstock.vn/DAH/tai-chinh.htm?tab=BCTT,OK,NO,
DAN,UPCOM,CTCP Dược Danapha,CTCP Dược Danapha,Danapha Pharmaceutical Joint Stock Company,CTCP Dược Danapha - DANAPHA - Hồ sơ doanh nghiệp,MATCH,Chăm sóc sức khỏe,"Dược phẩm, công nghệ sinh học và khoa học sự sống",Dược phẩm,Chăm sóc sức khỏe,"Dược phẩm, công nghệ sinh học và khoa học sự sống",Dược phẩm,Dược & Y tế,NORMAL,19,duoc,VIETSTOCK_RULE,VIETSTOCK,https://finance.vietstock.vn/DAN/ho-so-doanh-nghiep.htm,https://finance.vietstock.vn/DAN/tai-chinh.htm?tab=BCTT,OK,NO,
DAT,HOSE,CTCP Đầu tư du lịch và Phát triển Thủy sản,CTCP Đầu tư du lịch và Phát triển Thủy sản,Travel Investment And Seafood Development Corporation,CTCP Đầu tư du lịch và Phát triển Thủy sản - TRISEDCO - Hồ sơ doanh nghiệp,MATCH,Tiêu dùng thiết yếu,"Thực phẩm, đồ uống và thuốc lá",Thực phẩm,Tiêu dùng thiết yếu,"Thực phẩm, đồ uống và thuốc lá",Thực phẩm,Thực phẩm & đồ uống,NORMAL,18,thuc pham,VIETSTOCK_RULE,VIETSTOCK,https://finance.vietstock.vn/DAT/ho-so-doanh-nghiep.htm,https://finance.vietstock.vn/DAT/tai-chinh.htm?tab=BCTT,OK,NO,
DBD,HOSE,CTCP Dược - Trang thiết bị Y tế Bình Định (Bidiphar),CTCP Dược - Trang thiết bị Y tế Bình Định (Bidiphar),Binh Dinh Pharmaceutical and Medical Equipment JSC,CTCP Dược - Trang thiết bị Y tế Bình Định (Bidiphar) - BIDIPHAR - Hồ sơ doanh nghiệp,MATCH,Chăm sóc sức khỏe,"Dược phẩm, công nghệ sinh học và khoa học sự sống",Dược phẩm,Chăm sóc sức khỏe,"Dược phẩm, công nghệ sinh học và khoa học sự sống",Dược phẩm,Dược & Y tế,NORMAL,19,duoc,VIETSTOCK_RULE,VIETSTOCK,https://finance.vietstock.vn/DBD/ho-so-doanh-nghiep.htm,https://finance.vietstock.vn/DBD/tai-chinh.htm?tab=BCTT,OK,NO,
DCF,UPCOM,CTCP Xây dựng và Thiết kế Số 1,CTCP Xây dựng và Thiết kế Số 1,Design And Construction Joint Stock Company No.1,CTCP Xây dựng và Thiết kế Số 1 - DECOFI - Hồ sơ doanh nghiệp,MATCH,Công nghiệp,Hàng hóa công nghiệp,Kỹ thuật xây dựng,Công nghiệp,Hàng hóa công nghiệp,Kỹ thuật xây dựng,Xây dựng,NORMAL,15,ky thuat xay dung,VIETSTOCK_RULE,VIETSTOCK,https://finance.vietstock.vn/DCF/ho-so-doanh-nghiep.htm,https://finance.vietstock.vn/DCF/tai-chinh.htm?tab=BCTT,OK,NO,
DCS,UPCOM,CTCP Tập đoàn Đại Châu,CTCP Tập đoàn Đại Châu,Dai Chau Group JSC,CTCP Tập đoàn EDX - Tập đoàn EDX - Hồ sơ doanh nghiệp,MISMATCH_REVIEW,Nguyên vật liệu,Nguyên vật liệu,Gỗ và giấy,Nguyên vật liệu,Gỗ và giấy,,Gỗ & Giấy,NORMAL,24,go va giay,VIETSTOCK_RULE,VIETSTOCK,https://finance.vietstock.vn/DCS/ho-so-doanh-nghiep.htm,https://finance.vietstock.vn/DCS/tai-chinh.htm?tab=BCTT,OK,YES,Tên VNStock khác Vietstock
DCT,UPCOM,CTCP Tấm lợp Vật liệu Xây dựng Đồng Nai,CTCP Tấm lợp Vật liệu Xây dựng Đồng Nai,Dong Nai Roofsheet And Construction Material JSC,CTCP Tấm lợp Vật liệu Xây dựng Đồng Nai - DONAC - Hồ sơ doanh nghiệp,MATCH,Nguyên vật liệu,Nguyên vật liệu,Vật liệu xây dựng,Nguyên vật liệu,Vật liệu xây dựng,,Vật liệu xây dựng,NORMAL,16,vat lieu xay dung,VIETSTOCK_RULE,VIETSTOCK,https://finance.vietstock.vn/DCT/ho-so-doanh-nghiep.htm,https://finance.vietstock.vn/DCT/tai-chinh.htm?tab=BCTT,OK,NO,
DFF,UPCOM,CTCP Tập đoàn Đua Fat,CTCP Tập đoàn Đua Fat,Dua Fat Group JSC,"CTCP Tập đoàn Đua Fat - ĐUA FAT GROUP.,JSC - Hồ sơ doanh nghiệp",MATCH,Công nghiệp,Hàng hóa công nghiệp,Kỹ thuật xây dựng,Công nghiệp,Hàng hóa công nghiệp,Kỹ thuật xây dựng,Xây dựng,NORMAL,15,ky thuat xay dung,VIETSTOCK_RULE,VIETSTOCK,https://finance.vietstock.vn/DFF/ho-so-doanh-nghiep.htm,https://finance.vietstock.vn/DFF/tai-chinh.htm?tab=BCTT,OK,NO,
DGT,UPCOM,CTCP Công trình Giao thông Đồng Nai,CTCP Công trình Giao thông Đồng Nai,DONA Transportation Construction Joint Stock Company,CTCP Công trình Giao thông Đồng Nai - DOTRANCO - Hồ sơ doanh nghiệp,MATCH,Nguyên vật liệu,Nguyên vật liệu,Vật liệu xây dựng,Nguyên vật liệu,Vật liệu xây dựng,,Vật liệu xây dựng,NORMAL,16,vat lieu xay dung,VIETSTOCK_RULE,VIETSTOCK,https://finance.vietstock.vn/DGT/ho-so-doanh-nghiep.htm,https://finance.vietstock.vn/DGT/tai-chinh.htm?tab=BCTT,OK,NO,
DHD,UPCOM,CTCP Dược Vật tư Y tế Hải Dương,CTCP Dược Vật tư Y tế Hải Dương,Hai Duong Pharmaceutical Medical Material JSC,CTCP Dược Vật tư Y tế Hải Dương - HD Pharma - Hồ sơ doanh nghiệp,MATCH,Chăm sóc sức khỏe,"Dược phẩm, công nghệ sinh học và khoa học sự sống",Dược phẩm,Chăm sóc sức khỏe,"Dược phẩm, công nghệ sinh học và khoa học sự sống",Dược phẩm,Dược & Y tế,NORMAL,19,duoc,VIETSTOCK_RULE,VIETSTOCK,https://finance.vietstock.vn/DHD/ho-so-doanh-nghiep.htm,https://finance.vietstock.vn/DHD/tai-chinh.htm?tab=BCTT,OK,NO,
DHG,HOSE,CTCP Dược Hậu Giang,CTCP Dược Hậu Giang,DHG Pharmaceutical Joint Stock Company,CTCP Dược Hậu Giang - DHG Pharma - Hồ sơ doanh nghiệp,MATCH,Chăm sóc sức khỏe,"Dược phẩm, công nghệ sinh học và khoa học sự sống",Dược phẩm,Chăm sóc sức khỏe,"Dược phẩm, công nghệ sinh học và khoa học sự sống",Dược phẩm,Dược & Y tế,NORMAL,19,duoc,VIETSTOCK_RULE,VIETSTOCK,https://finance.vietstock.vn/DHG/ho-so-doanh-nghiep.htm,https://finance.vietstock.vn/DHG/tai-chinh.htm?tab=BCTT,OK,NO,
DHT,HNX,CTCP Dược phẩm Hà Tây,CTCP Dược phẩm Hà Tây,Ha Tay Pharmaceutical Joint Stock Company,CTCP Dược phẩm Hà Tây - HATAPHAR - Hồ sơ doanh nghiệp,MATCH,Chăm sóc sức khỏe,"Dược phẩm, công nghệ sinh học và khoa học sự sống",Dược phẩm,Chăm sóc sức khỏe,"Dược phẩm, công nghệ sinh học và khoa học sự sống",Dược phẩm,Dược & Y tế,NORMAL,19,duoc,VIETSTOCK_RULE,VIETSTOCK,https://finance.vietstock.vn/DHT/ho-so-doanh-nghiep.htm,https://finance.vietstock.vn/DHT/tai-chinh.htm?tab=BCTT,OK,NO,
DIC,UPCOM,CTCP Đầu tư và Thương mại DIC,CTCP Đầu tư và Thương mại DIC,DIC Investment & Trading Joint Stock Company,CTCP Đầu tư và Thương mại DIC - DIC-INTRACO - Hồ sơ doanh nghiệp,MATCH,Nguyên vật liệu,Nguyên vật liệu,Vật liệu xây dựng,Công nghiệp,Hàng hóa công nghiệp,Kỹ thuật xây dựng,Xây dựng,NORMAL,15,ky thuat xay dung,VIETSTOCK_RULE,VIETSTOCK,https://finance.vietstock.vn/DIC/ho-so-doanh-nghiep.htm,https://finance.vietstock.vn/DIC/tai-chinh.htm?tab=BCTT,OK,NO,
DL1,HNX,CTCP Tập đoàn Alpha Seven,CTCP Tập đoàn Alpha Seven,Alpha Seven Group JSC,CTCP Tập đoàn Alpha Seven - ALPHA 7 GROUP - Hồ sơ doanh nghiệp,MATCH,Tiện ích,Tiện ích,Phát điện độc lập và điện tái tạo,Tiện ích,Phát điện độc lập và điện tái tạo,,Khác / cần duyệt,NORMAL,99,,REVIEW,,https://finance.vietstock.vn/DL1/ho-so-doanh-nghiep.htm,https://finance.vietstock.vn/DL1/tai-chinh.htm?tab=BCTT,OK,YES,Chưa map được ngành
DMC,HOSE,CTCP Xuất nhập khẩu Y Tế Domesco,CTCP Xuất nhập khẩu Y Tế Domesco,Domesco Medical Import Export Joint Stock Corporation,CTCP Xuất nhập khẩu Y Tế DOMESCO - DOMESCO - Hồ sơ doanh nghiệp,MATCH,Chăm sóc sức khỏe,"Dược phẩm, công nghệ sinh học và khoa học sự sống",Dược phẩm,Chăm sóc sức khỏe,"Dược phẩm, công nghệ sinh học và khoa học sự sống",Dược phẩm,Dược & Y tế,NORMAL,19,duoc,VIETSTOCK_RULE,VIETSTOCK,https://finance.vietstock.vn/DMC/ho-so-doanh-nghiep.htm,https://finance.vietstock.vn/DMC/tai-chinh.htm?tab=BCTT,OK,NO,
DNA,UPCOM,CTCP Điện Nước An Giang,CTCP Điện Nước An Giang,An Giang Power And Water Supply Joint Stock Company,CTCP Điện Nước An Giang - POWACO - Hồ sơ doanh nghiệp,MATCH,Tiện ích,Tiện ích,Điện,Tiện ích,Điện,,Khác / cần duyệt,NORMAL,99,,REVIEW,,https://finance.vietstock.vn/DNA/ho-so-doanh-nghiep.htm,https://finance.vietstock.vn/DNA/tai-chinh.htm?tab=BCTT,OK,YES,Chưa map được ngành
DNH,UPCOM,CTCP Thủy điện Đa Nhim - Hàm Thuận - Đa Mi,CTCP Thủy điện Đa Nhim - Hàm Thuận - Đa Mi,Da Nhim - Ham Thuan - Da Mi Hydro Power Joint Stock Company,CTCP Thủy điện Đa Nhim - Hàm Thuận - Đa Mi - EVNHPC DHD - Hồ sơ doanh nghiệp,MATCH,Tiện ích,Tiện ích,Phát điện độc lập và điện tái tạo,Tiện ích,Phát điện độc lập và điện tái tạo,,Khác / cần duyệt,NORMAL,99,,REVIEW,,https://finance.vietstock.vn/DNH/ho-so-doanh-nghiep.htm,https://finance.vietstock.vn/DNH/tai-chinh.htm?tab=BCTT,OK,YES,Chưa map được ngành
DNN,UPCOM,CTCP Cấp nước Đà Nẵng,CTCP Cấp nước Đà Nẵng,Da Nang Water Supply Joint Stock Company,CTCP Cấp nước Đà Nẵng - DAWACO - Hồ sơ doanh nghiệp,MATCH,Tiện ích,Tiện ích,Nước,Tiện ích,Nước,,Khác / cần duyệt,NORMAL,99,,REVIEW,,https://finance.vietstock.vn/DNN/ho-so-doanh-nghiep.htm,https://finance.vietstock.vn/DNN/tai-chinh.htm?tab=BCTT,OK,YES,Chưa map được ngành
DNP,HNX,CTCP DNP Holding,CTCP DNP Holding,DNP Holding Joint Stock Company,CTCP DNP Holding - DNP HOLDING - Hồ sơ doanh nghiệp,MATCH,Tiện ích,Tiện ích,Nước,Nguyên vật liệu,Hóa chất,,Hóa chất,NORMAL,10,hoa chat,VIETSTOCK_RULE,VIETSTOCK,https://finance.vietstock.vn/DNP/ho-so-doanh-nghiep.htm,https://finance.vietstock.vn/DNP/tai-chinh.htm?tab=BCTT,OK,NO,
DNW,UPCOM,CTCP Cấp nước Đồng Nai,CTCP Cấp nước Đồng Nai,Dong Nai Water Joint Stock Company,CTCP Cấp nước Đồng Nai - DOWACO - Hồ sơ doanh nghiệp,MATCH,Tiện ích,Tiện ích,Nước,Tiện ích,Nước,,Khác / cần duyệt,NORMAL,99,,REVIEW,,https://finance.vietstock.vn/DNW/ho-so-doanh-nghiep.htm,https://finance.vietstock.vn/DNW/tai-chinh.htm?tab=BCTT,OK,YES,Chưa map được ngành
DP1,UPCOM,CTCP Dược phẩm Trung ương CPC1,CTCP Dược phẩm Trung ương CPC1,Central Pharmaceutical Company No.1 JSC,CTCP Dược phẩm Trung ương CPC1 - CPC1 - Hồ sơ doanh nghiệp,MATCH,Chăm sóc sức khỏe,Thiết bị và dịch vụ chăm sóc sức khỏe,Thương mại và dịch vụ chăm sóc sức khỏe,Chăm sóc sức khỏe,Thiết bị và dịch vụ chăm sóc sức khỏe,Thương mại và dịch vụ chăm sóc sức khỏe,Dược & Y tế,NORMAL,19,cham soc suc khoe,VIETSTOCK_RULE,VIETSTOCK,https://finance.vietstock.vn/DP1/ho-so-doanh-nghiep.htm,https://finance.vietstock.vn/DP1/tai-chinh.htm?tab=BCTT,OK,NO,
DP3,HNX,CTCP Dược phẩm Trung ương 3,CTCP Dược phẩm Trung ương 3,Central Phamaceutical Joint Stock Company No3,CTCP Dược phẩm Trung ương 3 - FORIPHARM - Hồ sơ doanh nghiệp,MATCH,Chăm sóc sức khỏe,"Dược phẩm, công nghệ sinh học và khoa học sự sống",Dược phẩm,Chăm sóc sức khỏe,"Dược phẩm, công nghệ sinh học và khoa học sự sống",Dược phẩm,Dược & Y tế,NORMAL,19,duoc,VIETSTOCK_RULE,VIETSTOCK,https://finance.vietstock.vn/DP3/ho-so-doanh-nghiep.htm,https://finance.vietstock.vn/DP3/tai-chinh.htm?tab=BCTT,OK,NO,
DPR,HOSE,CTCP Cao su Đồng Phú,CTCP Cao su Đồng Phú,Dong Phu Rubber Joint Stock Company,CTCP Cao su Đồng Phú - DORUCO - Hồ sơ doanh nghiệp,MATCH,Nguyên vật liệu,Nguyên vật liệu,Hóa chất,Nguyên vật liệu,Hóa chất,,Hóa chất,NORMAL,10,hoa chat,VIETSTOCK_RULE,VIETSTOCK,https://finance.vietstock.vn/DPR/ho-so-doanh-nghiep.htm,https://finance.vietstock.vn/DPR/tai-chinh.htm?tab=BCTT,OK,NO,
DPS,UPCOM,CTCP Đầu tư Phát triển Sóc Sơn,CTCP Đầu tư Phát triển Sóc Sơn,Soc Son Development Investment Joint Stock Company,"CTCP Đầu tư Phát triển Sóc Sơn - Soc Son Invest., JSC - Hồ sơ doanh nghiệp",MATCH,Tiêu dùng không thiết yếu,Thương mại hàng không thiết yếu,Nhà phân phối,Tiêu dùng không thiết yếu,Thương mại hàng không thiết yếu,Nhà phân phối,Hàng không,NORMAL,17,hang khong,VIETSTOCK_RULE,VIETSTOCK,https://finance.vietstock.vn/DPS/ho-so-doanh-nghiep.htm,https://finance.vietstock.vn/DPS/tai-chinh.htm?tab=BCTT,OK,NO,
DQC,HOSE,CTCP Tập đoàn Điện Quang,CTCP Tập đoàn Điện Quang,Dien Quang Group Joint Stock Company,CTCP Tập đoàn Điện Quang - - Hồ sơ doanh nghiệp,MATCH,Công nghiệp,Hàng hóa công nghiệp,Thiết bị điện,Công nghiệp,Hàng hóa công nghiệp,Thiết bị điện,Khác / cần duyệt,NORMAL,99,,REVIEW,,https://finance.vietstock.vn/DQC/ho-so-doanh-nghiep.htm,https://finance.vietstock.vn/DQC/tai-chinh.htm?tab=BCTT,OK,YES,Chưa map được ngành
DRH,HOSE,CTCP DRH Holdings,CTCP DRH Holdings,DRH Holdings JSC,CTCP DRH Holdings - DRH HOLDINGS - Hồ sơ doanh nghiệp,MATCH,Công nghiệp,Hàng hóa công nghiệp,Kỹ thuật xây dựng,Công nghiệp,Hàng hóa công nghiệp,Kỹ thuật xây dựng,Xây dựng,NORMAL,15,ky thuat xay dung,VIETSTOCK_RULE,VIETSTOCK,https://finance.vietstock.vn/DRH/ho-so-doanh-nghiep.htm,https://finance.vietstock.vn/DRH/tai-chinh.htm?tab=BCTT,OK,NO,
DSC,HOSE,CTCP Chứng khoán DSC,CTCP Chứng khoán DSC,DSC Securities Corporation,CTCP Chứng khoán DSC - DSC SECURITIES - Hồ sơ doanh nghiệp,MATCH,Tài chính,Dịch vụ tài chính,Thị trường vốn,Tài chính,Dịch vụ tài chính,Thị trường vốn,Chứng khoán,SECURITIES,2,thi truong von,VIETSTOCK_RULE,VIETSTOCK,https://finance.vietstock.vn/DSC/ho-so-doanh-nghiep.htm,https://finance.vietstock.vn/DSC/tai-chinh.htm?tab=BCTT,OK,NO,
DSD,UPCOM,CTCP DHC Suối Đôi,CTCP DHC Suối Đôi,DHC Suoi Doi Corporation,CTCP DHC Suối Đôi - DHC Suoi Doi Corp - Hồ sơ doanh nghiệp,MATCH,Tiêu dùng không thiết yếu,Dịch vụ tiêu dùng,"Khách sạn, nhà hàng và giải trí",Tiêu dùng không thiết yếu,Dịch vụ tiêu dùng,"Khách sạn, nhà hàng và giải trí",Du lịch & Giải trí,NORMAL,27,giai tri,VIETSTOCK_RULE,VIETSTOCK,https://finance.vietstock.vn/DSD/ho-so-doanh-nghiep.htm,https://finance.vietstock.vn/DSD/tai-chinh.htm?tab=BCTT,OK,NO,
DSG,UPCOM,CTCP Kính Đáp Cầu,CTCP Kính Đáp Cầu,Dap Cau Sheet Glass JSC,"CTCP Kính Đáp Cầu - Dap Cau Glass Co.,JSC - Hồ sơ doanh nghiệp",MATCH,Công nghiệp,Hàng hóa công nghiệp,Sản phẩm xây dựng,Công nghiệp,Hàng hóa công nghiệp,Sản phẩm xây dựng,Xây dựng,NORMAL,15,xay dung,VIETSTOCK_RULE,VIETSTOCK,https://finance.vietstock.vn/DSG/ho-so-doanh-nghiep.htm,https://finance.vietstock.vn/DSG/tai-chinh.htm?tab=BCTT,OK,NO,
DSP,UPCOM,CTCP Dịch vụ Du lịch Phú Thọ,CTCP Dịch vụ Du lịch Phú Thọ,Phu Tho Tourist Service JSC,CTCP Dịch vụ Du lịch Phú Thọ - PHUTHOTOURIST - Hồ sơ doanh nghiệp,MATCH,Tiêu dùng không thiết yếu,Dịch vụ tiêu dùng,"Khách sạn, nhà hàng và giải trí",Tiêu dùng không thiết yếu,Dịch vụ tiêu dùng,"Khách sạn, nhà hàng và giải trí",Du lịch & Giải trí,NORMAL,27,giai tri,VIETSTOCK_RULE,VIETSTOCK,https://finance.vietstock.vn/DSP/ho-so-doanh-nghiep.htm,https://finance.vietstock.vn/DSP/tai-chinh.htm?tab=BCTT,OK,NO,
DTE,UPCOM,CTCP Đầu tư Năng lượng Đại Trường Thành Holdings,CTCP Đầu tư Năng lượng Đại Trường Thành Holdings,Dai Truong Thanh Holdings Energy Investment JSC,CTCP Đầu tư Năng lượng Đại Trường Thành Holdings - DTT Holdings - Hồ sơ doanh nghiệp,MATCH,Tiện ích,Tiện ích,Phát điện độc lập và điện tái tạo,Tiện ích,Phát điện độc lập và điện tái tạo,,Khác / cần duyệt,NORMAL,99,,REVIEW,,https://finance.vietstock.vn/DTE/ho-so-doanh-nghiep.htm,https://finance.vietstock.vn/DTE/tai-chinh.htm?tab=BCTT,OK,YES,Chưa map được ngành
DTK,HNX,Tổng Công ty Điện lực TKV - CTCP,Tổng Công ty Điện lực TKV - CTCP,Vinacomin - Power Holding Corporation,Tổng Công ty Điện lực TKV - CTCP - Tổng công ty Điện lực - TKV - Hồ sơ doanh nghiệp,MATCH,Tiện ích,Tiện ích,Điện,Tiện ích,Điện,,Khác / cần duyệt,NORMAL,99,,REVIEW,,https://finance.vietstock.vn/DTK/ho-so-doanh-nghiep.htm,https://finance.vietstock.vn/DTK/tai-chinh.htm?tab=BCTT,OK,YES,Chưa map được ngành
DTL,HOSE,CTCP Đại Thiên Lộc,CTCP Đại Thiên Lộc,Dai Thien Loc Corporation,CTCP Đại Thiên Lộc - DTLS - Hồ sơ doanh nghiệp,MATCH,Nguyên vật liệu,Nguyên vật liệu,Khai khoáng và luyện kim,Nguyên vật liệu,Khai khoáng và luyện kim,,Kim loại & Khoáng sản,NORMAL,32,khai khoang,VIETSTOCK_RULE,VIETSTOCK,https://finance.vietstock.vn/DTL/ho-so-doanh-nghiep.htm,https://finance.vietstock.vn/DTL/tai-chinh.htm?tab=BCTT,OK,NO,
DTP,UPCOM,CTCP Dược phẩm CPC1 Hà Nội,CTCP Dược phẩm CPC1 Hà Nội,Ha Noi CPC1 Pharmaceutical Joint Stock Company,"CTCP Dược phẩm CPC1 Hà Nội - CPC1 HN.,JSC - Hồ sơ doanh nghiệp",MATCH,Chăm sóc sức khỏe,"Dược phẩm, công nghệ sinh học và khoa học sự sống",Dược phẩm,Chăm sóc sức khỏe,"Dược phẩm, công nghệ sinh học và khoa học sự sống",Dược phẩm,Dược & Y tế,NORMAL,19,duoc,VIETSTOCK_RULE,VIETSTOCK,https://finance.vietstock.vn/DTP/ho-so-doanh-nghiep.htm,https://finance.vietstock.vn/DTP/tai-chinh.htm?tab=BCTT,OK,NO,
DVG,UPCOM,CTCP Đại Việt Group DVG,CTCP Đại Việt Group DVG,Dai Viet DVG Group Joint Stock Company,"CTCP Đại Việt Group DVG - DVG.,JSC - Hồ sơ doanh nghiệp",MATCH,Nguyên vật liệu,Nguyên vật liệu,Hóa chất,Nguyên vật liệu,Hóa chất,,Hóa chất,NORMAL,10,hoa chat,VIETSTOCK_RULE,VIETSTOCK,https://finance.vietstock.vn/DVG/ho-so-doanh-nghiep.htm,https://finance.vietstock.vn/DVG/tai-chinh.htm?tab=BCTT,OK,NO,
DVM,HNX,CTCP Dược liệu Việt Nam,CTCP Dược liệu Việt Nam,Vietnam Medicinal Materials Joint Stock Company,CTCP Dược liệu Việt Nam - VIETMEC - Hồ sơ doanh nghiệp,MATCH,Chăm sóc sức khỏe,"Dược phẩm, công nghệ sinh học và khoa học sự sống",Dược phẩm,Chăm sóc sức khỏe,"Dược phẩm, công nghệ sinh học và khoa học sự sống",Dược phẩm,Dược & Y tế,NORMAL,19,duoc,VIETSTOCK_RULE,VIETSTOCK,https://finance.vietstock.vn/DVM/ho-so-doanh-nghiep.htm,https://finance.vietstock.vn/DVM/tai-chinh.htm?tab=BCTT,OK,NO,
DVN,UPCOM,Tổng Công ty Dược Việt Nam - CTCP,Tổng Công ty Dược Việt Nam - CTCP,Vietnam Pharmaceutical Corporation - JSC,Tổng Công ty Dược Việt Nam - CTCP - VINAPHARM - Hồ sơ doanh nghiệp,MATCH,Chăm sóc sức khỏe,"Dược phẩm, công nghệ sinh học và khoa học sự sống",Dược phẩm,Chăm sóc sức khỏe,"Dược phẩm, công nghệ sinh học và khoa học sự sống",Dược phẩm,Dược & Y tế,NORMAL,19,duoc,VIETSTOCK_RULE,VIETSTOCK,https://finance.vietstock.vn/DVN/ho-so-doanh-nghiep.htm,https://finance.vietstock.vn/DVN/tai-chinh.htm?tab=BCTT,OK,NO,
DVP,HOSE,CTCP Đầu tư và Phát triển Cảng Đình Vũ,CTCP Đầu tư và Phát triển Cảng Đình Vũ,Dinh Vu Port Investment and Development JSC,CTCP Đầu tư và Phát triển Cảng Đình Vũ - CTCP Cảng Đình Vũ - Hồ sơ doanh nghiệp,MATCH,Công nghiệp,Vận tải,Hạ tầng giao thông,Công nghiệp,Vận tải,Hạ tầng giao thông,Khác / cần duyệt,NORMAL,99,,REVIEW,,https://finance.vietstock.vn/DVP/ho-so-doanh-nghiep.htm,https://finance.vietstock.vn/DVP/tai-chinh.htm?tab=BCTT,OK,YES,Chưa map được ngành
DWS,UPCOM,CTCP Cấp nước và Môi trường đô thị Đồng Tháp,CTCP Cấp nước và Môi trường đô thị Đồng Tháp,Dong Thap Water Supply & Urban Environment Joint Stock Company,CTCP Cấp nước và Môi trường đô thị Đồng Tháp - DOWASEN - Hồ sơ doanh nghiệp,MATCH,Tiện ích,Tiện ích,Nước,Tiện ích,Nước,,Khác / cần duyệt,NORMAL,99,,REVIEW,,https://finance.vietstock.vn/DWS/ho-so-doanh-nghiep.htm,https://finance.vietstock.vn/DWS/tai-chinh.htm?tab=BCTT,OK,YES,Chưa map được ngành
EIC,UPCOM,CTCP EVN Quốc tế,CTCP EVN Quốc tế,EVN International Joint Stock Company,CTCP EVN Quốc tế - EVNI - Hồ sơ doanh nghiệp,MATCH,Công nghiệp,Dịch vụ thương mại và chuyên nghiệp,Dịch vụ chuyên nghiệp,Công nghiệp,Dịch vụ thương mại và chuyên nghiệp,Dịch vụ chuyên nghiệp,Dịch vụ công nghiệp,NORMAL,34,dich vu chuyen nghiep,VIETSTOCK_RULE,VIETSTOCK,https://finance.vietstock.vn/EIC/ho-so-doanh-nghiep.htm,https://finance.vietstock.vn/EIC/tai-chinh.htm?tab=BCTT,OK,NO,
EIN,UPCOM,CTCP Đầu tư - Thương mại - Dịch vụ Điện Lực,CTCP Đầu tư - Thương mại - Dịch vụ Điện Lực,Electricity Investment - Service - Trade Joint Stock Company,CTCP Đầu tư - Thương mại - Dịch vụ Điện Lực - ECINVEST - Hồ sơ doanh nghiệp,MATCH,Tiêu dùng không thiết yếu,Dịch vụ tiêu dùng,"Khách sạn, nhà hàng và giải trí",Tiêu dùng không thiết yếu,Dịch vụ tiêu dùng,"Khách sạn, nhà hàng và giải trí",Du lịch & Giải trí,NORMAL,27,giai tri,VIETSTOCK_RULE,VIETSTOCK,https://finance.vietstock.vn/EIN/ho-so-doanh-nghiep.htm,https://finance.vietstock.vn/EIN/tai-chinh.htm?tab=BCTT,OK,NO,
EMS,UPCOM,Tổng Công ty Chuyển phát nhanh Bưu Điện - CTCP,Tổng Công ty Chuyển phát nhanh Bưu Điện - CTCP,VNPost Express Joint Stock Company,"Tổng Công ty Chuyển phát nhanh Bưu Điện - CTCP - VNPost Express.,JSC - Hồ sơ doanh nghiệp",MATCH,Công nghiệp,Vận tải,Vận tải và logistics hàng không,Công nghiệp,Vận tải,Vận tải và logistics hàng không,Cảng & Logistics,NORMAL,14,logistics,VIETSTOCK_RULE,VIETSTOCK,https://finance.vietstock.vn/EMS/ho-so-doanh-nghiep.htm,https://finance.vietstock.vn/EMS/tai-chinh.htm?tab=BCTT,OK,NO,
EVE,HOSE,CTCP Everpia,CTCP Everpia,Everpia JSC,CTCP Everpia - EVERPIA - Hồ sơ doanh nghiệp,MATCH,Tiêu dùng không thiết yếu,Thời trang và hàng lâu bền,Thời trang và dệt may,Tiêu dùng không thiết yếu,Thời trang và hàng lâu bền,Thời trang và dệt may,Dệt may,NORMAL,13,det may,VIETSTOCK_RULE,VIETSTOCK,https://finance.vietstock.vn/EVE/ho-so-doanh-nghiep.htm,https://finance.vietstock.vn/EVE/tai-chinh.htm?tab=BCTT,OK,NO,
FCM,HOSE,CTCP Bê tông Phan Vũ Hà Nam,CTCP Bê tông Phan Vũ Hà Nam,Phan Vu Ha Nam Concrete Joint Stock Company,CTCP Bê tông Phan Vũ Hà Nam - Phan Vu Ha Nam - Hồ sơ doanh nghiệp,MATCH,Nguyên vật liệu,Nguyên vật liệu,Vật liệu xây dựng,Nguyên vật liệu,Vật liệu xây dựng,,Vật liệu xây dựng,NORMAL,16,vat lieu xay dung,VIETSTOCK_RULE,VIETSTOCK,https://finance.vietstock.vn/FCM/ho-so-doanh-nghiep.htm,https://finance.vietstock.vn/FCM/tai-chinh.htm?tab=BCTT,OK,NO,
FCS,UPCOM,CTCP Lương thực Thành phố Hồ Chí Minh,CTCP Lương thực Thành phố Hồ Chí Minh,Ho Chi Minh City Food JSC,CTCP Lương thực Thành phố Hồ Chí Minh - FOODCOSA - Hồ sơ doanh nghiệp,MATCH,Tiêu dùng thiết yếu,"Thực phẩm, đồ uống và thuốc lá",Thực phẩm,Tiêu dùng thiết yếu,Thương mại hàng thiết yếu,,Thực phẩm & đồ uống,NORMAL,18,thuc pham,WATCHLIST_FALLBACK,WATCHLIST,https://finance.vietstock.vn/FCS/ho-so-doanh-nghiep.htm,https://finance.vietstock.vn/FCS/tai-chinh.htm?tab=BCTT,OK,YES,Phân ngành dùng fallback watchlist
FDC,HOSE,CTCP Ngoại thương và Phát triển Đầu tư Thành phố Hồ Chí Minh,CTCP Ngoại thương và Phát triển Đầu tư Thành phố Hồ Chí Minh,Foreign Trade Development & Investment Corporation of HCMC,CTCP Ngoại thương và Phát triển Đầu tư Thành phố Hồ Chí Minh - CÔNG TY CỔ PHẦN FIDECO - Hồ sơ doanh nghiệp,MATCH,Bất động sản,Bất động sản,Quản lý và phát triển bất động sản,Bất động sản,Quản lý và phát triển bất động sản,,Khác / cần duyệt,NORMAL,99,,REVIEW,,https://finance.vietstock.vn/FDC/ho-so-doanh-nghiep.htm,https://finance.vietstock.vn/FDC/tai-chinh.htm?tab=BCTT,OK,YES,Chưa map được ngành
FIC,UPCOM,Tổng Công ty Vật liệu Xây dựng số 1 - CTCP,Tổng Công ty Vật liệu Xây dựng số 1 - CTCP,Fico Corporation JSC,Tổng Công ty Vật liệu Xây dựng số 1 - CTCP - FICO - Hồ sơ doanh nghiệp,MATCH,Nguyên vật liệu,Nguyên vật liệu,Vật liệu xây dựng,Nguyên vật liệu,Vật liệu xây dựng,,Vật liệu xây dựng,NORMAL,16,vat lieu xay dung,VIETSTOCK_RULE,VIETSTOCK,https://finance.vietstock.vn/FIC/ho-so-doanh-nghiep.htm,https://finance.vietstock.vn/FIC/tai-chinh.htm?tab=BCTT,OK,NO,
FID,HNX,CTCP Đầu tư và Phát triển Doanh nghiệp Việt Nam,CTCP Đầu tư và Phát triển Doanh nghiệp Việt Nam,Vietnam Enterprise Investment And Development JSC,"CTCP Đầu tư và Phát triển Doanh nghiệp Việt Nam - VNDINVEST.,JSC - Hồ sơ doanh nghiệp",MATCH,Tiêu dùng không thiết yếu,Thương mại hàng không thiết yếu,Nhà phân phối,Tiêu dùng không thiết yếu,Thương mại hàng không thiết yếu,Nhà phân phối,Hàng không,NORMAL,17,hang khong,VIETSTOCK_RULE,VIETSTOCK,https://finance.vietstock.vn/FID/ho-so-doanh-nghiep.htm,https://finance.vietstock.vn/FID/tai-chinh.htm?tab=BCTT,OK,NO,
FIR,HOSE,CTCP Địa ốc First Real,CTCP Địa ốc First Real,First Real Joint Stock Company,CTCP Địa ốc First Real - FIRST REAL. JSC - Hồ sơ doanh nghiệp,MATCH,Bất động sản,Bất động sản,Quản lý và phát triển bất động sản,Bất động sản,Quản lý và phát triển bất động sản,,Khác / cần duyệt,NORMAL,99,,REVIEW,,https://finance.vietstock.vn/FIR/ho-so-doanh-nghiep.htm,https://finance.vietstock.vn/FIR/tai-chinh.htm?tab=BCTT,OK,YES,Chưa map được ngành
FLC,UPCOM,CTCP Tập đoàn FLC,CTCP Tập đoàn FLC,FLC Group JSC,"CTCP Tập đoàn FLC - FLC.,JSC - Hồ sơ doanh nghiệp",MATCH,Nguyên vật liệu,Nguyên vật liệu,Vật liệu xây dựng,Bất động sản,Quản lý và phát triển bất động sản,,Vật liệu xây dựng,NORMAL,16,vat lieu xay dung,WATCHLIST_FALLBACK,WATCHLIST,https://finance.vietstock.vn/FLC/ho-so-doanh-nghiep.htm,https://finance.vietstock.vn/FLC/tai-chinh.htm?tab=BCTT,OK,YES,Phân ngành dùng fallback watchlist
FMC,HOSE,CTCP Thực phẩm Sao Ta,CTCP Thực phẩm Sao Ta,Sao Ta Foods Joint Stock Company,CTCP Thực phẩm Sao Ta - FIMEX VN - Hồ sơ doanh nghiệp,MATCH,Tiêu dùng thiết yếu,"Thực phẩm, đồ uống và thuốc lá",Thực phẩm,Tiêu dùng thiết yếu,"Thực phẩm, đồ uống và thuốc lá",Thực phẩm,Thực phẩm & đồ uống,NORMAL,18,thuc pham,VIETSTOCK_RULE,VIETSTOCK,https://finance.vietstock.vn/FMC/ho-so-doanh-nghiep.htm,https://finance.vietstock.vn/FMC/tai-chinh.htm?tab=BCTT,OK,NO,
FTM,UPCOM,CTCP Đầu tư và Phát triển Đức Quân,CTCP Đầu tư và Phát triển Đức Quân,Duc Quan Investment and Development Joint Stock Company,CTCP Đầu tư và Phát triển Đức Quân - Fortex - Hồ sơ doanh nghiệp,MATCH,Tiêu dùng không thiết yếu,Thời trang và hàng lâu bền,Thời trang và dệt may,Tiêu dùng không thiết yếu,Thời trang và hàng lâu bền,Thời trang và dệt may,Dệt may,NORMAL,13,det may,VIETSTOCK_RULE,VIETSTOCK,https://finance.vietstock.vn/FTM/ho-so-doanh-nghiep.htm,https://finance.vietstock.vn/FTM/tai-chinh.htm?tab=BCTT,OK,NO,
G36,UPCOM,Tổng Công ty 36 - CTCP,Tổng Công ty 36 - CTCP,36 Corporation,Tổng Công ty 36 - CTCP - TỔNG CÔNG TY 36 - Hồ sơ doanh nghiệp,MATCH,Công nghiệp,Hàng hóa công nghiệp,Kỹ thuật xây dựng,Công nghiệp,Hàng hóa công nghiệp,Kỹ thuật xây dựng,Xây dựng,NORMAL,15,ky thuat xay dung,VIETSTOCK_RULE,VIETSTOCK,https://finance.vietstock.vn/G36/ho-so-doanh-nghiep.htm,https://finance.vietstock.vn/G36/tai-chinh.htm?tab=BCTT,OK,NO,
GCF,UPCOM,CTCP Thực phẩm G.C,CTCP Thực phẩm G.C,G.C Food Joint Stock Company,CTCP Thực phẩm G.C - GC Food JSC - Hồ sơ doanh nghiệp,MATCH,Tiêu dùng thiết yếu,"Thực phẩm, đồ uống và thuốc lá",Thực phẩm,Tiêu dùng thiết yếu,"Thực phẩm, đồ uống và thuốc lá",Thực phẩm,Thực phẩm & đồ uống,NORMAL,18,thuc pham,VIETSTOCK_RULE,VIETSTOCK,https://finance.vietstock.vn/GCF/ho-so-doanh-nghiep.htm,https://finance.vietstock.vn/GCF/tai-chinh.htm?tab=BCTT,OK,NO,
GDA,UPCOM,CTCP Tôn Đông Á,CTCP Tôn Đông Á,Ton Dong A Corporation,CTCP Tôn Đông Á - TDA Corp - Hồ sơ doanh nghiệp,MATCH,Nguyên vật liệu,Nguyên vật liệu,Khai khoáng và luyện kim,Nguyên vật liệu,Khai khoáng và luyện kim,,Kim loại & Khoáng sản,NORMAL,32,khai khoang,VIETSTOCK_RULE,VIETSTOCK,https://finance.vietstock.vn/GDA/ho-so-doanh-nghiep.htm,https://finance.vietstock.vn/GDA/tai-chinh.htm?tab=BCTT,OK,NO,
GDT,HOSE,CTCP Chế biến Gỗ Đức Thành,CTCP Chế biến Gỗ Đức Thành,Duc Thanh Wood Processing Joint Stock Company,CTCP Chế biến Gỗ Đức Thành - CTCP Đức Thành - Hồ sơ doanh nghiệp,MATCH,Tiêu dùng không thiết yếu,Thời trang và hàng lâu bền,Hàng tiêu dùng lâu bền,Tiêu dùng không thiết yếu,Thời trang và hàng lâu bền,Hàng tiêu dùng lâu bền,Hàng tiêu dùng lâu bền,NORMAL,36,hang tieu dung lau ben,VIETSTOCK_RULE,VIETSTOCK,https://finance.vietstock.vn/GDT/ho-so-doanh-nghiep.htm,https://finance.vietstock.vn/GDT/tai-chinh.htm?tab=BCTT,OK,NO,
GGG,UPCOM,CTCP Ô tô Giải Phóng,CTCP Ô tô Giải Phóng,Giai Phong Motor Joint Stock Company,CTCP Ô tô Giải Phóng - GMC JSC - Hồ sơ doanh nghiệp,MATCH,Tiêu dùng không thiết yếu,Xe và linh kiện,Xe,Tiêu dùng không thiết yếu,Xe và linh kiện,Xe,Khác / cần duyệt,NORMAL,99,,REVIEW,,https://finance.vietstock.vn/GGG/ho-so-doanh-nghiep.htm,https://finance.vietstock.vn/GGG/tai-chinh.htm?tab=BCTT,OK,YES,Chưa map được ngành
GHC,UPCOM,CTCP Thủy điện Gia Lai,CTCP Thủy điện Gia Lai,Gia Lai Hydropower JSC,CTCP Thủy điện Gia Lai - GHC - Hồ sơ doanh nghiệp,MATCH,Tiện ích,Tiện ích,Phát điện độc lập và điện tái tạo,Tiện ích,Phát điện độc lập và điện tái tạo,,Khác / cần duyệt,NORMAL,99,,REVIEW,,https://finance.vietstock.vn/GHC/ho-so-doanh-nghiep.htm,https://finance.vietstock.vn/GHC/tai-chinh.htm?tab=BCTT,OK,YES,Chưa map được ngành
GKM,HNX,CTCP GKM Holdings,CTCP GKM Holdings,GKM Holdings Joint Stock Company,CTCP GKM Holdings - GKM Holdings - Hồ sơ doanh nghiệp,MATCH,Nguyên vật liệu,Nguyên vật liệu,Vật liệu xây dựng,Nguyên vật liệu,Vật liệu xây dựng,,Vật liệu xây dựng,NORMAL,16,vat lieu xay dung,VIETSTOCK_RULE,VIETSTOCK,https://finance.vietstock.vn/GKM/ho-so-doanh-nghiep.htm,https://finance.vietstock.vn/GKM/tai-chinh.htm?tab=BCTT,OK,NO,
GMC,UPCOM,CTCP Garmex Sài Gòn,CTCP Garmex Sài Gòn,Garmex Saigon Corporation,CTCP Garmex Sài Gòn - Garmex Saigon - Hồ sơ doanh nghiệp,MATCH,Tiêu dùng không thiết yếu,Thời trang và hàng lâu bền,Thời trang và dệt may,Tiêu dùng không thiết yếu,Thời trang và hàng lâu bền,Thời trang và dệt may,Dệt may,NORMAL,13,det may,VIETSTOCK_RULE,VIETSTOCK,https://finance.vietstock.vn/GMC/ho-so-doanh-nghiep.htm,https://finance.vietstock.vn/GMC/tai-chinh.htm?tab=BCTT,OK,NO,
GPC,UPCOM,CTCP Tập đoàn Green+,CTCP Tập đoàn Green+,Green Plus Joint Stock Corporation,CTCP Tập đoàn Green+ - - Hồ sơ doanh nghiệp,MATCH,Tiêu dùng không thiết yếu,Thương mại hàng không thiết yếu,Nhà phân phối,Tiêu dùng không thiết yếu,Thương mại hàng không thiết yếu,Nhà phân phối,Hàng không,NORMAL,17,hang khong,VIETSTOCK_RULE,VIETSTOCK,https://finance.vietstock.vn/GPC/ho-so-doanh-nghiep.htm,https://finance.vietstock.vn/GPC/tai-chinh.htm?tab=BCTT,OK,NO,
GSM,UPCOM,CTCP Thủy điện Hương Sơn,CTCP Thủy điện Hương Sơn,Huong Son Hydro Power Joint Stocks Company,CTCP Thủy điện Hương Sơn - HUONGSON HP JSC - Hồ sơ doanh nghiệp,MATCH,Tiện ích,Tiện ích,Phát điện độc lập và điện tái tạo,Tiện ích,Phát điện độc lập và điện tái tạo,,Khác / cần duyệt,NORMAL,99,,REVIEW,,https://finance.vietstock.vn/GSM/ho-so-doanh-nghiep.htm,https://finance.vietstock.vn/GSM/tai-chinh.htm?tab=BCTT,OK,YES,Chưa map được ngành
GSP,HOSE,CTCP Vận tải Sản Phẩm Khí Quốc tế,CTCP Vận tải Sản Phẩm Khí Quốc tế,International Gas Product Shipping JSC,CTCP Vận tải Sản Phẩm Khí Quốc tế - GAS SHIPPING JSC - Hồ sơ doanh nghiệp,MATCH,Năng lượng,Năng lượng,Dầu khí,Năng lượng,Dầu khí,,Dầu khí,NORMAL,6,dau khi,VIETSTOCK_RULE,VIETSTOCK,https://finance.vietstock.vn/GSP/ho-so-doanh-nghiep.htm,https://finance.vietstock.vn/GSP/tai-chinh.htm?tab=BCTT,OK,NO,
GTS,UPCOM,CTCP Công trình Giao thông Sài Gòn,CTCP Công trình Giao thông Sài Gòn,SaiGon Traffic Construction Joint Stock Company,CTCP Công trình Giao thông Sài Gòn - CÔNG TY CP GT SÀI GÒN - Hồ sơ doanh nghiệp,MATCH,Công nghiệp,Hàng hóa công nghiệp,Kỹ thuật xây dựng,Công nghiệp,Hàng hóa công nghiệp,Kỹ thuật xây dựng,Xây dựng,NORMAL,15,ky thuat xay dung,VIETSTOCK_RULE,VIETSTOCK,https://finance.vietstock.vn/GTS/ho-so-doanh-nghiep.htm,https://finance.vietstock.vn/GTS/tai-chinh.htm?tab=BCTT,OK,NO,
GTT,UPCOM,CTCP Thuận Thảo,CTCP Thuận Thảo,Thuan Thao Corporation,CTCP Thuận Thảo - GTT - Hồ sơ doanh nghiệp,MATCH,Tiêu dùng không thiết yếu,Dịch vụ tiêu dùng,"Khách sạn, nhà hàng và giải trí",Tiêu dùng không thiết yếu,Dịch vụ tiêu dùng,"Khách sạn, nhà hàng và giải trí",Du lịch & Giải trí,NORMAL,27,giai tri,VIETSTOCK_RULE,VIETSTOCK,https://finance.vietstock.vn/GTT/ho-so-doanh-nghiep.htm,https://finance.vietstock.vn/GTT/tai-chinh.htm?tab=BCTT,OK,NO,
HAC,UPCOM,CTCP Chứng khoán Hải Phòng,CTCP Chứng khoán Hải Phòng,Hai Phong Securities Joint Stock Company,CTCP Chứng khoán Hải Phòng - HASECO - Hồ sơ doanh nghiệp,MATCH,Tài chính,Dịch vụ tài chính,Thị trường vốn,Tài chính,Dịch vụ tài chính,Thị trường vốn,Chứng khoán,SECURITIES,2,thi truong von,VIETSTOCK_RULE,VIETSTOCK,https://finance.vietstock.vn/HAC/ho-so-doanh-nghiep.htm,https://finance.vietstock.vn/HAC/tai-chinh.htm?tab=BCTT,OK,NO,
HAI,UPCOM,CTCP Nông dược H.A.I,CTCP Nông dược H.A.I,HAI Agrochem Joint Stock Company,CTCP Nông dược H.A.I - HAI JSC - Hồ sơ doanh nghiệp,MATCH,Tiêu dùng không thiết yếu,Thương mại hàng không thiết yếu,Nhà phân phối,Tiêu dùng không thiết yếu,Thương mại hàng không thiết yếu,Nhà phân phối,Hàng không,NORMAL,17,hang khong,VIETSTOCK_RULE,VIETSTOCK,https://finance.vietstock.vn/HAI/ho-so-doanh-nghiep.htm,https://finance.vietstock.vn/HAI/tai-chinh.htm?tab=BCTT,OK,NO,
HAN,UPCOM,Tổng Công ty Xây dựng Hà Nội - CTCP,Tổng Công ty Xây dựng Hà Nội - CTCP,Hanoi Construction Corporation ? JSC,Tổng Công ty Xây dựng Hà Nội - CTCP - HANCORP - Hồ sơ doanh nghiệp,MATCH,Công nghiệp,Hàng hóa công nghiệp,Kỹ thuật xây dựng,Công nghiệp,Hàng hóa công nghiệp,Kỹ thuật xây dựng,Xây dựng,NORMAL,15,ky thuat xay dung,VIETSTOCK_RULE,VIETSTOCK,https://finance.vietstock.vn/HAN/ho-so-doanh-nghiep.htm,https://finance.vietstock.vn/HAN/tai-chinh.htm?tab=BCTT,OK,NO,
HAP,HOSE,CTCP Tập đoàn Hapaco,CTCP Tập đoàn Hapaco,Hapaco Corporation,CTCP Tập đoàn Hapaco - Tập Đoàn Hapaco - Hồ sơ doanh nghiệp,MATCH,Nguyên vật liệu,Nguyên vật liệu,Gỗ và giấy,Nguyên vật liệu,Gỗ và giấy,,Gỗ & Giấy,NORMAL,24,go va giay,VIETSTOCK_RULE,VIETSTOCK,https://finance.vietstock.vn/HAP/ho-so-doanh-nghiep.htm,https://finance.vietstock.vn/HAP/tai-chinh.htm?tab=BCTT,OK,NO,
HAR,HOSE,CTCP Đầu tư Thương mại Bất động sản An Dương Thảo Điền,CTCP Đầu tư Thương mại Bất động sản An Dương Thảo Điền,An Duong Thao Dien JSC,CTCP Đầu tư Thương mại Bất động sản An Dương Thảo Điền - CTCP An Dương Thảo Điền - Hồ sơ doanh nghiệp,MATCH,Bất động sản,Bất động sản,Quản lý và phát triển bất động sản,Bất động sản,Quản lý và phát triển bất động sản,,Khác / cần duyệt,NORMAL,99,,REVIEW,,https://finance.vietstock.vn/HAR/ho-so-doanh-nghiep.htm,https://finance.vietstock.vn/HAR/tai-chinh.htm?tab=BCTT,OK,YES,Chưa map được ngành
HBS,HNX,CTCP Chứng khoán Hòa Bình,CTCP Chứng khoán Hòa Bình,Hoa Binh Securities JSC,CTCP Chứng khoán Hòa Bình - HBS - Hồ sơ doanh nghiệp,MATCH,Tài chính,Dịch vụ tài chính,Thị trường vốn,Tài chính,Dịch vụ tài chính,Thị trường vốn,Chứng khoán,SECURITIES,2,thi truong von,VIETSTOCK_RULE,VIETSTOCK,https://finance.vietstock.vn/HBS/ho-so-doanh-nghiep.htm,https://finance.vietstock.vn/HBS/tai-chinh.htm?tab=BCTT,OK,NO,
HCD,HOSE,CTCP Đầu tư Sản xuất và Thương mại HCD,CTCP Đầu tư Sản xuất và Thương mại HCD,HCD Investment Producing and Trading Joint Stock Company,"CTCP Đầu tư Sản xuất và Thương mại HCD - HCD Investpro.,JSC - Hồ sơ doanh nghiệp",MATCH,Công nghiệp,Hàng hóa công nghiệp,Sản phẩm xây dựng,Công nghiệp,Hàng hóa công nghiệp,Sản phẩm xây dựng,Xây dựng,NORMAL,15,xay dung,VIETSTOCK_RULE,VIETSTOCK,https://finance.vietstock.vn/HCD/ho-so-doanh-nghiep.htm,https://finance.vietstock.vn/HCD/tai-chinh.htm?tab=BCTT,OK,NO,
HDA,HNX,CTCP Hãng sơn Đông Á,CTCP Hãng sơn Đông Á,Dong A Paint Joint Stock Company,"CTCP Hãng sơn Đông Á - HSDA.,JSC - Hồ sơ doanh nghiệp",MATCH,Nguyên vật liệu,Nguyên vật liệu,Hóa chất,Nguyên vật liệu,Hóa chất,,Hóa chất,NORMAL,10,hoa chat,VIETSTOCK_RULE,VIETSTOCK,https://finance.vietstock.vn/HDA/ho-so-doanh-nghiep.htm,https://finance.vietstock.vn/HDA/tai-chinh.htm?tab=BCTT,OK,NO,
HDW,UPCOM,CTCP Kinh doanh Nước sạch Hải Dương,CTCP Kinh doanh Nước sạch Hải Dương,Hai Duong Water Joint Stock Company,CTCP Kinh doanh Nước sạch Hải Dương - HADUWACO - Hồ sơ doanh nghiệp,MATCH,Tiện ích,Tiện ích,Nước,Tiện ích,Nước,,Khác / cần duyệt,NORMAL,99,,REVIEW,,https://finance.vietstock.vn/HDW/ho-so-doanh-nghiep.htm,https://finance.vietstock.vn/HDW/tai-chinh.htm?tab=BCTT,OK,YES,Chưa map được ngành
HHG,UPCOM,CTCP Hoàng Hà,CTCP Hoàng Hà,Hoang Ha Joint Stock Company,CTCP Hoàng Hà - HoangHa JSC - Hồ sơ doanh nghiệp,MATCH,Công nghiệp,Vận tải,Vận tải mặt đất,Công nghiệp,Vận tải,Vận tải mặt đất,Khác / cần duyệt,NORMAL,99,,REVIEW,,https://finance.vietstock.vn/HHG/ho-so-doanh-nghiep.htm,https://finance.vietstock.vn/HHG/tai-chinh.htm?tab=BCTT,OK,YES,Chưa map được ngành
HID,HOSE,CTCP Halcom Việt Nam,CTCP Halcom Việt Nam,Halcom Vietnam JSC,CTCP Halcom Việt Nam - HALCOM - Hồ sơ doanh nghiệp,MATCH,Công nghiệp,Hàng hóa công nghiệp,Phân phối hàng công nghiệp,Công nghiệp,Hàng hóa công nghiệp,Phân phối hàng công nghiệp,Thương mại & Phân phối,NORMAL,33,phan phoi,VIETSTOCK_RULE,VIETSTOCK,https://finance.vietstock.vn/HID/ho-so-doanh-nghiep.htm,https://finance.vietstock.vn/HID/tai-chinh.htm?tab=BCTT,OK,NO,
HIO,UPCOM,CTCP Helio Energy,CTCP Helio Energy,Helio Energy Joint Stock Company,"CTCP Helio Energy - Helio Energy.,JSC - Hồ sơ doanh nghiệp",MATCH,Tiện ích,Tiện ích,Phát điện độc lập và điện tái tạo,Tiện ích,Phát điện độc lập và điện tái tạo,,Khác / cần duyệt,NORMAL,99,,REVIEW,,https://finance.vietstock.vn/HIO/ho-so-doanh-nghiep.htm,https://finance.vietstock.vn/HIO/tai-chinh.htm?tab=BCTT,OK,YES,Chưa map được ngành
HJS,HNX,CTCP Thủy điện Nậm Mu,CTCP Thủy điện Nậm Mu,Nam Mu Hydropower JSC,CTCP Thủy điện Nậm Mu - NAM MU HJSC - Hồ sơ doanh nghiệp,MATCH,Tiện ích,Tiện ích,Phát điện độc lập và điện tái tạo,Tiện ích,Phát điện độc lập và điện tái tạo,,Khác / cần duyệt,NORMAL,99,,REVIEW,,https://finance.vietstock.vn/HJS/ho-so-doanh-nghiep.htm,https://finance.vietstock.vn/HJS/tai-chinh.htm?tab=BCTT,OK,YES,Chưa map được ngành
HKB,UPCOM,CTCP Nông nghiệp và Thực phẩm Hà Nội - Kinh Bắc,CTCP Nông nghiệp và Thực phẩm Hà Nội - Kinh Bắc,Ha Noi ? Kinh Bac Agriculture and Food JSC,"CTCP Nông nghiệp và Thực phẩm Hà Nội - Kinh Bắc - Hanoi - Kinhbac Agrifood.,JSC - Hồ sơ doanh nghiệp",MATCH,Tiêu dùng thiết yếu,"Thực phẩm, đồ uống và thuốc lá",Thực phẩm,Tiêu dùng thiết yếu,"Thực phẩm, đồ uống và thuốc lá",Thực phẩm,Thực phẩm & đồ uống,NORMAL,18,thuc pham,VIETSTOCK_RULE,VIETSTOCK,https://finance.vietstock.vn/HKB/ho-so-doanh-nghiep.htm,https://finance.vietstock.vn/HKB/tai-chinh.htm?tab=BCTT,OK,NO,
HLA,UPCOM,CTCP Hữu Liên Á Châu,CTCP Hữu Liên Á Châu,Huu Lien Asia Corporation,CTCP Hữu Liên Á Châu - HLA CORP - Hồ sơ doanh nghiệp,MATCH,Nguyên vật liệu,Nguyên vật liệu,Khai khoáng và luyện kim,Nguyên vật liệu,Khai khoáng và luyện kim,,Kim loại & Khoáng sản,NORMAL,32,khai khoang,VIETSTOCK_RULE,VIETSTOCK,https://finance.vietstock.vn/HLA/ho-so-doanh-nghiep.htm,https://finance.vietstock.vn/HLA/tai-chinh.htm?tab=BCTT,OK,NO,
HLC,HNX,CTCP Than Hà Lầm - Vinacomin,CTCP Than Hà Lầm - Vinacomin,Vinacomin - Ha Lam Coal JSC,CTCP Than Hà Lầm - Vinacomin - HLC - Hồ sơ doanh nghiệp,MATCH,Năng lượng,Năng lượng,Dầu khí,Năng lượng,Dầu khí,,Dầu khí,NORMAL,6,dau khi,VIETSTOCK_RULE,VIETSTOCK,https://finance.vietstock.vn/HLC/ho-so-doanh-nghiep.htm,https://finance.vietstock.vn/HLC/tai-chinh.htm?tab=BCTT,OK,NO,
HLD,HNX,CTCP Đầu tư và Phát triển Bất động sản Hudland,CTCP Đầu tư và Phát triển Bất động sản Hudland,Hudland Real Estate Investmnet and Development JSC,"CTCP Đầu tư và Phát triển Bất động sản Hudland - HUDLAND., JSC - Hồ sơ doanh nghiệp",MATCH,Bất động sản,Bất động sản,Quản lý và phát triển bất động sản,Bất động sản,Quản lý và phát triển bất động sản,,Khác / cần duyệt,NORMAL,99,,REVIEW,,https://finance.vietstock.vn/HLD/ho-so-doanh-nghiep.htm,https://finance.vietstock.vn/HLD/tai-chinh.htm?tab=BCTT,OK,YES,Chưa map được ngành
HMC,HOSE,CTCP Kim khí Thành phố Hồ Chí Minh - VNSTEEL,CTCP Kim khí Thành phố Hồ Chí Minh - VNSTEEL,VNSTEEL - HOCHIMINH CITY METAL CORPORATION,CTCP Kim khí Thành phố Hồ Chí Minh - VNSTEEL - HMC - Hồ sơ doanh nghiệp,MATCH,Nguyên vật liệu,Nguyên vật liệu,Khai khoáng và luyện kim,Nguyên vật liệu,Khai khoáng và luyện kim,,Kim loại & Khoáng sản,NORMAL,32,khai khoang,VIETSTOCK_RULE,VIETSTOCK,https://finance.vietstock.vn/HMC/ho-so-doanh-nghiep.htm,https://finance.vietstock.vn/HMC/tai-chinh.htm?tab=BCTT,OK,NO,
HNA,HOSE,CTCP Thủy điện Hủa Na,CTCP Thủy điện Hủa Na,Hua Na Hydropower Joint Stock Company,CTCP Thủy điện Hủa Na - HHC - Hồ sơ doanh nghiệp,MATCH,Tiện ích,Tiện ích,Phát điện độc lập và điện tái tạo,Tiện ích,Phát điện độc lập và điện tái tạo,,Khác / cần duyệt,NORMAL,99,,REVIEW,,https://finance.vietstock.vn/HNA/ho-so-doanh-nghiep.htm,https://finance.vietstock.vn/HNA/tai-chinh.htm?tab=BCTT,OK,YES,Chưa map được ngành
HND,UPCOM,CTCP Nhiệt điện Hải Phòng,CTCP Nhiệt điện Hải Phòng,Hai Phong Thermal Power Joint Stock Company,"CTCP Nhiệt điện Hải Phòng - HAIPHONG TP.,JSC - Hồ sơ doanh nghiệp",MATCH,Tiện ích,Tiện ích,Điện,Tiện ích,Điện,,Khác / cần duyệt,NORMAL,99,,REVIEW,,https://finance.vietstock.vn/HND/ho-so-doanh-nghiep.htm,https://finance.vietstock.vn/HND/tai-chinh.htm?tab=BCTT,OK,YES,Chưa map được ngành
HNF,UPCOM,CTCP Thực phẩm Hữu Nghị,CTCP Thực phẩm Hữu Nghị,Huu Nghi Food Joint Stock Company,"CTCP Thực phẩm Hữu Nghị - HUUNGHIFOOD., JSC - Hồ sơ doanh nghiệp",MATCH,Tiêu dùng thiết yếu,"Thực phẩm, đồ uống và thuốc lá",Thực phẩm,Tiêu dùng thiết yếu,"Thực phẩm, đồ uống và thuốc lá",Thực phẩm,Thực phẩm & đồ uống,NORMAL,18,thuc pham,VIETSTOCK_RULE,VIETSTOCK,https://finance.vietstock.vn/HNF/ho-so-doanh-nghiep.htm,https://finance.vietstock.vn/HNF/tai-chinh.htm?tab=BCTT,OK,NO,
HNI,UPCOM,CTCP May Hữu Nghị,CTCP May Hữu Nghị,Huu Nghi Garment Joint Stock Company,CTCP May Hữu Nghị - HUGAMEX - Hồ sơ doanh nghiệp,MATCH,Tiêu dùng không thiết yếu,Thời trang và hàng lâu bền,Thời trang và dệt may,Tiêu dùng không thiết yếu,Thời trang và hàng lâu bền,Thời trang và dệt may,Dệt may,NORMAL,13,det may,VIETSTOCK_RULE,VIETSTOCK,https://finance.vietstock.vn/HNI/ho-so-doanh-nghiep.htm,https://finance.vietstock.vn/HNI/tai-chinh.htm?tab=BCTT,OK,NO,
HOM,HNX,CTCP Xi măng VICEM Hoàng Mai,CTCP Xi măng VICEM Hoàng Mai,Vicem Hoang Mai Cement JSC,CTCP Xi măng VICEM Hoàng Mai - HOM - Hồ sơ doanh nghiệp,MATCH,Nguyên vật liệu,Nguyên vật liệu,Vật liệu xây dựng,Nguyên vật liệu,Vật liệu xây dựng,,Vật liệu xây dựng,NORMAL,16,vat lieu xay dung,VIETSTOCK_RULE,VIETSTOCK,https://finance.vietstock.vn/HOM/ho-so-doanh-nghiep.htm,https://finance.vietstock.vn/HOM/tai-chinh.htm?tab=BCTT,OK,NO,
HPI,UPCOM,CTCP Khu công nghiệp Hiệp Phước,CTCP Khu công nghiệp Hiệp Phước,Hiep Phuoc Industrial Park Joint Stock Company,CTCP Khu công nghiệp Hiệp Phước - HIP JSC - Hồ sơ doanh nghiệp,MATCH,Bất động sản,Bất động sản,Quản lý và phát triển bất động sản,Tiện ích,Nước,,Khác / cần duyệt,NORMAL,99,,REVIEW,,https://finance.vietstock.vn/HPI/ho-so-doanh-nghiep.htm,https://finance.vietstock.vn/HPI/tai-chinh.htm?tab=BCTT,OK,YES,Chưa map được ngành
HPW,UPCOM,CTCP Cấp nước Hải Phòng,CTCP Cấp nước Hải Phòng,Hai Phong Water JSC,CTCP Cấp nước Hải Phòng - Công ty Cấp nước Hải Phòng (Hai Phong water) - Hồ sơ doanh nghiệp,MATCH,Tiện ích,Tiện ích,Nước,Tiện ích,Nước,,Khác / cần duyệt,NORMAL,99,,REVIEW,,https://finance.vietstock.vn/HPW/ho-so-doanh-nghiep.htm,https://finance.vietstock.vn/HPW/tai-chinh.htm?tab=BCTT,OK,YES,Chưa map được ngành
HRC,HOSE,CTCP Cao su Hòa Bình,CTCP Cao su Hòa Bình,Hoa Binh Rubber Joint Stock Company,CTCP Cao su Hòa Bình - HORUCO - Hồ sơ doanh nghiệp,MATCH,Nguyên vật liệu,Nguyên vật liệu,Hóa chất,Nguyên vật liệu,Hóa chất,,Hóa chất,NORMAL,10,hoa chat,VIETSTOCK_RULE,VIETSTOCK,https://finance.vietstock.vn/HRC/ho-so-doanh-nghiep.htm,https://finance.vietstock.vn/HRC/tai-chinh.htm?tab=BCTT,OK,NO,
HTE,UPCOM,CTCP Đầu tư Kinh doanh Điện lực Thành phố Hồ Chí Minh,CTCP Đầu tư Kinh doanh Điện lực Thành phố Hồ Chí Minh,Ho Chi Minh City Electric Power Trading Investment Corporation,CTCP Đầu tư Kinh doanh Điện lực Thành phố Hồ Chí Minh - HCMPC TRADINCORP - Hồ sơ doanh nghiệp,MATCH,Công nghiệp,Hàng hóa công nghiệp,Kỹ thuật xây dựng,Công nghiệp,Hàng hóa công nghiệp,Thiết bị điện,Xây dựng,NORMAL,15,ky thuat xay dung,WATCHLIST_FALLBACK,WATCHLIST,https://finance.vietstock.vn/HTE/ho-so-doanh-nghiep.htm,https://finance.vietstock.vn/HTE/tai-chinh.htm?tab=BCTT,OK,YES,Phân ngành dùng fallback watchlist
HTG,HOSE,Tổng Công ty cổ phần Dệt may Hòa Thọ,Tổng Công ty cổ phần Dệt may Hòa Thọ,Hoa Tho Textile & Garment Joint Stock Corporation,Tổng Công ty cổ phần Dệt may Hòa Thọ - HOA THO CORPORATION - Hồ sơ doanh nghiệp,MATCH,Tiêu dùng không thiết yếu,Thời trang và hàng lâu bền,Thời trang và dệt may,Tiêu dùng không thiết yếu,Thời trang và hàng lâu bền,Thời trang và dệt may,Dệt may,NORMAL,13,det may,VIETSTOCK_RULE,VIETSTOCK,https://finance.vietstock.vn/HTG/ho-so-doanh-nghiep.htm,https://finance.vietstock.vn/HTG/tai-chinh.htm?tab=BCTT,OK,NO,
HTI,HOSE,CTCP Đầu tư Phát triển Hạ tầng IDICO,CTCP Đầu tư Phát triển Hạ tầng IDICO,IDICO Infrastructure Development Investment Joint Stock Company,CTCP Đầu tư Phát triển Hạ tầng IDICO - IDICO-IDI.JSC - Hồ sơ doanh nghiệp,MATCH,Công nghiệp,Vận tải,Hạ tầng giao thông,Công nghiệp,Vận tải,Hạ tầng giao thông,Khác / cần duyệt,NORMAL,99,,REVIEW,,https://finance.vietstock.vn/HTI/ho-so-doanh-nghiep.htm,https://finance.vietstock.vn/HTI/tai-chinh.htm?tab=BCTT,OK,YES,Chưa map được ngành
HTM,UPCOM,Tổng Công ty Thương mại Hà Nội - CTCP,Tổng Công ty Thương mại Hà Nội - CTCP,Hanoi Trade Joint Stock Corporation,Tổng Công ty Thương mại Hà Nội - CTCP - HAPRO - Hồ sơ doanh nghiệp,MATCH,Tiêu dùng không thiết yếu,Thương mại hàng không thiết yếu,Nhà phân phối,Tiêu dùng không thiết yếu,Thương mại hàng không thiết yếu,Nhà phân phối,Hàng không,NORMAL,17,hang khong,VIETSTOCK_RULE,VIETSTOCK,https://finance.vietstock.vn/HTM/ho-so-doanh-nghiep.htm,https://finance.vietstock.vn/HTM/tai-chinh.htm?tab=BCTT,OK,NO,
HTP,UPCOM,CTCP In Sách Giáo khoa Hòa Phát,CTCP In Sách Giáo khoa Hòa Phát,HTINVEST JSC,"CTCP In Sách Giáo khoa Hòa Phát - HTINVEST.,JSC - Hồ sơ doanh nghiệp",MATCH,Công nghiệp,Dịch vụ thương mại và chuyên nghiệp,Dịch vụ và thiết bị thương mại,Công nghiệp,Dịch vụ thương mại và chuyên nghiệp,Dịch vụ và thiết bị thương mại,Khác / cần duyệt,NORMAL,99,,REVIEW,,https://finance.vietstock.vn/HTP/ho-so-doanh-nghiep.htm,https://finance.vietstock.vn/HTP/tai-chinh.htm?tab=BCTT,OK,YES,Chưa map được ngành
HUB,HOSE,CTCP Xây lắp Thừa Thiên Huế,CTCP Xây lắp Thừa Thiên Huế,Thua Thien Hue Construction Joint Stock Corporation,CTCP Xây lắp Thừa Thiên Huế - HCC - Hồ sơ doanh nghiệp,MATCH,Nguyên vật liệu,Nguyên vật liệu,Vật liệu xây dựng,Nguyên vật liệu,Vật liệu xây dựng,,Vật liệu xây dựng,NORMAL,16,vat lieu xay dung,VIETSTOCK_RULE,VIETSTOCK,https://finance.vietstock.vn/HUB/ho-so-doanh-nghiep.htm,https://finance.vietstock.vn/HUB/tai-chinh.htm?tab=BCTT,OK,NO,
HVG,UPCOM,CTCP Hùng Vương,CTCP Hùng Vương,Hung Vuong Joint Stock Corporation,CTCP Hùng Vương - HV CORP - Hồ sơ doanh nghiệp,MATCH,Tiêu dùng thiết yếu,"Thực phẩm, đồ uống và thuốc lá",Thực phẩm,Tiêu dùng thiết yếu,"Thực phẩm, đồ uống và thuốc lá",Thực phẩm,Thực phẩm & đồ uống,NORMAL,18,thuc pham,VIETSTOCK_RULE,VIETSTOCK,https://finance.vietstock.vn/HVG/ho-so-doanh-nghiep.htm,https://finance.vietstock.vn/HVG/tai-chinh.htm?tab=BCTT,OK,NO,
HVT,HNX,CTCP Hóa chất Việt Trì,CTCP Hóa chất Việt Trì,Viet Tri Chemical Joint Stock Company,CTCP Hóa chất Việt Trì - VITRICHEM - Hồ sơ doanh nghiệp,MATCH,Nguyên vật liệu,Nguyên vật liệu,Hóa chất,Nguyên vật liệu,Hóa chất,,Hóa chất,NORMAL,10,hoa chat,VIETSTOCK_RULE,VIETSTOCK,https://finance.vietstock.vn/HVT/ho-so-doanh-nghiep.htm,https://finance.vietstock.vn/HVT/tai-chinh.htm?tab=BCTT,OK,NO,
HVX,HOSE,CTCP Xi măng VICEM Hải Vân,CTCP Xi măng VICEM Hải Vân,Vicem Hai Van Cement Joint Stock Company,CTCP Xi măng VICEM Hải Vân - VICEM HẢI VÂN - Hồ sơ doanh nghiệp,MATCH,Nguyên vật liệu,Nguyên vật liệu,Vật liệu xây dựng,Nguyên vật liệu,Vật liệu xây dựng,,Vật liệu xây dựng,NORMAL,16,vat lieu xay dung,VIETSTOCK_RULE,VIETSTOCK,https://finance.vietstock.vn/HVX/ho-so-doanh-nghiep.htm,https://finance.vietstock.vn/HVX/tai-chinh.htm?tab=BCTT,OK,NO,
HWS,UPCOM,CTCP Cấp nước Huế,CTCP Cấp nước Huế,Hue Water Supply Joint Stock Company,CTCP Cấp nước Huế - HueWACO - Hồ sơ doanh nghiệp,MATCH,Tiện ích,Tiện ích,Nước,Tiện ích,Nước,,Khác / cần duyệt,NORMAL,99,,REVIEW,,https://finance.vietstock.vn/HWS/ho-so-doanh-nghiep.htm,https://finance.vietstock.vn/HWS/tai-chinh.htm?tab=BCTT,OK,YES,Chưa map được ngành
IBC,UPCOM,CTCP Đầu tư Apax Holdings,CTCP Đầu tư Apax Holdings,Apax Holdings Joint Stock Company,"CTCP Đầu tư Apax Holdings - Apax Holdings., JSC - Hồ sơ doanh nghiệp",MATCH,Tiêu dùng không thiết yếu,Dịch vụ tiêu dùng,Dịch vụ tiêu dùng khác,Tiêu dùng không thiết yếu,Dịch vụ tiêu dùng,Dịch vụ tiêu dùng khác,Dịch vụ tiêu dùng,NORMAL,35,dich vu tieu dung,VIETSTOCK_RULE,VIETSTOCK,https://finance.vietstock.vn/IBC/ho-so-doanh-nghiep.htm,https://finance.vietstock.vn/IBC/tai-chinh.htm?tab=BCTT,OK,NO,
ICN,UPCOM,CTCP Đầu tư Xây dựng Dầu khí IDICO,CTCP Đầu tư Xây dựng Dầu khí IDICO,IDICO Investment Construction Oil and Natural Gas JSC,CTCP Đầu tư Xây dựng Dầu khí IDICO - IDICO - CONAC - Hồ sơ doanh nghiệp,MATCH,Công nghiệp,Hàng hóa công nghiệp,Kỹ thuật xây dựng,Công nghiệp,Hàng hóa công nghiệp,Kỹ thuật xây dựng,Xây dựng,NORMAL,15,ky thuat xay dung,VIETSTOCK_RULE,VIETSTOCK,https://finance.vietstock.vn/ICN/ho-so-doanh-nghiep.htm,https://finance.vietstock.vn/ICN/tai-chinh.htm?tab=BCTT,OK,NO,
ICT,HOSE,CTCP Viễn thông - Tin học Bưu điện,CTCP Viễn thông - Tin học Bưu điện,Joint Stock Company For Telecom & Informatics,CTCP Viễn thông - Tin học Bưu điện - CTIN - Hồ sơ doanh nghiệp,MATCH,Dịch vụ truyền thông,Dịch vụ viễn thông,Dịch vụ viễn thông đa dạng,Dịch vụ truyền thông,Dịch vụ viễn thông,Dịch vụ viễn thông đa dạng,Viễn thông,NORMAL,23,vien thong,VIETSTOCK_RULE,VIETSTOCK,https://finance.vietstock.vn/ICT/ho-so-doanh-nghiep.htm,https://finance.vietstock.vn/ICT/tai-chinh.htm?tab=BCTT,OK,NO,
IDP,UPCOM,CTCP Sữa Quốc tế Lof,CTCP Sữa Quốc tế Lof,Lof International Dairy Products Joint Stock Company,"CTCP Sữa Quốc tế Lof - LOF.,JSC - Hồ sơ doanh nghiệp",MATCH,Tiêu dùng thiết yếu,"Thực phẩm, đồ uống và thuốc lá",Thực phẩm,Tiêu dùng thiết yếu,"Thực phẩm, đồ uống và thuốc lá",Thực phẩm,Thực phẩm & đồ uống,NORMAL,18,thuc pham,VIETSTOCK_RULE,VIETSTOCK,https://finance.vietstock.vn/IDP/ho-so-doanh-nghiep.htm,https://finance.vietstock.vn/IDP/tai-chinh.htm?tab=BCTT,OK,NO,
IDV,HNX,CTCP Phát triển Hạ tầng Vĩnh Phúc,CTCP Phát triển Hạ tầng Vĩnh Phúc,Vinh Phuc Infrastructure Development JSC,CTCP Phát triển Hạ tầng Vĩnh Phúc - VPID - JSC - Hồ sơ doanh nghiệp,MATCH,Bất động sản,Bất động sản,Quản lý và phát triển bất động sản,Bất động sản,Quản lý và phát triển bất động sản,,Khác / cần duyệt,NORMAL,99,,REVIEW,,https://finance.vietstock.vn/IDV/ho-so-doanh-nghiep.htm,https://finance.vietstock.vn/IDV/tai-chinh.htm?tab=BCTT,OK,YES,Chưa map được ngành
IFS,UPCOM,CTCP Thực phẩm Quốc tế,CTCP Thực phẩm Quốc tế,Interfood Shareholding Company,CTCP Thực phẩm Quốc tế - INTERFOOD - Hồ sơ doanh nghiệp,MATCH,Tiêu dùng thiết yếu,"Thực phẩm, đồ uống và thuốc lá",Đồ uống,Tiêu dùng thiết yếu,"Thực phẩm, đồ uống và thuốc lá",Đồ uống,Thực phẩm & đồ uống,NORMAL,18,thuc pham,VIETSTOCK_RULE,VIETSTOCK,https://finance.vietstock.vn/IFS/ho-so-doanh-nghiep.htm,https://finance.vietstock.vn/IFS/tai-chinh.htm?tab=BCTT,OK,NO,
ILB,HOSE,CTCP ICD Tân Cảng - Long Bình,CTCP ICD Tân Cảng - Long Bình,ICD Tan Cang ? Long Binh JSC,CTCP ICD Tân Cảng - Long Bình - ICD Tân Cảng - Long Bình - Hồ sơ doanh nghiệp,MATCH,Công nghiệp,Dịch vụ thương mại và chuyên nghiệp,Dịch vụ và thiết bị thương mại,Công nghiệp,Dịch vụ thương mại và chuyên nghiệp,Dịch vụ và thiết bị thương mại,Khác / cần duyệt,NORMAL,99,,REVIEW,,https://finance.vietstock.vn/ILB/ho-so-doanh-nghiep.htm,https://finance.vietstock.vn/ILB/tai-chinh.htm?tab=BCTT,OK,YES,Chưa map được ngành
ILS,UPCOM,CTCP Đầu tư Thương mại và Dịch vụ Quốc tế,CTCP Đầu tư Thương mại và Dịch vụ Quốc tế,International Investment Trade and Service Group Company,CTCP Đầu tư Thương mại và Dịch vụ Quốc tế - INTERSERCO - Hồ sơ doanh nghiệp,MATCH,Công nghiệp,Vận tải,Hạ tầng giao thông,Công nghiệp,Vận tải,Hạ tầng giao thông,Khác / cần duyệt,NORMAL,99,,REVIEW,,https://finance.vietstock.vn/ILS/ho-so-doanh-nghiep.htm,https://finance.vietstock.vn/ILS/tai-chinh.htm?tab=BCTT,OK,YES,Chưa map được ngành
IMP,HOSE,CTCP Dược phẩm Imexpharm,CTCP Dược phẩm Imexpharm,Imexpharm Corporation,CTCP Dược phẩm Imexpharm - IMEXPHARM - Hồ sơ doanh nghiệp,MATCH,Chăm sóc sức khỏe,"Dược phẩm, công nghệ sinh học và khoa học sự sống",Dược phẩm,Chăm sóc sức khỏe,"Dược phẩm, công nghệ sinh học và khoa học sự sống",Dược phẩm,Dược & Y tế,NORMAL,19,duoc,VIETSTOCK_RULE,VIETSTOCK,https://finance.vietstock.vn/IMP/ho-so-doanh-nghiep.htm,https://finance.vietstock.vn/IMP/tai-chinh.htm?tab=BCTT,OK,NO,
ING,UPCOM,CTCP Đầu tư và Phát triển Xây dựng,CTCP Đầu tư và Phát triển Xây dựng,The Investment & Construction Development Corporation,CTCP Đầu tư và Phát triển Xây dựng - INVESTCO.CORP - Hồ sơ doanh nghiệp,MATCH,Bất động sản,Bất động sản,Quản lý và phát triển bất động sản,Bất động sản,Quản lý và phát triển bất động sản,,Khác / cần duyệt,NORMAL,99,,REVIEW,,https://finance.vietstock.vn/ING/ho-so-doanh-nghiep.htm,https://finance.vietstock.vn/ING/tai-chinh.htm?tab=BCTT,OK,YES,Chưa map được ngành
IPA,HNX,CTCP Tập đoàn Đầu tư I.P.A,CTCP Tập đoàn Đầu tư I.P.A,I.P.A Investments Group Joint Stock Company,"CTCP Tập đoàn Đầu tư I.P.A - I.P.A Group.,JSC - Hồ sơ doanh nghiệp",MATCH,Công nghiệp,Hàng hóa công nghiệp,Tập đoàn đa ngành,Công nghiệp,Hàng hóa công nghiệp,Tập đoàn đa ngành,Khác / cần duyệt,NORMAL,99,,REVIEW,,https://finance.vietstock.vn/IPA/ho-so-doanh-nghiep.htm,https://finance.vietstock.vn/IPA/tai-chinh.htm?tab=BCTT,OK,YES,Chưa map được ngành
ISH,UPCOM,CTCP Thủy điện Srok Phu Miêng IDICO,CTCP Thủy điện Srok Phu Miêng IDICO,Idico Scrok Phu Mieng Hydro Power Joint Stock Company,CTCP Thủy điện Srok Phu Miêng IDICO - IDICO - SHP - Hồ sơ doanh nghiệp,MATCH,Tiện ích,Tiện ích,Phát điện độc lập và điện tái tạo,Tiện ích,Phát điện độc lập và điện tái tạo,,Khác / cần duyệt,NORMAL,99,,REVIEW,,https://finance.vietstock.vn/ISH/ho-so-doanh-nghiep.htm,https://finance.vietstock.vn/ISH/tai-chinh.htm?tab=BCTT,OK,YES,Chưa map được ngành
ITA,UPCOM,CTCP Đầu tư và Công nghiệp Tân Tạo,CTCP Đầu tư và Công nghiệp Tân Tạo,Tan Tao Investment and Industry Corporation,CTCP Đầu tư và Công nghiệp Tân Tạo - ITACO - Hồ sơ doanh nghiệp,MATCH,Bất động sản,Bất động sản,Quản lý và phát triển bất động sản,Bất động sản,Quản lý và phát triển bất động sản,,Khác / cần duyệt,NORMAL,99,,REVIEW,,https://finance.vietstock.vn/ITA/ho-so-doanh-nghiep.htm,https://finance.vietstock.vn/ITA/tai-chinh.htm?tab=BCTT,OK,YES,Chưa map được ngành
ITC,HOSE,CTCP Đầu tư và Kinh doanh Nhà,CTCP Đầu tư và Kinh doanh Nhà,Investment and Trading Of Real Estate JSC,CTCP Đầu tư và Kinh doanh Nhà - INTRESCO - Hồ sơ doanh nghiệp,MATCH,Bất động sản,Bất động sản,Quản lý và phát triển bất động sản,Bất động sản,Quản lý và phát triển bất động sản,,Khác / cần duyệt,NORMAL,99,,REVIEW,,https://finance.vietstock.vn/ITC/ho-so-doanh-nghiep.htm,https://finance.vietstock.vn/ITC/tai-chinh.htm?tab=BCTT,OK,YES,Chưa map được ngành
ITD,HOSE,CTCP Công nghệ ITD,CTCP Công nghệ ITD,ITD Technology Corporation,CTCP Công nghệ ITD - ITD Corp - Hồ sơ doanh nghiệp,MATCH,Công nghệ thông tin,Phần mềm và dịch vụ,Dịch vụ CNTT,Công nghệ thông tin,Phần mềm và dịch vụ,Dịch vụ CNTT,Công nghệ,NORMAL,9,cong nghe thong tin,VIETSTOCK_RULE,VIETSTOCK,https://finance.vietstock.vn/ITD/ho-so-doanh-nghiep.htm,https://finance.vietstock.vn/ITD/tai-chinh.htm?tab=BCTT,OK,NO,
ITQ,HNX,CTCP Tập đoàn Thiên Quang,CTCP Tập đoàn Thiên Quang,Thien Quang Group JSC,CTCP Tập đoàn Thiên Quang - TQ GROUP - Hồ sơ doanh nghiệp,MATCH,Nguyên vật liệu,Nguyên vật liệu,Khai khoáng và luyện kim,Nguyên vật liệu,Khai khoáng và luyện kim,,Kim loại & Khoáng sản,NORMAL,32,khai khoang,VIETSTOCK_RULE,VIETSTOCK,https://finance.vietstock.vn/ITQ/ho-so-doanh-nghiep.htm,https://finance.vietstock.vn/ITQ/tai-chinh.htm?tab=BCTT,OK,NO,
ITS,UPCOM,CTCP Đầu tư Thương mại và Dịch vụ - Vinacomin,CTCP Đầu tư Thương mại và Dịch vụ - Vinacomin,"Vinacomin - Investment, Trading and Service JSC",CTCP Đầu tư Thương mại và Dịch vụ - Vinacomin - V - ITASCO - Hồ sơ doanh nghiệp,MATCH,Năng lượng,Năng lượng,Dầu khí,Năng lượng,Dầu khí,,Dầu khí,NORMAL,6,dau khi,VIETSTOCK_RULE,VIETSTOCK,https://finance.vietstock.vn/ITS/ho-so-doanh-nghiep.htm,https://finance.vietstock.vn/ITS/tai-chinh.htm?tab=BCTT,OK,NO,
IVS,HNX,CTCP Chứng khoán Guotai Junan (Việt Nam),CTCP Chứng khoán Guotai Junan (Việt Nam),Guotai Junan Securities (Vietnam) Corp.,CTCP Chứng khoán Guotai Haitong (Việt Nam) - GTHT (Vietnam) - Hồ sơ doanh nghiệp,MISMATCH_REVIEW,Tài chính,Dịch vụ tài chính,Thị trường vốn,Tài chính,Dịch vụ tài chính,Thị trường vốn,Chứng khoán,SECURITIES,2,thi truong von,VIETSTOCK_RULE,VIETSTOCK,https://finance.vietstock.vn/IVS/ho-so-doanh-nghiep.htm,https://finance.vietstock.vn/IVS/tai-chinh.htm?tab=BCTT,OK,YES,Tên VNStock khác Vietstock
JVC,HOSE,CTCP Thiết bị Y tế Việt Nhật,CTCP Thiết bị Y tế Việt Nhật,Japan Vietnam Medical Instrument Joint Stock Company,"CTCP Đầu tư và Phát triển Y tế Việt Nhật - JVCorp.,JSC - Hồ sơ doanh nghiệp",MISMATCH_REVIEW,Chăm sóc sức khỏe,Thiết bị và dịch vụ chăm sóc sức khỏe,Thương mại và dịch vụ chăm sóc sức khỏe,Chăm sóc sức khỏe,Thiết bị và dịch vụ chăm sóc sức khỏe,Thương mại và dịch vụ chăm sóc sức khỏe,Dược & Y tế,NORMAL,19,cham soc suc khoe,VIETSTOCK_RULE,VIETSTOCK,https://finance.vietstock.vn/JVC/ho-so-doanh-nghiep.htm,https://finance.vietstock.vn/JVC/tai-chinh.htm?tab=BCTT,OK,YES,Tên VNStock khác Vietstock
KDC,HOSE,CTCP Tập đoàn KIDO,CTCP Tập đoàn KIDO,KIDO Group Corporation,CTCP Tập đoàn KIDO - KIDO Group - Hồ sơ doanh nghiệp,MATCH,Tiêu dùng thiết yếu,"Thực phẩm, đồ uống và thuốc lá",Thực phẩm,Tiêu dùng thiết yếu,"Thực phẩm, đồ uống và thuốc lá",Thực phẩm,Thực phẩm & đồ uống,NORMAL,18,thuc pham,VIETSTOCK_RULE,VIETSTOCK,https://finance.vietstock.vn/KDC/ho-so-doanh-nghiep.htm,https://finance.vietstock.vn/KDC/tai-chinh.htm?tab=BCTT,OK,NO,
KGM,UPCOM,CTCP Xuất nhập khẩu Kiên Giang,CTCP Xuất nhập khẩu Kiên Giang,Kien Giang Import & Export Joint Stock Company,CTCP Xuất nhập khẩu Kiên Giang - KIGIMEX - Hồ sơ doanh nghiệp,MATCH,Tiêu dùng thiết yếu,"Thực phẩm, đồ uống và thuốc lá",Thực phẩm,Tiêu dùng thiết yếu,"Thực phẩm, đồ uống và thuốc lá",Thực phẩm,Thực phẩm & đồ uống,NORMAL,18,thuc pham,VIETSTOCK_RULE,VIETSTOCK,https://finance.vietstock.vn/KGM/ho-so-doanh-nghiep.htm,https://finance.vietstock.vn/KGM/tai-chinh.htm?tab=BCTT,OK,NO,
KHP,HOSE,CTCP Điện lực Khánh Hòa,CTCP Điện lực Khánh Hòa,Khanh Hoa Power Joint Stock Company,CTCP Điện lực Khánh Hòa - KHPC - Hồ sơ doanh nghiệp,MATCH,Tiện ích,Tiện ích,Điện,Tiện ích,Điện,,Khác / cần duyệt,NORMAL,99,,REVIEW,,https://finance.vietstock.vn/KHP/ho-so-doanh-nghiep.htm,https://finance.vietstock.vn/KHP/tai-chinh.htm?tab=BCTT,OK,YES,Chưa map được ngành
KHW,UPCOM,CTCP Cấp thoát nước Khánh Hòa,CTCP Cấp thoát nước Khánh Hòa,Khanh Hoa Water Supply And Sewerage JSC,CTCP Cấp thoát nước Khánh Hòa - KHAWASSCO - Hồ sơ doanh nghiệp,MATCH,Tiện ích,Tiện ích,Nước,Tiện ích,Nước,,Khác / cần duyệt,NORMAL,99,,REVIEW,,https://finance.vietstock.vn/KHW/ho-so-doanh-nghiep.htm,https://finance.vietstock.vn/KHW/tai-chinh.htm?tab=BCTT,OK,YES,Chưa map được ngành
KLF,UPCOM,CTCP Đầu tư Thương mại và Xuất nhập khẩu CFS,CTCP Đầu tư Thương mại và Xuất nhập khẩu CFS,CFS Investment And Import Export Trading JSC,CTCP Đầu tư Thương mại và Xuất nhập khẩu CFS - CFS JSC - Hồ sơ doanh nghiệp,MATCH,Tiêu dùng không thiết yếu,Thương mại hàng không thiết yếu,Nhà phân phối,Tiêu dùng không thiết yếu,Thương mại hàng không thiết yếu,Nhà phân phối,Hàng không,NORMAL,17,hang khong,VIETSTOCK_RULE,VIETSTOCK,https://finance.vietstock.vn/KLF/ho-so-doanh-nghiep.htm,https://finance.vietstock.vn/KLF/tai-chinh.htm?tab=BCTT,OK,NO,
KMR,HOSE,CTCP Mirae,CTCP Mirae,Mirae JSC,CTCP Mirae - Mirae JSC - Hồ sơ doanh nghiệp,MATCH,Tiêu dùng không thiết yếu,Thời trang và hàng lâu bền,Thời trang và dệt may,Tiêu dùng không thiết yếu,Thời trang và hàng lâu bền,Thời trang và dệt may,Dệt may,NORMAL,13,det may,VIETSTOCK_RULE,VIETSTOCK,https://finance.vietstock.vn/KMR/ho-so-doanh-nghiep.htm,https://finance.vietstock.vn/KMR/tai-chinh.htm?tab=BCTT,OK,NO,
KOS,HOSE,CTCP KOSY,CTCP KOSY,KOSY Joint Stock Company,"CTCP KOSY - KOSY.,JSC - Hồ sơ doanh nghiệp",MATCH,Tiện ích,Tiện ích,Phát điện độc lập và điện tái tạo,Tiện ích,Phát điện độc lập và điện tái tạo,,Khác / cần duyệt,NORMAL,99,,REVIEW,,https://finance.vietstock.vn/KOS/ho-so-doanh-nghiep.htm,https://finance.vietstock.vn/KOS/tai-chinh.htm?tab=BCTT,OK,YES,Chưa map được ngành
KPF,UPCOM,CTCP Đầu tư tài sản Koji,CTCP Đầu tư tài sản Koji,Koji Asset Investment Joint Stock Company,"CTCP Đầu tư tài sản Koji - KOJI ASSET INVEST.,JSC - Hồ sơ doanh nghiệp",MATCH,Bất động sản,Bất động sản,Quản lý và phát triển bất động sản,Bất động sản,Quản lý và phát triển bất động sản,,Khác / cần duyệt,NORMAL,99,,REVIEW,,https://finance.vietstock.vn/KPF/ho-so-doanh-nghiep.htm,https://finance.vietstock.vn/KPF/tai-chinh.htm?tab=BCTT,OK,YES,Chưa map được ngành
KSH,UPCOM,CTCP DAMAC GLS,CTCP DAMAC GLS,DAMAC GLS JSC,CTCP DAMAC GLS - KSH.JSC - Hồ sơ doanh nghiệp,MATCH,Nguyên vật liệu,Nguyên vật liệu,Khai khoáng và luyện kim,Nguyên vật liệu,Khai khoáng và luyện kim,,Kim loại & Khoáng sản,NORMAL,32,khai khoang,VIETSTOCK_RULE,VIETSTOCK,https://finance.vietstock.vn/KSH/ho-so-doanh-nghiep.htm,https://finance.vietstock.vn/KSH/tai-chinh.htm?tab=BCTT,OK,NO,
KSQ,UPCOM,CTCP CNC Capital Việt Nam,CTCP CNC Capital Việt Nam,CNC Capital Vietnam JSC,"CTCP CNC Capital Việt Nam - CNC Capital Vietnam.,JSC - Hồ sơ doanh nghiệp",MATCH,Nguyên vật liệu,Nguyên vật liệu,Vật liệu xây dựng,Nguyên vật liệu,Vật liệu xây dựng,,Vật liệu xây dựng,NORMAL,16,vat lieu xay dung,VIETSTOCK_RULE,VIETSTOCK,https://finance.vietstock.vn/KSQ/ho-so-doanh-nghiep.htm,https://finance.vietstock.vn/KSQ/tai-chinh.htm?tab=BCTT,OK,NO,
KSV,HNX,Tổng Công ty Khoáng sản TKV - CTCP,Tổng Công ty Khoáng sản TKV - CTCP,Vinacomin - Minerals Holding Corporation,Tổng Công ty Khoáng sản TKV - CTCP - Vimico - Hồ sơ doanh nghiệp,MATCH,Nguyên vật liệu,Nguyên vật liệu,Khai khoáng và luyện kim,Nguyên vật liệu,Khai khoáng và luyện kim,,Kim loại & Khoáng sản,NORMAL,32,khai khoang,VIETSTOCK_RULE,VIETSTOCK,https://finance.vietstock.vn/KSV/ho-so-doanh-nghiep.htm,https://finance.vietstock.vn/KSV/tai-chinh.htm?tab=BCTT,OK,NO,
KTC,UPCOM,CTCP Thương mại Kiên Giang,CTCP Thương mại Kiên Giang,Kien Giang Trade and Tourism Company Limited,CTCP Thương mại Kiên Giang - KTC - Hồ sơ doanh nghiệp,MATCH,Tiêu dùng thiết yếu,"Thực phẩm, đồ uống và thuốc lá",Thực phẩm,Tiêu dùng thiết yếu,"Thực phẩm, đồ uống và thuốc lá",Thực phẩm,Thực phẩm & đồ uống,NORMAL,18,thuc pham,VIETSTOCK_RULE,VIETSTOCK,https://finance.vietstock.vn/KTC/ho-so-doanh-nghiep.htm,https://finance.vietstock.vn/KTC/tai-chinh.htm?tab=BCTT,OK,NO,
KVC,UPCOM,CTCP Sản xuất Xuất nhập khẩu Inox Kim Vĩ,CTCP Sản xuất Xuất nhập khẩu Inox Kim Vĩ,Kim Vi Inox Import Export Prodution Joint Stock Company,CTCP Sản xuất Xuất nhập khẩu Inox Kim Vĩ - Kimivico - Hồ sơ doanh nghiệp,MATCH,Nguyên vật liệu,Nguyên vật liệu,Khai khoáng và luyện kim,Nguyên vật liệu,Khai khoáng và luyện kim,,Kim loại & Khoáng sản,NORMAL,32,khai khoang,VIETSTOCK_RULE,VIETSTOCK,https://finance.vietstock.vn/KVC/ho-so-doanh-nghiep.htm,https://finance.vietstock.vn/KVC/tai-chinh.htm?tab=BCTT,OK,NO,
L18,HNX,CTCP Đầu tư và Xây dựng Số 18,CTCP Đầu tư và Xây dựng Số 18,Investment And Construction JSC No.18,CTCP Đầu tư và Xây dựng Số 18 - LICOGI - 18 - Hồ sơ doanh nghiệp,MATCH,Công nghiệp,Hàng hóa công nghiệp,Kỹ thuật xây dựng,Công nghiệp,Hàng hóa công nghiệp,Kỹ thuật xây dựng,Xây dựng,NORMAL,15,ky thuat xay dung,VIETSTOCK_RULE,VIETSTOCK,https://finance.vietstock.vn/L18/ho-so-doanh-nghiep.htm,https://finance.vietstock.vn/L18/tai-chinh.htm?tab=BCTT,OK,NO,
LAI,UPCOM,CTCP Đầu Tư Xây dựng Long An IDICO,CTCP Đầu Tư Xây dựng Long An IDICO,IDICO Long An Investment Construction Joint Stock Company,CTCP Đầu Tư Xây dựng Long An IDICO - IDICO - LINCO - Hồ sơ doanh nghiệp,MATCH,Bất động sản,Bất động sản,Bất động sản đa dạng,Bất động sản,Bất động sản đa dạng,,Khác / cần duyệt,NORMAL,99,,REVIEW,,https://finance.vietstock.vn/LAI/ho-so-doanh-nghiep.htm,https://finance.vietstock.vn/LAI/tai-chinh.htm?tab=BCTT,OK,YES,Chưa map được ngành
LBM,HOSE,CTCP Khoáng sản và Vật liệu Xây dựng Lâm Đồng,CTCP Khoáng sản và Vật liệu Xây dựng Lâm Đồng,Lam Dong Minerals & Building Materials Joint Stock Company,CTCP Khoáng sản và Vật liệu Xây dựng Lâm Đồng - LBM - Hồ sơ doanh nghiệp,MATCH,Nguyên vật liệu,Nguyên vật liệu,Vật liệu xây dựng,Nguyên vật liệu,Vật liệu xây dựng,,Vật liệu xây dựng,NORMAL,16,vat lieu xay dung,VIETSTOCK_RULE,VIETSTOCK,https://finance.vietstock.vn/LBM/ho-so-doanh-nghiep.htm,https://finance.vietstock.vn/LBM/tai-chinh.htm?tab=BCTT,OK,NO,
LCM,UPCOM,CTCP Khai thác và Chế biến khoáng sản Lào Cai,CTCP Khai thác và Chế biến khoáng sản Lào Cai,Lao Cai Mineral Exploitation & Processing JSC,CTCP Khai thác và Chế biến khoáng sản Lào Cai - LAO CAI JSC - Hồ sơ doanh nghiệp,MATCH,Nguyên vật liệu,Nguyên vật liệu,Khai khoáng và luyện kim,Nguyên vật liệu,Khai khoáng và luyện kim,,Kim loại & Khoáng sản,NORMAL,32,khai khoang,VIETSTOCK_RULE,VIETSTOCK,https://finance.vietstock.vn/LCM/ho-so-doanh-nghiep.htm,https://finance.vietstock.vn/LCM/tai-chinh.htm?tab=BCTT,OK,NO,
LDW,UPCOM,CTCP Cấp thoát nước Lâm Đồng,CTCP Cấp thoát nước Lâm Đồng,Lam Dong Water Supply And Sewerage JSC,CTCP Cấp thoát nước Lâm Đồng - LAWACO - Hồ sơ doanh nghiệp,MATCH,Tiện ích,Tiện ích,Nước,Tiện ích,Nước,,Khác / cần duyệt,NORMAL,99,,REVIEW,,https://finance.vietstock.vn/LDW/ho-so-doanh-nghiep.htm,https://finance.vietstock.vn/LDW/tai-chinh.htm?tab=BCTT,OK,YES,Chưa map được ngành
LEC,UPCOM,CTCP Bất động sản Điện lực Miền Trung,CTCP Bất động sản Điện lực Miền Trung,Central Power Real Estate Joint Stock Company,CTCP Bất động sản Điện lực Miền Trung - EVNLAND - CENTRAL - Hồ sơ doanh nghiệp,MATCH,Tiêu dùng không thiết yếu,Thời trang và hàng lâu bền,Hàng tiêu dùng lâu bền,Tiêu dùng không thiết yếu,Thời trang và hàng lâu bền,Hàng tiêu dùng lâu bền,Hàng tiêu dùng lâu bền,NORMAL,36,hang tieu dung lau ben,VIETSTOCK_RULE,VIETSTOCK,https://finance.vietstock.vn/LEC/ho-so-doanh-nghiep.htm,https://finance.vietstock.vn/LEC/tai-chinh.htm?tab=BCTT,OK,NO,
LGC,HOSE,CTCP Đầu tư Cầu đường CII,CTCP Đầu tư Cầu đường CII,CII Bridges & Roads Investment JSC,CTCP Đầu tư Cầu đường CII - CII Bridges and Roads - Hồ sơ doanh nghiệp,MATCH,Công nghiệp,Vận tải,Hạ tầng giao thông,Công nghiệp,Vận tải,Hạ tầng giao thông,Khác / cần duyệt,NORMAL,99,,REVIEW,,https://finance.vietstock.vn/LGC/ho-so-doanh-nghiep.htm,https://finance.vietstock.vn/LGC/tai-chinh.htm?tab=BCTT,OK,YES,Chưa map được ngành
LGL,HOSE,CTCP Đầu tư và Phát triển Đô thị Long Giang,CTCP Đầu tư và Phát triển Đô thị Long Giang,Long Giang Investment & Urban Development JSC,CTCP Đầu tư và Phát triển Đô thị Long Giang - LONG GIANG LAND - Hồ sơ doanh nghiệp,MATCH,Bất động sản,Bất động sản,Bất động sản đa dạng,Bất động sản,Bất động sản đa dạng,,Khác / cần duyệt,NORMAL,99,,REVIEW,,https://finance.vietstock.vn/LGL/ho-so-doanh-nghiep.htm,https://finance.vietstock.vn/LGL/tai-chinh.htm?tab=BCTT,OK,YES,Chưa map được ngành
LHG,HOSE,CTCP Long Hậu,CTCP Long Hậu,Long Hau Corporation,CTCP Long Hậu - LHC - Hồ sơ doanh nghiệp,MATCH,Bất động sản,Bất động sản,Quản lý và phát triển bất động sản,Bất động sản,Quản lý và phát triển bất động sản,,Khác / cần duyệt,NORMAL,99,,REVIEW,,https://finance.vietstock.vn/LHG/ho-so-doanh-nghiep.htm,https://finance.vietstock.vn/LHG/tai-chinh.htm?tab=BCTT,OK,YES,Chưa map được ngành
LIC,UPCOM,Tổng Công ty LICOGI - CTCP,Tổng Công ty LICOGI - CTCP,LICOGI Corporation - JSC,Tổng Công ty LICOGI - CTCP - LICOGI - Hồ sơ doanh nghiệp,MATCH,Nguyên vật liệu,Nguyên vật liệu,Vật liệu xây dựng,Nguyên vật liệu,Vật liệu xây dựng,,Vật liệu xây dựng,NORMAL,16,vat lieu xay dung,VIETSTOCK_RULE,VIETSTOCK,https://finance.vietstock.vn/LIC/ho-so-doanh-nghiep.htm,https://finance.vietstock.vn/LIC/tai-chinh.htm?tab=BCTT,OK,NO,
LIG,HNX,CTCP Licogi 13,CTCP Licogi 13,Licogi 13 JSC,CTCP Licogi 13 - LICOGI 13 - Hồ sơ doanh nghiệp,MATCH,Công nghiệp,Hàng hóa công nghiệp,Kỹ thuật xây dựng,Công nghiệp,Hàng hóa công nghiệp,Kỹ thuật xây dựng,Xây dựng,NORMAL,15,ky thuat xay dung,VIETSTOCK_RULE,VIETSTOCK,https://finance.vietstock.vn/LIG/ho-so-doanh-nghiep.htm,https://finance.vietstock.vn/LIG/tai-chinh.htm?tab=BCTT,OK,NO,
LIX,HOSE,CTCP Bột Giặt Lix,CTCP Bột Giặt Lix,Lix Detergent Joint Stock Company,CTCP Bột Giặt Lix - LIXCO - Hồ sơ doanh nghiệp,MATCH,Tiêu dùng thiết yếu,Sản phẩm chăm sóc cá nhân và gia đình,Sản phẩm chăm sóc gia đình,Tiêu dùng thiết yếu,Sản phẩm chăm sóc cá nhân và gia đình,Sản phẩm chăm sóc gia đình,Khác / cần duyệt,NORMAL,99,,REVIEW,,https://finance.vietstock.vn/LIX/ho-so-doanh-nghiep.htm,https://finance.vietstock.vn/LIX/tai-chinh.htm?tab=BCTT,OK,YES,Chưa map được ngành
LLM,UPCOM,Tổng Công ty Lắp máy Việt Nam - CTCP,Tổng Công ty Lắp máy Việt Nam - CTCP,Viet Nam Machinery Installation Corporation - JSC,Tổng Công ty Lắp máy Việt Nam - CTCP - LILAMA - Hồ sơ doanh nghiệp,MATCH,Công nghiệp,Hàng hóa công nghiệp,Kỹ thuật xây dựng,Công nghiệp,Hàng hóa công nghiệp,Kỹ thuật xây dựng,Xây dựng,NORMAL,15,ky thuat xay dung,VIETSTOCK_RULE,VIETSTOCK,https://finance.vietstock.vn/LLM/ho-so-doanh-nghiep.htm,https://finance.vietstock.vn/LLM/tai-chinh.htm?tab=BCTT,OK,NO,
LMH,UPCOM,CTCP Quốc Tế Holding,CTCP Quốc Tế Holding,Quoc Te Holding Joint Stock Company,"CTCP Quốc Tế Holding - QUOC TE HOLDING.,JSC - Hồ sơ doanh nghiệp",MATCH,Tiêu dùng không thiết yếu,Thương mại hàng không thiết yếu,Nhà phân phối,Tiêu dùng không thiết yếu,Thương mại hàng không thiết yếu,Nhà phân phối,Hàng không,NORMAL,17,hang khong,VIETSTOCK_RULE,VIETSTOCK,https://finance.vietstock.vn/LMH/ho-so-doanh-nghiep.htm,https://finance.vietstock.vn/LMH/tai-chinh.htm?tab=BCTT,OK,NO,
LSG,UPCOM,CTCP Bất động sản Sài Gòn Vina,CTCP Bất động sản Sài Gòn Vina,Saigon Vina Land Joint Stock Company,CTCP Bất động sản Sài Gòn Vina - LAND SAIGON - Hồ sơ doanh nghiệp,MATCH,Bất động sản,Bất động sản,Quản lý và phát triển bất động sản,Bất động sản,Quản lý và phát triển bất động sản,,Khác / cần duyệt,NORMAL,99,,REVIEW,,https://finance.vietstock.vn/LSG/ho-so-doanh-nghiep.htm,https://finance.vietstock.vn/LSG/tai-chinh.htm?tab=BCTT,OK,YES,Chưa map được ngành
LSS,HOSE,CTCP Mía Đường Lam Sơn,CTCP Mía Đường Lam Sơn,Lam Son Sugar Joint Stock Corporation,CTCP Mía Đường Lam Sơn - LASUCO JSC - Hồ sơ doanh nghiệp,MATCH,Tiêu dùng thiết yếu,"Thực phẩm, đồ uống và thuốc lá",Thực phẩm,Tiêu dùng thiết yếu,"Thực phẩm, đồ uống và thuốc lá",Thực phẩm,Thực phẩm & đồ uống,NORMAL,18,thuc pham,VIETSTOCK_RULE,VIETSTOCK,https://finance.vietstock.vn/LSS/ho-so-doanh-nghiep.htm,https://finance.vietstock.vn/LSS/tai-chinh.htm?tab=BCTT,OK,NO,
LTG,UPCOM,CTCP Tập đoàn Lộc Trời,CTCP Tập đoàn Lộc Trời,Loc Troi Group Joint Stock Company,CTCP Tập đoàn Lộc Trời - Loc Troi Group - Hồ sơ doanh nghiệp,MATCH,Tiêu dùng thiết yếu,"Thực phẩm, đồ uống và thuốc lá",Thực phẩm,Tiêu dùng thiết yếu,"Thực phẩm, đồ uống và thuốc lá",Thực phẩm,Thực phẩm & đồ uống,NORMAL,18,thuc pham,VIETSTOCK_RULE,VIETSTOCK,https://finance.vietstock.vn/LTG/ho-so-doanh-nghiep.htm,https://finance.vietstock.vn/LTG/tai-chinh.htm?tab=BCTT,OK,NO,
M10,UPCOM,Tổng Công ty May 10 - CTCP,Tổng Công ty May 10 - CTCP,Garmant 10 Corporation - Joint Stock Company,Tổng Công ty May 10 - CTCP - GARCO 10 - Hồ sơ doanh nghiệp,MATCH,Tiêu dùng không thiết yếu,Thời trang và hàng lâu bền,Thời trang và dệt may,Tiêu dùng không thiết yếu,Thời trang và hàng lâu bền,Thời trang và dệt may,Dệt may,NORMAL,13,det may,VIETSTOCK_RULE,VIETSTOCK,https://finance.vietstock.vn/M10/ho-so-doanh-nghiep.htm,https://finance.vietstock.vn/M10/tai-chinh.htm?tab=BCTT,OK,NO,
MAC,HNX,CTCP Tập đoàn Macstar,CTCP Tập đoàn Macstar,Macstar Group Corporation,CTCP Tập đoàn Macstar - Macstar Group - Hồ sơ doanh nghiệp,MATCH,Công nghiệp,Vận tải,Hạ tầng giao thông,Công nghiệp,Vận tải,Hạ tầng giao thông,Khác / cần duyệt,NORMAL,99,,REVIEW,,https://finance.vietstock.vn/MAC/ho-so-doanh-nghiep.htm,https://finance.vietstock.vn/MAC/tai-chinh.htm?tab=BCTT,OK,YES,Chưa map được ngành
MCG,UPCOM,CTCP Năng lượng và Bất động sản MCG,CTCP Năng lượng và Bất động sản MCG,MCG Energy and Real Estate JSC,"CTCP Năng lượng và Bất động sản MCG - MEG E&R.,JSC - Hồ sơ doanh nghiệp",MATCH,Công nghiệp,Hàng hóa công nghiệp,Kỹ thuật xây dựng,Tiện ích,Phát điện độc lập và điện tái tạo,,Xây dựng,NORMAL,15,ky thuat xay dung,WATCHLIST_FALLBACK,WATCHLIST,https://finance.vietstock.vn/MCG/ho-so-doanh-nghiep.htm,https://finance.vietstock.vn/MCG/tai-chinh.htm?tab=BCTT,OK,YES,Phân ngành dùng fallback watchlist
MCM,HOSE,CTCP Giống Bò sữa Mộc Châu,CTCP Giống Bò sữa Mộc Châu,Seed Moc Chau Dairy Cattle Corporation JSC,CTCP Giống Bò sữa Mộc Châu - MCMI - Hồ sơ doanh nghiệp,MATCH,Tiêu dùng thiết yếu,"Thực phẩm, đồ uống và thuốc lá",Thực phẩm,Tiêu dùng thiết yếu,"Thực phẩm, đồ uống và thuốc lá",Thực phẩm,Thực phẩm & đồ uống,NORMAL,18,thuc pham,VIETSTOCK_RULE,VIETSTOCK,https://finance.vietstock.vn/MCM/ho-so-doanh-nghiep.htm,https://finance.vietstock.vn/MCM/tai-chinh.htm?tab=BCTT,OK,NO,
MDC,HNX,CTCP Than Mông Dương - Vinacomin,CTCP Than Mông Dương - Vinacomin,Vinacomin - Mong Duong Coal JSC,CTCP Than Mông Dương - Vinacomin - V-MDC JSC - Hồ sơ doanh nghiệp,MATCH,Năng lượng,Năng lượng,Dầu khí,Năng lượng,Dầu khí,,Dầu khí,NORMAL,6,dau khi,VIETSTOCK_RULE,VIETSTOCK,https://finance.vietstock.vn/MDC/ho-so-doanh-nghiep.htm,https://finance.vietstock.vn/MDC/tai-chinh.htm?tab=BCTT,OK,NO,
MDF,UPCOM,CTCP Gỗ MDF VRG - Quảng Trị,CTCP Gỗ MDF VRG - Quảng Trị,MDF VRG Quang Tri Wood JSC,CTCP Gỗ MDF VRG - Quảng Trị - GEWOODCO - Hồ sơ doanh nghiệp,MATCH,Nguyên vật liệu,Nguyên vật liệu,Gỗ và giấy,Nguyên vật liệu,Gỗ và giấy,,Gỗ & Giấy,NORMAL,24,go va giay,VIETSTOCK_RULE,VIETSTOCK,https://finance.vietstock.vn/MDF/ho-so-doanh-nghiep.htm,https://finance.vietstock.vn/MDF/tai-chinh.htm?tab=BCTT,OK,NO,
MH3,UPCOM,CTCP Khu Công nghiệp Cao su Bình Long,CTCP Khu Công nghiệp Cao su Bình Long,Binh Long Rubber Industrial Park Corporation,CTCP Khu Công nghiệp Cao su Bình Long - BLIP - Hồ sơ doanh nghiệp,MATCH,Bất động sản,Bất động sản,Quản lý và phát triển bất động sản,Bất động sản,Quản lý và phát triển bất động sản,,Khác / cần duyệt,NORMAL,99,,REVIEW,,https://finance.vietstock.vn/MH3/ho-so-doanh-nghiep.htm,https://finance.vietstock.vn/MH3/tai-chinh.htm?tab=BCTT,OK,YES,Chưa map được ngành
MHC,HOSE,CTCP MHC,CTCP MHC,MHC Joint Stock Company,CTCP MHC - MHC Company - Hồ sơ doanh nghiệp,MATCH,Công nghiệp,Vận tải,Vận tải biển,Công nghiệp,Dịch vụ thương mại và chuyên nghiệp,Dịch vụ chuyên nghiệp,Dịch vụ công nghiệp,NORMAL,34,dich vu chuyen nghiep,VIETSTOCK_RULE,VIETSTOCK,https://finance.vietstock.vn/MHC/ho-so-doanh-nghiep.htm,https://finance.vietstock.vn/MHC/tai-chinh.htm?tab=BCTT,OK,NO,
MIE,UPCOM,Tổng Công ty Máy và Thiết bị Công nghiệp - CTCP,Tổng Công ty Máy và Thiết bị Công nghiệp - CTCP,Machines and Industrial Equipment Corporation,Tổng Công ty Máy và Thiết bị Công nghiệp - CTCP - MIE - Hồ sơ doanh nghiệp,MATCH,Công nghiệp,Hàng hóa công nghiệp,Máy móc công nghiệp,Công nghiệp,Hàng hóa công nghiệp,Máy móc công nghiệp,Máy móc & Thiết bị,NORMAL,30,may moc,VIETSTOCK_RULE,VIETSTOCK,https://finance.vietstock.vn/MIE/ho-so-doanh-nghiep.htm,https://finance.vietstock.vn/MIE/tai-chinh.htm?tab=BCTT,OK,NO,
MKP,UPCOM,CTCP Hoá - Dược phẩm Mekophar,CTCP Hoá - Dược phẩm Mekophar,Mekophar Chemical Pharmaceutical Joint Stock Company,CTCP Hoá - Dược phẩm Mekophar - MEKOPHAR - Hồ sơ doanh nghiệp,MATCH,Chăm sóc sức khỏe,"Dược phẩm, công nghệ sinh học và khoa học sự sống",Dược phẩm,Chăm sóc sức khỏe,"Dược phẩm, công nghệ sinh học và khoa học sự sống",Dược phẩm,Dược & Y tế,NORMAL,19,duoc,VIETSTOCK_RULE,VIETSTOCK,https://finance.vietstock.vn/MKP/ho-so-doanh-nghiep.htm,https://finance.vietstock.vn/MKP/tai-chinh.htm?tab=BCTT,OK,NO,
MML,UPCOM,CTCP Masan MeatLife,CTCP Masan MeatLife,Masan MeatLife Corporation,CTCP Masan MeatLife - Masan MeatLife Corp - Hồ sơ doanh nghiệp,MATCH,Tiêu dùng thiết yếu,"Thực phẩm, đồ uống và thuốc lá",Thực phẩm,Tiêu dùng thiết yếu,"Thực phẩm, đồ uống và thuốc lá",Thực phẩm,Thực phẩm & đồ uống,NORMAL,18,thuc pham,VIETSTOCK_RULE,VIETSTOCK,https://finance.vietstock.vn/MML/ho-so-doanh-nghiep.htm,https://finance.vietstock.vn/MML/tai-chinh.htm?tab=BCTT,OK,NO,
MPC,UPCOM,CTCP Tập đoàn Thủy sản Minh Phú,CTCP Tập đoàn Thủy sản Minh Phú,Minh Phu Seafood Corporation,CTCP Tập đoàn Thủy sản Minh Phú - MINH PHÚ - Hồ sơ doanh nghiệp,MATCH,Tiêu dùng thiết yếu,"Thực phẩm, đồ uống và thuốc lá",Thực phẩm,Tiêu dùng thiết yếu,"Thực phẩm, đồ uống và thuốc lá",Thực phẩm,Thực phẩm & đồ uống,NORMAL,18,thuc pham,VIETSTOCK_RULE,VIETSTOCK,https://finance.vietstock.vn/MPC/ho-so-doanh-nghiep.htm,https://finance.vietstock.vn/MPC/tai-chinh.htm?tab=BCTT,OK,NO,
MSH,HOSE,CTCP May Sông Hồng,CTCP May Sông Hồng,Song Hong Garment Joint Stock Company,CTCP May Sông Hồng - Song Hong Garment JSC - Hồ sơ doanh nghiệp,MATCH,Tiêu dùng không thiết yếu,Thời trang và hàng lâu bền,Thời trang và dệt may,Tiêu dùng không thiết yếu,Thời trang và hàng lâu bền,Thời trang và dệt may,Dệt may,NORMAL,13,det may,VIETSTOCK_RULE,VIETSTOCK,https://finance.vietstock.vn/MSH/ho-so-doanh-nghiep.htm,https://finance.vietstock.vn/MSH/tai-chinh.htm?tab=BCTT,OK,NO,
MTA,UPCOM,Tổng Công ty Khoáng sản và Thương mại Hà Tĩnh - CTCP,Tổng Công ty Khoáng sản và Thương mại Hà Tĩnh - CTCP,Ha Tinh Minerals and Trading Joint Stock Corporation,Tổng Công ty Khoáng sản và Thương mại Hà Tĩnh - CTCP - MITRACO - Hồ sơ doanh nghiệp,MATCH,Nguyên vật liệu,Nguyên vật liệu,Vật liệu xây dựng,Công nghiệp,Hàng hóa công nghiệp,Tập đoàn đa ngành,Vật liệu xây dựng,NORMAL,16,vat lieu xay dung,WATCHLIST_FALLBACK,WATCHLIST,https://finance.vietstock.vn/MTA/ho-so-doanh-nghiep.htm,https://finance.vietstock.vn/MTA/tai-chinh.htm?tab=BCTT,OK,YES,Phân ngành dùng fallback watchlist
MVB,HNX,Tổng Công ty Công nghiệp mỏ Việt Bắc TKV - CTCP,Tổng Công ty Công nghiệp mỏ Việt Bắc TKV - CTCP,Vinacomin - Vietbac Mining Industry Holding Corporation,Tổng Công ty Công nghiệp mỏ Việt Bắc TKV - CTCP - VVMI - Hồ sơ doanh nghiệp,MATCH,Năng lượng,Năng lượng,Dầu khí,Năng lượng,Dầu khí,,Dầu khí,NORMAL,6,dau khi,VIETSTOCK_RULE,VIETSTOCK,https://finance.vietstock.vn/MVB/ho-so-doanh-nghiep.htm,https://finance.vietstock.vn/MVB/tai-chinh.htm?tab=BCTT,OK,NO,
MVC,UPCOM,CTCP Vật liệu và Xây dựng Bình Dương,CTCP Vật liệu và Xây dựng Bình Dương,Binh Duong Building Materials & Construction Corporation,CTCP Vật liệu và Xây dựng Bình Dương - M&C Bình Dương - Hồ sơ doanh nghiệp,MATCH,Nguyên vật liệu,Nguyên vật liệu,Vật liệu xây dựng,Nguyên vật liệu,Vật liệu xây dựng,,Vật liệu xây dựng,NORMAL,16,vat lieu xay dung,VIETSTOCK_RULE,VIETSTOCK,https://finance.vietstock.vn/MVC/ho-so-doanh-nghiep.htm,https://finance.vietstock.vn/MVC/tai-chinh.htm?tab=BCTT,OK,NO,
NAG,HNX,CTCP Tập đoàn Nagakawa,CTCP Tập đoàn Nagakawa,Nagakawa Group Joint Stock Company,CTCP Tập đoàn Nagakawa - NAGAKAWA GROUP - Hồ sơ doanh nghiệp,MATCH,Tiêu dùng không thiết yếu,Thời trang và hàng lâu bền,Hàng tiêu dùng lâu bền,Tiêu dùng không thiết yếu,Thời trang và hàng lâu bền,Hàng tiêu dùng lâu bền,Hàng tiêu dùng lâu bền,NORMAL,36,hang tieu dung lau ben,VIETSTOCK_RULE,VIETSTOCK,https://finance.vietstock.vn/NAG/ho-so-doanh-nghiep.htm,https://finance.vietstock.vn/NAG/tai-chinh.htm?tab=BCTT,OK,NO,
NAP,HNX,CTCP Cảng Nghệ Tĩnh,CTCP Cảng Nghệ Tĩnh,Nghetinh Port Holding Joint Stock Company,CTCP Cảng Nghệ Tĩnh - NgheTinhport - Hồ sơ doanh nghiệp,MATCH,Công nghiệp,Vận tải,Hạ tầng giao thông,Công nghiệp,Vận tải,Hạ tầng giao thông,Khác / cần duyệt,NORMAL,99,,REVIEW,,https://finance.vietstock.vn/NAP/ho-so-doanh-nghiep.htm,https://finance.vietstock.vn/NAP/tai-chinh.htm?tab=BCTT,OK,YES,Chưa map được ngành
NAW,UPCOM,CTCP Cấp nước Nghệ An,CTCP Cấp nước Nghệ An,Nghe An Water Supply Joint Stock Company,"CTCP Cấp nước Nghệ An - NAWAS CO.,JSC - Hồ sơ doanh nghiệp",MATCH,Tiện ích,Tiện ích,Nước,Tiện ích,Nước,,Khác / cần duyệt,NORMAL,99,,REVIEW,,https://finance.vietstock.vn/NAW/ho-so-doanh-nghiep.htm,https://finance.vietstock.vn/NAW/tai-chinh.htm?tab=BCTT,OK,YES,Chưa map được ngành
NBB,HOSE,CTCP Đầu tư Năm Bảy Bảy,CTCP Đầu tư Năm Bảy Bảy,577 Investment Corporation,CTCP Đầu tư Năm Bảy Bảy - 577 CORP - Hồ sơ doanh nghiệp,MATCH,Bất động sản,Bất động sản,Quản lý và phát triển bất động sản,Bất động sản,Quản lý và phát triển bất động sản,,Khác / cần duyệt,NORMAL,99,,REVIEW,,https://finance.vietstock.vn/NBB/ho-so-doanh-nghiep.htm,https://finance.vietstock.vn/NBB/tai-chinh.htm?tab=BCTT,OK,YES,Chưa map được ngành
NBC,HNX,CTCP Than Núi Béo - Vinacomin,CTCP Than Núi Béo - Vinacomin,Vinacomin - Nui Beo Coal JSC,CTCP Than Núi Béo - Vinacomin - VNBC - Hồ sơ doanh nghiệp,MATCH,Năng lượng,Năng lượng,Dầu khí,Năng lượng,Dầu khí,,Dầu khí,NORMAL,6,dau khi,VIETSTOCK_RULE,VIETSTOCK,https://finance.vietstock.vn/NBC/ho-so-doanh-nghiep.htm,https://finance.vietstock.vn/NBC/tai-chinh.htm?tab=BCTT,OK,NO,
NBT,UPCOM,CTCP Cấp thoát nước Bến Tre,CTCP Cấp thoát nước Bến Tre,Ben Tre Water Supply and Sewerage JSC,CTCP Cấp thoát nước Bến Tre - BEWACO - Hồ sơ doanh nghiệp,MATCH,Tiện ích,Tiện ích,Nước,Tiện ích,Nước,,Khác / cần duyệt,NORMAL,99,,REVIEW,,https://finance.vietstock.vn/NBT/ho-so-doanh-nghiep.htm,https://finance.vietstock.vn/NBT/tai-chinh.htm?tab=BCTT,OK,YES,Chưa map được ngành
NCG,UPCOM,CTCP Tập đoàn Nova Consumer,CTCP Tập đoàn Nova Consumer,Nova Consumer Group Joint Stock Company,CTCP Đầu tư Anova Agri - Anova Agri Investment - Hồ sơ doanh nghiệp,MISMATCH_REVIEW,Tiêu dùng thiết yếu,"Thực phẩm, đồ uống và thuốc lá",Thực phẩm,Tiêu dùng thiết yếu,"Thực phẩm, đồ uống và thuốc lá",Thực phẩm,Thực phẩm & đồ uống,NORMAL,18,thuc pham,VIETSTOCK_RULE,VIETSTOCK,https://finance.vietstock.vn/NCG/ho-so-doanh-nghiep.htm,https://finance.vietstock.vn/NCG/tai-chinh.htm?tab=BCTT,OK,YES,Tên VNStock khác Vietstock
NCT,HOSE,CTCP Dịch vụ Hàng hóa Nội Bài,CTCP Dịch vụ Hàng hóa Nội Bài,Noi Bai Cargo Terminal Service Joint Stock Company,CTCP Dịch vụ Hàng hóa Nội Bài - NCTS - Hồ sơ doanh nghiệp,MATCH,Công nghiệp,Vận tải,Hạ tầng giao thông,Công nghiệp,Vận tải,Hạ tầng giao thông,Khác / cần duyệt,NORMAL,99,,REVIEW,,https://finance.vietstock.vn/NCT/ho-so-doanh-nghiep.htm,https://finance.vietstock.vn/NCT/tai-chinh.htm?tab=BCTT,OK,YES,Chưa map được ngành
ND2,UPCOM,CTCP Đầu tư và Phát triển Điện Miền Bắc 2,CTCP Đầu tư và Phát triển Điện Miền Bắc 2,Northern Electricity Development & Investment JSC No.2,CTCP Đầu tư và Phát triển Điện Miền Bắc 2 - NEDI2 - Hồ sơ doanh nghiệp,MATCH,Tiện ích,Tiện ích,Phát điện độc lập và điện tái tạo,Tiện ích,Phát điện độc lập và điện tái tạo,,Khác / cần duyệt,NORMAL,99,,REVIEW,,https://finance.vietstock.vn/ND2/ho-so-doanh-nghiep.htm,https://finance.vietstock.vn/ND2/tai-chinh.htm?tab=BCTT,OK,YES,Chưa map được ngành
NDW,UPCOM,CTCP Cấp nước Nam Định,CTCP Cấp nước Nam Định,Nam Dinh Water Supply Joint Stock Company,CTCP Cấp nước Nam Định - CÔNG TY CẤP NƯỚC NAM ĐỊNH - Hồ sơ doanh nghiệp,MATCH,Tiện ích,Tiện ích,Nước,Tiện ích,Nước,,Khác / cần duyệt,NORMAL,99,,REVIEW,,https://finance.vietstock.vn/NDW/ho-so-doanh-nghiep.htm,https://finance.vietstock.vn/NDW/tai-chinh.htm?tab=BCTT,OK,YES,Chưa map được ngành
NED,UPCOM,CTCP Đầu tư và Phát triển Điện Tây Bắc,CTCP Đầu tư và Phát triển Điện Tây Bắc,North - West Electric Investment and Development JSC,"CTCP Đầu tư và Phát triển Điện Tây Bắc - NEDEN., JSC - Hồ sơ doanh nghiệp",MATCH,Tiện ích,Tiện ích,Phát điện độc lập và điện tái tạo,Tiện ích,Phát điện độc lập và điện tái tạo,,Khác / cần duyệt,NORMAL,99,,REVIEW,,https://finance.vietstock.vn/NED/ho-so-doanh-nghiep.htm,https://finance.vietstock.vn/NED/tai-chinh.htm?tab=BCTT,OK,YES,Chưa map được ngành
NET,HNX,CTCP Bột giặt NET,CTCP Bột giặt NET,NET Detergent Joint Stock Company,CTCP Bột giặt NET - NETCO - Hồ sơ doanh nghiệp,MATCH,Tiêu dùng thiết yếu,Sản phẩm chăm sóc cá nhân và gia đình,Sản phẩm chăm sóc gia đình,Tiêu dùng thiết yếu,Sản phẩm chăm sóc cá nhân và gia đình,Sản phẩm chăm sóc gia đình,Khác / cần duyệt,NORMAL,99,,REVIEW,,https://finance.vietstock.vn/NET/ho-so-doanh-nghiep.htm,https://finance.vietstock.vn/NET/tai-chinh.htm?tab=BCTT,OK,YES,Chưa map được ngành
NHA,HOSE,Tổng Công ty Đầu tư Phát triển Nhà và Đô thị Nam Hà Nội,Tổng Công ty Đầu tư Phát triển Nhà và Đô thị Nam Hà Nội,Ha Noi South Housing and Urban Development Corporation,Tổng Công ty Đầu tư Phát triển Nhà và Đô thị Nam Hà Nội - HA NOI SOUTH CORPORATION - Hồ sơ doanh nghiệp,MATCH,Bất động sản,Bất động sản,Quản lý và phát triển bất động sản,Bất động sản,Quản lý và phát triển bất động sản,,Khác / cần duyệt,NORMAL,99,,REVIEW,,https://finance.vietstock.vn/NHA/ho-so-doanh-nghiep.htm,https://finance.vietstock.vn/NHA/tai-chinh.htm?tab=BCTT,OK,YES,Chưa map được ngành
NHH,HOSE,CTCP Nhựa Hà Nội,CTCP Nhựa Hà Nội,HaNoi Plastics Joint Stock Company,"CTCP Nhựa Hà Nội - HPCS.,JSC - Hồ sơ doanh nghiệp",MATCH,Nguyên vật liệu,Nguyên vật liệu,Hóa chất,Nguyên vật liệu,Hóa chất,,Hóa chất,NORMAL,10,hoa chat,VIETSTOCK_RULE,VIETSTOCK,https://finance.vietstock.vn/NHH/ho-so-doanh-nghiep.htm,https://finance.vietstock.vn/NHH/tai-chinh.htm?tab=BCTT,OK,NO,
NHP,UPCOM,CTCP Sản xuất Xuất nhập khẩu NHP,CTCP Sản xuất Xuất nhập khẩu NHP,NHP Production Import - Export JSC,"CTCP Sản xuất Xuất nhập khẩu NHP - PIENHP.,JSC - Hồ sơ doanh nghiệp",MATCH,Nguyên vật liệu,Nguyên vật liệu,Hóa chất,Nguyên vật liệu,Hóa chất,,Hóa chất,NORMAL,10,hoa chat,VIETSTOCK_RULE,VIETSTOCK,https://finance.vietstock.vn/NHP/ho-so-doanh-nghiep.htm,https://finance.vietstock.vn/NHP/tai-chinh.htm?tab=BCTT,OK,NO,
NHT,HOSE,CTCP Sản xuất và Thương mại Nam Hoa,CTCP Sản xuất và Thương mại Nam Hoa,Nam Hoa Trading & Production Corporation,CTCP Sản xuất và Thương mại Nam Hoa - NAM HOA CORP. - Hồ sơ doanh nghiệp,MATCH,Nguyên vật liệu,Nguyên vật liệu,Gỗ và giấy,Nguyên vật liệu,Gỗ và giấy,,Gỗ & Giấy,NORMAL,24,go va giay,VIETSTOCK_RULE,VIETSTOCK,https://finance.vietstock.vn/NHT/ho-so-doanh-nghiep.htm,https://finance.vietstock.vn/NHT/tai-chinh.htm?tab=BCTT,OK,NO,
NNC,HOSE,CTCP Đá Núi Nhỏ,CTCP Đá Núi Nhỏ,Nui Nho Stone JSC,CTCP Đá Núi Nhỏ - NNC - Hồ sơ doanh nghiệp,MATCH,Nguyên vật liệu,Nguyên vật liệu,Vật liệu xây dựng,Nguyên vật liệu,Vật liệu xây dựng,,Vật liệu xây dựng,NORMAL,16,vat lieu xay dung,VIETSTOCK_RULE,VIETSTOCK,https://finance.vietstock.vn/NNC/ho-so-doanh-nghiep.htm,https://finance.vietstock.vn/NNC/tai-chinh.htm?tab=BCTT,OK,NO,
NO1,HOSE,CTCP Tập đoàn 911,CTCP Tập đoàn 911,911 Group Joint Stock Company,CTCP Tập đoàn 911 - 911 GROUP .JSC - Hồ sơ doanh nghiệp,MATCH,Công nghiệp,Hàng hóa công nghiệp,Phân phối hàng công nghiệp,Công nghiệp,Hàng hóa công nghiệp,Phân phối hàng công nghiệp,Thương mại & Phân phối,NORMAL,33,phan phoi,VIETSTOCK_RULE,VIETSTOCK,https://finance.vietstock.vn/NO1/ho-so-doanh-nghiep.htm,https://finance.vietstock.vn/NO1/tai-chinh.htm?tab=BCTT,OK,NO,
NQN,UPCOM,CTCP Nước sạch Quảng Ninh,CTCP Nước sạch Quảng Ninh,Quang Ninh Clean Water JSC,CTCP Nước sạch Quảng Ninh - QUAWACO - Hồ sơ doanh nghiệp,MATCH,Tiện ích,Tiện ích,Nước,Tiện ích,Nước,,Khác / cần duyệt,NORMAL,99,,REVIEW,,https://finance.vietstock.vn/NQN/ho-so-doanh-nghiep.htm,https://finance.vietstock.vn/NQN/tai-chinh.htm?tab=BCTT,OK,YES,Chưa map được ngành
NS2,UPCOM,CTCP Nước sạch Số 2 Hà Nội,CTCP Nước sạch Số 2 Hà Nội,Ha Noi Water Supply Number 2 JSC,CTCP Nước sạch Số 2 Hà Nội - Công ty Nước sạch Số 2 Hà Nội - Hồ sơ doanh nghiệp,MATCH,Tiện ích,Tiện ích,Nước,Tiện ích,Nước,,Khác / cần duyệt,NORMAL,99,,REVIEW,,https://finance.vietstock.vn/NS2/ho-so-doanh-nghiep.htm,https://finance.vietstock.vn/NS2/tai-chinh.htm?tab=BCTT,OK,YES,Chưa map được ngành
NTB,UPCOM,CTCP Đầu tư Xây dựng và Khai thác Công trình Giao thông 584,CTCP Đầu tư Xây dựng và Khai thác Công trình Giao thông 584,Transport Engineering Construction & Business Investment JSC 584,CTCP Đầu tư Xây dựng và Khai thác Công trình Giao thông 584 - TECBIS 584 JSC - Hồ sơ doanh nghiệp,MATCH,Công nghiệp,Hàng hóa công nghiệp,Kỹ thuật xây dựng,Bất động sản,Quản lý và phát triển bất động sản,,Xây dựng,NORMAL,15,ky thuat xay dung,WATCHLIST_FALLBACK,WATCHLIST,https://finance.vietstock.vn/NTB/ho-so-doanh-nghiep.htm,https://finance.vietstock.vn/NTB/tai-chinh.htm?tab=BCTT,OK,YES,Phân ngành dùng fallback watchlist
NTC,UPCOM,CTCP Khu Công nghiệp Nam Tân Uyên,CTCP Khu Công nghiệp Nam Tân Uyên,Nam Tan Uyen Joint Stock Company,CTCP Khu Công nghiệp Nam Tân Uyên - NTC - Hồ sơ doanh nghiệp,MATCH,Bất động sản,Bất động sản,Quản lý và phát triển bất động sản,Bất động sản,Quản lý và phát triển bất động sản,,Khác / cần duyệt,NORMAL,99,,REVIEW,,https://finance.vietstock.vn/NTC/ho-so-doanh-nghiep.htm,https://finance.vietstock.vn/NTC/tai-chinh.htm?tab=BCTT,OK,YES,Chưa map được ngành
NTT,UPCOM,CTCP Dệt - May Nha Trang,CTCP Dệt - May Nha Trang,Nha Trang Textile Garment Joint Stock Company,CTCP Dệt - May Nha Trang - NHATEXCO - Hồ sơ doanh nghiệp,MATCH,Tiêu dùng không thiết yếu,Thời trang và hàng lâu bền,Thời trang và dệt may,Tiêu dùng không thiết yếu,Thời trang và hàng lâu bền,Thời trang và dệt may,Dệt may,NORMAL,13,det may,VIETSTOCK_RULE,VIETSTOCK,https://finance.vietstock.vn/NTT/ho-so-doanh-nghiep.htm,https://finance.vietstock.vn/NTT/tai-chinh.htm?tab=BCTT,OK,NO,
NVT,HOSE,CTCP Bất động sản Du lịch Ninh Vân Bay,CTCP Bất động sản Du lịch Ninh Vân Bay,Ninh Van Bay Travel Real Estate JSC,"CTCP Bất động sản Du lịch Ninh Vân Bay - Ninh Van Bay.,JSC - Hồ sơ doanh nghiệp",MATCH,Tiêu dùng không thiết yếu,Dịch vụ tiêu dùng,"Khách sạn, nhà hàng và giải trí",Tiêu dùng không thiết yếu,Dịch vụ tiêu dùng,"Khách sạn, nhà hàng và giải trí",Du lịch & Giải trí,NORMAL,27,giai tri,VIETSTOCK_RULE,VIETSTOCK,https://finance.vietstock.vn/NVT/ho-so-doanh-nghiep.htm,https://finance.vietstock.vn/NVT/tai-chinh.htm?tab=BCTT,OK,NO,
OCH,HNX,CTCP One Capital Hospitality,CTCP One Capital Hospitality,One Capital Hospitality Joint Stock Company,CTCP One Capital Hospitality - OCH.JSC - Hồ sơ doanh nghiệp,MATCH,Tiêu dùng thiết yếu,"Thực phẩm, đồ uống và thuốc lá",Thực phẩm,Tiêu dùng thiết yếu,"Thực phẩm, đồ uống và thuốc lá",Thực phẩm,Thực phẩm & đồ uống,NORMAL,18,thuc pham,VIETSTOCK_RULE,VIETSTOCK,https://finance.vietstock.vn/OCH/ho-so-doanh-nghiep.htm,https://finance.vietstock.vn/OCH/tai-chinh.htm?tab=BCTT,OK,NO,
OPC,HOSE,CTCP Dược phẩm OPC,CTCP Dược phẩm OPC,OPC Pharmaceutical Joint Stock Company,CTCP Dược phẩm OPC - OPC - Hồ sơ doanh nghiệp,MATCH,Chăm sóc sức khỏe,"Dược phẩm, công nghệ sinh học và khoa học sự sống",Dược phẩm,Chăm sóc sức khỏe,"Dược phẩm, công nghệ sinh học và khoa học sự sống",Dược phẩm,Dược & Y tế,NORMAL,19,duoc,VIETSTOCK_RULE,VIETSTOCK,https://finance.vietstock.vn/OPC/ho-so-doanh-nghiep.htm,https://finance.vietstock.vn/OPC/tai-chinh.htm?tab=BCTT,OK,NO,
PAP,UPCOM,CTCP Dầu khí Đầu tư Khai thác Cảng Phước An,CTCP Dầu khí Đầu tư Khai thác Cảng Phước An,PetroVietnam Phuoc An Port Investment And Operation Joint Stock Company,CTCP Dầu khí Đầu tư Khai thác Cảng Phước An - PAP - Hồ sơ doanh nghiệp,MATCH,Công nghiệp,Vận tải,Hạ tầng giao thông,Công nghiệp,Vận tải,Hạ tầng giao thông,Khác / cần duyệt,NORMAL,99,,REVIEW,,https://finance.vietstock.vn/PAP/ho-so-doanh-nghiep.htm,https://finance.vietstock.vn/PAP/tai-chinh.htm?tab=BCTT,OK,YES,Chưa map được ngành
PAT,UPCOM,CTCP Phốt Pho Apatit Việt Nam,CTCP Phốt Pho Apatit Việt Nam,Vietnam Apatite ? Phosphorus Joint Stock Company,CTCP Phốt Pho Apatit Việt Nam - VAPAC - Hồ sơ doanh nghiệp,MATCH,Nguyên vật liệu,Nguyên vật liệu,Hóa chất,Nguyên vật liệu,Hóa chất,,Hóa chất,NORMAL,10,hoa chat,VIETSTOCK_RULE,VIETSTOCK,https://finance.vietstock.vn/PAT/ho-so-doanh-nghiep.htm,https://finance.vietstock.vn/PAT/tai-chinh.htm?tab=BCTT,OK,NO,
PBC,UPCOM,CTCP Dược phẩm Trung Ương 1- Pharbaco,CTCP Dược phẩm Trung Ương 1- Pharbaco,Pharbaco Central Pharmaceutical JSC No.1,"CTCP Dược phẩm Trung ương I - Pharbaco - PHARBACO.,JSC - Hồ sơ doanh nghiệp",MISMATCH_REVIEW,Chăm sóc sức khỏe,"Dược phẩm, công nghệ sinh học và khoa học sự sống",Dược phẩm,Chăm sóc sức khỏe,"Dược phẩm, công nghệ sinh học và khoa học sự sống",Dược phẩm,Dược & Y tế,NORMAL,19,duoc,VIETSTOCK_RULE,VIETSTOCK,https://finance.vietstock.vn/PBC/ho-so-doanh-nghiep.htm,https://finance.vietstock.vn/PBC/tai-chinh.htm?tab=BCTT,OK,YES,Tên VNStock khác Vietstock
PCH,HNX,CTCP Nhựa Picomat,CTCP Nhựa Picomat,Picomat Plastic Joint Stock Company,CTCP Picomat Holding - PICOMAT - Hồ sơ doanh nghiệp,MISMATCH_REVIEW,Nguyên vật liệu,Nguyên vật liệu,Hóa chất,Nguyên vật liệu,Hóa chất,,Hóa chất,NORMAL,10,hoa chat,VIETSTOCK_RULE,VIETSTOCK,https://finance.vietstock.vn/PCH/ho-so-doanh-nghiep.htm,https://finance.vietstock.vn/PCH/tai-chinh.htm?tab=BCTT,OK,YES,Tên VNStock khác Vietstock
PCT,HNX,CTCP Vận tải biển Global Pacific,CTCP Vận tải biển Global Pacific,Global Pacific Shipping Joint Stock Company,CTCP Vận tải biển Global Pacific - - Hồ sơ doanh nghiệp,MATCH,Công nghiệp,Vận tải,Vận tải biển,Công nghiệp,Vận tải,Vận tải biển,Cảng & Logistics,NORMAL,14,van tai bien,VIETSTOCK_RULE,VIETSTOCK,https://finance.vietstock.vn/PCT/ho-so-doanh-nghiep.htm,https://finance.vietstock.vn/PCT/tai-chinh.htm?tab=BCTT,OK,NO,
PDN,HOSE,CTCP Cảng Đồng Nai,CTCP Cảng Đồng Nai,Dong Nai Port JSC,CTCP Cảng Đồng Nai - Dong Nai Port - Hồ sơ doanh nghiệp,MATCH,Công nghiệp,Vận tải,Hạ tầng giao thông,Công nghiệp,Vận tải,Hạ tầng giao thông,Khác / cần duyệt,NORMAL,99,,REVIEW,,https://finance.vietstock.vn/PDN/ho-so-doanh-nghiep.htm,https://finance.vietstock.vn/PDN/tai-chinh.htm?tab=BCTT,OK,YES,Chưa map được ngành
PDV,UPCOM,CTCP Vận Tải Và Tiếp Vận Phương Đông Việt,CTCP Vận Tải Và Tiếp Vận Phương Đông Việt,Phuong Dong Viet Shipping And Logistics Corporation,CTCP Vận Tải Và Tiếp Vận Phương Đông Việt - PVT LOGISTICS - Hồ sơ doanh nghiệp,MATCH,Công nghiệp,Vận tải,Vận tải biển,Công nghiệp,Vận tải,Vận tải biển,Cảng & Logistics,NORMAL,14,van tai bien,VIETSTOCK_RULE,VIETSTOCK,https://finance.vietstock.vn/PDV/ho-so-doanh-nghiep.htm,https://finance.vietstock.vn/PDV/tai-chinh.htm?tab=BCTT,OK,NO,
PEG,UPCOM,Tổng Công ty Thương mại Kỹ thuật và Đầu tư - CTCP,Tổng Công ty Thương mại Kỹ thuật và Đầu tư - CTCP,Petec Trading and Investment Corporation,Tổng Công ty Thương mại Kỹ thuật và Đầu tư - CTCP - PETEC - Hồ sơ doanh nghiệp,MATCH,Tiêu dùng không thiết yếu,Thương mại hàng không thiết yếu,Nhà phân phối,Năng lượng,Thiết bị và dịch vụ năng lượng,,Hàng không,NORMAL,17,hang khong,WATCHLIST_FALLBACK,WATCHLIST,https://finance.vietstock.vn/PEG/ho-so-doanh-nghiep.htm,https://finance.vietstock.vn/PEG/tai-chinh.htm?tab=BCTT,OK,YES,Phân ngành dùng fallback watchlist
PFL,UPCOM,CTCP Dầu khí Đông Đô,CTCP Dầu khí Đông Đô,Petroleum Dong Do Joint Stock Company,"CTCP Dầu khí Đông Đô - PETROCONS - ĐÔNG ĐÔ.,JSC - Hồ sơ doanh nghiệp",MATCH,Công nghiệp,Hàng hóa công nghiệp,Phân phối hàng công nghiệp,Công nghiệp,Hàng hóa công nghiệp,Phân phối hàng công nghiệp,Thương mại & Phân phối,NORMAL,33,phan phoi,VIETSTOCK_RULE,VIETSTOCK,https://finance.vietstock.vn/PFL/ho-so-doanh-nghiep.htm,https://finance.vietstock.vn/PFL/tai-chinh.htm?tab=BCTT,OK,NO,
PGB,UPCOM,Ngân hàng TMCP Thịnh vượng và Phát triển,Ngân hàng TMCP Thịnh vượng và Phát triển,Prosperity and Growth Commercial Joint Stock Bank,Ngân hàng TMCP Thịnh vượng và Phát triển - PGBANK - Hồ sơ doanh nghiệp,MATCH,Tài chính,Tổ chức tín dụng,Ngân hàng,Tài chính,Tổ chức tín dụng,Ngân hàng,Ngân hàng,BANK,1,ngan hang,VIETSTOCK_RULE,VIETSTOCK,https://finance.vietstock.vn/PGB/ho-so-doanh-nghiep.htm,https://finance.vietstock.vn/PGB/tai-chinh.htm?tab=BCTT,OK,NO,
PGC,HOSE,Tổng Công ty Gas Petrolimex - CTCP,Tổng Công ty Gas Petrolimex - CTCP,Petrolimex Gas Corporation - JSC,Tổng Công ty Gas Petrolimex - CTCP - PGC - Hồ sơ doanh nghiệp,MATCH,Tiện ích,Tiện ích,Gas sinh hoạt,Tiện ích,Gas sinh hoạt,,Khác / cần duyệt,NORMAL,99,,REVIEW,,https://finance.vietstock.vn/PGC/ho-so-doanh-nghiep.htm,https://finance.vietstock.vn/PGC/tai-chinh.htm?tab=BCTT,OK,YES,Chưa map được ngành
PGD,HOSE,CTCP Phân phối khí thấp áp Dầu khí Việt Nam,CTCP Phân phối khí thấp áp Dầu khí Việt Nam,PetroVietNam Low Pressure Gas Distribution JSC,CTCP Phân phối khí thấp áp Dầu khí Việt Nam - PV GAS D JSC - Hồ sơ doanh nghiệp,MATCH,Tiện ích,Tiện ích,Gas sinh hoạt,Tiện ích,Gas sinh hoạt,,Khác / cần duyệt,NORMAL,99,,REVIEW,,https://finance.vietstock.vn/PGD/ho-so-doanh-nghiep.htm,https://finance.vietstock.vn/PGD/tai-chinh.htm?tab=BCTT,OK,YES,Chưa map được ngành
PGI,HOSE,Tổng Công ty cổ phần Bảo hiểm Petrolimex,Tổng Công ty cổ phần Bảo hiểm Petrolimex,Petrolimex Insurance Corporation,Tổng Công ty cổ phần Bảo hiểm Petrolimex - Bảo hiểm PJICO - Hồ sơ doanh nghiệp,MATCH,Tài chính,Bảo hiểm,Bảo hiểm,Tài chính,Bảo hiểm,,Bảo hiểm,INSURANCE,3,bao hiem,VIETSTOCK_RULE,VIETSTOCK,https://finance.vietstock.vn/PGI/ho-so-doanh-nghiep.htm,https://finance.vietstock.vn/PGI/tai-chinh.htm?tab=BCTT,OK,NO,
PGS,HNX,CTCP Kinh doanh Khí Miền Nam,CTCP Kinh doanh Khí Miền Nam,Southern Gas Trading Joint Stock Company,"CTCP Kinh doanh Khí Miền Nam - GAS SOUTH., JSC - Hồ sơ doanh nghiệp",MATCH,Tiện ích,Tiện ích,Gas sinh hoạt,Tiện ích,Gas sinh hoạt,,Khác / cần duyệt,NORMAL,99,,REVIEW,,https://finance.vietstock.vn/PGS/ho-so-doanh-nghiep.htm,https://finance.vietstock.vn/PGS/tai-chinh.htm?tab=BCTT,OK,YES,Chưa map được ngành
PGV,HOSE,Tổng Công ty Phát điện 3 - CTCP,Tổng Công ty Phát điện 3 - CTCP,Power Generation Joint Stock Corporation 3,Tổng Công ty Phát điện 3 - CTCP - EVNGENCO3 - Hồ sơ doanh nghiệp,MATCH,Tiện ích,Tiện ích,Điện,Tiện ích,Điện,,Khác / cần duyệt,NORMAL,99,,REVIEW,,https://finance.vietstock.vn/PGV/ho-so-doanh-nghiep.htm,https://finance.vietstock.vn/PGV/tai-chinh.htm?tab=BCTT,OK,YES,Chưa map được ngành
PHC,HOSE,CTCP Xây dựng Phục Hưng Holdings,CTCP Xây dựng Phục Hưng Holdings,Phuc Hung Holdings Construction JSC,"CTCP Xây dựng Phục Hưng Holdings - Phuc Hung Holdings., JSC - Hồ sơ doanh nghiệp",MATCH,Công nghiệp,Hàng hóa công nghiệp,Kỹ thuật xây dựng,Công nghiệp,Hàng hóa công nghiệp,Kỹ thuật xây dựng,Xây dựng,NORMAL,15,ky thuat xay dung,VIETSTOCK_RULE,VIETSTOCK,https://finance.vietstock.vn/PHC/ho-so-doanh-nghiep.htm,https://finance.vietstock.vn/PHC/tai-chinh.htm?tab=BCTT,OK,NO,
PHS,UPCOM,CTCP Chứng khoán Phú Hưng,CTCP Chứng khoán Phú Hưng,Phu Hung Securities Corporation,CTCP Chứng khoán Phú Hưng - PHS - Hồ sơ doanh nghiệp,MATCH,Tài chính,Dịch vụ tài chính,Thị trường vốn,Tài chính,Dịch vụ tài chính,Thị trường vốn,Chứng khoán,SECURITIES,2,thi truong von,VIETSTOCK_RULE,VIETSTOCK,https://finance.vietstock.vn/PHS/ho-so-doanh-nghiep.htm,https://finance.vietstock.vn/PHS/tai-chinh.htm?tab=BCTT,OK,NO,
PIC,HNX,CTCP Đầu tư Điện lực 3,CTCP Đầu tư Điện lực 3,PC3 - Investment Joint Stock Company,CTCP Đầu tư Điện lực 3 - PC3-INVEST - Hồ sơ doanh nghiệp,MATCH,Tiện ích,Tiện ích,Điện,Tiện ích,Điện,,Khác / cần duyệt,NORMAL,99,,REVIEW,,https://finance.vietstock.vn/PIC/ho-so-doanh-nghiep.htm,https://finance.vietstock.vn/PIC/tai-chinh.htm?tab=BCTT,OK,YES,Chưa map được ngành
PIS,UPCOM,Tổng Công ty Pisico Bình Định - CTCP,Tổng Công ty Pisico Bình Định - CTCP,PISICO Binh Dinh Corporation JSC,Tổng Công ty Pisico Bình Định - CTCP - PISICO - Hồ sơ doanh nghiệp,MATCH,Nguyên vật liệu,Nguyên vật liệu,Gỗ và giấy,Nguyên vật liệu,Gỗ và giấy,,Gỗ & Giấy,NORMAL,24,go va giay,VIETSTOCK_RULE,VIETSTOCK,https://finance.vietstock.vn/PIS/ho-so-doanh-nghiep.htm,https://finance.vietstock.vn/PIS/tai-chinh.htm?tab=BCTT,OK,NO,
PJT,HOSE,CTCP Vận tải Xăng dầu Đường Thủy Petrolimex,CTCP Vận tải Xăng dầu Đường Thủy Petrolimex,Petrolimex Joint Stock Tanker Company,CTCP Vận tải Xăng dầu Đường Thủy Petrolimex - PJTACO - Hồ sơ doanh nghiệp,MATCH,Năng lượng,Năng lượng,Dầu khí,Năng lượng,Dầu khí,,Dầu khí,NORMAL,6,dau khi,VIETSTOCK_RULE,VIETSTOCK,https://finance.vietstock.vn/PJT/ho-so-doanh-nghiep.htm,https://finance.vietstock.vn/PJT/tai-chinh.htm?tab=BCTT,OK,NO,
PLP,HOSE,CTCP Sản xuất và Công nghệ Nhựa Pha Lê,CTCP Sản xuất và Công nghệ Nhựa Pha Lê,Pha Le Plastics Manufacturing and Technology Joint Stock Company,CTCP Sản xuất và Công nghệ Nhựa Pha Lê - Pha Le Plastics JSC - Hồ sơ doanh nghiệp,MATCH,Nguyên vật liệu,Nguyên vật liệu,Hóa chất,Nguyên vật liệu,Hóa chất,,Hóa chất,NORMAL,10,hoa chat,VIETSTOCK_RULE,VIETSTOCK,https://finance.vietstock.vn/PLP/ho-so-doanh-nghiep.htm,https://finance.vietstock.vn/PLP/tai-chinh.htm?tab=BCTT,OK,NO,
PMG,HOSE,CTCP Đầu tư và Sản xuất Petro Miền Trung,CTCP Đầu tư và Sản xuất Petro Miền Trung,Petro Center Corporation,"CTCP Đầu tư và Sản xuất Petro Miền Trung - PETRO MIEN TRUNG CO,.JSC - Hồ sơ doanh nghiệp",MATCH,Tiện ích,Tiện ích,Gas sinh hoạt,Tiện ích,Gas sinh hoạt,,Khác / cần duyệt,NORMAL,99,,REVIEW,,https://finance.vietstock.vn/PMG/ho-so-doanh-nghiep.htm,https://finance.vietstock.vn/PMG/tai-chinh.htm?tab=BCTT,OK,YES,Chưa map được ngành
PMW,UPCOM,CTCP Cấp nước Phú Mỹ,CTCP Cấp nước Phú Mỹ,Phu My Water Supply Joint Stock Company,CTCP Cấp nước Phú Mỹ - PHU MY WASUCO - Hồ sơ doanh nghiệp,MATCH,Tiện ích,Tiện ích,Nước,Tiện ích,Nước,,Khác / cần duyệt,NORMAL,99,,REVIEW,,https://finance.vietstock.vn/PMW/ho-so-doanh-nghiep.htm,https://finance.vietstock.vn/PMW/tai-chinh.htm?tab=BCTT,OK,YES,Chưa map được ngành
POM,UPCOM,CTCP Thép Pomina,CTCP Thép Pomina,Pomina Steel Corporation,CTCP Thép Pomina - Công Ty Thép Pomina - Hồ sơ doanh nghiệp,MATCH,Nguyên vật liệu,Nguyên vật liệu,Khai khoáng và luyện kim,Nguyên vật liệu,Khai khoáng và luyện kim,,Kim loại & Khoáng sản,NORMAL,32,khai khoang,VIETSTOCK_RULE,VIETSTOCK,https://finance.vietstock.vn/POM/ho-so-doanh-nghiep.htm,https://finance.vietstock.vn/POM/tai-chinh.htm?tab=BCTT,OK,NO,
POS,UPCOM,CTCP Vận hành và Xây lắp PTSC,CTCP Vận hành và Xây lắp PTSC,PTSC Offshore Services Joint Stock Company,CTCP Vận hành và Xây lắp PTSC - POS - Hồ sơ doanh nghiệp,MATCH,Năng lượng,Năng lượng,Thiết bị và dịch vụ năng lượng,Năng lượng,Thiết bị và dịch vụ năng lượng,,Khác / cần duyệt,NORMAL,99,,REVIEW,,https://finance.vietstock.vn/POS/ho-so-doanh-nghiep.htm,https://finance.vietstock.vn/POS/tai-chinh.htm?tab=BCTT,OK,YES,Chưa map được ngành
PPH,UPCOM,Tổng Công ty cổ phần Phong Phú,Tổng Công ty cổ phần Phong Phú,Phong Phu Corporation,Tổng Công ty cổ phần Phong Phú - PHONG PHU CORP. - Hồ sơ doanh nghiệp,MATCH,Tiêu dùng không thiết yếu,Thời trang và hàng lâu bền,Thời trang và dệt may,Tiêu dùng không thiết yếu,Thời trang và hàng lâu bền,Thời trang và dệt may,Dệt may,NORMAL,13,det may,VIETSTOCK_RULE,VIETSTOCK,https://finance.vietstock.vn/PPH/ho-so-doanh-nghiep.htm,https://finance.vietstock.vn/PPH/tai-chinh.htm?tab=BCTT,OK,NO,
PPI,UPCOM,CTCP Đầu tư và Phát triển Dự án Hạ tầng Thái Bình Dương,CTCP Đầu tư và Phát triển Dự án Hạ tầng Thái Bình Dương,Pacific Infrastructure Project Development & Investment Corporation,CTCP Đầu tư và Phát triển Dự án Hạ tầng Thái Bình Dương - PPI Corp - Hồ sơ doanh nghiệp,MATCH,Bất động sản,Bất động sản,Quản lý và phát triển bất động sản,Bất động sản,Quản lý và phát triển bất động sản,,Khác / cần duyệt,NORMAL,99,,REVIEW,,https://finance.vietstock.vn/PPI/ho-so-doanh-nghiep.htm,https://finance.vietstock.vn/PPI/tai-chinh.htm?tab=BCTT,OK,YES,Chưa map được ngành
PQN,UPCOM,CTCP Dịch vụ Dầu khí Quảng Ngãi PTSC,CTCP Dịch vụ Dầu khí Quảng Ngãi PTSC,PTSC Quang Ngai Joint Stock Company,CTCP Dịch vụ Dầu khí Quảng Ngãi PTSC - PTSC QUANG NGAI - Hồ sơ doanh nghiệp,MATCH,Công nghiệp,Hàng hóa công nghiệp,Kỹ thuật xây dựng,Công nghiệp,Hàng hóa công nghiệp,Kỹ thuật xây dựng,Xây dựng,NORMAL,15,ky thuat xay dung,VIETSTOCK_RULE,VIETSTOCK,https://finance.vietstock.vn/PQN/ho-so-doanh-nghiep.htm,https://finance.vietstock.vn/PQN/tai-chinh.htm?tab=BCTT,OK,NO,
PRE,HNX,Tổng Công ty cổ phần Tái bảo hiểm Hà Nội,Tổng Công ty cổ phần Tái bảo hiểm Hà Nội,Hanoi Reinsurance Joint Stock Corporation,Tổng Công ty cổ phần Tái bảo hiểm Hà Nội - Hanoi Re - Hồ sơ doanh nghiệp,MATCH,Tài chính,Bảo hiểm,Bảo hiểm,Tài chính,Bảo hiểm,,Bảo hiểm,INSURANCE,3,bao hiem,VIETSTOCK_RULE,VIETSTOCK,https://finance.vietstock.vn/PRE/ho-so-doanh-nghiep.htm,https://finance.vietstock.vn/PRE/tai-chinh.htm?tab=BCTT,OK,NO,
PRT,UPCOM,Tổng Công ty Sản xuất - Xuất nhập khẩu Bình Dương - CTCP,Tổng Công ty Sản xuất - Xuất nhập khẩu Bình Dương - CTCP,B?nh D??ng Production and Trading Goods Corportation,Tổng Công ty Sản xuất - Xuất nhập khẩu Bình Dương - CTCP - PROTRADE - Hồ sơ doanh nghiệp,MATCH,Nguyên vật liệu,Nguyên vật liệu,Hóa chất,Nguyên vật liệu,Hóa chất,,Hóa chất,NORMAL,10,hoa chat,VIETSTOCK_RULE,VIETSTOCK,https://finance.vietstock.vn/PRT/ho-so-doanh-nghiep.htm,https://finance.vietstock.vn/PRT/tai-chinh.htm?tab=BCTT,OK,NO,
PSB,UPCOM,CTCP Đầu tư Dầu khí Sao Mai - Bến Đình,CTCP Đầu tư Dầu khí Sao Mai - Bến Đình,Sao Mai - Ben Dinh Petroleum Investment JSC,CTCP Cảng Kỹ thuật PTSC Sao Mai - PTSC Sao Mai - Hồ sơ doanh nghiệp,MISMATCH_REVIEW,Năng lượng,Năng lượng,Thiết bị và dịch vụ năng lượng,Năng lượng,Thiết bị và dịch vụ năng lượng,,Khác / cần duyệt,NORMAL,99,,REVIEW,,https://finance.vietstock.vn/PSB/ho-so-doanh-nghiep.htm,https://finance.vietstock.vn/PSB/tai-chinh.htm?tab=BCTT,OK,YES,Tên VNStock khác Vietstock | Chưa map được ngành
PSD,HNX,CTCP Dịch vụ Phân phối Tổng hợp Dầu khí,CTCP Dịch vụ Phân phối Tổng hợp Dầu khí,Petroleum General Distribution Services JSC,CTCP Dịch vụ Phân phối Tổng hợp Dầu khí - Petrosetco Distribution JSC - Hồ sơ doanh nghiệp,MATCH,Tiêu dùng không thiết yếu,Thương mại hàng không thiết yếu,Nhà phân phối,Tiêu dùng không thiết yếu,Thương mại hàng không thiết yếu,Nhà phân phối,Hàng không,NORMAL,17,hang khong,VIETSTOCK_RULE,VIETSTOCK,https://finance.vietstock.vn/PSD/ho-so-doanh-nghiep.htm,https://finance.vietstock.vn/PSD/tai-chinh.htm?tab=BCTT,OK,NO,
PSG,UPCOM,CTCP Đầu Tư và Xây lắp Dầu khí Sài Gòn,CTCP Đầu Tư và Xây lắp Dầu khí Sài Gòn,Petroleum Saigon Constrution And Investment JSC,CTCP Đầu Tư và Xây lắp Dầu khí Sài Gòn - PSG Construction - Hồ sơ doanh nghiệp,MATCH,Bất động sản,Bất động sản,Bất động sản đa dạng,Bất động sản,Bất động sản đa dạng,,Khác / cần duyệt,NORMAL,99,,REVIEW,,https://finance.vietstock.vn/PSG/ho-so-doanh-nghiep.htm,https://finance.vietstock.vn/PSG/tai-chinh.htm?tab=BCTT,OK,YES,Chưa map được ngành
PSH,UPCOM,CTCP Thương mại Đầu tư Dầu khí Nam Sông Hậu,CTCP Thương mại Đầu tư Dầu khí Nam Sông Hậu,Nam Song Hau Trading Investing Petroleum Joint Stock Company,CTCP Thương mại Đầu tư Dầu khí Nam Sông Hậu - NSHPETRO - Hồ sơ doanh nghiệp,MATCH,Năng lượng,Năng lượng,Dầu khí,Năng lượng,Dầu khí,,Dầu khí,NORMAL,6,dau khi,VIETSTOCK_RULE,VIETSTOCK,https://finance.vietstock.vn/PSH/ho-so-doanh-nghiep.htm,https://finance.vietstock.vn/PSH/tai-chinh.htm?tab=BCTT,OK,NO,
PSI,HNX,CTCP Chứng khoán Dầu khí,CTCP Chứng khoán Dầu khí,Petrovietnam Securities Incorporated,CTCP Chứng khoán Dầu khí - PSI - Hồ sơ doanh nghiệp,MATCH,Tài chính,Dịch vụ tài chính,Thị trường vốn,Tài chính,Dịch vụ tài chính,Thị trường vốn,Chứng khoán,SECURITIES,2,thi truong von,VIETSTOCK_RULE,VIETSTOCK,https://finance.vietstock.vn/PSI/ho-so-doanh-nghiep.htm,https://finance.vietstock.vn/PSI/tai-chinh.htm?tab=BCTT,OK,NO,
PSN,UPCOM,CTCP Dịch Vụ Kỹ Thuật PTSC Thanh Hóa,CTCP Dịch Vụ Kỹ Thuật PTSC Thanh Hóa,PTSC Thanh Hoa Technical Services Company,CTCP Dịch Vụ Kỹ Thuật PTSC Thanh Hóa - PTSC Thanh Hóa - Hồ sơ doanh nghiệp,MATCH,Công nghiệp,Vận tải,Hạ tầng giao thông,Công nghiệp,Vận tải,Hạ tầng giao thông,Khác / cần duyệt,NORMAL,99,,REVIEW,,https://finance.vietstock.vn/PSN/ho-so-doanh-nghiep.htm,https://finance.vietstock.vn/PSN/tai-chinh.htm?tab=BCTT,OK,YES,Chưa map được ngành
PSP,UPCOM,CTCP Cảng Dịch vụ Dầu khí Đình Vũ,CTCP Cảng Dịch vụ Dầu khí Đình Vũ,Dinh Vu Petroleum Service Port SJC,CTCP Cảng Dịch vụ Dầu khí Đình Vũ - PTSC DINH VU - Hồ sơ doanh nghiệp,MATCH,Công nghiệp,Vận tải,Hạ tầng giao thông,Công nghiệp,Vận tải,Hạ tầng giao thông,Khác / cần duyệt,NORMAL,99,,REVIEW,,https://finance.vietstock.vn/PSP/ho-so-doanh-nghiep.htm,https://finance.vietstock.vn/PSP/tai-chinh.htm?tab=BCTT,OK,YES,Chưa map được ngành
PTB,HOSE,CTCP Phú Tài,CTCP Phú Tài,Phu Tai Joint Stock Company,CTCP Phú Tài - PTB - Hồ sơ doanh nghiệp,MATCH,Nguyên vật liệu,Nguyên vật liệu,Gỗ và giấy,Nguyên vật liệu,Gỗ và giấy,,Gỗ & Giấy,NORMAL,24,go va giay,VIETSTOCK_RULE,VIETSTOCK,https://finance.vietstock.vn/PTB/ho-so-doanh-nghiep.htm,https://finance.vietstock.vn/PTB/tai-chinh.htm?tab=BCTT,OK,NO,
PTC,HOSE,CTCP Đầu Tư Icapital,CTCP Đầu Tư Icapital,Icapital Investment Joint Stock Company,CTCP Đầu Tư Icapital - ICAPITAL JSC - Hồ sơ doanh nghiệp,MATCH,Tiện ích,Tiện ích,Phát điện độc lập và điện tái tạo,Công nghiệp,Dịch vụ thương mại và chuyên nghiệp,Dịch vụ chuyên nghiệp,Dịch vụ công nghiệp,NORMAL,34,dich vu chuyen nghiep,VIETSTOCK_RULE,VIETSTOCK,https://finance.vietstock.vn/PTC/ho-so-doanh-nghiep.htm,https://finance.vietstock.vn/PTC/tai-chinh.htm?tab=BCTT,OK,NO,
PTI,HNX,Tổng Công ty cổ phần Bảo hiểm Bưu điện,Tổng Công ty cổ phần Bảo hiểm Bưu điện,Post - Telecommunication Joint - Stock Insurance Corporation,Tổng Công ty cổ phần Bảo hiểm Bưu điện - PTI - Hồ sơ doanh nghiệp,MATCH,Tài chính,Bảo hiểm,Bảo hiểm,Tài chính,Bảo hiểm,,Bảo hiểm,INSURANCE,3,bao hiem,VIETSTOCK_RULE,VIETSTOCK,https://finance.vietstock.vn/PTI/ho-so-doanh-nghiep.htm,https://finance.vietstock.vn/PTI/tai-chinh.htm?tab=BCTT,OK,NO,
PTL,HOSE,CTCP Victory Group,CTCP Victory Group,Victory Group Joint Stock Company,CTCP Victory Group - - Hồ sơ doanh nghiệp,MATCH,Bất động sản,Bất động sản,Quản lý và phát triển bất động sản,Bất động sản,Quản lý và phát triển bất động sản,,Khác / cần duyệt,NORMAL,99,,REVIEW,,https://finance.vietstock.vn/PTL/ho-so-doanh-nghiep.htm,https://finance.vietstock.vn/PTL/tai-chinh.htm?tab=BCTT,OK,YES,Chưa map được ngành
PTM,UPCOM,CTCP Sản xuất Thương mại và Dịch vụ Ô tô PTM,CTCP Sản xuất Thương mại và Dịch vụ Ô tô PTM,"PTM Automobile Service, Trading And Manufacturing Joint Stock Company","CTCP Sản xuất Thương mại và Dịch vụ Ô tô PTM - PTM.,J.S.C - Hồ sơ doanh nghiệp",MATCH,Tiêu dùng không thiết yếu,Thương mại hàng không thiết yếu,Nhà phân phối,Tiêu dùng không thiết yếu,Thương mại hàng không thiết yếu,Nhà phân phối,Hàng không,NORMAL,17,hang khong,VIETSTOCK_RULE,VIETSTOCK,https://finance.vietstock.vn/PTM/ho-so-doanh-nghiep.htm,https://finance.vietstock.vn/PTM/tai-chinh.htm?tab=BCTT,OK,NO,
PV2,HNX,CTCP Đầu tư PV2,CTCP Đầu tư PV2,PV2 Investment JSC,CTCP Genea Capital - Genea Capital JSC - Hồ sơ doanh nghiệp,MISMATCH_REVIEW,Tài chính,Dịch vụ tài chính,Dịch vụ tài chính,Tài chính,Dịch vụ tài chính,,Khác / cần duyệt,NORMAL,99,,REVIEW,,https://finance.vietstock.vn/PV2/ho-so-doanh-nghiep.htm,https://finance.vietstock.vn/PV2/tai-chinh.htm?tab=BCTT,OK,YES,Tên VNStock khác Vietstock | Chưa map được ngành
PVA,UPCOM,CTCP Tổng Công ty Xây lắp Dầu khí Nghệ An,CTCP Tổng Công ty Xây lắp Dầu khí Nghệ An,PetroVietnam - Nghe An Construction JSC,CTCP Tổng Công ty Xây lắp Dầu khí Nghệ An - PVNC - Hồ sơ doanh nghiệp,MATCH,Công nghiệp,Hàng hóa công nghiệp,Kỹ thuật xây dựng,Công nghiệp,Hàng hóa công nghiệp,Kỹ thuật xây dựng,Xây dựng,NORMAL,15,ky thuat xay dung,VIETSTOCK_RULE,VIETSTOCK,https://finance.vietstock.vn/PVA/ho-so-doanh-nghiep.htm,https://finance.vietstock.vn/PVA/tai-chinh.htm?tab=BCTT,OK,NO,
PVB,HNX,CTCP Bọc ống Dầu khí Việt Nam,CTCP Bọc ống Dầu khí Việt Nam,PetroViet Nam Coating JSC,CTCP Bọc ống Dầu khí Việt Nam - PV Coating - Hồ sơ doanh nghiệp,MATCH,Năng lượng,Năng lượng,Thiết bị và dịch vụ năng lượng,Năng lượng,Thiết bị và dịch vụ năng lượng,,Khác / cần duyệt,NORMAL,99,,REVIEW,,https://finance.vietstock.vn/PVB/ho-so-doanh-nghiep.htm,https://finance.vietstock.vn/PVB/tai-chinh.htm?tab=BCTT,OK,YES,Chưa map được ngành
PVD,HOSE,Tổng Công ty cổ phần Khoan và Dịch vụ khoan Dầu khí,Tổng Công ty cổ phần Khoan và Dịch vụ khoan Dầu khí,PetroVietnam Drilling & Well Services Corporation,Tổng Công ty cổ phần Khoan và Dịch vụ khoan Dầu khí - PV DRILLING - Hồ sơ doanh nghiệp,MATCH,Năng lượng,Năng lượng,Thiết bị và dịch vụ năng lượng,Năng lượng,Thiết bị và dịch vụ năng lượng,,Khác / cần duyệt,NORMAL,99,,REVIEW,,https://finance.vietstock.vn/PVD/ho-so-doanh-nghiep.htm,https://finance.vietstock.vn/PVD/tai-chinh.htm?tab=BCTT,OK,YES,Chưa map được ngành
PVE,UPCOM,Tổng Công ty Tư vấn thiết kế Dầu khí - CTCP,Tổng Công ty Tư vấn thiết kế Dầu khí - CTCP,PetroVietnam Engineering Consultancy JSC,Tổng Công ty Tư vấn thiết kế Dầu khí - CTCP - PV ENGINEERING - Hồ sơ doanh nghiệp,MATCH,Công nghiệp,Dịch vụ thương mại và chuyên nghiệp,Dịch vụ chuyên nghiệp,Công nghiệp,Dịch vụ thương mại và chuyên nghiệp,Dịch vụ chuyên nghiệp,Dịch vụ công nghiệp,NORMAL,34,dich vu chuyen nghiep,VIETSTOCK_RULE,VIETSTOCK,https://finance.vietstock.vn/PVE/ho-so-doanh-nghiep.htm,https://finance.vietstock.vn/PVE/tai-chinh.htm?tab=BCTT,OK,NO,
PVG,HNX,CTCP Kinh doanh LPG Việt Nam,CTCP Kinh doanh LPG Việt Nam,Petro VietNam LPG Joint Stock Company,CTCP Kinh doanh LPG Việt Nam - PVGAS LPG - Hồ sơ doanh nghiệp,MATCH,Tiện ích,Tiện ích,Gas sinh hoạt,Tiện ích,Gas sinh hoạt,,Khác / cần duyệt,NORMAL,99,,REVIEW,,https://finance.vietstock.vn/PVG/ho-so-doanh-nghiep.htm,https://finance.vietstock.vn/PVG/tai-chinh.htm?tab=BCTT,OK,YES,Chưa map được ngành
PVH,UPCOM,CTCP Xây lắp Dầu khí Thanh Hóa,CTCP Xây lắp Dầu khí Thanh Hóa,Thanh Hoa Petroleum Construction JSC,CTCP Xây lắp Dầu khí Thanh Hóa - PVC-TH - Hồ sơ doanh nghiệp,MATCH,Công nghiệp,Hàng hóa công nghiệp,Kỹ thuật xây dựng,Công nghiệp,Hàng hóa công nghiệp,Kỹ thuật xây dựng,Xây dựng,NORMAL,15,ky thuat xay dung,VIETSTOCK_RULE,VIETSTOCK,https://finance.vietstock.vn/PVH/ho-so-doanh-nghiep.htm,https://finance.vietstock.vn/PVH/tai-chinh.htm?tab=BCTT,OK,NO,
PVI,HNX,CTCP PVI,CTCP PVI,PVI Holdings,CTCP PVI - PVI - Hồ sơ doanh nghiệp,MATCH,Tài chính,Bảo hiểm,Bảo hiểm,Tài chính,Bảo hiểm,,Bảo hiểm,INSURANCE,3,bao hiem,VIETSTOCK_RULE,VIETSTOCK,https://finance.vietstock.vn/PVI/ho-so-doanh-nghiep.htm,https://finance.vietstock.vn/PVI/tai-chinh.htm?tab=BCTT,OK,NO,
PVL,UPCOM,CTCP Đầu tư Nhà Đất Việt,CTCP Đầu tư Nhà Đất Việt,Viet Property Investment Joint Stock Company,"CTCP Địa ốc Dầu khí - PVL., JSC - Hồ sơ doanh nghiệp",MISMATCH_REVIEW,Bất động sản,Bất động sản,Quản lý và phát triển bất động sản,Bất động sản,Quản lý và phát triển bất động sản,,Khác / cần duyệt,NORMAL,99,,REVIEW,,https://finance.vietstock.vn/PVL/ho-so-doanh-nghiep.htm,https://finance.vietstock.vn/PVL/tai-chinh.htm?tab=BCTT,OK,YES,Tên VNStock khác Vietstock | Chưa map được ngành
PVM,UPCOM,CTCP Máy - Thiết bị Dầu khí,CTCP Máy - Thiết bị Dầu khí,PetroVietNam Machinery - Technology JSC,"CTCP Máy - Thiết bị Dầu khí - PVMachino.,JSC - Hồ sơ doanh nghiệp",MATCH,Công nghiệp,Hàng hóa công nghiệp,Máy móc công nghiệp,Công nghiệp,Hàng hóa công nghiệp,Máy móc công nghiệp,Máy móc & Thiết bị,NORMAL,30,may moc,VIETSTOCK_RULE,VIETSTOCK,https://finance.vietstock.vn/PVM/ho-so-doanh-nghiep.htm,https://finance.vietstock.vn/PVM/tai-chinh.htm?tab=BCTT,OK,NO,
PVR,UPCOM,CTCP Đầu tư PVR Hà Nội,CTCP Đầu tư PVR Hà Nội,Ha Noi PVR Investment Joint Stock Company,"CTCP Đầu tư PVR Hà Nội - HANOI PVR., JSC - Hồ sơ doanh nghiệp",MATCH,Bất động sản,Bất động sản,Quản lý và phát triển bất động sản,Bất động sản,Quản lý và phát triển bất động sản,,Khác / cần duyệt,NORMAL,99,,REVIEW,,https://finance.vietstock.vn/PVR/ho-so-doanh-nghiep.htm,https://finance.vietstock.vn/PVR/tai-chinh.htm?tab=BCTT,OK,YES,Chưa map được ngành
PVV,UPCOM,CTCP Vinaconex 39,CTCP Vinaconex 39,Vinaconex 39 JSC,CTCP Vinaconex 39 - VINACONEX 39 - Hồ sơ doanh nghiệp,MATCH,Công nghiệp,Hàng hóa công nghiệp,Kỹ thuật xây dựng,Công nghiệp,Hàng hóa công nghiệp,Kỹ thuật xây dựng,Xây dựng,NORMAL,15,ky thuat xay dung,VIETSTOCK_RULE,VIETSTOCK,https://finance.vietstock.vn/PVV/ho-so-doanh-nghiep.htm,https://finance.vietstock.vn/PVV/tai-chinh.htm?tab=BCTT,OK,NO,
PVX,UPCOM,Tổng Công ty cổ phần Xây lắp Dầu khí Việt Nam,Tổng Công ty cổ phần Xây lắp Dầu khí Việt Nam,Petro Vietnam Construction Joint Stock Corporation,Tổng Công ty cổ phần Xây lắp Dầu khí Việt Nam - PETROCONs - Hồ sơ doanh nghiệp,MATCH,Công nghiệp,Hàng hóa công nghiệp,Kỹ thuật xây dựng,Công nghiệp,Hàng hóa công nghiệp,Kỹ thuật xây dựng,Xây dựng,NORMAL,15,ky thuat xay dung,VIETSTOCK_RULE,VIETSTOCK,https://finance.vietstock.vn/PVX/ho-so-doanh-nghiep.htm,https://finance.vietstock.vn/PVX/tai-chinh.htm?tab=BCTT,OK,NO,
PVY,UPCOM,CTCP Chế tạo Giàn khoan Dầu khí,CTCP Chế tạo Giàn khoan Dầu khí,Petrovietnam Marine Shipyard JSC,CTCP Chế tạo Giàn khoan Dầu khí - PV Shipyard - Hồ sơ doanh nghiệp,MATCH,Năng lượng,Năng lượng,Thiết bị và dịch vụ năng lượng,Năng lượng,Thiết bị và dịch vụ năng lượng,,Khác / cần duyệt,NORMAL,99,,REVIEW,,https://finance.vietstock.vn/PVY/ho-so-doanh-nghiep.htm,https://finance.vietstock.vn/PVY/tai-chinh.htm?tab=BCTT,OK,YES,Chưa map được ngành
PWS,UPCOM,CTCP Cấp thoát nước Phú Yên,CTCP Cấp thoát nước Phú Yên,Phu Yen Water Supply And Sewerage Joint Stock Company,CTCP Cấp thoát nước Phú Yên - PYWASE - Hồ sơ doanh nghiệp,MATCH,Tiện ích,Tiện ích,Nước,Tiện ích,Nước,,Khác / cần duyệt,NORMAL,99,,REVIEW,,https://finance.vietstock.vn/PWS/ho-so-doanh-nghiep.htm,https://finance.vietstock.vn/PWS/tai-chinh.htm?tab=BCTT,OK,YES,Chưa map được ngành
PXC,UPCOM,CTCP Phát triển Đô thị Dầu khí,CTCP Phát triển Đô thị Dầu khí,PetroVietnam Urban Development JSC,CTCP Phát triển Đô thị Dầu khí - PVC-MEKONG - Hồ sơ doanh nghiệp,MATCH,Công nghiệp,Hàng hóa công nghiệp,Kỹ thuật xây dựng,Công nghiệp,Hàng hóa công nghiệp,Kỹ thuật xây dựng,Xây dựng,NORMAL,15,ky thuat xay dung,VIETSTOCK_RULE,VIETSTOCK,https://finance.vietstock.vn/PXC/ho-so-doanh-nghiep.htm,https://finance.vietstock.vn/PXC/tai-chinh.htm?tab=BCTT,OK,NO,
PXI,UPCOM,CTCP Xây dựng Công nghiệp và Dân dụng Dầu khí,CTCP Xây dựng Công nghiệp và Dân dụng Dầu khí,Petroleum Industrial & Civil Construction JSC,CTCP Xây dựng Công nghiệp và Dân dụng Dầu khí - PETROCONS-IC - Hồ sơ doanh nghiệp,MATCH,Công nghiệp,Hàng hóa công nghiệp,Kỹ thuật xây dựng,Công nghiệp,Hàng hóa công nghiệp,Kỹ thuật xây dựng,Xây dựng,NORMAL,15,ky thuat xay dung,VIETSTOCK_RULE,VIETSTOCK,https://finance.vietstock.vn/PXI/ho-so-doanh-nghiep.htm,https://finance.vietstock.vn/PXI/tai-chinh.htm?tab=BCTT,OK,NO,
PXL,UPCOM,CTCP Đầu tư Khu Công nghiệp Dầu khí Long Sơn,CTCP Đầu tư Khu Công nghiệp Dầu khí Long Sơn,Long Son Petroleum Industrial Zone Investment JSC,CTCP Đầu tư Khu Công nghiệp Dầu khí Long Sơn - LONG SON PIC - Hồ sơ doanh nghiệp,MATCH,Bất động sản,Bất động sản,Quản lý và phát triển bất động sản,Bất động sản,Quản lý và phát triển bất động sản,,Khác / cần duyệt,NORMAL,99,,REVIEW,,https://finance.vietstock.vn/PXL/ho-so-doanh-nghiep.htm,https://finance.vietstock.vn/PXL/tai-chinh.htm?tab=BCTT,OK,YES,Chưa map được ngành
PXS,UPCOM,CTCP Kết cấu Kim loại và Lắp máy Dầu khí,CTCP Kết cấu Kim loại và Lắp máy Dầu khí,"Petroleum Equipment Assembly & Metal Structure .,JSC",CTCP Kết cấu Kim loại và Lắp máy Dầu khí - PETROCONS- MS - Hồ sơ doanh nghiệp,MATCH,Công nghiệp,Hàng hóa công nghiệp,Kỹ thuật xây dựng,Công nghiệp,Hàng hóa công nghiệp,Kỹ thuật xây dựng,Xây dựng,NORMAL,15,ky thuat xay dung,VIETSTOCK_RULE,VIETSTOCK,https://finance.vietstock.vn/PXS/ho-so-doanh-nghiep.htm,https://finance.vietstock.vn/PXS/tai-chinh.htm?tab=BCTT,OK,NO,
QBS,UPCOM,CTCP Xuất nhập khẩu Quảng Bình,CTCP Xuất nhập khẩu Quảng Bình,Quang Binh Import & Export JSC,CTCP Xuất nhập khẩu Quảng Bình - Quang Binh JSC - Hồ sơ doanh nghiệp,MATCH,Nguyên vật liệu,Nguyên vật liệu,Hóa chất,Nguyên vật liệu,Hóa chất,,Hóa chất,NORMAL,10,hoa chat,VIETSTOCK_RULE,VIETSTOCK,https://finance.vietstock.vn/QBS/ho-so-doanh-nghiep.htm,https://finance.vietstock.vn/QBS/tai-chinh.htm?tab=BCTT,OK,NO,
QNC,UPCOM,CTCP Xi măng và Xây dựng Quảng Ninh,CTCP Xi măng và Xây dựng Quảng Ninh,Quang Ninh Construction & Cement Joint Stock Company,CTCP Xi măng và Xây dựng Quảng Ninh - QNCC - Hồ sơ doanh nghiệp,MATCH,Nguyên vật liệu,Nguyên vật liệu,Vật liệu xây dựng,Nguyên vật liệu,Vật liệu xây dựng,,Vật liệu xây dựng,NORMAL,16,vat lieu xay dung,VIETSTOCK_RULE,VIETSTOCK,https://finance.vietstock.vn/QNC/ho-so-doanh-nghiep.htm,https://finance.vietstock.vn/QNC/tai-chinh.htm?tab=BCTT,OK,NO,
QNS,UPCOM,CTCP Đường Quảng Ngãi,CTCP Đường Quảng Ngãi,Quang Ngai Sugar Joint Stock Company,CTCP Đường Quảng Ngãi - QNS - Hồ sơ doanh nghiệp,MATCH,Tiêu dùng thiết yếu,"Thực phẩm, đồ uống và thuốc lá",Thực phẩm,Tiêu dùng thiết yếu,"Thực phẩm, đồ uống và thuốc lá",Thực phẩm,Thực phẩm & đồ uống,NORMAL,18,thuc pham,VIETSTOCK_RULE,VIETSTOCK,https://finance.vietstock.vn/QNS/ho-so-doanh-nghiep.htm,https://finance.vietstock.vn/QNS/tai-chinh.htm?tab=BCTT,OK,NO,
RAL,HOSE,CTCP Bóng đèn Phích nước Rạng Đông,CTCP Bóng đèn Phích nước Rạng Đông,Rangdong Light Source And Vacuum Flask JSC,CTCP Bóng đèn Phích nước Rạng Đông - RALACO - Hồ sơ doanh nghiệp,MATCH,Công nghiệp,Hàng hóa công nghiệp,Thiết bị điện,Công nghiệp,Hàng hóa công nghiệp,Thiết bị điện,Khác / cần duyệt,NORMAL,99,,REVIEW,,https://finance.vietstock.vn/RAL/ho-so-doanh-nghiep.htm,https://finance.vietstock.vn/RAL/tai-chinh.htm?tab=BCTT,OK,YES,Chưa map được ngành
RCC,UPCOM,CTCP Tổng Công ty Công trình Đường sắt,CTCP Tổng Công ty Công trình Đường sắt,Railway Construction Corporation Joint Stock Company,"CTCP Tổng Công ty Công trình Đường sắt Việt Nam - VRCC., JSC - Hồ sơ doanh nghiệp",MATCH,Công nghiệp,Hàng hóa công nghiệp,Kỹ thuật xây dựng,Công nghiệp,Hàng hóa công nghiệp,Kỹ thuật xây dựng,Xây dựng,NORMAL,15,ky thuat xay dung,VIETSTOCK_RULE,VIETSTOCK,https://finance.vietstock.vn/RCC/ho-so-doanh-nghiep.htm,https://finance.vietstock.vn/RCC/tai-chinh.htm?tab=BCTT,OK,NO,
RDP,UPCOM,CTCP Rạng Đông Holding,CTCP Rạng Đông Holding,Rang Dong Holding Plastic JSC,CTCP Rạng Đông Holding - RDP - Hồ sơ doanh nghiệp,MATCH,Nguyên vật liệu,Nguyên vật liệu,Bao bì và vật chứa,Nguyên vật liệu,Bao bì và vật chứa,,Bao bì,NORMAL,31,bao bi,VIETSTOCK_RULE,VIETSTOCK,https://finance.vietstock.vn/RDP/ho-so-doanh-nghiep.htm,https://finance.vietstock.vn/RDP/tai-chinh.htm?tab=BCTT,OK,NO,
RIC,UPCOM,CTCP Quốc tế Hoàng Gia,CTCP Quốc tế Hoàng Gia,The Royal International Corporation,CTCP Quốc tế Hoàng Gia - Royal International Corp - Hồ sơ doanh nghiệp,MATCH,Tiêu dùng không thiết yếu,Dịch vụ tiêu dùng,"Khách sạn, nhà hàng và giải trí",Tiêu dùng không thiết yếu,Dịch vụ tiêu dùng,"Khách sạn, nhà hàng và giải trí",Du lịch & Giải trí,NORMAL,27,giai tri,VIETSTOCK_RULE,VIETSTOCK,https://finance.vietstock.vn/RIC/ho-so-doanh-nghiep.htm,https://finance.vietstock.vn/RIC/tai-chinh.htm?tab=BCTT,OK,NO,
RTB,UPCOM,CTCP Cao su Tân Biên,CTCP Cao su Tân Biên,Tan Bien Rubber JSC,CTCP Cao su Tân Biên - TABIRUCO (TBRC) - Hồ sơ doanh nghiệp,MATCH,Nguyên vật liệu,Nguyên vật liệu,Hóa chất,Nguyên vật liệu,Hóa chất,,Hóa chất,NORMAL,10,hoa chat,VIETSTOCK_RULE,VIETSTOCK,https://finance.vietstock.vn/RTB/ho-so-doanh-nghiep.htm,https://finance.vietstock.vn/RTB/tai-chinh.htm?tab=BCTT,OK,NO,
RYG,HOSE,CTCP Sản xuất và Đầu tư Hoàng Gia,CTCP Sản xuất và Đầu tư Hoàng Gia,Royal Manufacture and Investment Joint Stock Company,CTCP Sản xuất và Đầu tư Hoàng Gia - Royal Invest JSC - Hồ sơ doanh nghiệp,MATCH,Nguyên vật liệu,Nguyên vật liệu,Vật liệu xây dựng,Nguyên vật liệu,Vật liệu xây dựng,,Vật liệu xây dựng,NORMAL,16,vat lieu xay dung,VIETSTOCK_RULE,VIETSTOCK,https://finance.vietstock.vn/RYG/ho-so-doanh-nghiep.htm,https://finance.vietstock.vn/RYG/tai-chinh.htm?tab=BCTT,OK,NO,
S4A,HOSE,CTCP Thủy điện Sê San 4A,CTCP Thủy điện Sê San 4A,Se San 4A Hydro Power JSC,CTCP Thủy điện Sê San 4A - SHJC - Hồ sơ doanh nghiệp,MATCH,Tiện ích,Tiện ích,Điện,Tiện ích,Điện,,Khác / cần duyệt,NORMAL,99,,REVIEW,,https://finance.vietstock.vn/S4A/ho-so-doanh-nghiep.htm,https://finance.vietstock.vn/S4A/tai-chinh.htm?tab=BCTT,OK,YES,Chưa map được ngành
S99,HNX,CTCP SCI,CTCP SCI,SCI Joint Stock Company,CTCP SCI - SCI - Hồ sơ doanh nghiệp,MATCH,Công nghiệp,Hàng hóa công nghiệp,Kỹ thuật xây dựng,Công nghiệp,Hàng hóa công nghiệp,Kỹ thuật xây dựng,Xây dựng,NORMAL,15,ky thuat xay dung,VIETSTOCK_RULE,VIETSTOCK,https://finance.vietstock.vn/S99/ho-so-doanh-nghiep.htm,https://finance.vietstock.vn/S99/tai-chinh.htm?tab=BCTT,OK,NO,
SAM,HOSE,CTCP SAM Holdings,CTCP SAM Holdings,SAM Holdings Corporation,CTCP SAM Holdings - SAM Holdings - Hồ sơ doanh nghiệp,MATCH,Công nghiệp,Hàng hóa công nghiệp,Thiết bị điện,Công nghiệp,Hàng hóa công nghiệp,Thiết bị điện,Khác / cần duyệt,NORMAL,99,,REVIEW,,https://finance.vietstock.vn/SAM/ho-so-doanh-nghiep.htm,https://finance.vietstock.vn/SAM/tai-chinh.htm?tab=BCTT,OK,YES,Chưa map được ngành
SAS,UPCOM,CTCP Dịch vụ Hàng không Sân bay Tân Sơn Nhất,CTCP Dịch vụ Hàng không Sân bay Tân Sơn Nhất,Southern Airports Services JSC,CTCP Dịch vụ Hàng không Sân bay Tân Sơn Nhất - SASCO - Hồ sơ doanh nghiệp,MATCH,Công nghiệp,Vận tải,Hạ tầng giao thông,Công nghiệp,Vận tải,Hạ tầng giao thông,Khác / cần duyệt,NORMAL,99,,REVIEW,,https://finance.vietstock.vn/SAS/ho-so-doanh-nghiep.htm,https://finance.vietstock.vn/SAS/tai-chinh.htm?tab=BCTT,OK,YES,Chưa map được ngành
SAV,HOSE,CTCP Hợp tác Kinh tế và Xuất nhập khẩu Savimex,CTCP Hợp tác Kinh tế và Xuất nhập khẩu Savimex,Savimex Corporation,CTCP Hợp tác Kinh tế và Xuất nhập khẩu Savimex - SAVIMEX - Hồ sơ doanh nghiệp,MATCH,Tiêu dùng không thiết yếu,Thời trang và hàng lâu bền,Hàng tiêu dùng lâu bền,Tiêu dùng không thiết yếu,Thời trang và hàng lâu bền,Hàng tiêu dùng lâu bền,Hàng tiêu dùng lâu bền,NORMAL,36,hang tieu dung lau ben,VIETSTOCK_RULE,VIETSTOCK,https://finance.vietstock.vn/SAV/ho-so-doanh-nghiep.htm,https://finance.vietstock.vn/SAV/tai-chinh.htm?tab=BCTT,OK,NO,
SBA,HOSE,CTCP Sông Ba,CTCP Sông Ba,Song Ba JSC,CTCP Sông Ba - SBA - Hồ sơ doanh nghiệp,MATCH,Tiện ích,Tiện ích,Phát điện độc lập và điện tái tạo,Tiện ích,Phát điện độc lập và điện tái tạo,,Khác / cần duyệt,NORMAL,99,,REVIEW,,https://finance.vietstock.vn/SBA/ho-so-doanh-nghiep.htm,https://finance.vietstock.vn/SBA/tai-chinh.htm?tab=BCTT,OK,YES,Chưa map được ngành
SBB,UPCOM,CTCP Tập đoàn Bia Sài Gòn - Bình Tây,CTCP Tập đoàn Bia Sài Gòn - Bình Tây,SaiGon Binh Tay Beer Group Joint Stock Company,CTCP Tập đoàn Bia Sài Gòn - Bình Tây - Sabibeco Group - Hồ sơ doanh nghiệp,MATCH,Tiêu dùng thiết yếu,"Thực phẩm, đồ uống và thuốc lá",Đồ uống,Tiêu dùng thiết yếu,"Thực phẩm, đồ uống và thuốc lá",Đồ uống,Thực phẩm & đồ uống,NORMAL,18,thuc pham,VIETSTOCK_RULE,VIETSTOCK,https://finance.vietstock.vn/SBB/ho-so-doanh-nghiep.htm,https://finance.vietstock.vn/SBB/tai-chinh.htm?tab=BCTT,OK,NO,
SBG,HOSE,CTCP Tập đoàn Cơ khí Công nghệ cao Siba,CTCP Tập đoàn Cơ khí Công nghệ cao Siba,Siba High-Tech Mechanical Group Joint Stock Company,CTCP Tập đoàn Cơ khí Công nghệ cao Siba - SIBA GROUP JSC - Hồ sơ doanh nghiệp,MATCH,Công nghiệp,Hàng hóa công nghiệp,Máy móc công nghiệp,Công nghiệp,Hàng hóa công nghiệp,Máy móc công nghiệp,Máy móc & Thiết bị,NORMAL,30,may moc,VIETSTOCK_RULE,VIETSTOCK,https://finance.vietstock.vn/SBG/ho-so-doanh-nghiep.htm,https://finance.vietstock.vn/SBG/tai-chinh.htm?tab=BCTT,OK,NO,
SBH,UPCOM,CTCP Thủy điện Sông Ba Hạ,CTCP Thủy điện Sông Ba Hạ,Song Ba Ha Hydro Power JSC,CTCP Thủy điện Sông Ba Hạ - SBH - Hồ sơ doanh nghiệp,MATCH,Tiện ích,Tiện ích,Phát điện độc lập và điện tái tạo,Tiện ích,Phát điện độc lập và điện tái tạo,,Khác / cần duyệt,NORMAL,99,,REVIEW,,https://finance.vietstock.vn/SBH/ho-so-doanh-nghiep.htm,https://finance.vietstock.vn/SBH/tai-chinh.htm?tab=BCTT,OK,YES,Chưa map được ngành
SBM,UPCOM,CTCP Đầu tư Phát triển Bắc Minh,CTCP Đầu tư Phát triển Bắc Minh,Bac Minh Development Investment Joint Stock Company,"CTCP Đầu tư Phát triển Bắc Minh - SBM.,JSC - Hồ sơ doanh nghiệp",MATCH,Tiện ích,Tiện ích,Phát điện độc lập và điện tái tạo,Tiện ích,Phát điện độc lập và điện tái tạo,,Khác / cần duyệt,NORMAL,99,,REVIEW,,https://finance.vietstock.vn/SBM/ho-so-doanh-nghiep.htm,https://finance.vietstock.vn/SBM/tai-chinh.htm?tab=BCTT,OK,YES,Chưa map được ngành
SBR,UPCOM,CTCP Cao su Sông Bé,CTCP Cao su Sông Bé,Song Be Rubber Joint Stock Company,CTCP Cao su Sông Bé - SORUCO - Hồ sơ doanh nghiệp,MATCH,Nguyên vật liệu,Nguyên vật liệu,Hóa chất,Nguyên vật liệu,Hóa chất,,Hóa chất,NORMAL,10,hoa chat,VIETSTOCK_RULE,VIETSTOCK,https://finance.vietstock.vn/SBR/ho-so-doanh-nghiep.htm,https://finance.vietstock.vn/SBR/tai-chinh.htm?tab=BCTT,OK,NO,
SBV,HOSE,CTCP Siam Brothers Việt Nam,CTCP Siam Brothers Việt Nam,Siam Brothers Vietnam JSC,CTCP Siam Brothers Việt Nam - SBVN - Hồ sơ doanh nghiệp,MATCH,Tiêu dùng không thiết yếu,Thời trang và hàng lâu bền,Hàng tiêu dùng lâu bền,Tiêu dùng không thiết yếu,Thời trang và hàng lâu bền,Hàng tiêu dùng lâu bền,Hàng tiêu dùng lâu bền,NORMAL,36,hang tieu dung lau ben,VIETSTOCK_RULE,VIETSTOCK,https://finance.vietstock.vn/SBV/ho-so-doanh-nghiep.htm,https://finance.vietstock.vn/SBV/tai-chinh.htm?tab=BCTT,OK,NO,
SCG,HNX,CTCP Tập đoàn Xây dựng SCG,CTCP Tập đoàn Xây dựng SCG,SCG Construction Group Joint Stock Company,"CTCP Tập đoàn Xây dựng SCG - SCG CONSTRUCTION GROUP., JSC - Hồ sơ doanh nghiệp",MATCH,Công nghiệp,Hàng hóa công nghiệp,Kỹ thuật xây dựng,Công nghiệp,Hàng hóa công nghiệp,Kỹ thuật xây dựng,Xây dựng,NORMAL,15,ky thuat xay dung,VIETSTOCK_RULE,VIETSTOCK,https://finance.vietstock.vn/SCG/ho-so-doanh-nghiep.htm,https://finance.vietstock.vn/SCG/tai-chinh.htm?tab=BCTT,OK,NO,
SCI,HNX,CTCP SCI E&C,CTCP SCI E&C,SCI E&C Joint Stock Company,CTCP SCI E&C - SCI - E&C - Hồ sơ doanh nghiệp,MATCH,Công nghiệp,Hàng hóa công nghiệp,Kỹ thuật xây dựng,Công nghiệp,Hàng hóa công nghiệp,Kỹ thuật xây dựng,Xây dựng,NORMAL,15,ky thuat xay dung,VIETSTOCK_RULE,VIETSTOCK,https://finance.vietstock.vn/SCI/ho-so-doanh-nghiep.htm,https://finance.vietstock.vn/SCI/tai-chinh.htm?tab=BCTT,OK,NO,
SCJ,UPCOM,CTCP Xi măng Sài Sơn,CTCP Xi măng Sài Sơn,Sai Son Cement Joint Stock Company,CTCP Xi măng Sài Sơn - SASOCO - Hồ sơ doanh nghiệp,MATCH,Nguyên vật liệu,Nguyên vật liệu,Vật liệu xây dựng,Nguyên vật liệu,Vật liệu xây dựng,,Vật liệu xây dựng,NORMAL,16,vat lieu xay dung,VIETSTOCK_RULE,VIETSTOCK,https://finance.vietstock.vn/SCJ/ho-so-doanh-nghiep.htm,https://finance.vietstock.vn/SCJ/tai-chinh.htm?tab=BCTT,OK,NO,
SD5,HNX,CTCP Sông Đà 5,CTCP Sông Đà 5,Song Da No 5 JSC,CTCP Sông Đà 5 - SONG DA 5 - Hồ sơ doanh nghiệp,MATCH,Công nghiệp,Hàng hóa công nghiệp,Kỹ thuật xây dựng,Công nghiệp,Hàng hóa công nghiệp,Kỹ thuật xây dựng,Xây dựng,NORMAL,15,ky thuat xay dung,VIETSTOCK_RULE,VIETSTOCK,https://finance.vietstock.vn/SD5/ho-so-doanh-nghiep.htm,https://finance.vietstock.vn/SD5/tai-chinh.htm?tab=BCTT,OK,NO,
SD6,UPCOM,CTCP Sông Đà 6,CTCP Sông Đà 6,Song Da 6 JSC,CTCP Sông Đà 6 - SÔNG ĐÀ 6 - Hồ sơ doanh nghiệp,MATCH,Công nghiệp,Hàng hóa công nghiệp,Kỹ thuật xây dựng,Công nghiệp,Hàng hóa công nghiệp,Kỹ thuật xây dựng,Xây dựng,NORMAL,15,ky thuat xay dung,VIETSTOCK_RULE,VIETSTOCK,https://finance.vietstock.vn/SD6/ho-so-doanh-nghiep.htm,https://finance.vietstock.vn/SD6/tai-chinh.htm?tab=BCTT,OK,NO,
SD9,HNX,CTCP Sông Đà 9,CTCP Sông Đà 9,Song Da No 9 Joint Stock Company,"CTCP Sông Đà 9 - SONG DA 9.,JSC - Hồ sơ doanh nghiệp",MATCH,Tiện ích,Tiện ích,Phát điện độc lập và điện tái tạo,Tiện ích,Phát điện độc lập và điện tái tạo,,Khác / cần duyệt,NORMAL,99,,REVIEW,,https://finance.vietstock.vn/SD9/ho-so-doanh-nghiep.htm,https://finance.vietstock.vn/SD9/tai-chinh.htm?tab=BCTT,OK,YES,Chưa map được ngành
SDA,HNX,CTCP Simco Sông Đà,CTCP Simco Sông Đà,Simco Song Da JSC,CTCP Simco Sông Đà - SIMCO - Hồ sơ doanh nghiệp,MATCH,Công nghiệp,Dịch vụ thương mại và chuyên nghiệp,Dịch vụ chuyên nghiệp,Công nghiệp,Dịch vụ thương mại và chuyên nghiệp,Dịch vụ chuyên nghiệp,Dịch vụ công nghiệp,NORMAL,34,dich vu chuyen nghiep,VIETSTOCK_RULE,VIETSTOCK,https://finance.vietstock.vn/SDA/ho-so-doanh-nghiep.htm,https://finance.vietstock.vn/SDA/tai-chinh.htm?tab=BCTT,OK,NO,
SDT,UPCOM,CTCP Sông Đà 10,CTCP Sông Đà 10,Song Da No 10 JSC,"CTCP Sông Đà 10 - SONG DA 10.,JSC - Hồ sơ doanh nghiệp",MATCH,Công nghiệp,Hàng hóa công nghiệp,Kỹ thuật xây dựng,Công nghiệp,Hàng hóa công nghiệp,Kỹ thuật xây dựng,Xây dựng,NORMAL,15,ky thuat xay dung,VIETSTOCK_RULE,VIETSTOCK,https://finance.vietstock.vn/SDT/ho-so-doanh-nghiep.htm,https://finance.vietstock.vn/SDT/tai-chinh.htm?tab=BCTT,OK,NO,
SEA,UPCOM,Tổng Công ty Thủy sản Việt Nam - CTCP,Tổng Công ty Thủy sản Việt Nam - CTCP,Vietnam Seaproducts Joint Stock Corporation,Tổng Công ty Thủy sản Việt Nam - CTCP - SEAPRODEX - Hồ sơ doanh nghiệp,MATCH,Tiêu dùng thiết yếu,"Thực phẩm, đồ uống và thuốc lá",Thực phẩm,Tiêu dùng thiết yếu,"Thực phẩm, đồ uống và thuốc lá",Thực phẩm,Thực phẩm & đồ uống,NORMAL,18,thuc pham,VIETSTOCK_RULE,VIETSTOCK,https://finance.vietstock.vn/SEA/ho-so-doanh-nghiep.htm,https://finance.vietstock.vn/SEA/tai-chinh.htm?tab=BCTT,OK,NO,
SEB,HNX,CTCP Đầu tư và Phát triển Điện Miền Trung,CTCP Đầu tư và Phát triển Điện Miền Trung,Mien Trung Power Investment & Development JSC,CTCP Đầu tư và Phát triển Điện Miền Trung - MIEN TRUNG PID JSC - Hồ sơ doanh nghiệp,MATCH,Tiện ích,Tiện ích,Phát điện độc lập và điện tái tạo,Tiện ích,Phát điện độc lập và điện tái tạo,,Khác / cần duyệt,NORMAL,99,,REVIEW,,https://finance.vietstock.vn/SEB/ho-so-doanh-nghiep.htm,https://finance.vietstock.vn/SEB/tai-chinh.htm?tab=BCTT,OK,YES,Chưa map được ngành
SFG,HOSE,CTCP Phân Bón Miền Nam,CTCP Phân Bón Miền Nam,The Southern Fertilizer JSC,CTCP Phân Bón Miền Nam - SFJC - Hồ sơ doanh nghiệp,MATCH,Nguyên vật liệu,Nguyên vật liệu,Hóa chất,Nguyên vật liệu,Hóa chất,,Hóa chất,NORMAL,10,hoa chat,VIETSTOCK_RULE,VIETSTOCK,https://finance.vietstock.vn/SFG/ho-so-doanh-nghiep.htm,https://finance.vietstock.vn/SFG/tai-chinh.htm?tab=BCTT,OK,NO,
SFI,HOSE,CTCP Đại lý Vận tải SAFI,CTCP Đại lý Vận tải SAFI,Sea & Air Freight International,CTCP Đại lý Vận tải SAFI - SAFI - Hồ sơ doanh nghiệp,MATCH,Công nghiệp,Vận tải,Hạ tầng giao thông,Công nghiệp,Vận tải,Hạ tầng giao thông,Khác / cần duyệt,NORMAL,99,,REVIEW,,https://finance.vietstock.vn/SFI/ho-so-doanh-nghiep.htm,https://finance.vietstock.vn/SFI/tai-chinh.htm?tab=BCTT,OK,YES,Chưa map được ngành
SGB,UPCOM,Ngân hàng TMCP Sài Gòn Công Thương,Ngân hàng TMCP Sài Gòn Công Thương,Saigon Bank For Industry And Trade,Ngân hàng TMCP Sài Gòn Công Thương - SAIGONBANK - Hồ sơ doanh nghiệp,MATCH,Tài chính,Tổ chức tín dụng,Ngân hàng,Tài chính,Tổ chức tín dụng,Ngân hàng,Ngân hàng,BANK,1,ngan hang,VIETSTOCK_RULE,VIETSTOCK,https://finance.vietstock.vn/SGB/ho-so-doanh-nghiep.htm,https://finance.vietstock.vn/SGB/tai-chinh.htm?tab=BCTT,OK,NO,
SGI,UPCOM,CTCP Đầu tư Phát triển Sài Gòn 3 Group,CTCP Đầu tư Phát triển Sài Gòn 3 Group,Saigon3 Group Investment Development JSC,CTCP Đầu tư SGI Holdings - SGI Holdings - Hồ sơ doanh nghiệp,MISMATCH_REVIEW,Tiêu dùng không thiết yếu,Thời trang và hàng lâu bền,Thời trang và dệt may,Tiêu dùng không thiết yếu,Thời trang và hàng lâu bền,Thời trang và dệt may,Dệt may,NORMAL,13,det may,VIETSTOCK_RULE,VIETSTOCK,https://finance.vietstock.vn/SGI/ho-so-doanh-nghiep.htm,https://finance.vietstock.vn/SGI/tai-chinh.htm?tab=BCTT,OK,YES,Tên VNStock khác Vietstock
SGN,HOSE,CTCP Phục vụ Mặt đất Sài Gòn,CTCP Phục vụ Mặt đất Sài Gòn,Saigon Ground Services JSC,CTCP Phục vụ Mặt đất Sài Gòn - SAGS - Hồ sơ doanh nghiệp,MATCH,Công nghiệp,Vận tải,Hạ tầng giao thông,Công nghiệp,Vận tải,Hạ tầng giao thông,Khác / cần duyệt,NORMAL,99,,REVIEW,,https://finance.vietstock.vn/SGN/ho-so-doanh-nghiep.htm,https://finance.vietstock.vn/SGN/tai-chinh.htm?tab=BCTT,OK,YES,Chưa map được ngành
SGP,UPCOM,CTCP Cảng Sài Gòn,CTCP Cảng Sài Gòn,Saigon Port Join Stock Company,CTCP Cảng Sài Gòn - Saigon Port - Hồ sơ doanh nghiệp,MATCH,Công nghiệp,Vận tải,Hạ tầng giao thông,Công nghiệp,Vận tải,Hạ tầng giao thông,Khác / cần duyệt,NORMAL,99,,REVIEW,,https://finance.vietstock.vn/SGP/ho-so-doanh-nghiep.htm,https://finance.vietstock.vn/SGP/tai-chinh.htm?tab=BCTT,OK,YES,Chưa map được ngành
SGR,HOSE,CTCP Tổng CTCP Địa ốc Sài Gòn,CTCP Tổng CTCP Địa ốc Sài Gòn,Saigon Real Estate Group Joint Stock Company,CTCP Tổng CTCP Địa ốc Sài Gòn - SAIGONRES GROUP - Hồ sơ doanh nghiệp,MATCH,Bất động sản,Bất động sản,Dịch vụ bất động sản,Bất động sản,Dịch vụ bất động sản,,Khác / cần duyệt,NORMAL,99,,REVIEW,,https://finance.vietstock.vn/SGR/ho-so-doanh-nghiep.htm,https://finance.vietstock.vn/SGR/tai-chinh.htm?tab=BCTT,OK,YES,Chưa map được ngành
SGT,HOSE,CTCP Công nghệ Viễn Thông Sài Gòn,CTCP Công nghệ Viễn Thông Sài Gòn,Sai Gon Telecommunication & Technologies Corporation,CTCP Công nghệ Viễn Thông Sài Gòn - SAIGONTEL - Hồ sơ doanh nghiệp,MATCH,Dịch vụ truyền thông,Dịch vụ viễn thông,Dịch vụ viễn thông đa dạng,Dịch vụ truyền thông,Dịch vụ viễn thông,Dịch vụ viễn thông đa dạng,Viễn thông,NORMAL,23,vien thong,VIETSTOCK_RULE,VIETSTOCK,https://finance.vietstock.vn/SGT/ho-so-doanh-nghiep.htm,https://finance.vietstock.vn/SGT/tai-chinh.htm?tab=BCTT,OK,NO,
SHA,HOSE,CTCP Sơn Hà Sài Gòn,CTCP Sơn Hà Sài Gòn,Son Ha Sai Gon Joint Stock Company,CTCP Sơn Hà Sài Gòn - Son Ha Sai Gon JSC - Hồ sơ doanh nghiệp,MATCH,Công nghiệp,Hàng hóa công nghiệp,Máy móc công nghiệp,Công nghiệp,Hàng hóa công nghiệp,Máy móc công nghiệp,Máy móc & Thiết bị,NORMAL,30,may moc,VIETSTOCK_RULE,VIETSTOCK,https://finance.vietstock.vn/SHA/ho-so-doanh-nghiep.htm,https://finance.vietstock.vn/SHA/tai-chinh.htm?tab=BCTT,OK,NO,
SHG,UPCOM,Tổng Công ty cổ phần Sông Hồng,Tổng Công ty cổ phần Sông Hồng,Song Hong Joint Stock Corporation,Tổng Công ty cổ phần Sông Hồng - SONGHONG CORP - Hồ sơ doanh nghiệp,MATCH,Công nghiệp,Hàng hóa công nghiệp,Kỹ thuật xây dựng,Công nghiệp,Hàng hóa công nghiệp,Kỹ thuật xây dựng,Xây dựng,NORMAL,15,ky thuat xay dung,VIETSTOCK_RULE,VIETSTOCK,https://finance.vietstock.vn/SHG/ho-so-doanh-nghiep.htm,https://finance.vietstock.vn/SHG/tai-chinh.htm?tab=BCTT,OK,NO,
SHP,HOSE,CTCP Thủy điện Miền Nam,CTCP Thủy điện Miền Nam,Southern Hydropower JSC,CTCP Thủy điện Miền Nam - SHP - Hồ sơ doanh nghiệp,MATCH,Tiện ích,Tiện ích,Phát điện độc lập và điện tái tạo,Tiện ích,Phát điện độc lập và điện tái tạo,,Khác / cần duyệt,NORMAL,99,,REVIEW,,https://finance.vietstock.vn/SHP/ho-so-doanh-nghiep.htm,https://finance.vietstock.vn/SHP/tai-chinh.htm?tab=BCTT,OK,YES,Chưa map được ngành
SID,UPCOM,CTCP Đầu tư Phát triển Sài Gòn Co.op,CTCP Đầu tư Phát triển Sài Gòn Co.op,Saigon Co.op Investment Development Joint Stock Company,CTCP Đầu tư Phát triển Sài Gòn Co.op - SCID JSC - Hồ sơ doanh nghiệp,MATCH,Bất động sản,Bất động sản,Quản lý và phát triển bất động sản,Bất động sản,Quản lý và phát triển bất động sản,,Khác / cần duyệt,NORMAL,99,,REVIEW,,https://finance.vietstock.vn/SID/ho-so-doanh-nghiep.htm,https://finance.vietstock.vn/SID/tai-chinh.htm?tab=BCTT,OK,YES,Chưa map được ngành
SII,UPCOM,CTCP Hạ tầng Nước Sài Gòn,CTCP Hạ tầng Nước Sài Gòn,Sai Gon Water Infrastructure Corporation,CTCP Hạ tầng Nước Sài Gòn - SAIGON WATER - Hồ sơ doanh nghiệp,MATCH,Tiện ích,Tiện ích,Nước,Tiện ích,Nước,,Khác / cần duyệt,NORMAL,99,,REVIEW,,https://finance.vietstock.vn/SII/ho-so-doanh-nghiep.htm,https://finance.vietstock.vn/SII/tai-chinh.htm?tab=BCTT,OK,YES,Chưa map được ngành
SIP,HOSE,CTCP Đầu tư Sài Gòn VRG,CTCP Đầu tư Sài Gòn VRG,Sai Gon VRG Investment Corporation,CTCP Đầu tư Sài Gòn VRG - SVRG CORP - Hồ sơ doanh nghiệp,MATCH,Bất động sản,Bất động sản,Quản lý và phát triển bất động sản,Bất động sản,Quản lý và phát triển bất động sản,,Khác / cần duyệt,NORMAL,99,,REVIEW,,https://finance.vietstock.vn/SIP/ho-so-doanh-nghiep.htm,https://finance.vietstock.vn/SIP/tai-chinh.htm?tab=BCTT,OK,YES,Chưa map được ngành
SJ1,HNX,CTCP Nông nghiệp Hùng Hậu,CTCP Nông nghiệp Hùng Hậu,Hung Hau Agricultural Corporation,CTCP Nông nghiệp Hùng Hậu - Hung Hau Agricultural Corp - Hồ sơ doanh nghiệp,MATCH,Tiêu dùng thiết yếu,"Thực phẩm, đồ uống và thuốc lá",Thực phẩm,Tiêu dùng thiết yếu,"Thực phẩm, đồ uống và thuốc lá",Thực phẩm,Thực phẩm & đồ uống,NORMAL,18,thuc pham,VIETSTOCK_RULE,VIETSTOCK,https://finance.vietstock.vn/SJ1/ho-so-doanh-nghiep.htm,https://finance.vietstock.vn/SJ1/tai-chinh.htm?tab=BCTT,OK,NO,
SJD,HOSE,CTCP Thủy điện Cần Đơn,CTCP Thủy điện Cần Đơn,Candon HydroPower Joint Stock Company,CTCP Thủy điện Cần Đơn - CANDON HSC - Hồ sơ doanh nghiệp,MATCH,Tiện ích,Tiện ích,Phát điện độc lập và điện tái tạo,Tiện ích,Phát điện độc lập và điện tái tạo,,Khác / cần duyệt,NORMAL,99,,REVIEW,,https://finance.vietstock.vn/SJD/ho-so-doanh-nghiep.htm,https://finance.vietstock.vn/SJD/tai-chinh.htm?tab=BCTT,OK,YES,Chưa map được ngành
SJE,HNX,CTCP Sông Đà 11,CTCP Sông Đà 11,Song Da No 11 JSC,CTCP Sông Đà 11 - SONGDA No11 - Hồ sơ doanh nghiệp,MATCH,Công nghiệp,Hàng hóa công nghiệp,Kỹ thuật xây dựng,Công nghiệp,Hàng hóa công nghiệp,Kỹ thuật xây dựng,Xây dựng,NORMAL,15,ky thuat xay dung,VIETSTOCK_RULE,VIETSTOCK,https://finance.vietstock.vn/SJE/ho-so-doanh-nghiep.htm,https://finance.vietstock.vn/SJE/tai-chinh.htm?tab=BCTT,OK,NO,
SJF,UPCOM,CTCP Đầu tư Sao Thái Dương,CTCP Đầu tư Sao Thái Dương,Sunstar Investment Joint Stock Company,CTCP Đầu tư Sao Thái Dương - SUNSTAR JAPAN FOODS JSC. - Hồ sơ doanh nghiệp,MATCH,Nguyên vật liệu,Nguyên vật liệu,Gỗ và giấy,Nguyên vật liệu,Gỗ và giấy,,Gỗ & Giấy,NORMAL,24,go va giay,VIETSTOCK_RULE,VIETSTOCK,https://finance.vietstock.vn/SJF/ho-so-doanh-nghiep.htm,https://finance.vietstock.vn/SJF/tai-chinh.htm?tab=BCTT,OK,NO,
SJG,UPCOM,Tổng Công ty Sông Đà - CTCP,Tổng Công ty Sông Đà - CTCP,SONG DA CORPORATION - JSC,Tổng Công ty Sông Đà - CTCP - SÔNG ĐÀ - Hồ sơ doanh nghiệp,MATCH,Công nghiệp,Hàng hóa công nghiệp,Kỹ thuật xây dựng,Công nghiệp,Hàng hóa công nghiệp,Kỹ thuật xây dựng,Xây dựng,NORMAL,15,ky thuat xay dung,VIETSTOCK_RULE,VIETSTOCK,https://finance.vietstock.vn/SJG/ho-so-doanh-nghiep.htm,https://finance.vietstock.vn/SJG/tai-chinh.htm?tab=BCTT,OK,NO,
SJS,HOSE,CTCP SJ Group,CTCP SJ Group,SJ Group Joint Stock Company,CTCP SJ Group - SJ Group - Hồ sơ doanh nghiệp,MATCH,Bất động sản,Bất động sản,Quản lý và phát triển bất động sản,Bất động sản,Quản lý và phát triển bất động sản,,Khác / cần duyệt,NORMAL,99,,REVIEW,,https://finance.vietstock.vn/SJS/ho-so-doanh-nghiep.htm,https://finance.vietstock.vn/SJS/tai-chinh.htm?tab=BCTT,OK,YES,Chưa map được ngành
SKG,HOSE,CTCP Tàu cao tốc Superdong - Kiên Giang,CTCP Tàu cao tốc Superdong - Kiên Giang,Superdong Fast Ferry Kieng Giang JSC,CTCP Tàu cao tốc Superdong - Kiên Giang - SUPERDONG FF (KG) JSC - Hồ sơ doanh nghiệp,MATCH,Công nghiệp,Vận tải,Vận tải biển,Công nghiệp,Vận tải,Vận tải biển,Cảng & Logistics,NORMAL,14,van tai bien,VIETSTOCK_RULE,VIETSTOCK,https://finance.vietstock.vn/SKG/ho-so-doanh-nghiep.htm,https://finance.vietstock.vn/SKG/tai-chinh.htm?tab=BCTT,OK,NO,
SKV,UPCOM,CTCP Nước giải khát Yến sào Khánh Hòa,CTCP Nước giải khát Yến sào Khánh Hòa,Khanh Hoa Salanganest Nest Soft Drink Joint Stock Company,CTCP Nước giải khát Yến sào Khánh Hòa - YEN SAO KHANH HOA SANEST - Hồ sơ doanh nghiệp,MATCH,Tiêu dùng thiết yếu,"Thực phẩm, đồ uống và thuốc lá",Đồ uống,Tiêu dùng thiết yếu,"Thực phẩm, đồ uống và thuốc lá",Đồ uống,Thực phẩm & đồ uống,NORMAL,18,thuc pham,VIETSTOCK_RULE,VIETSTOCK,https://finance.vietstock.vn/SKV/ho-so-doanh-nghiep.htm,https://finance.vietstock.vn/SKV/tai-chinh.htm?tab=BCTT,OK,NO,
SLD,UPCOM,CTCP Địa ốc Sacom,CTCP Địa ốc Sacom,Sacom Land Corporation,CTCP Địa ốc Sacom - Sacom Land - Hồ sơ doanh nghiệp,MATCH,Bất động sản,Bất động sản,Quản lý và phát triển bất động sản,Bất động sản,Quản lý và phát triển bất động sản,,Khác / cần duyệt,NORMAL,99,,REVIEW,,https://finance.vietstock.vn/SLD/ho-so-doanh-nghiep.htm,https://finance.vietstock.vn/SLD/tai-chinh.htm?tab=BCTT,OK,YES,Chưa map được ngành
SMB,HOSE,CTCP Bia Sài Gòn - Miền Trung,CTCP Bia Sài Gòn - Miền Trung,Sai Gon - Mien Trung Beer JSC,CTCP Bia Sài Gòn - Miền Trung - SMB - Hồ sơ doanh nghiệp,MATCH,Tiêu dùng thiết yếu,"Thực phẩm, đồ uống và thuốc lá",Đồ uống,Tiêu dùng thiết yếu,"Thực phẩm, đồ uống và thuốc lá",Đồ uống,Thực phẩm & đồ uống,NORMAL,18,thuc pham,VIETSTOCK_RULE,VIETSTOCK,https://finance.vietstock.vn/SMB/ho-so-doanh-nghiep.htm,https://finance.vietstock.vn/SMB/tai-chinh.htm?tab=BCTT,OK,NO,
SMC,HOSE,CTCP Đầu tư Thương mại SMC,CTCP Đầu tư Thương mại SMC,SMC Trading Investment Joint Stock Company,CTCP Đầu tư Thương mại SMC - SMC J.S.C. - Hồ sơ doanh nghiệp,MATCH,Nguyên vật liệu,Nguyên vật liệu,Khai khoáng và luyện kim,Nguyên vật liệu,Khai khoáng và luyện kim,,Kim loại & Khoáng sản,NORMAL,32,khai khoang,VIETSTOCK_RULE,VIETSTOCK,https://finance.vietstock.vn/SMC/ho-so-doanh-nghiep.htm,https://finance.vietstock.vn/SMC/tai-chinh.htm?tab=BCTT,OK,NO,
SNZ,UPCOM,Tổng Công ty cổ phần Phát triển Khu Công nghiệp,Tổng Công ty cổ phần Phát triển Khu Công nghiệp,Sonadezi Corporation,Tổng Công ty cổ phần Phát triển Khu Công nghiệp - SONADEZI - Hồ sơ doanh nghiệp,MATCH,Bất động sản,Bất động sản,Quản lý và phát triển bất động sản,Bất động sản,Quản lý và phát triển bất động sản,,Khác / cần duyệt,NORMAL,99,,REVIEW,,https://finance.vietstock.vn/SNZ/ho-so-doanh-nghiep.htm,https://finance.vietstock.vn/SNZ/tai-chinh.htm?tab=BCTT,OK,YES,Chưa map được ngành
SP2,UPCOM,CTCP Thủy điện Sử Pán 2,CTCP Thủy điện Sử Pán 2,Su Pan 2 Hydroprwer JSC,CTCP Thủy điện Sử Pán 2 - Su Pan No2 HJSC - Hồ sơ doanh nghiệp,MATCH,Tiện ích,Tiện ích,Phát điện độc lập và điện tái tạo,Tiện ích,Phát điện độc lập và điện tái tạo,,Khác / cần duyệt,NORMAL,99,,REVIEW,,https://finance.vietstock.vn/SP2/ho-so-doanh-nghiep.htm,https://finance.vietstock.vn/SP2/tai-chinh.htm?tab=BCTT,OK,YES,Chưa map được ngành
SRA,HNX,CTCP Sara Việt Nam,CTCP Sara Việt Nam,Sara Vietnam JSC,"CTCP Sara Việt Nam - SARA.,JSC - Hồ sơ doanh nghiệp",MATCH,Chăm sóc sức khỏe,Thiết bị và dịch vụ chăm sóc sức khỏe,Thiết bị và vật tư chăm sóc sức khỏe,Chăm sóc sức khỏe,Thiết bị và dịch vụ chăm sóc sức khỏe,Thiết bị và vật tư chăm sóc sức khỏe,Dược & Y tế,NORMAL,19,cham soc suc khoe,VIETSTOCK_RULE,VIETSTOCK,https://finance.vietstock.vn/SRA/ho-so-doanh-nghiep.htm,https://finance.vietstock.vn/SRA/tai-chinh.htm?tab=BCTT,OK,NO,
SRC,HOSE,CTCP Cao su Sao Vàng,CTCP Cao su Sao Vàng,Sao Vang Rubber Joint Stock Company,CTCP Cao su Sao Vàng - SRC - Hồ sơ doanh nghiệp,MATCH,Tiêu dùng không thiết yếu,Xe và linh kiện,Linh kiện xe,Tiêu dùng không thiết yếu,Xe và linh kiện,Linh kiện xe,Khác / cần duyệt,NORMAL,99,,REVIEW,,https://finance.vietstock.vn/SRC/ho-so-doanh-nghiep.htm,https://finance.vietstock.vn/SRC/tai-chinh.htm?tab=BCTT,OK,YES,Chưa map được ngành
SRF,HOSE,CTCP SEAREFICO,CTCP SEAREFICO,SEAREFICO CORPORATION,CTCP SEAREFICO - SEAREFICO CORP - Hồ sơ doanh nghiệp,MATCH,Công nghiệp,Hàng hóa công nghiệp,Kỹ thuật xây dựng,Công nghiệp,Hàng hóa công nghiệp,Kỹ thuật xây dựng,Xây dựng,NORMAL,15,ky thuat xay dung,VIETSTOCK_RULE,VIETSTOCK,https://finance.vietstock.vn/SRF/ho-so-doanh-nghiep.htm,https://finance.vietstock.vn/SRF/tai-chinh.htm?tab=BCTT,OK,NO,
SSB,HOSE,Ngân hàng TMCP Đông Nam Á,Ngân hàng TMCP Đông Nam Á,Southeast Asia Commercial Joint Stock Bank,Ngân hàng TMCP Đông Nam Á - SeABank - Hồ sơ doanh nghiệp,MATCH,Tài chính,Tổ chức tín dụng,Ngân hàng,Tài chính,Tổ chức tín dụng,Ngân hàng,Ngân hàng,BANK,1,ngan hang,VIETSTOCK_RULE,VIETSTOCK,https://finance.vietstock.vn/SSB/ho-so-doanh-nghiep.htm,https://finance.vietstock.vn/SSB/tai-chinh.htm?tab=BCTT,OK,NO,
SSH,UPCOM,CTCP Phát triển Sunshine Homes,CTCP Phát triển Sunshine Homes,Sunshine Homes Development JSC,CTCP Phát triển Sunshine Homes - SSH - Hồ sơ doanh nghiệp,MATCH,Bất động sản,Bất động sản,Quản lý và phát triển bất động sản,Bất động sản,Quản lý và phát triển bất động sản,,Khác / cần duyệt,NORMAL,99,,REVIEW,,https://finance.vietstock.vn/SSH/ho-so-doanh-nghiep.htm,https://finance.vietstock.vn/SSH/tai-chinh.htm?tab=BCTT,OK,YES,Chưa map được ngành
SSN,UPCOM,CTCP Xuất nhập khẩu Thủy sản Sài Gòn,CTCP Xuất nhập khẩu Thủy sản Sài Gòn,Saigon SeaProducts Import - Export JSC,CTCP Xuất nhập khẩu Thủy sản Sài Gòn - Seaprodex Saigon - Hồ sơ doanh nghiệp,MATCH,Bất động sản,Bất động sản,Bất động sản đa dạng,Bất động sản,Bất động sản đa dạng,,Khác / cần duyệt,NORMAL,99,,REVIEW,,https://finance.vietstock.vn/SSN/ho-so-doanh-nghiep.htm,https://finance.vietstock.vn/SSN/tai-chinh.htm?tab=BCTT,OK,YES,Chưa map được ngành
ST8,HOSE,CTCP Tập đoàn ST8,CTCP Tập đoàn ST8,ST8 Holdings Joint Stock Company,CTCP Tập đoàn ST8 - ST8 - Hồ sơ doanh nghiệp,MATCH,Tiêu dùng không thiết yếu,Thương mại hàng không thiết yếu,Nhà phân phối,Tiêu dùng không thiết yếu,Thương mại hàng không thiết yếu,Nhà phân phối,Hàng không,NORMAL,17,hang khong,VIETSTOCK_RULE,VIETSTOCK,https://finance.vietstock.vn/ST8/ho-so-doanh-nghiep.htm,https://finance.vietstock.vn/ST8/tai-chinh.htm?tab=BCTT,OK,NO,
STG,HOSE,CTCP Kho vận Miền Nam,CTCP Kho vận Miền Nam,South Logistics Joint Stock Company,CTCP Kho vận Miền Nam - Sotrans - Hồ sơ doanh nghiệp,MATCH,Công nghiệp,Vận tải,Hạ tầng giao thông,Công nghiệp,Vận tải,Hạ tầng giao thông,Khác / cần duyệt,NORMAL,99,,REVIEW,,https://finance.vietstock.vn/STG/ho-so-doanh-nghiep.htm,https://finance.vietstock.vn/STG/tai-chinh.htm?tab=BCTT,OK,YES,Chưa map được ngành
STK,HOSE,CTCP Sợi Thế Kỷ,CTCP Sợi Thế Kỷ,Century Synthetic Fiber Corporation,CTCP Sợi Thế Kỷ - Century Corp - Hồ sơ doanh nghiệp,MATCH,Tiêu dùng không thiết yếu,Thời trang và hàng lâu bền,Thời trang và dệt may,Tiêu dùng không thiết yếu,Thời trang và hàng lâu bền,Thời trang và dệt may,Dệt may,NORMAL,13,det may,VIETSTOCK_RULE,VIETSTOCK,https://finance.vietstock.vn/STK/ho-so-doanh-nghiep.htm,https://finance.vietstock.vn/STK/tai-chinh.htm?tab=BCTT,OK,NO,
SVC,HOSE,CTCP Dịch vụ Tổng hợp Sài Gòn,CTCP Dịch vụ Tổng hợp Sài Gòn,Saigon General Service Corporation,CTCP Dịch vụ Tổng hợp Sài Gòn - SAVICO - Hồ sơ doanh nghiệp,MATCH,Tiêu dùng không thiết yếu,Thương mại hàng không thiết yếu,Bán lẻ chuyên doanh,Tiêu dùng không thiết yếu,Thương mại hàng không thiết yếu,Bán lẻ chuyên doanh,Bán lẻ,NORMAL,8,ban le,VIETSTOCK_RULE,VIETSTOCK,https://finance.vietstock.vn/SVC/ho-so-doanh-nghiep.htm,https://finance.vietstock.vn/SVC/tai-chinh.htm?tab=BCTT,OK,NO,
SVD,HOSE,CTCP Đầu tư & Thương mại Vũ Đăng,CTCP Đầu tư & Thương mại Vũ Đăng,Vu Dang Investment & Trading JSC,"CTCP Đầu tư & Thương mại Vũ Đăng - VU DANG.,JSC - Hồ sơ doanh nghiệp",MATCH,Tiêu dùng không thiết yếu,Thời trang và hàng lâu bền,Thời trang và dệt may,Tiêu dùng không thiết yếu,Thời trang và hàng lâu bền,Thời trang và dệt may,Dệt may,NORMAL,13,det may,VIETSTOCK_RULE,VIETSTOCK,https://finance.vietstock.vn/SVD/ho-so-doanh-nghiep.htm,https://finance.vietstock.vn/SVD/tai-chinh.htm?tab=BCTT,OK,NO,
SVG,UPCOM,CTCP Hơi Kỹ nghệ Que hàn,CTCP Hơi Kỹ nghệ Que hàn,Industrial Gas and Welding Electrode Joint Stock Company,CTCP Hơi Kỹ nghệ Que hàn - SOVIGAZ - Hồ sơ doanh nghiệp,MATCH,Nguyên vật liệu,Nguyên vật liệu,Hóa chất,Nguyên vật liệu,Hóa chất,,Hóa chất,NORMAL,10,hoa chat,VIETSTOCK_RULE,VIETSTOCK,https://finance.vietstock.vn/SVG/ho-so-doanh-nghiep.htm,https://finance.vietstock.vn/SVG/tai-chinh.htm?tab=BCTT,OK,NO,
SWC,UPCOM,Tổng Công ty cổ phần Đường sông Miền Nam,Tổng Công ty cổ phần Đường sông Miền Nam,Southern Waterborne Transport Corporation,Tổng Công ty cổ phần Đường sông Miền Nam - SOWATCO - Hồ sơ doanh nghiệp,MATCH,Công nghiệp,Vận tải,Vận tải biển,Công nghiệp,Vận tải,Vận tải biển,Cảng & Logistics,NORMAL,14,van tai bien,VIETSTOCK_RULE,VIETSTOCK,https://finance.vietstock.vn/SWC/ho-so-doanh-nghiep.htm,https://finance.vietstock.vn/SWC/tai-chinh.htm?tab=BCTT,OK,NO,
SZB,HNX,CTCP Sonadezi Long Bình,CTCP Sonadezi Long Bình,Sonadezi Long Binh Joint Stock Company,CTCP Sonadezi Long Bình - Sonadezi Long Binh - Hồ sơ doanh nghiệp,MATCH,Bất động sản,Bất động sản,Quản lý và phát triển bất động sản,Bất động sản,Quản lý và phát triển bất động sản,,Khác / cần duyệt,NORMAL,99,,REVIEW,,https://finance.vietstock.vn/SZB/ho-so-doanh-nghiep.htm,https://finance.vietstock.vn/SZB/tai-chinh.htm?tab=BCTT,OK,YES,Chưa map được ngành
SZE,UPCOM,CTCP Môi trường Sonadezi,CTCP Môi trường Sonadezi,Sonadezi Environment Joint Stock Company,CTCP Môi trường Sonadezi - SZE - Hồ sơ doanh nghiệp,MATCH,Tiện ích,Tiện ích,Tiện tích tổng hợp,Công nghiệp,Dịch vụ thương mại và chuyên nghiệp,Dịch vụ và thiết bị thương mại,Khác / cần duyệt,NORMAL,99,,REVIEW,,https://finance.vietstock.vn/SZE/ho-so-doanh-nghiep.htm,https://finance.vietstock.vn/SZE/tai-chinh.htm?tab=BCTT,OK,YES,Chưa map được ngành
SZG,UPCOM,CTCP Sonadezi Giang Điền,CTCP Sonadezi Giang Điền,Sonadezi Giang Dien Joint Stock Company,CTCP Sonadezi Giang Điền - Sonadezi Giang Điền - Hồ sơ doanh nghiệp,MATCH,Bất động sản,Bất động sản,Quản lý và phát triển bất động sản,Bất động sản,Quản lý và phát triển bất động sản,,Khác / cần duyệt,NORMAL,99,,REVIEW,,https://finance.vietstock.vn/SZG/ho-so-doanh-nghiep.htm,https://finance.vietstock.vn/SZG/tai-chinh.htm?tab=BCTT,OK,YES,Chưa map được ngành
SZL,HOSE,CTCP Sonadezi Long Thành,CTCP Sonadezi Long Thành,Sonadezi Long Thanh Shareholding Company,CTCP Sonadezi Long Thành - SZL - Hồ sơ doanh nghiệp,MATCH,Bất động sản,Bất động sản,Quản lý và phát triển bất động sản,Bất động sản,Quản lý và phát triển bất động sản,,Khác / cần duyệt,NORMAL,99,,REVIEW,,https://finance.vietstock.vn/SZL/ho-so-doanh-nghiep.htm,https://finance.vietstock.vn/SZL/tai-chinh.htm?tab=BCTT,OK,YES,Chưa map được ngành
TAR,UPCOM,CTCP Nông nghiệp Công nghệ cao Trung An,CTCP Nông nghiệp Công nghệ cao Trung An,Trung An Hi-Tech Farming JSC,CTCP Nông nghiệp Công nghệ cao Trung An - TRUNG AN HI-TECH FARMING JSC - Hồ sơ doanh nghiệp,MATCH,Tiêu dùng thiết yếu,"Thực phẩm, đồ uống và thuốc lá",Thực phẩm,Tiêu dùng thiết yếu,"Thực phẩm, đồ uống và thuốc lá",Thực phẩm,Thực phẩm & đồ uống,NORMAL,18,thuc pham,VIETSTOCK_RULE,VIETSTOCK,https://finance.vietstock.vn/TAR/ho-so-doanh-nghiep.htm,https://finance.vietstock.vn/TAR/tai-chinh.htm?tab=BCTT,OK,NO,
TBC,HOSE,CTCP Thủy điện Thác Bà,CTCP Thủy điện Thác Bà,Thac Ba Hydro Power Joint Stock Company,CTCP Thủy điện Thác Bà - TBHPC - Hồ sơ doanh nghiệp,MATCH,Tiện ích,Tiện ích,Phát điện độc lập và điện tái tạo,Tiện ích,Phát điện độc lập và điện tái tạo,,Khác / cần duyệt,NORMAL,99,,REVIEW,,https://finance.vietstock.vn/TBC/ho-so-doanh-nghiep.htm,https://finance.vietstock.vn/TBC/tai-chinh.htm?tab=BCTT,OK,YES,Chưa map được ngành
TBD,UPCOM,Tổng Công ty Thiết bị Điện Đông Anh - CTCP,Tổng Công ty Thiết bị Điện Đông Anh - CTCP,Dong Anh Electrical Equiment Corporation - Joint Stock Company,Tổng Công ty Thiết bị Điện Đông Anh - CTCP - EEMC - Hồ sơ doanh nghiệp,MATCH,Công nghiệp,Hàng hóa công nghiệp,Thiết bị điện,Công nghiệp,Hàng hóa công nghiệp,Thiết bị điện,Khác / cần duyệt,NORMAL,99,,REVIEW,,https://finance.vietstock.vn/TBD/ho-so-doanh-nghiep.htm,https://finance.vietstock.vn/TBD/tai-chinh.htm?tab=BCTT,OK,YES,Chưa map được ngành
TBH,UPCOM,CTCP Tổng Bách Hóa,CTCP Tổng Bách Hóa,General Department Store Joint Stock Company,CTCP Tổng Bách Hóa - TBH - Hồ sơ doanh nghiệp,MATCH,Bất động sản,Bất động sản,Quản lý và phát triển bất động sản,Bất động sản,Quản lý và phát triển bất động sản,,Khác / cần duyệt,NORMAL,99,,REVIEW,,https://finance.vietstock.vn/TBH/ho-so-doanh-nghiep.htm,https://finance.vietstock.vn/TBH/tai-chinh.htm?tab=BCTT,OK,YES,Chưa map được ngành
TCD,HOSE,CTCP Tập đoàn Xây dựng TRACODI,CTCP Tập đoàn Xây dựng TRACODI,TRACODI Construction Holdings Joint Stock Company,CTCP Tập đoàn Xây dựng TRACODI - TRACODI - Hồ sơ doanh nghiệp,MATCH,Công nghiệp,Hàng hóa công nghiệp,Kỹ thuật xây dựng,Công nghiệp,Hàng hóa công nghiệp,Kỹ thuật xây dựng,Xây dựng,NORMAL,15,ky thuat xay dung,VIETSTOCK_RULE,VIETSTOCK,https://finance.vietstock.vn/TCD/ho-so-doanh-nghiep.htm,https://finance.vietstock.vn/TCD/tai-chinh.htm?tab=BCTT,OK,NO,
TCI,HOSE,CTCP Chứng khoán Thành Công,CTCP Chứng khoán Thành Công,Thanh Cong Securities Company,CTCP Chứng khoán Thành Công - TCSC - Hồ sơ doanh nghiệp,MATCH,Tài chính,Dịch vụ tài chính,Thị trường vốn,Tài chính,Dịch vụ tài chính,Thị trường vốn,Chứng khoán,SECURITIES,2,thi truong von,VIETSTOCK_RULE,VIETSTOCK,https://finance.vietstock.vn/TCI/ho-so-doanh-nghiep.htm,https://finance.vietstock.vn/TCI/tai-chinh.htm?tab=BCTT,OK,NO,
TCK,UPCOM,Tổng Công ty Cơ khí Xây dựng - CTCP,Tổng Công ty Cơ khí Xây dựng - CTCP,Construction Machinery Corporation - JSC,Tổng Công ty Cơ khí Xây dựng - CTCP - COMA - Hồ sơ doanh nghiệp,MATCH,Công nghiệp,Hàng hóa công nghiệp,Máy móc công nghiệp,Công nghiệp,Hàng hóa công nghiệp,Máy móc công nghiệp,Máy móc & Thiết bị,NORMAL,30,may moc,VIETSTOCK_RULE,VIETSTOCK,https://finance.vietstock.vn/TCK/ho-so-doanh-nghiep.htm,https://finance.vietstock.vn/TCK/tai-chinh.htm?tab=BCTT,OK,NO,
TCL,HOSE,CTCP Đại lý Giao nhận Vận tải Xếp dỡ Tân Cảng,CTCP Đại lý Giao nhận Vận tải Xếp dỡ Tân Cảng,Tan Cang Logistics & Stevedoring Joint Stock Company,CTCP Đại lý Giao nhận Vận tải Xếp dỡ Tân Cảng - Tan Cang Logistic JSC - Hồ sơ doanh nghiệp,MATCH,Công nghiệp,Vận tải,Hạ tầng giao thông,Công nghiệp,Vận tải,Hạ tầng giao thông,Khác / cần duyệt,NORMAL,99,,REVIEW,,https://finance.vietstock.vn/TCL/ho-so-doanh-nghiep.htm,https://finance.vietstock.vn/TCL/tai-chinh.htm?tab=BCTT,OK,YES,Chưa map được ngành
TCO,HOSE,CTCP TCO Holdings,CTCP TCO Holdings,TCO Holdings joint Stock Company,CTCP Janus Group - Janus Group - Hồ sơ doanh nghiệp,MISMATCH_REVIEW,Tiêu dùng thiết yếu,"Thực phẩm, đồ uống và thuốc lá",Thực phẩm,Tiêu dùng thiết yếu,"Thực phẩm, đồ uống và thuốc lá",Thực phẩm,Thực phẩm & đồ uống,NORMAL,18,thuc pham,VIETSTOCK_RULE,VIETSTOCK,https://finance.vietstock.vn/TCO/ho-so-doanh-nghiep.htm,https://finance.vietstock.vn/TCO/tai-chinh.htm?tab=BCTT,OK,YES,Tên VNStock khác Vietstock
TD6,HNX,CTCP Than Đèo Nai - Cọc Sáu - TKV,CTCP Than Đèo Nai - Cọc Sáu - TKV,Deo Nai ? Coc Sau ? TKV Coal Joint Stock Company,CTCP Than Đèo Nai - Cọc Sáu - TKV - Than Đèo Nai - Cọc Sáu - Hồ sơ doanh nghiệp,MATCH,Năng lượng,Năng lượng,Dầu khí,Năng lượng,Dầu khí,,Dầu khí,NORMAL,6,dau khi,VIETSTOCK_RULE,VIETSTOCK,https://finance.vietstock.vn/TD6/ho-so-doanh-nghiep.htm,https://finance.vietstock.vn/TD6/tai-chinh.htm?tab=BCTT,OK,NO,
TDF,UPCOM,CTCP Trung Đô,CTCP Trung Đô,TRUNG DO JOINT STOCK COMPANY,CTCP Trung Đô - TRUNG DO - Hồ sơ doanh nghiệp,MATCH,Nguyên vật liệu,Nguyên vật liệu,Vật liệu xây dựng,Nguyên vật liệu,Vật liệu xây dựng,,Vật liệu xây dựng,NORMAL,16,vat lieu xay dung,VIETSTOCK_RULE,VIETSTOCK,https://finance.vietstock.vn/TDF/ho-so-doanh-nghiep.htm,https://finance.vietstock.vn/TDF/tai-chinh.htm?tab=BCTT,OK,NO,
TDG,HOSE,CTCP Đầu tư TDG Global,CTCP Đầu tư TDG Global,TDG Global Investment Joint Stock Company,CTCP Đầu tư TDG Global - TDG Global - Hồ sơ doanh nghiệp,MATCH,Tiện ích,Tiện ích,Gas sinh hoạt,Tiện ích,Gas sinh hoạt,,Khác / cần duyệt,NORMAL,99,,REVIEW,,https://finance.vietstock.vn/TDG/ho-so-doanh-nghiep.htm,https://finance.vietstock.vn/TDG/tai-chinh.htm?tab=BCTT,OK,YES,Chưa map được ngành
TDH,HOSE,CTCP Phát triển Nhà Thủ Đức,CTCP Phát triển Nhà Thủ Đức,Thu Duc Housing Development Corporation,CTCP Phát triển Nhà Thủ Đức - THUDUC HOUSE - Hồ sơ doanh nghiệp,MATCH,Bất động sản,Bất động sản,Quản lý và phát triển bất động sản,Bất động sản,Quản lý và phát triển bất động sản,,Khác / cần duyệt,NORMAL,99,,REVIEW,,https://finance.vietstock.vn/TDH/ho-so-doanh-nghiep.htm,https://finance.vietstock.vn/TDH/tai-chinh.htm?tab=BCTT,OK,YES,Chưa map được ngành
TDM,HOSE,CTCP Nước Thủ Dầu Một,CTCP Nước Thủ Dầu Một,Thu Dau Mot Water Joint Stock Company,CTCP Nước Thủ Dầu Một - TDMWATER.CO - Hồ sơ doanh nghiệp,MATCH,Tiện ích,Tiện ích,Nước,Tiện ích,Nước,,Khác / cần duyệt,NORMAL,99,,REVIEW,,https://finance.vietstock.vn/TDM/ho-so-doanh-nghiep.htm,https://finance.vietstock.vn/TDM/tai-chinh.htm?tab=BCTT,OK,YES,Chưa map được ngành
TDT,HNX,CTCP Đầu tư và Phát triển TDT,CTCP Đầu tư và Phát triển TDT,TDT Investment and Development Joint Stock Company,CTCP Đầu tư và Phát triển TDT - TDT - Hồ sơ doanh nghiệp,MATCH,Tiêu dùng không thiết yếu,Thời trang và hàng lâu bền,Thời trang và dệt may,Tiêu dùng không thiết yếu,Thời trang và hàng lâu bền,Thời trang và dệt may,Dệt may,NORMAL,13,det may,VIETSTOCK_RULE,VIETSTOCK,https://finance.vietstock.vn/TDT/ho-so-doanh-nghiep.htm,https://finance.vietstock.vn/TDT/tai-chinh.htm?tab=BCTT,OK,NO,
TEG,HOSE,CTCP Năng lượng và Bất động sản Trường Thành,CTCP Năng lượng và Bất động sản Trường Thành,Truong Thanh Energy and Real Estate JSC,CTCP Trường Thành Energy Group - TTEG - Hồ sơ doanh nghiệp,MISMATCH_REVIEW,Công nghiệp,Hàng hóa công nghiệp,Phân phối hàng công nghiệp,Công nghiệp,Hàng hóa công nghiệp,Phân phối hàng công nghiệp,Thương mại & Phân phối,NORMAL,33,phan phoi,VIETSTOCK_RULE,VIETSTOCK,https://finance.vietstock.vn/TEG/ho-so-doanh-nghiep.htm,https://finance.vietstock.vn/TEG/tai-chinh.htm?tab=BCTT,OK,YES,Tên VNStock khác Vietstock
TGG,UPCOM,CTCP The Golden Group,CTCP The Golden Group,The Golden Group Joint Stock Company,CTCP The Golden Group - - Hồ sơ doanh nghiệp,MATCH,Tiêu dùng thiết yếu,Thương mại hàng thiết yếu,Thương mại hàng thiết yếu,Tiêu dùng thiết yếu,Thương mại hàng thiết yếu,,Khác / cần duyệt,NORMAL,99,,REVIEW,,https://finance.vietstock.vn/TGG/ho-so-doanh-nghiep.htm,https://finance.vietstock.vn/TGG/tai-chinh.htm?tab=BCTT,OK,YES,Chưa map được ngành
THD,HNX,CTCP Thaiholdings,CTCP Thaiholdings,Thaiholdings Joint Stock Company,"CTCP Thaiholdings - Thaiholdings,.Jsc - Hồ sơ doanh nghiệp",MATCH,Công nghiệp,Hàng hóa công nghiệp,Phân phối hàng công nghiệp,Công nghiệp,Hàng hóa công nghiệp,Phân phối hàng công nghiệp,Thương mại & Phân phối,NORMAL,33,phan phoi,VIETSTOCK_RULE,VIETSTOCK,https://finance.vietstock.vn/THD/ho-so-doanh-nghiep.htm,https://finance.vietstock.vn/THD/tai-chinh.htm?tab=BCTT,OK,NO,
THG,HOSE,CTCP Đầu tư và Xây dựng Tiền Giang,CTCP Đầu tư và Xây dựng Tiền Giang,Tien Giang Investment And Construction JSC,CTCP Đầu tư và Xây dựng Tiền Giang - TICCO - Hồ sơ doanh nghiệp,MATCH,Nguyên vật liệu,Nguyên vật liệu,Vật liệu xây dựng,Nguyên vật liệu,Vật liệu xây dựng,,Vật liệu xây dựng,NORMAL,16,vat lieu xay dung,VIETSTOCK_RULE,VIETSTOCK,https://finance.vietstock.vn/THG/ho-so-doanh-nghiep.htm,https://finance.vietstock.vn/THG/tai-chinh.htm?tab=BCTT,OK,NO,
THN,UPCOM,CTCP Cấp nước Thanh Hóa,CTCP Cấp nước Thanh Hóa,Thanh Hoa Water Supply JSC,CTCP Cấp nước Thanh Hóa - THAWACO - Hồ sơ doanh nghiệp,MATCH,Tiện ích,Tiện ích,Nước,Tiện ích,Nước,,Khác / cần duyệt,NORMAL,99,,REVIEW,,https://finance.vietstock.vn/THN/ho-so-doanh-nghiep.htm,https://finance.vietstock.vn/THN/tai-chinh.htm?tab=BCTT,OK,YES,Chưa map được ngành
THP,UPCOM,CTCP Thủy sản và Thương mại Thuận Phước,CTCP Thủy sản và Thương mại Thuận Phước,Thuan Phuoc Seafoods & Trading Corporation,CTCP Thủy sản và Thương mại Thuận Phước - Thuan Phuoc Corp - Hồ sơ doanh nghiệp,MATCH,Tiêu dùng thiết yếu,"Thực phẩm, đồ uống và thuốc lá",Thực phẩm,Tiêu dùng thiết yếu,"Thực phẩm, đồ uống và thuốc lá",Thực phẩm,Thực phẩm & đồ uống,NORMAL,18,thuc pham,VIETSTOCK_RULE,VIETSTOCK,https://finance.vietstock.vn/THP/ho-so-doanh-nghiep.htm,https://finance.vietstock.vn/THP/tai-chinh.htm?tab=BCTT,OK,NO,
THT,HNX,CTCP Than Hà Tu - Vinacomin,CTCP Than Hà Tu - Vinacomin,Vinacomin - Ha Tu Coal JSC,CTCP Than Hà Tu - Vinacomin - VHTC - Hồ sơ doanh nghiệp,MATCH,Năng lượng,Năng lượng,Dầu khí,Năng lượng,Dầu khí,,Dầu khí,NORMAL,6,dau khi,VIETSTOCK_RULE,VIETSTOCK,https://finance.vietstock.vn/THT/ho-so-doanh-nghiep.htm,https://finance.vietstock.vn/THT/tai-chinh.htm?tab=BCTT,OK,NO,
TID,UPCOM,CTCP Tổng Công ty Tín Nghĩa,CTCP Tổng Công ty Tín Nghĩa,Tin Nghia Corporation,CTCP Tổng Công ty Tín Nghĩa - Tổng Công ty Tín Nghĩa - Hồ sơ doanh nghiệp,MATCH,Tiêu dùng thiết yếu,"Thực phẩm, đồ uống và thuốc lá",Thực phẩm,Tiêu dùng thiết yếu,"Thực phẩm, đồ uống và thuốc lá",Thực phẩm,Thực phẩm & đồ uống,NORMAL,18,thuc pham,VIETSTOCK_RULE,VIETSTOCK,https://finance.vietstock.vn/TID/ho-so-doanh-nghiep.htm,https://finance.vietstock.vn/TID/tai-chinh.htm?tab=BCTT,OK,NO,
TIN,UPCOM,Công Ty Tài chính Cổ phần Tín Việt,Công Ty Tài chính Cổ phần Tín Việt,VietCredit Finance Joint Stock Company,Công Ty Tài chính tổng hợp cổ phần Tín Việt - VietCredit - Hồ sơ doanh nghiệp,MISMATCH_REVIEW,Tài chính,Tổ chức tín dụng,Tín dụng phi ngân hàng,Tài chính,Tổ chức tín dụng,Tín dụng phi ngân hàng,Ngân hàng,BANK,1,ngan hang,VIETSTOCK_RULE,VIETSTOCK,https://finance.vietstock.vn/TIN/ho-so-doanh-nghiep.htm,https://finance.vietstock.vn/TIN/tai-chinh.htm?tab=BCTT,OK,YES,Tên VNStock khác Vietstock
TIP,HOSE,CTCP Phát triển Khu Công nghiệp Tín Nghĩa,CTCP Phát triển Khu Công nghiệp Tín Nghĩa,Tin Nghia Industrial Park Development JSC,CTCP Phát triển Khu Công nghiệp Tín Nghĩa - TIP - Hồ sơ doanh nghiệp,MATCH,Bất động sản,Bất động sản,Quản lý và phát triển bất động sản,Bất động sản,Quản lý và phát triển bất động sản,,Khác / cần duyệt,NORMAL,99,,REVIEW,,https://finance.vietstock.vn/TIP/ho-so-doanh-nghiep.htm,https://finance.vietstock.vn/TIP/tai-chinh.htm?tab=BCTT,OK,YES,Chưa map được ngành
TIS,UPCOM,CTCP Gang thép Thái Nguyên,CTCP Gang thép Thái Nguyên,Thai Nguyen Iron And Steel JSC,CTCP Gang thép Thái Nguyên - TISCO - Hồ sơ doanh nghiệp,MATCH,Nguyên vật liệu,Nguyên vật liệu,Khai khoáng và luyện kim,Nguyên vật liệu,Khai khoáng và luyện kim,,Kim loại & Khoáng sản,NORMAL,32,khai khoang,VIETSTOCK_RULE,VIETSTOCK,https://finance.vietstock.vn/TIS/ho-so-doanh-nghiep.htm,https://finance.vietstock.vn/TIS/tai-chinh.htm?tab=BCTT,OK,NO,
TIX,HOSE,CTCP Sản xuất Kinh doanh Xuất nhập khẩu Dịch vụ và Đầu tư Tân Bình,CTCP Sản xuất Kinh doanh Xuất nhập khẩu Dịch vụ và Đầu tư Tân Bình,Tan Binh Import Export Joint Stock Corporation,CTCP Sản xuất Kinh doanh Xuất nhập khẩu Dịch vụ và Đầu tư Tân Bình - TANIMEX - Hồ sơ doanh nghiệp,MATCH,Bất động sản,Bất động sản,Quản lý và phát triển bất động sản,Bất động sản,Quản lý và phát triển bất động sản,,Khác / cần duyệt,NORMAL,99,,REVIEW,,https://finance.vietstock.vn/TIX/ho-so-doanh-nghiep.htm,https://finance.vietstock.vn/TIX/tai-chinh.htm?tab=BCTT,OK,YES,Chưa map được ngành
TLD,HOSE,CTCP Đầu tư Xây dựng và Phát triển Đô thị Thăng Long,CTCP Đầu tư Xây dựng và Phát triển Đô thị Thăng Long,Thang Long Urban Development And Construction Investment JSC,"CTCP Đầu tư Xây dựng và Phát triển Đô thị Thăng Long - THANGLONG DECO.,JSC - Hồ sơ doanh nghiệp",MATCH,Nguyên vật liệu,Nguyên vật liệu,Vật liệu xây dựng,Nguyên vật liệu,Vật liệu xây dựng,,Vật liệu xây dựng,NORMAL,16,vat lieu xay dung,VIETSTOCK_RULE,VIETSTOCK,https://finance.vietstock.vn/TLD/ho-so-doanh-nghiep.htm,https://finance.vietstock.vn/TLD/tai-chinh.htm?tab=BCTT,OK,NO,
TLG,HOSE,CTCP Tập đoàn Thiên Long,CTCP Tập đoàn Thiên Long,Thien Long Group Corporation,CTCP Tập đoàn Thiên Long - Công ty CP Tập đoàn Thiên Long - Hồ sơ doanh nghiệp,MATCH,Công nghiệp,Dịch vụ thương mại và chuyên nghiệp,Dịch vụ và thiết bị thương mại,Công nghiệp,Dịch vụ thương mại và chuyên nghiệp,Dịch vụ và thiết bị thương mại,Khác / cần duyệt,NORMAL,99,,REVIEW,,https://finance.vietstock.vn/TLG/ho-so-doanh-nghiep.htm,https://finance.vietstock.vn/TLG/tai-chinh.htm?tab=BCTT,OK,YES,Chưa map được ngành
TLH,HOSE,CTCP Tập đoàn Thép Tiến Lên,CTCP Tập đoàn Thép Tiến Lên,Tien Len Steel Group Joint Stock Company,CTCP Tập đoàn Thép Tiến Lên - TLC - Hồ sơ doanh nghiệp,MATCH,Nguyên vật liệu,Nguyên vật liệu,Khai khoáng và luyện kim,Nguyên vật liệu,Khai khoáng và luyện kim,,Kim loại & Khoáng sản,NORMAL,32,khai khoang,VIETSTOCK_RULE,VIETSTOCK,https://finance.vietstock.vn/TLH/ho-so-doanh-nghiep.htm,https://finance.vietstock.vn/TLH/tai-chinh.htm?tab=BCTT,OK,NO,
TLP,UPCOM,Tổng Công ty Thương mại Xuất nhập khẩu Thanh Lễ - CTCP,Tổng Công ty Thương mại Xuất nhập khẩu Thanh Lễ - CTCP,Thanh Le General Import-Export Trading Corporation,Tổng Công ty Thương mại Xuất nhập khẩu Thanh Lễ - CTCP - THALEXIM - Hồ sơ doanh nghiệp,MATCH,Tiêu dùng không thiết yếu,Thương mại hàng không thiết yếu,Nhà phân phối,Tiêu dùng không thiết yếu,Thương mại hàng không thiết yếu,Nhà phân phối,Hàng không,NORMAL,17,hang khong,VIETSTOCK_RULE,VIETSTOCK,https://finance.vietstock.vn/TLP/ho-so-doanh-nghiep.htm,https://finance.vietstock.vn/TLP/tai-chinh.htm?tab=BCTT,OK,NO,
TMP,HOSE,CTCP Thủy điện Thác Mơ,CTCP Thủy điện Thác Mơ,Thac Mo Hydro Power Joint Stock Company,CTCP Thủy điện Thác Mơ - TMHPC - Hồ sơ doanh nghiệp,MATCH,Tiện ích,Tiện ích,Phát điện độc lập và điện tái tạo,Tiện ích,Phát điện độc lập và điện tái tạo,,Khác / cần duyệt,NORMAL,99,,REVIEW,,https://finance.vietstock.vn/TMP/ho-so-doanh-nghiep.htm,https://finance.vietstock.vn/TMP/tai-chinh.htm?tab=BCTT,OK,YES,Chưa map được ngành
TMS,HOSE,CTCP Transimex,CTCP Transimex,Transimex Corporation,CTCP Transimex - Transimex - Hồ sơ doanh nghiệp,MATCH,Công nghiệp,Vận tải,Hạ tầng giao thông,Công nghiệp,Vận tải,Hạ tầng giao thông,Khác / cần duyệt,NORMAL,99,,REVIEW,,https://finance.vietstock.vn/TMS/ho-so-doanh-nghiep.htm,https://finance.vietstock.vn/TMS/tai-chinh.htm?tab=BCTT,OK,YES,Chưa map được ngành
TMT,HOSE,CTCP Ô tô TMT,CTCP Ô tô TMT,TMT Motors Corporation,"CTCP Ô tô TMT - TMT Motor .,Corp - Hồ sơ doanh nghiệp",MATCH,Tiêu dùng không thiết yếu,Xe và linh kiện,Xe,Tiêu dùng không thiết yếu,Xe và linh kiện,Xe,Khác / cần duyệt,NORMAL,99,,REVIEW,,https://finance.vietstock.vn/TMT/ho-so-doanh-nghiep.htm,https://finance.vietstock.vn/TMT/tai-chinh.htm?tab=BCTT,OK,YES,Chưa map được ngành
TN1,HOSE,CTCP Rox Key Holdings,CTCP Rox Key Holdings,Rox Key Holdings Joint Stock Company,CTCP Rox Key Holdings - Rox Key - Hồ sơ doanh nghiệp,MATCH,Bất động sản,Bất động sản,Quản lý và phát triển bất động sản,Bất động sản,Quản lý và phát triển bất động sản,,Khác / cần duyệt,NORMAL,99,,REVIEW,,https://finance.vietstock.vn/TN1/ho-so-doanh-nghiep.htm,https://finance.vietstock.vn/TN1/tai-chinh.htm?tab=BCTT,OK,YES,Chưa map được ngành
TNA,UPCOM,CTCP Thương mại Xuất nhập khẩu Thiên Nam,CTCP Thương mại Xuất nhập khẩu Thiên Nam,Thien Nam Trading Import Export JSC,CTCP Thương mại Xuất nhập khẩu Thiên Nam - TENIMEX - Hồ sơ doanh nghiệp,MATCH,Tiêu dùng không thiết yếu,Thương mại hàng không thiết yếu,Nhà phân phối,Tiêu dùng không thiết yếu,Thương mại hàng không thiết yếu,Nhà phân phối,Hàng không,NORMAL,17,hang khong,VIETSTOCK_RULE,VIETSTOCK,https://finance.vietstock.vn/TNA/ho-so-doanh-nghiep.htm,https://finance.vietstock.vn/TNA/tai-chinh.htm?tab=BCTT,OK,NO,
TNH,HOSE,CTCP Tập đoàn Bệnh viện TNH,CTCP Tập đoàn Bệnh viện TNH,TNH Hospital Group Joint Stock Company,"CTCP Tập đoàn Bệnh viện TNH - TNH .,JSC - Hồ sơ doanh nghiệp",MATCH,Chăm sóc sức khỏe,Thiết bị và dịch vụ chăm sóc sức khỏe,Thương mại và dịch vụ chăm sóc sức khỏe,Chăm sóc sức khỏe,Thiết bị và dịch vụ chăm sóc sức khỏe,Thương mại và dịch vụ chăm sóc sức khỏe,Dược & Y tế,NORMAL,19,cham soc suc khoe,VIETSTOCK_RULE,VIETSTOCK,https://finance.vietstock.vn/TNH/ho-so-doanh-nghiep.htm,https://finance.vietstock.vn/TNH/tai-chinh.htm?tab=BCTT,OK,NO,
TNT,HOSE,CTCP Tập đoàn TNT,CTCP Tập đoàn TNT,TNT Group JSC,CTCP Tập đoàn TNT - TẬP ĐOÀN TNT - Hồ sơ doanh nghiệp,MATCH,Nguyên vật liệu,Nguyên vật liệu,Vật liệu xây dựng,Nguyên vật liệu,Vật liệu xây dựng,,Vật liệu xây dựng,NORMAL,16,vat lieu xay dung,VIETSTOCK_RULE,VIETSTOCK,https://finance.vietstock.vn/TNT/ho-so-doanh-nghiep.htm,https://finance.vietstock.vn/TNT/tai-chinh.htm?tab=BCTT,OK,NO,
TNV,UPCOM,CTCP Thống Nhất Hà Nội,CTCP Thống Nhất Hà Nội,Thong Nhat Ha Noi Joint Stock Company,CTCP Thống Nhất Hà Nội - - Hồ sơ doanh nghiệp,MATCH,Tiêu dùng không thiết yếu,Thời trang và hàng lâu bền,Sản phẩm giải trí,Tiêu dùng không thiết yếu,Thời trang và hàng lâu bền,Sản phẩm giải trí,Du lịch & Giải trí,NORMAL,27,giai tri,VIETSTOCK_RULE,VIETSTOCK,https://finance.vietstock.vn/TNV/ho-so-doanh-nghiep.htm,https://finance.vietstock.vn/TNV/tai-chinh.htm?tab=BCTT,OK,NO,
TOP,UPCOM,CTCP Phân phối Top One,CTCP Phân phối Top One,Top One Allot Joint Stock Company,"CTCP Phân phối Top One - TOP ONE., JSC - Hồ sơ doanh nghiệp",MATCH,Tiêu dùng không thiết yếu,Thương mại hàng không thiết yếu,Nhà phân phối,Tiêu dùng không thiết yếu,Thương mại hàng không thiết yếu,Nhà phân phối,Hàng không,NORMAL,17,hang khong,VIETSTOCK_RULE,VIETSTOCK,https://finance.vietstock.vn/TOP/ho-so-doanh-nghiep.htm,https://finance.vietstock.vn/TOP/tai-chinh.htm?tab=BCTT,OK,NO,
TPC,HOSE,CTCP Nhựa Tân Đại Hưng,CTCP Nhựa Tân Đại Hưng,Tan Dai Hung Plastic Joint Stock Company,CTCP Nhựa Tân Đại Hưng - Tan Dai Hung Plastic J.S.Co - Hồ sơ doanh nghiệp,MATCH,Nguyên vật liệu,Nguyên vật liệu,Bao bì và vật chứa,Nguyên vật liệu,Bao bì và vật chứa,,Bao bì,NORMAL,31,bao bi,VIETSTOCK_RULE,VIETSTOCK,https://finance.vietstock.vn/TPC/ho-so-doanh-nghiep.htm,https://finance.vietstock.vn/TPC/tai-chinh.htm?tab=BCTT,OK,NO,
TPP,HNX,CTCP Tân Phú Việt Nam,CTCP Tân Phú Việt Nam,Tan Phu Viet Nam Joint Stock Company,CTCP Tân Phú Việt Nam - - Hồ sơ doanh nghiệp,MATCH,Nguyên vật liệu,Nguyên vật liệu,Bao bì và vật chứa,Nguyên vật liệu,Bao bì và vật chứa,,Bao bì,NORMAL,31,bao bi,VIETSTOCK_RULE,VIETSTOCK,https://finance.vietstock.vn/TPP/ho-so-doanh-nghiep.htm,https://finance.vietstock.vn/TPP/tai-chinh.htm?tab=BCTT,OK,NO,
TRA,HOSE,CTCP Traphaco,CTCP Traphaco,Traphaco Joint Stock Company,CTCP Traphaco - TRAPHACO - Hồ sơ doanh nghiệp,MATCH,Chăm sóc sức khỏe,"Dược phẩm, công nghệ sinh học và khoa học sự sống",Dược phẩm,Chăm sóc sức khỏe,"Dược phẩm, công nghệ sinh học và khoa học sự sống",Dược phẩm,Dược & Y tế,NORMAL,19,duoc,VIETSTOCK_RULE,VIETSTOCK,https://finance.vietstock.vn/TRA/ho-so-doanh-nghiep.htm,https://finance.vietstock.vn/TRA/tai-chinh.htm?tab=BCTT,OK,NO,
TRC,HOSE,CTCP Cao su Tây Ninh,CTCP Cao su Tây Ninh,Tay Ninh Rubber Joint Stock Company,CTCP Cao su Tây Ninh - TANIRUCO - Hồ sơ doanh nghiệp,MATCH,Nguyên vật liệu,Nguyên vật liệu,Hóa chất,Nguyên vật liệu,Hóa chất,,Hóa chất,NORMAL,10,hoa chat,VIETSTOCK_RULE,VIETSTOCK,https://finance.vietstock.vn/TRC/ho-so-doanh-nghiep.htm,https://finance.vietstock.vn/TRC/tai-chinh.htm?tab=BCTT,OK,NO,
TRV,UPCOM,CTCP Vận tải Đường sắt,CTCP Vận tải Đường sắt,Railway Transport Joint Stock Company,CTCP Vận tải Đường sắt - TRARAVICO - Hồ sơ doanh nghiệp,MATCH,Công nghiệp,Vận tải,Vận tải mặt đất,Công nghiệp,Vận tải,Vận tải mặt đất,Khác / cần duyệt,NORMAL,99,,REVIEW,,https://finance.vietstock.vn/TRV/ho-so-doanh-nghiep.htm,https://finance.vietstock.vn/TRV/tai-chinh.htm?tab=BCTT,OK,YES,Chưa map được ngành
TSA,UPCOM,CTCP Đầu tư và Xây lắp Trường Sơn,CTCP Đầu tư và Xây lắp Trường Sơn,Truong Son Investment And Construction Joint Stock Company,"CTCP Đầu tư và Xây lắp Trường Sơn - Truong Son DT & XL., JSC - Hồ sơ doanh nghiệp",MATCH,Công nghiệp,Hàng hóa công nghiệp,Kỹ thuật xây dựng,Công nghiệp,Hàng hóa công nghiệp,Kỹ thuật xây dựng,Xây dựng,NORMAL,15,ky thuat xay dung,VIETSTOCK_RULE,VIETSTOCK,https://finance.vietstock.vn/TSA/ho-so-doanh-nghiep.htm,https://finance.vietstock.vn/TSA/tai-chinh.htm?tab=BCTT,OK,NO,
TSC,HOSE,CTCP Vật tư Kỹ thuật nông nghiệp Cần Thơ,CTCP Vật tư Kỹ thuật nông nghiệp Cần Thơ,Techno - Agricultural Supplying Joint Stock Company,CTCP Vật tư Kỹ thuật nông nghiệp Cần Thơ - TSC - Hồ sơ doanh nghiệp,MATCH,Tiêu dùng không thiết yếu,Thương mại hàng không thiết yếu,Nhà phân phối,Tiêu dùng không thiết yếu,Thương mại hàng không thiết yếu,Nhà phân phối,Hàng không,NORMAL,17,hang khong,VIETSTOCK_RULE,VIETSTOCK,https://finance.vietstock.vn/TSC/ho-so-doanh-nghiep.htm,https://finance.vietstock.vn/TSC/tai-chinh.htm?tab=BCTT,OK,NO,
TSJ,UPCOM,CTCP Du lịch Dịch vụ Hà Nội,CTCP Du lịch Dịch vụ Hà Nội,HaNoi Tourist Service Joint Stock Company,CTCP Du lịch Dịch vụ Hà Nội - HANOI TOSERCO - Hồ sơ doanh nghiệp,MATCH,Tiêu dùng không thiết yếu,Dịch vụ tiêu dùng,"Khách sạn, nhà hàng và giải trí",Tiêu dùng không thiết yếu,Dịch vụ tiêu dùng,"Khách sạn, nhà hàng và giải trí",Du lịch & Giải trí,NORMAL,27,giai tri,VIETSTOCK_RULE,VIETSTOCK,https://finance.vietstock.vn/TSJ/ho-so-doanh-nghiep.htm,https://finance.vietstock.vn/TSJ/tai-chinh.htm?tab=BCTT,OK,NO,
TTA,HOSE,CTCP Đầu tư Xây dựng và Phát triển Trường Thành,CTCP Đầu tư Xây dựng và Phát triển Trường Thành,Truong Thanh Development and Constrution Investment Joint Stock Company,"CTCP Đầu tư Xây dựng và Phát triển Trường Thành - TRUONG THANH DECONIN.,JSC - Hồ sơ doanh nghiệp",MATCH,Tiện ích,Tiện ích,Phát điện độc lập và điện tái tạo,Tiện ích,Phát điện độc lập và điện tái tạo,,Khác / cần duyệt,NORMAL,99,,REVIEW,,https://finance.vietstock.vn/TTA/ho-so-doanh-nghiep.htm,https://finance.vietstock.vn/TTA/tai-chinh.htm?tab=BCTT,OK,YES,Chưa map được ngành
TTB,UPCOM,CTCP TTBGroup,CTCP TTBGroup,TTBGroup Joint Stock Company,CTCP TTBGroup - TTBGroup - Hồ sơ doanh nghiệp,MATCH,Bất động sản,Bất động sản,Quản lý và phát triển bất động sản,Bất động sản,Quản lý và phát triển bất động sản,,Khác / cần duyệt,NORMAL,99,,REVIEW,,https://finance.vietstock.vn/TTB/ho-so-doanh-nghiep.htm,https://finance.vietstock.vn/TTB/tai-chinh.htm?tab=BCTT,OK,YES,Chưa map được ngành
TTE,HOSE,CTCP Đầu tư Năng lượng Trường Thịnh,CTCP Đầu tư Năng lượng Trường Thịnh,Truong Thinh Energy Investment Joint Stock Company,"CTCP Đầu tư Năng lượng Trường Thịnh - TTE.,JSC - Hồ sơ doanh nghiệp",MATCH,Tiện ích,Tiện ích,Phát điện độc lập và điện tái tạo,Tiện ích,Phát điện độc lập và điện tái tạo,,Khác / cần duyệt,NORMAL,99,,REVIEW,,https://finance.vietstock.vn/TTE/ho-so-doanh-nghiep.htm,https://finance.vietstock.vn/TTE/tai-chinh.htm?tab=BCTT,OK,YES,Chưa map được ngành
TTH,HNX,CTCP Thương mại và Dịch vụ Tiến Thành,CTCP Thương mại và Dịch vụ Tiến Thành,Tien Thanh Service and Trading Joint Stock Company,"CTCP Thương mại và Dịch vụ Tiến Thành - TIEN THANH ST., JSC - Hồ sơ doanh nghiệp",MATCH,Tiêu dùng không thiết yếu,Thương mại hàng không thiết yếu,Nhà phân phối,Tiêu dùng không thiết yếu,Thương mại hàng không thiết yếu,Nhà phân phối,Hàng không,NORMAL,17,hang khong,VIETSTOCK_RULE,VIETSTOCK,https://finance.vietstock.vn/TTH/ho-so-doanh-nghiep.htm,https://finance.vietstock.vn/TTH/tai-chinh.htm?tab=BCTT,OK,NO,
TTL,HNX,Tổng Công ty Thăng Long - CTCP,Tổng Công ty Thăng Long - CTCP,Thang Long Joint Stock Corporation,Tổng Công ty Thăng Long - CTCP - TLG - Hồ sơ doanh nghiệp,MATCH,Công nghiệp,Hàng hóa công nghiệp,Kỹ thuật xây dựng,Công nghiệp,Hàng hóa công nghiệp,Kỹ thuật xây dựng,Xây dựng,NORMAL,15,ky thuat xay dung,VIETSTOCK_RULE,VIETSTOCK,https://finance.vietstock.vn/TTL/ho-so-doanh-nghiep.htm,https://finance.vietstock.vn/TTL/tai-chinh.htm?tab=BCTT,OK,NO,
TTN,UPCOM,CTCP Công nghệ & Truyền thông Việt Nam,CTCP Công nghệ & Truyền thông Việt Nam,Viet Nam Technology & Telecommunication JSC,CTCP Công nghệ và Truyền thông Việt Nam - VNTT - Hồ sơ doanh nghiệp,MISMATCH_REVIEW,Dịch vụ truyền thông,Dịch vụ viễn thông,Dịch vụ viễn thông đa dạng,Dịch vụ truyền thông,Dịch vụ viễn thông,Dịch vụ viễn thông đa dạng,Viễn thông,NORMAL,23,vien thong,VIETSTOCK_RULE,VIETSTOCK,https://finance.vietstock.vn/TTN/ho-so-doanh-nghiep.htm,https://finance.vietstock.vn/TTN/tai-chinh.htm?tab=BCTT,OK,YES,Tên VNStock khác Vietstock
TTS,UPCOM,CTCP Cán Thép Thái Trung,CTCP Cán Thép Thái Trung,Thai Trung Rooling JSC,CTCP Cán Thép Thái Trung - TTR.JSC - Hồ sơ doanh nghiệp,MATCH,Nguyên vật liệu,Nguyên vật liệu,Khai khoáng và luyện kim,Nguyên vật liệu,Khai khoáng và luyện kim,,Kim loại & Khoáng sản,NORMAL,32,khai khoang,VIETSTOCK_RULE,VIETSTOCK,https://finance.vietstock.vn/TTS/ho-so-doanh-nghiep.htm,https://finance.vietstock.vn/TTS/tai-chinh.htm?tab=BCTT,OK,NO,
TV1,UPCOM,CTCP Tư vấn Xây dựng Điện 1,CTCP Tư vấn Xây dựng Điện 1,Power Engineering Consulting Joint Stock Company 1,CTCP Tư vấn Xây dựng Điện 1 - PECC1 - Hồ sơ doanh nghiệp,MATCH,Công nghiệp,Dịch vụ thương mại và chuyên nghiệp,Dịch vụ chuyên nghiệp,Công nghiệp,Dịch vụ thương mại và chuyên nghiệp,Dịch vụ chuyên nghiệp,Dịch vụ công nghiệp,NORMAL,34,dich vu chuyen nghiep,VIETSTOCK_RULE,VIETSTOCK,https://finance.vietstock.vn/TV1/ho-so-doanh-nghiep.htm,https://finance.vietstock.vn/TV1/tai-chinh.htm?tab=BCTT,OK,NO,
TVB,HOSE,CTCP Chứng khoán T-Cap,CTCP Chứng khoán T-Cap,T-Cap Securities Joint Stock Corporation,CTCP Chứng khoán T-Cap - T-Cap - Hồ sơ doanh nghiệp,MATCH,Tài chính,Dịch vụ tài chính,Thị trường vốn,Tài chính,Dịch vụ tài chính,Thị trường vốn,Chứng khoán,SECURITIES,2,thi truong von,VIETSTOCK_RULE,VIETSTOCK,https://finance.vietstock.vn/TVB/ho-so-doanh-nghiep.htm,https://finance.vietstock.vn/TVB/tai-chinh.htm?tab=BCTT,OK,NO,
TVC,HNX,CTCP Tập đoàn Quản lý tài sản T-Corp,CTCP Tập đoàn Quản lý tài sản T-Corp,T-Corp Asset Management Corporation Joint Stock Company,CTCP Tập đoàn Quản lý tài sản T-Corp - T-Corp - Hồ sơ doanh nghiệp,MATCH,Tài chính,Dịch vụ tài chính,Thị trường vốn,Tài chính,Dịch vụ tài chính,Thị trường vốn,Chứng khoán,SECURITIES,2,thi truong von,VIETSTOCK_RULE,VIETSTOCK,https://finance.vietstock.vn/TVC/ho-so-doanh-nghiep.htm,https://finance.vietstock.vn/TVC/tai-chinh.htm?tab=BCTT,OK,NO,
TVD,HNX,CTCP Than Vàng Danh - Vinacomin,CTCP Than Vàng Danh - Vinacomin,Vinacomin - Vang Danh Coal JSC,CTCP Than Vàng Danh - Vinacomin - TVD - Hồ sơ doanh nghiệp,MATCH,Năng lượng,Năng lượng,Dầu khí,Năng lượng,Dầu khí,,Dầu khí,NORMAL,6,dau khi,VIETSTOCK_RULE,VIETSTOCK,https://finance.vietstock.vn/TVD/ho-so-doanh-nghiep.htm,https://finance.vietstock.vn/TVD/tai-chinh.htm?tab=BCTT,OK,NO,
TVS,HOSE,CTCP Chứng khoán Thiên Việt,CTCP Chứng khoán Thiên Việt,Thien Viet Securities Joint Stock Company,"CTCP Chứng khoán Thiên Việt - TVSC.,JSC - Hồ sơ doanh nghiệp",MATCH,Tài chính,Dịch vụ tài chính,Thị trường vốn,Tài chính,Dịch vụ tài chính,Thị trường vốn,Chứng khoán,SECURITIES,2,thi truong von,VIETSTOCK_RULE,VIETSTOCK,https://finance.vietstock.vn/TVS/ho-so-doanh-nghiep.htm,https://finance.vietstock.vn/TVS/tai-chinh.htm?tab=BCTT,OK,NO,
TVT,HOSE,Tổng Công ty Việt Thắng - CTCP,Tổng Công ty Việt Thắng - CTCP,Viet Thang Corporation,Tổng Công ty Việt Thắng - CTCP - VICOTEX - Hồ sơ doanh nghiệp,MATCH,Tiêu dùng không thiết yếu,Thời trang và hàng lâu bền,Thời trang và dệt may,Tiêu dùng không thiết yếu,Thời trang và hàng lâu bền,Thời trang và dệt may,Dệt may,NORMAL,13,det may,VIETSTOCK_RULE,VIETSTOCK,https://finance.vietstock.vn/TVT/ho-so-doanh-nghiep.htm,https://finance.vietstock.vn/TVT/tai-chinh.htm?tab=BCTT,OK,NO,
UDC,UPCOM,CTCP Đầu tư Xây dựng UDCons,CTCP Đầu tư Xây dựng UDCons,UDCons Construction Investment Corporation,CTCP Đầu tư Xây dựng UDCons - UDCons - Hồ sơ doanh nghiệp,MATCH,Công nghiệp,Hàng hóa công nghiệp,Kỹ thuật xây dựng,Công nghiệp,Hàng hóa công nghiệp,Kỹ thuật xây dựng,Xây dựng,NORMAL,15,ky thuat xay dung,VIETSTOCK_RULE,VIETSTOCK,https://finance.vietstock.vn/UDC/ho-so-doanh-nghiep.htm,https://finance.vietstock.vn/UDC/tai-chinh.htm?tab=BCTT,OK,NO,
UNI,HNX,CTCP Đầu Tư Và Phát Triển Sao Mai Việt,CTCP Đầu Tư Và Phát Triển Sao Mai Việt,Sao Mai Viet Investment And Development Joint Stock Company,CTCP Đầu Tư Và Phát Triển Sao Mai Việt - - Hồ sơ doanh nghiệp,MATCH,Bất động sản,Bất động sản,Dịch vụ bất động sản,Bất động sản,Dịch vụ bất động sản,,Khác / cần duyệt,NORMAL,99,,REVIEW,,https://finance.vietstock.vn/UNI/ho-so-doanh-nghiep.htm,https://finance.vietstock.vn/UNI/tai-chinh.htm?tab=BCTT,OK,YES,Chưa map được ngành
UXC,UPCOM,CTCP Chế biến Thủy sản Út Xi,CTCP Chế biến Thủy sản Út Xi,Ut Xi Aquatic Products Processing Corporation,CTCP Chế biến Thủy sản Út Xi - UTXICO - Hồ sơ doanh nghiệp,MATCH,Tiêu dùng thiết yếu,"Thực phẩm, đồ uống và thuốc lá",Thực phẩm,Tiêu dùng thiết yếu,"Thực phẩm, đồ uống và thuốc lá",Thực phẩm,Thực phẩm & đồ uống,NORMAL,18,thuc pham,VIETSTOCK_RULE,VIETSTOCK,https://finance.vietstock.vn/UXC/ho-so-doanh-nghiep.htm,https://finance.vietstock.vn/UXC/tai-chinh.htm?tab=BCTT,OK,NO,
VAF,HOSE,CTCP Phân lân Nung chảy Văn Điển,CTCP Phân lân Nung chảy Văn Điển,Van Dien Fused Magnesium Phosphate Fertilizer JSC,CTCP Phân lân Nung chảy Văn Điển - VADFCO - Hồ sơ doanh nghiệp,MATCH,Nguyên vật liệu,Nguyên vật liệu,Hóa chất,Nguyên vật liệu,Hóa chất,,Hóa chất,NORMAL,10,hoa chat,VIETSTOCK_RULE,VIETSTOCK,https://finance.vietstock.vn/VAF/ho-so-doanh-nghiep.htm,https://finance.vietstock.vn/VAF/tai-chinh.htm?tab=BCTT,OK,NO,
VAV,UPCOM,CTCP VIWACO,CTCP VIWACO,VIWACO Joint Stock Company,"CTCP VIWACO - VIWACO., JSC - Hồ sơ doanh nghiệp",MATCH,Tiện ích,Tiện ích,Nước,Tiện ích,Nước,,Khác / cần duyệt,NORMAL,99,,REVIEW,,https://finance.vietstock.vn/VAV/ho-so-doanh-nghiep.htm,https://finance.vietstock.vn/VAV/tai-chinh.htm?tab=BCTT,OK,YES,Chưa map được ngành
VBB,UPCOM,Ngân hàng TMCP Việt Nam Thương Tín,Ngân hàng TMCP Việt Nam Thương Tín,Vietnam Thuong Tin Commercial Joint Stock Bank,Ngân hàng TMCP Việt Nam Thương Tín - Vietbank - Hồ sơ doanh nghiệp,MATCH,Tài chính,Tổ chức tín dụng,Ngân hàng,Tài chính,Tổ chức tín dụng,Ngân hàng,Ngân hàng,BANK,1,ngan hang,VIETSTOCK_RULE,VIETSTOCK,https://finance.vietstock.vn/VBB/ho-so-doanh-nghiep.htm,https://finance.vietstock.vn/VBB/tai-chinh.htm?tab=BCTT,OK,NO,
VC2,HNX,CTCP Đầu tư và Xây dựng Vina2,CTCP Đầu tư và Xây dựng Vina2,Vina2 Invest And Construction Joint Stock Company No2,"CTCP Đầu tư và Xây dựng Vina2 - VINA2.,JSC - Hồ sơ doanh nghiệp",MATCH,Công nghiệp,Hàng hóa công nghiệp,Kỹ thuật xây dựng,Công nghiệp,Hàng hóa công nghiệp,Kỹ thuật xây dựng,Xây dựng,NORMAL,15,ky thuat xay dung,VIETSTOCK_RULE,VIETSTOCK,https://finance.vietstock.vn/VC2/ho-so-doanh-nghiep.htm,https://finance.vietstock.vn/VC2/tai-chinh.htm?tab=BCTT,OK,NO,
VCC,HNX,CTCP Vinaconex 25,CTCP Vinaconex 25,Vinaconex 25 Joint Stock Company,CTCP Vinaconex 25 - Vinaconex 25 JSC - Hồ sơ doanh nghiệp,MATCH,Công nghiệp,Hàng hóa công nghiệp,Kỹ thuật xây dựng,Công nghiệp,Hàng hóa công nghiệp,Kỹ thuật xây dựng,Xây dựng,NORMAL,15,ky thuat xay dung,VIETSTOCK_RULE,VIETSTOCK,https://finance.vietstock.vn/VCC/ho-so-doanh-nghiep.htm,https://finance.vietstock.vn/VCC/tai-chinh.htm?tab=BCTT,OK,NO,
VCF,HOSE,CTCP Vinacafé Biên Hòa,CTCP Vinacafé Biên Hòa,Vinacaf? Bienhoa Joint Stock Company,CTCP Vinacafé Biên Hòa - Vinacafé BH - Hồ sơ doanh nghiệp,MATCH,Tiêu dùng thiết yếu,"Thực phẩm, đồ uống và thuốc lá",Thực phẩm,Tiêu dùng thiết yếu,"Thực phẩm, đồ uống và thuốc lá",Thực phẩm,Thực phẩm & đồ uống,NORMAL,18,thuc pham,VIETSTOCK_RULE,VIETSTOCK,https://finance.vietstock.vn/VCF/ho-so-doanh-nghiep.htm,https://finance.vietstock.vn/VCF/tai-chinh.htm?tab=BCTT,OK,NO,
VCP,UPCOM,CTCP Xây Dựng Và Năng Lượng VCP,CTCP Xây Dựng Và Năng Lượng VCP,VCP Power & Construction Joint Stock Company,"CTCP Xây Dựng Và Năng Lượng VCP - VCP P&C., JSC - Hồ sơ doanh nghiệp",MATCH,Tiện ích,Tiện ích,Điện,Tiện ích,Điện,,Khác / cần duyệt,NORMAL,99,,REVIEW,,https://finance.vietstock.vn/VCP/ho-so-doanh-nghiep.htm,https://finance.vietstock.vn/VCP/tai-chinh.htm?tab=BCTT,OK,YES,Chưa map được ngành
VCR,UPCOM,CTCP Đầu tư và Phát triển Du lịch Vinaconex,CTCP Đầu tư và Phát triển Du lịch Vinaconex,Vinaconex Investment And Tourism Development JSC,"CTCP Đầu tư và Phát triển Du lịch ITC - ITC DEVELOPMENT.,JSC - Hồ sơ doanh nghiệp",MISMATCH_REVIEW,Bất động sản,Bất động sản,Quản lý và phát triển bất động sản,Bất động sản,Quản lý và phát triển bất động sản,,Khác / cần duyệt,NORMAL,99,,REVIEW,,https://finance.vietstock.vn/VCR/ho-so-doanh-nghiep.htm,https://finance.vietstock.vn/VCR/tai-chinh.htm?tab=BCTT,OK,YES,Tên VNStock khác Vietstock | Chưa map được ngành
VCS,HNX,CTCP Vicostone,CTCP Vicostone,Vicostone JSC,CTCP Vicostone - VICOSTONE - Hồ sơ doanh nghiệp,MATCH,Nguyên vật liệu,Nguyên vật liệu,Vật liệu xây dựng,Nguyên vật liệu,Vật liệu xây dựng,,Vật liệu xây dựng,NORMAL,16,vat lieu xay dung,VIETSTOCK_RULE,VIETSTOCK,https://finance.vietstock.vn/VCS/ho-so-doanh-nghiep.htm,https://finance.vietstock.vn/VCS/tai-chinh.htm?tab=BCTT,OK,NO,
VCW,UPCOM,CTCP Đầu tư Nước sạch Sông Đà,CTCP Đầu tư Nước sạch Sông Đà,Song Da Water Investment JSC,"CTCP Đầu tư Nước sạch Sông Đà - VIWASUPCO., JSC - Hồ sơ doanh nghiệp",MATCH,Tiện ích,Tiện ích,Nước,Tiện ích,Nước,,Khác / cần duyệt,NORMAL,99,,REVIEW,,https://finance.vietstock.vn/VCW/ho-so-doanh-nghiep.htm,https://finance.vietstock.vn/VCW/tai-chinh.htm?tab=BCTT,OK,YES,Chưa map được ngành
VCX,UPCOM,CTCP Xi măng Yên Bình,CTCP Xi măng Yên Bình,Yen Binh Cement JSC,"CTCP Xi măng Yên Bình - YENBINH CEMENT.,JSC - Hồ sơ doanh nghiệp",MATCH,Nguyên vật liệu,Nguyên vật liệu,Vật liệu xây dựng,Nguyên vật liệu,Vật liệu xây dựng,,Vật liệu xây dựng,NORMAL,16,vat lieu xay dung,VIETSTOCK_RULE,VIETSTOCK,https://finance.vietstock.vn/VCX/ho-so-doanh-nghiep.htm,https://finance.vietstock.vn/VCX/tai-chinh.htm?tab=BCTT,OK,NO,
VDP,HOSE,CTCP Dược phẩm Trung ương VIDIPHA,CTCP Dược phẩm Trung ương VIDIPHA,Vidipha Central Pharmaceutical Joint Stock Company,CTCP Dược phẩm Trung ương VIDIPHA - VIDIPHA - Hồ sơ doanh nghiệp,MATCH,Chăm sóc sức khỏe,"Dược phẩm, công nghệ sinh học và khoa học sự sống",Dược phẩm,Chăm sóc sức khỏe,"Dược phẩm, công nghệ sinh học và khoa học sự sống",Dược phẩm,Dược & Y tế,NORMAL,19,duoc,VIETSTOCK_RULE,VIETSTOCK,https://finance.vietstock.vn/VDP/ho-so-doanh-nghiep.htm,https://finance.vietstock.vn/VDP/tai-chinh.htm?tab=BCTT,OK,NO,
VEC,UPCOM,Tổng Công ty cổ phần Điện tử và Tin học Việt Nam,Tổng Công ty cổ phần Điện tử và Tin học Việt Nam,Vietnam Electronics and Informatics Joint Stock Corporation,"Tổng Công ty cổ phần Điện tử và Tin học Việt Nam - VIETTRONICS.,CORP - Hồ sơ doanh nghiệp",MATCH,Công nghệ thông tin,Phần cứng và thiết bị,Điện tử,Công nghệ thông tin,Phần cứng và thiết bị,Điện tử,Công nghệ,NORMAL,9,cong nghe thong tin,VIETSTOCK_RULE,VIETSTOCK,https://finance.vietstock.vn/VEC/ho-so-doanh-nghiep.htm,https://finance.vietstock.vn/VEC/tai-chinh.htm?tab=BCTT,OK,NO,
VEF,UPCOM,CTCP Trung tâm Hội chợ Triển lãm Việt Nam,CTCP Trung tâm Hội chợ Triển lãm Việt Nam,Vietnam Exhibition Fair Centre Joint Stock Company,CTCP Trung tâm Hội chợ Triển lãm Việt Nam - VEFAC JSC - Hồ sơ doanh nghiệp,MATCH,Công nghiệp,Dịch vụ thương mại và chuyên nghiệp,Dịch vụ và thiết bị thương mại,Công nghiệp,Dịch vụ thương mại và chuyên nghiệp,Dịch vụ và thiết bị thương mại,Khác / cần duyệt,NORMAL,99,,REVIEW,,https://finance.vietstock.vn/VEF/ho-so-doanh-nghiep.htm,https://finance.vietstock.vn/VEF/tai-chinh.htm?tab=BCTT,OK,YES,Chưa map được ngành
VFC,UPCOM,CTCP Vinafco,CTCP Vinafco,Vinafco Joint Stock Corporation,CTCP Vinafco - Vinafco - Hồ sơ doanh nghiệp,MATCH,Công nghiệp,Vận tải,Vận tải biển,Công nghiệp,Vận tải,Vận tải biển,Cảng & Logistics,NORMAL,14,van tai bien,VIETSTOCK_RULE,VIETSTOCK,https://finance.vietstock.vn/VFC/ho-so-doanh-nghiep.htm,https://finance.vietstock.vn/VFC/tai-chinh.htm?tab=BCTT,OK,NO,
VFG,HOSE,CTCP Khử trùng Việt Nam,CTCP Khử trùng Việt Nam,Viet Nam Fumigation Joint Stock Company,CTCP Khử trùng Việt Nam - VIETNAM FUMIGATION COMPANY - VFC - Hồ sơ doanh nghiệp,MATCH,Nguyên vật liệu,Nguyên vật liệu,Hóa chất,Nguyên vật liệu,Hóa chất,,Hóa chất,NORMAL,10,hoa chat,VIETSTOCK_RULE,VIETSTOCK,https://finance.vietstock.vn/VFG/ho-so-doanh-nghiep.htm,https://finance.vietstock.vn/VFG/tai-chinh.htm?tab=BCTT,OK,NO,
VGG,UPCOM,Tổng Công ty cổ phần May Việt Tiến,Tổng Công ty cổ phần May Việt Tiến,Viet Tien Garment Corporation,Tổng Công ty cổ phần May Việt Tiến - VTEC - Hồ sơ doanh nghiệp,MATCH,Tiêu dùng không thiết yếu,Thời trang và hàng lâu bền,Thời trang và dệt may,Tiêu dùng không thiết yếu,Thời trang và hàng lâu bền,Thời trang và dệt may,Dệt may,NORMAL,13,det may,VIETSTOCK_RULE,VIETSTOCK,https://finance.vietstock.vn/VGG/ho-so-doanh-nghiep.htm,https://finance.vietstock.vn/VGG/tai-chinh.htm?tab=BCTT,OK,NO,
VGR,UPCOM,CTCP Cảng Xanh Vip,CTCP Cảng Xanh Vip,Vip Greenport Joint Stock Company,CTCP Cảng Xanh Vip - VIP GREENPORT - Hồ sơ doanh nghiệp,MATCH,Công nghiệp,Vận tải,Hạ tầng giao thông,Công nghiệp,Vận tải,Hạ tầng giao thông,Khác / cần duyệt,NORMAL,99,,REVIEW,,https://finance.vietstock.vn/VGR/ho-so-doanh-nghiep.htm,https://finance.vietstock.vn/VGR/tai-chinh.htm?tab=BCTT,OK,YES,Chưa map được ngành
VGS,HNX,CTCP Ống thép Việt - Đức VG PIPE,CTCP Ống thép Việt - Đức VG PIPE,Vietnam Germany Steel Pipe JSC,CTCP Ống thép Việt - Đức VG PIPE - VG PIPE - Hồ sơ doanh nghiệp,MATCH,Nguyên vật liệu,Nguyên vật liệu,Khai khoáng và luyện kim,Nguyên vật liệu,Khai khoáng và luyện kim,,Kim loại & Khoáng sản,NORMAL,32,khai khoang,VIETSTOCK_RULE,VIETSTOCK,https://finance.vietstock.vn/VGS/ho-so-doanh-nghiep.htm,https://finance.vietstock.vn/VGS/tai-chinh.htm?tab=BCTT,OK,NO,
VGV,UPCOM,Tổng Công ty Tư vấn Xây dựng Việt Nam - CTCP,Tổng Công ty Tư vấn Xây dựng Việt Nam - CTCP,VietNam National Construction Consultants Corporation - JSC,Tổng Công ty Tư vấn Xây dựng Việt Nam - CTCP - VNCC - Hồ sơ doanh nghiệp,MATCH,Công nghiệp,Dịch vụ thương mại và chuyên nghiệp,Dịch vụ chuyên nghiệp,Công nghiệp,Dịch vụ thương mại và chuyên nghiệp,Dịch vụ chuyên nghiệp,Dịch vụ công nghiệp,NORMAL,34,dich vu chuyen nghiep,VIETSTOCK_RULE,VIETSTOCK,https://finance.vietstock.vn/VGV/ho-so-doanh-nghiep.htm,https://finance.vietstock.vn/VGV/tai-chinh.htm?tab=BCTT,OK,NO,
VHD,UPCOM,CTCP Đầu tư Phát triển Nhà và Đô Thị VINAHUD,CTCP Đầu tư Phát triển Nhà và Đô Thị VINAHUD,VINAHUD Urban And Housing Development Invesment Joint Stock Company,"CTCP Đầu tư Phát triển Nhà và Đô Thị VINAHUD - VINAHUD.,JSC - Hồ sơ doanh nghiệp",MATCH,Bất động sản,Bất động sản,Quản lý và phát triển bất động sản,Bất động sản,Quản lý và phát triển bất động sản,,Khác / cần duyệt,NORMAL,99,,REVIEW,,https://finance.vietstock.vn/VHD/ho-so-doanh-nghiep.htm,https://finance.vietstock.vn/VHD/tai-chinh.htm?tab=BCTT,OK,YES,Chưa map được ngành
VHF,UPCOM,CTCP Xây dựng và Chế biến Lương thực Vĩnh Hà,CTCP Xây dựng và Chế biến Lương thực Vĩnh Hà,Vinh Ha Food Processing and Construction JSC,CTCP Xây dựng và Chế biến Lương thực Vĩnh Hà - Vinh Ha Food JSC - Hồ sơ doanh nghiệp,MATCH,Tiêu dùng thiết yếu,Thương mại hàng thiết yếu,Thương mại hàng thiết yếu,Tiêu dùng thiết yếu,Thương mại hàng thiết yếu,,Khác / cần duyệt,NORMAL,99,,REVIEW,,https://finance.vietstock.vn/VHF/ho-so-doanh-nghiep.htm,https://finance.vietstock.vn/VHF/tai-chinh.htm?tab=BCTT,OK,YES,Chưa map được ngành
VHL,HNX,CTCP Viglacera Hạ Long,CTCP Viglacera Hạ Long,Viglacera Ha Long JSC,CTCP Viglacera Hạ Long - VIGLACERA HA LONG CO - Hồ sơ doanh nghiệp,MATCH,Nguyên vật liệu,Nguyên vật liệu,Vật liệu xây dựng,Nguyên vật liệu,Vật liệu xây dựng,,Vật liệu xây dựng,NORMAL,16,vat lieu xay dung,VIETSTOCK_RULE,VIETSTOCK,https://finance.vietstock.vn/VHL/ho-so-doanh-nghiep.htm,https://finance.vietstock.vn/VHL/tai-chinh.htm?tab=BCTT,OK,NO,
VID,HOSE,CTCP Đầu tư Phát triển Thương mại Viễn Đông,CTCP Đầu tư Phát triển Thương mại Viễn Đông,Vien Dong Investment Development Trading Corporation,CTCP Đầu tư Phát triển Thương mại Viễn Đông - VIDON CORP. - Hồ sơ doanh nghiệp,MATCH,Nguyên vật liệu,Nguyên vật liệu,Gỗ và giấy,Nguyên vật liệu,Gỗ và giấy,,Gỗ & Giấy,NORMAL,24,go va giay,VIETSTOCK_RULE,VIETSTOCK,https://finance.vietstock.vn/VID/ho-so-doanh-nghiep.htm,https://finance.vietstock.vn/VID/tai-chinh.htm?tab=BCTT,OK,NO,
VIF,HNX,Tổng Công ty Lâm nghiệp Việt Nam - CTCP,Tổng Công ty Lâm nghiệp Việt Nam - CTCP,Vietnam Forestry Corporation - JSC,Tổng Công ty Lâm nghiệp Việt Nam - CTCP - Vinafor - Hồ sơ doanh nghiệp,MATCH,Nguyên vật liệu,Nguyên vật liệu,Gỗ và giấy,Nguyên vật liệu,Gỗ và giấy,,Gỗ & Giấy,NORMAL,24,go va giay,VIETSTOCK_RULE,VIETSTOCK,https://finance.vietstock.vn/VIF/ho-so-doanh-nghiep.htm,https://finance.vietstock.vn/VIF/tai-chinh.htm?tab=BCTT,OK,NO,
VIG,HNX,CTCP Chứng khoán Đầu tư tài chính Việt Nam,CTCP Chứng khoán Đầu tư tài chính Việt Nam,Viet Nam Financial Investment Securities Corporation,CTCP Chứng khoán Đầu tư tài chính Việt Nam - VICS - Hồ sơ doanh nghiệp,MATCH,Tài chính,Dịch vụ tài chính,Thị trường vốn,Tài chính,Dịch vụ tài chính,Thị trường vốn,Chứng khoán,SECURITIES,2,thi truong von,VIETSTOCK_RULE,VIETSTOCK,https://finance.vietstock.vn/VIG/ho-so-doanh-nghiep.htm,https://finance.vietstock.vn/VIG/tai-chinh.htm?tab=BCTT,OK,NO,
VIN,UPCOM,CTCP Giao nhận Kho vận Ngoại Thương Việt Nam,CTCP Giao nhận Kho vận Ngoại Thương Việt Nam,Vinatrans International Freight Forwarders JSC,CTCP Giao nhận Kho vận Ngoại Thương Việt Nam - VINATRANS - Hồ sơ doanh nghiệp,MATCH,Công nghiệp,Vận tải,Hạ tầng giao thông,Công nghiệp,Vận tải,Hạ tầng giao thông,Khác / cần duyệt,NORMAL,99,,REVIEW,,https://finance.vietstock.vn/VIN/ho-so-doanh-nghiep.htm,https://finance.vietstock.vn/VIN/tai-chinh.htm?tab=BCTT,OK,YES,Chưa map được ngành
VIP,HOSE,CTCP Vận tải Xăng dầu VIPCO,CTCP Vận tải Xăng dầu VIPCO,Vietnam Petroleum Transport Joint Stock Company,CTCP Vận tải Xăng dầu VIPCO - VIPCO - Hồ sơ doanh nghiệp,MATCH,Năng lượng,Năng lượng,Dầu khí,Năng lượng,Dầu khí,,Dầu khí,NORMAL,6,dau khi,VIETSTOCK_RULE,VIETSTOCK,https://finance.vietstock.vn/VIP/ho-so-doanh-nghiep.htm,https://finance.vietstock.vn/VIP/tai-chinh.htm?tab=BCTT,OK,NO,
VIT,HNX,CTCP Viglacera Tiên Sơn,CTCP Viglacera Tiên Sơn,Viglacera Tien Son Joint Stock Company,CTCP Viglacera Tiên Sơn - VIT - Hồ sơ doanh nghiệp,MATCH,Nguyên vật liệu,Nguyên vật liệu,Vật liệu xây dựng,Nguyên vật liệu,Vật liệu xây dựng,,Vật liệu xây dựng,NORMAL,16,vat lieu xay dung,VIETSTOCK_RULE,VIETSTOCK,https://finance.vietstock.vn/VIT/ho-so-doanh-nghiep.htm,https://finance.vietstock.vn/VIT/tai-chinh.htm?tab=BCTT,OK,NO,
VLB,UPCOM,CTCP Xây dựng và Sản xuất Vật liệu xây dựng Biên Hòa,CTCP Xây dựng và Sản xuất Vật liệu xây dựng Biên Hòa,Bien Hoa Building Materials Production and Construction JSC,CTCP Xây dựng và Sản xuất Vật liệu xây dựng Biên Hòa - BBCC - Hồ sơ doanh nghiệp,MATCH,Nguyên vật liệu,Nguyên vật liệu,Vật liệu xây dựng,Nguyên vật liệu,Vật liệu xây dựng,,Vật liệu xây dựng,NORMAL,16,vat lieu xay dung,VIETSTOCK_RULE,VIETSTOCK,https://finance.vietstock.vn/VLB/ho-so-doanh-nghiep.htm,https://finance.vietstock.vn/VLB/tai-chinh.htm?tab=BCTT,OK,NO,
VLC,UPCOM,Tổng Công ty Chăn Nuôi Việt Nam - CTCP,Tổng Công ty Chăn Nuôi Việt Nam - CTCP,Vietnam Livestock Corporation JSC,Tổng Công ty Chăn Nuôi Việt Nam - CTCP - VILICO - Hồ sơ doanh nghiệp,MATCH,Tiêu dùng thiết yếu,"Thực phẩm, đồ uống và thuốc lá",Thực phẩm,Tiêu dùng thiết yếu,"Thực phẩm, đồ uống và thuốc lá",Thực phẩm,Thực phẩm & đồ uống,NORMAL,18,thuc pham,VIETSTOCK_RULE,VIETSTOCK,https://finance.vietstock.vn/VLC/ho-so-doanh-nghiep.htm,https://finance.vietstock.vn/VLC/tai-chinh.htm?tab=BCTT,OK,NO,
VLW,UPCOM,CTCP Cấp nước Vĩnh Long,CTCP Cấp nước Vĩnh Long,Vinh Long Water Supply Joint Stock Company Limited,CTCP Cấp nước Vĩnh Long - VWACO - Hồ sơ doanh nghiệp,MATCH,Tiện ích,Tiện ích,Nước,Tiện ích,Nước,,Khác / cần duyệt,NORMAL,99,,REVIEW,,https://finance.vietstock.vn/VLW/ho-so-doanh-nghiep.htm,https://finance.vietstock.vn/VLW/tai-chinh.htm?tab=BCTT,OK,YES,Chưa map được ngành
VMC,HNX,CTCP Vimeco,CTCP Vimeco,Vimeco JSC,"CTCP Vimeco - Vimeco., JSC - Hồ sơ doanh nghiệp",MATCH,Công nghiệp,Hàng hóa công nghiệp,Kỹ thuật xây dựng,Công nghiệp,Hàng hóa công nghiệp,Kỹ thuật xây dựng,Xây dựng,NORMAL,15,ky thuat xay dung,VIETSTOCK_RULE,VIETSTOCK,https://finance.vietstock.vn/VMC/ho-so-doanh-nghiep.htm,https://finance.vietstock.vn/VMC/tai-chinh.htm?tab=BCTT,OK,NO,
VNA,UPCOM,CTCP Vận tải Biển Vinaship,CTCP Vận tải Biển Vinaship,Vinaship Joint Stock Company,CTCP Vận tải Biển Vinaship - VINASHIP - Hồ sơ doanh nghiệp,MATCH,Công nghiệp,Vận tải,Vận tải biển,Công nghiệp,Vận tải,Vận tải biển,Cảng & Logistics,NORMAL,14,van tai bien,VIETSTOCK_RULE,VIETSTOCK,https://finance.vietstock.vn/VNA/ho-so-doanh-nghiep.htm,https://finance.vietstock.vn/VNA/tai-chinh.htm?tab=BCTT,OK,NO,
VNB,UPCOM,CTCP Sách Việt Nam,CTCP Sách Việt Nam,Viet Nam Books JSC,CTCP Sách Việt Nam - Công ty SAVINA - Hồ sơ doanh nghiệp,MATCH,Dịch vụ truyền thông,Truyền thông và giải trí,Truyền thông,Dịch vụ truyền thông,Truyền thông và giải trí,Truyền thông,Du lịch & Giải trí,NORMAL,27,giai tri,VIETSTOCK_RULE,VIETSTOCK,https://finance.vietstock.vn/VNB/ho-so-doanh-nghiep.htm,https://finance.vietstock.vn/VNB/tai-chinh.htm?tab=BCTT,OK,NO,
VNC,HNX,CTCP Tập đoàn Vinacontrol,CTCP Tập đoàn Vinacontrol,Vinacontrol Group Corporation,CTCP Tập đoàn Vinacontrol - Vinacontrol - Hồ sơ doanh nghiệp,MATCH,Công nghiệp,Dịch vụ thương mại và chuyên nghiệp,Dịch vụ chuyên nghiệp,Công nghiệp,Dịch vụ thương mại và chuyên nghiệp,Dịch vụ chuyên nghiệp,Dịch vụ công nghiệp,NORMAL,34,dich vu chuyen nghiep,VIETSTOCK_RULE,VIETSTOCK,https://finance.vietstock.vn/VNC/ho-so-doanh-nghiep.htm,https://finance.vietstock.vn/VNC/tai-chinh.htm?tab=BCTT,OK,NO,
VNF,HNX,CTCP Vinafreight,CTCP Vinafreight,Vinafreight Joint Stock Company,CTCP Vinafreight - VINAFREIGHT - Hồ sơ doanh nghiệp,MATCH,Công nghiệp,Vận tải,Vận tải và logistics hàng không,Công nghiệp,Vận tải,Vận tải và logistics hàng không,Cảng & Logistics,NORMAL,14,logistics,VIETSTOCK_RULE,VIETSTOCK,https://finance.vietstock.vn/VNF/ho-so-doanh-nghiep.htm,https://finance.vietstock.vn/VNF/tai-chinh.htm?tab=BCTT,OK,NO,
VNG,HOSE,CTCP Du lịch Thành Thành Công,CTCP Du lịch Thành Thành Công,Thanh Thanh Cong Tourist Joint Stock Company,CTCP Du lịch Thành Thành Công - TTC Tourist - Hồ sơ doanh nghiệp,MATCH,Tiêu dùng không thiết yếu,Dịch vụ tiêu dùng,"Khách sạn, nhà hàng và giải trí",Tiêu dùng không thiết yếu,Dịch vụ tiêu dùng,"Khách sạn, nhà hàng và giải trí",Du lịch & Giải trí,NORMAL,27,giai tri,VIETSTOCK_RULE,VIETSTOCK,https://finance.vietstock.vn/VNG/ho-so-doanh-nghiep.htm,https://finance.vietstock.vn/VNG/tai-chinh.htm?tab=BCTT,OK,NO,
VNR,HNX,Tổng Công ty cổ phần Tái Bảo hiểm Quốc gia Việt Nam,Tổng Công ty cổ phần Tái Bảo hiểm Quốc gia Việt Nam,Vietnam National Reinsurance Corporation,Tổng Công ty cổ phần Tái Bảo hiểm Quốc gia Việt Nam - VINARE - Hồ sơ doanh nghiệp,MATCH,Tài chính,Bảo hiểm,Bảo hiểm,Tài chính,Bảo hiểm,,Bảo hiểm,INSURANCE,3,bao hiem,VIETSTOCK_RULE,VIETSTOCK,https://finance.vietstock.vn/VNR/ho-so-doanh-nghiep.htm,https://finance.vietstock.vn/VNR/tai-chinh.htm?tab=BCTT,OK,NO,
VNS,HOSE,CTCP Ánh Dương Việt Nam,CTCP Ánh Dương Việt Nam,VietNam Sun Copporation,CTCP Ánh Dương Việt Nam - VINASUN CORP - Hồ sơ doanh nghiệp,MATCH,Công nghiệp,Vận tải,Vận tải mặt đất,Công nghiệp,Vận tải,Vận tải mặt đất,Khác / cần duyệt,NORMAL,99,,REVIEW,,https://finance.vietstock.vn/VNS/ho-so-doanh-nghiep.htm,https://finance.vietstock.vn/VNS/tai-chinh.htm?tab=BCTT,OK,YES,Chưa map được ngành
VNZ,UPCOM,CTCP VNG,CTCP VNG,VNG CORPORATION,CTCP Tập đoàn VNG - VNG Group - Hồ sơ doanh nghiệp,MATCH,Dịch vụ truyền thông,Truyền thông và giải trí,Giải trí,Dịch vụ truyền thông,Truyền thông và giải trí,Giải trí,Du lịch & Giải trí,NORMAL,27,giai tri,VIETSTOCK_RULE,VIETSTOCK,https://finance.vietstock.vn/VNZ/ho-so-doanh-nghiep.htm,https://finance.vietstock.vn/VNZ/tai-chinh.htm?tab=BCTT,OK,NO,
VOC,UPCOM,Tổng Công ty Công Nghiệp Dầu Thực Vật Việt Nam - CTCP,Tổng Công ty Công Nghiệp Dầu Thực Vật Việt Nam - CTCP,Vietnam Vegetable Oils Industry Corporation,Tổng Công ty Công Nghiệp Dầu Thực Vật Việt Nam - CTCP - VOCARIMEX - Hồ sơ doanh nghiệp,MATCH,Tiêu dùng thiết yếu,"Thực phẩm, đồ uống và thuốc lá",Thực phẩm,Tiêu dùng thiết yếu,"Thực phẩm, đồ uống và thuốc lá",Thực phẩm,Thực phẩm & đồ uống,NORMAL,18,thuc pham,VIETSTOCK_RULE,VIETSTOCK,https://finance.vietstock.vn/VOC/ho-so-doanh-nghiep.htm,https://finance.vietstock.vn/VOC/tai-chinh.htm?tab=BCTT,OK,NO,
VPD,HOSE,CTCP Phát triển Điện lực Việt Nam,CTCP Phát triển Điện lực Việt Nam,Vietnam Power Development Joint Stock Company,CTCP Phát triển Điện lực Việt Nam - VNPD - Hồ sơ doanh nghiệp,MATCH,Tiện ích,Tiện ích,Phát điện độc lập và điện tái tạo,Tiện ích,Phát điện độc lập và điện tái tạo,,Khác / cần duyệt,NORMAL,99,,REVIEW,,https://finance.vietstock.vn/VPD/ho-so-doanh-nghiep.htm,https://finance.vietstock.vn/VPD/tai-chinh.htm?tab=BCTT,OK,YES,Chưa map được ngành
VPH,HOSE,CTCP Vạn Phát Hưng,CTCP Vạn Phát Hưng,Van Phat Hung Corporation,CTCP Vạn Phát Hưng - VPH Corp - Hồ sơ doanh nghiệp,MATCH,Bất động sản,Bất động sản,Quản lý và phát triển bất động sản,Bất động sản,Quản lý và phát triển bất động sản,,Khác / cần duyệt,NORMAL,99,,REVIEW,,https://finance.vietstock.vn/VPH/ho-so-doanh-nghiep.htm,https://finance.vietstock.vn/VPH/tai-chinh.htm?tab=BCTT,OK,YES,Chưa map được ngành
VPS,HOSE,CTCP Thuốc sát trùng Việt Nam,CTCP Thuốc sát trùng Việt Nam,Vietnam Pesticide Joint Stock Company,CTCP Thuốc sát trùng Việt Nam - VIPESCO - Hồ sơ doanh nghiệp,MATCH,Nguyên vật liệu,Nguyên vật liệu,Hóa chất,Nguyên vật liệu,Hóa chất,,Hóa chất,NORMAL,10,hoa chat,VIETSTOCK_RULE,VIETSTOCK,https://finance.vietstock.vn/VPS/ho-so-doanh-nghiep.htm,https://finance.vietstock.vn/VPS/tai-chinh.htm?tab=BCTT,OK,NO,
VRC,HOSE,CTCP Bất động sản và Đầu tư VRC,CTCP Bất động sản và Đầu tư VRC,VRC Real Estate and Investment JSC,CTCP Bất động sản và Đầu tư VRC - VRC - Hồ sơ doanh nghiệp,MATCH,Bất động sản,Bất động sản,Quản lý và phát triển bất động sản,Bất động sản,Quản lý và phát triển bất động sản,,Khác / cần duyệt,NORMAL,99,,REVIEW,,https://finance.vietstock.vn/VRC/ho-so-doanh-nghiep.htm,https://finance.vietstock.vn/VRC/tai-chinh.htm?tab=BCTT,OK,YES,Chưa map được ngành
VRG,UPCOM,CTCP Phát triển Đô thị và Khu công nghiệp Cao su Việt Nam,CTCP Phát triển Đô thị và Khu công nghiệp Cao su Việt Nam,Viet Nam Rubber Industrial Zone and Urban Development JSC,CTCP Phát triển Đô thị và Khu công nghiệp Cao su Việt Nam - VRG.VN - Hồ sơ doanh nghiệp,MATCH,Bất động sản,Bất động sản,Quản lý và phát triển bất động sản,Bất động sản,Quản lý và phát triển bất động sản,,Khác / cần duyệt,NORMAL,99,,REVIEW,,https://finance.vietstock.vn/VRG/ho-so-doanh-nghiep.htm,https://finance.vietstock.vn/VRG/tai-chinh.htm?tab=BCTT,OK,YES,Chưa map được ngành
VSF,UPCOM,Tổng Công ty Lương thực Miền Nam - CTCP,Tổng Công ty Lương thực Miền Nam - CTCP,Vietnam Southern Food Corporation - JSC,Tổng Công ty Lương thực Miền Nam - CTCP - VINAFOOD II - Hồ sơ doanh nghiệp,MATCH,Tiêu dùng thiết yếu,"Thực phẩm, đồ uống và thuốc lá",Thực phẩm,Tiêu dùng thiết yếu,"Thực phẩm, đồ uống và thuốc lá",Thực phẩm,Thực phẩm & đồ uống,NORMAL,18,thuc pham,VIETSTOCK_RULE,VIETSTOCK,https://finance.vietstock.vn/VSF/ho-so-doanh-nghiep.htm,https://finance.vietstock.vn/VSF/tai-chinh.htm?tab=BCTT,OK,NO,
VSH,HOSE,CTCP Thủy điện Vĩnh Sơn - Sông Hinh,CTCP Thủy điện Vĩnh Sơn - Sông Hinh,Vinh Son - Song Hinh Hydropower Joint Stock Company,CTCP Thủy điện Vĩnh Sơn - Sông Hinh - VSHPC - Hồ sơ doanh nghiệp,MATCH,Tiện ích,Tiện ích,Phát điện độc lập và điện tái tạo,Tiện ích,Phát điện độc lập và điện tái tạo,,Khác / cần duyệt,NORMAL,99,,REVIEW,,https://finance.vietstock.vn/VSH/ho-so-doanh-nghiep.htm,https://finance.vietstock.vn/VSH/tai-chinh.htm?tab=BCTT,OK,YES,Chưa map được ngành
VSN,UPCOM,CTCP Việt Nam Kỹ nghệ Súc sản,CTCP Việt Nam Kỹ nghệ Súc sản,Vissan Joint Stock Company,CTCP Việt Nam Kỹ nghệ Súc sản - VISSAN - Hồ sơ doanh nghiệp,MATCH,Tiêu dùng thiết yếu,"Thực phẩm, đồ uống và thuốc lá",Thực phẩm,Tiêu dùng thiết yếu,"Thực phẩm, đồ uống và thuốc lá",Thực phẩm,Thực phẩm & đồ uống,NORMAL,18,thuc pham,VIETSTOCK_RULE,VIETSTOCK,https://finance.vietstock.vn/VSN/ho-so-doanh-nghiep.htm,https://finance.vietstock.vn/VSN/tai-chinh.htm?tab=BCTT,OK,NO,
VST,UPCOM,CTCP Vận tải và Thuê tàu biển Việt Nam,CTCP Vận tải và Thuê tàu biển Việt Nam,Vietnam Sea Transport and Chartering Joint Stock Company,CTCP Vận tải và Thuê tàu biển Việt Nam - Vitranschart JSC - Hồ sơ doanh nghiệp,MATCH,Công nghiệp,Vận tải,Vận tải biển,Công nghiệp,Vận tải,Vận tải biển,Cảng & Logistics,NORMAL,14,van tai bien,VIETSTOCK_RULE,VIETSTOCK,https://finance.vietstock.vn/VST/ho-so-doanh-nghiep.htm,https://finance.vietstock.vn/VST/tai-chinh.htm?tab=BCTT,OK,NO,
VTD,UPCOM,CTCP Vietourist Holdings,CTCP Vietourist Holdings,Vietourist Holdings Joint Stock Company,CTCP Vietourist Holdings - Vietourist Holdings - Hồ sơ doanh nghiệp,MATCH,Tiêu dùng không thiết yếu,Dịch vụ tiêu dùng,"Khách sạn, nhà hàng và giải trí",Tiêu dùng không thiết yếu,Dịch vụ tiêu dùng,"Khách sạn, nhà hàng và giải trí",Du lịch & Giải trí,NORMAL,27,giai tri,VIETSTOCK_RULE,VIETSTOCK,https://finance.vietstock.vn/VTD/ho-so-doanh-nghiep.htm,https://finance.vietstock.vn/VTD/tai-chinh.htm?tab=BCTT,OK,NO,
VTR,UPCOM,CTCP Du lịch Vietravel,CTCP Du lịch Vietravel,Vietravel Tourism Joint Stock Company,CTCP Du lịch Vietravel - Vietravel - Hồ sơ doanh nghiệp,MATCH,Tiêu dùng không thiết yếu,Dịch vụ tiêu dùng,"Khách sạn, nhà hàng và giải trí",Tiêu dùng không thiết yếu,Dịch vụ tiêu dùng,"Khách sạn, nhà hàng và giải trí",Du lịch & Giải trí,NORMAL,27,giai tri,VIETSTOCK_RULE,VIETSTOCK,https://finance.vietstock.vn/VTR/ho-so-doanh-nghiep.htm,https://finance.vietstock.vn/VTR/tai-chinh.htm?tab=BCTT,OK,NO,
VTX,UPCOM,CTCP Vận tải Đa Phương Thức Vietranstimex,CTCP Vận tải Đa Phương Thức Vietranstimex,Vietranstimex MultiModal Transport Holding Company,CTCP Vận tải Đa Phương Thức Vietranstimex - Vietranstimex - Hồ sơ doanh nghiệp,MATCH,Công nghiệp,Vận tải,Vận tải mặt đất,Công nghiệp,Vận tải,Vận tải mặt đất,Khác / cần duyệt,NORMAL,99,,REVIEW,,https://finance.vietstock.vn/VTX/ho-so-doanh-nghiep.htm,https://finance.vietstock.vn/VTX/tai-chinh.htm?tab=BCTT,OK,YES,Chưa map được ngành
VUA,UPCOM,CTCP Chứng khoán Stanley Brothers,CTCP Chứng khoán Stanley Brothers,Stanley Brothers Securities Incorporation,CTCP Chứng khoán Stanley Brothers - SBSI - Hồ sơ doanh nghiệp,MATCH,Tài chính,Dịch vụ tài chính,Thị trường vốn,Tài chính,Dịch vụ tài chính,Thị trường vốn,Chứng khoán,SECURITIES,2,thi truong von,VIETSTOCK_RULE,VIETSTOCK,https://finance.vietstock.vn/VUA/ho-so-doanh-nghiep.htm,https://finance.vietstock.vn/VUA/tai-chinh.htm?tab=BCTT,OK,NO,
VVN,UPCOM,Tổng Công ty cổ phần Xây dựng Công nghiệp Việt Nam,Tổng Công ty cổ phần Xây dựng Công nghiệp Việt Nam,Vietnam Industrial Construction Corporation,Tổng Công ty cổ phần Xây dựng Công nghiệp Việt Nam - VINAINCON - Hồ sơ doanh nghiệp,MATCH,Công nghiệp,Hàng hóa công nghiệp,Kỹ thuật xây dựng,Công nghiệp,Hàng hóa công nghiệp,Kỹ thuật xây dựng,Xây dựng,NORMAL,15,ky thuat xay dung,VIETSTOCK_RULE,VIETSTOCK,https://finance.vietstock.vn/VVN/ho-so-doanh-nghiep.htm,https://finance.vietstock.vn/VVN/tai-chinh.htm?tab=BCTT,OK,NO,
WSS,HNX,CTCP Chứng khoán Phố Wall,CTCP Chứng khoán Phố Wall,Wall Street Securities Company,CTCP Chứng khoán Phố Wall - WSS - Hồ sơ doanh nghiệp,MATCH,Tài chính,Dịch vụ tài chính,Thị trường vốn,Tài chính,Dịch vụ tài chính,Thị trường vốn,Chứng khoán,SECURITIES,2,thi truong von,VIETSTOCK_RULE,VIETSTOCK,https://finance.vietstock.vn/WSS/ho-so-doanh-nghiep.htm,https://finance.vietstock.vn/WSS/tai-chinh.htm?tab=BCTT,OK,NO,
XDH,UPCOM,CTCP Đầu tư Xây dựng Dân dụng Hà Nội,CTCP Đầu tư Xây dựng Dân dụng Hà Nội,Ha Noi Civil Construction Investment JSC,CTCP Đầu tư Xây dựng Dân dụng Hà Nội - HCCI - Hồ sơ doanh nghiệp,MATCH,Bất động sản,Bất động sản,Quản lý và phát triển bất động sản,Bất động sản,Quản lý và phát triển bất động sản,,Khác / cần duyệt,NORMAL,99,,REVIEW,,https://finance.vietstock.vn/XDH/ho-so-doanh-nghiep.htm,https://finance.vietstock.vn/XDH/tai-chinh.htm?tab=BCTT,OK,YES,Chưa map được ngành
XHC,UPCOM,CTCP Xuân Hòa Việt Nam,CTCP Xuân Hòa Việt Nam,Xuan Hoa Viet Nam JSC,CTCP Xuân Hòa Việt Nam - XHC - Hồ sơ doanh nghiệp,MATCH,Nguyên vật liệu,Nguyên vật liệu,Gỗ và giấy,Nguyên vật liệu,Gỗ và giấy,,Gỗ & Giấy,NORMAL,24,go va giay,VIETSTOCK_RULE,VIETSTOCK,https://finance.vietstock.vn/XHC/ho-so-doanh-nghiep.htm,https://finance.vietstock.vn/XHC/tai-chinh.htm?tab=BCTT,OK,NO,
XMC,UPCOM,CTCP Đầu tư và Xây dựng Xuân Mai,CTCP Đầu tư và Xây dựng Xuân Mai,Xuan Mai Investment and Construction Corporation,CTCP Đầu tư và Xây dựng Xuân Mai - Xuan Mai Corporation - Hồ sơ doanh nghiệp,MATCH,Công nghiệp,Hàng hóa công nghiệp,Kỹ thuật xây dựng,Công nghiệp,Hàng hóa công nghiệp,Kỹ thuật xây dựng,Xây dựng,NORMAL,15,ky thuat xay dung,VIETSTOCK_RULE,VIETSTOCK,https://finance.vietstock.vn/XMC/ho-so-doanh-nghiep.htm,https://finance.vietstock.vn/XMC/tai-chinh.htm?tab=BCTT,OK,NO,
