symbol,exchange,company_name,display_name,en_company_name,watchlist_sector_l1,watchlist_sector_l2,watchlist_sector_l3,vietstock_sector_l1,vietstock_sector_l2,vietstock_sector_l3,website_group,financial_model,website_group_order,matched_keyword,mapping_confidence,suggestion_source,source_url,status,needs_review
AAT,HOSE,CTCP Tập Đoàn Tiên Sơn Thanh Hóa,Tiên Sơn Thanh Hóa,Tien Son Thanh Hoa Group JSC,Tiêu dùng không thiết yếu,Thời trang và hàng lâu bền,Thời trang và dệt may,Tiêu dùng không thiết yếu,Thời trang và hàng lâu bền,Thời trang và dệt may,Dệt may,NORMAL,13,det may,VIETSTOCK_RULE,VIETSTOCK,https://finance.vietstock.vn/AAT/ho-so-doanh-nghiep.htm,OK,NO
ABI,UPCOM,CTCP Bảo hiểm Ngân hàng Nông nghiệp Việt Nam,Bảo hiểm Ngân hàng Nông nghiệp Việt Nam,Agriculture Bank Insurance Joint Stock Corporation,Tài chính,Bảo hiểm,Bảo hiểm,Tài chính,Bảo hiểm,,Bảo hiểm,INSURANCE,3,bao hiem,VIETSTOCK_RULE,VIETSTOCK,https://finance.vietstock.vn/ABI/ho-so-doanh-nghiep.htm,OK,NO
ACG,HOSE,CTCP Gỗ An Cường,Gỗ An Cường,An Cuong Wood - Working Joint Stock Company,Nguyên vật liệu,Nguyên vật liệu,Gỗ và giấy,Nguyên vật liệu,Gỗ và giấy,,Gỗ & Giấy,NORMAL,24,go va giay,VIETSTOCK_RULE,VIETSTOCK,https://finance.vietstock.vn/ACG/ho-so-doanh-nghiep.htm,OK,NO
ACL,HOSE,CTCP Xuất nhập khẩu Thủy sản Cửu Long An Giang,Xuất nhập khẩu Thủy sản Cửu Long An Giang,Cuu Long Fish Joint Stock Company,Tiêu dùng thiết yếu,"Thực phẩm, đồ uống và thuốc lá",Thực phẩm,Tiêu dùng thiết yếu,"Thực phẩm, đồ uống và thuốc lá",Thực phẩm,Thực phẩm & đồ uống,NORMAL,18,thuc pham,VIETSTOCK_RULE,VIETSTOCK,https://finance.vietstock.vn/ACL/ho-so-doanh-nghiep.htm,OK,NO
ACM,UPCOM,CTCP Tập đoàn Khoáng sản Á Cường,Khoáng sản Á Cường,A Cuong Mineral Group JSC,Nguyên vật liệu,Nguyên vật liệu,Khai khoáng và luyện kim,Nguyên vật liệu,Khai khoáng và luyện kim,,Kim loại & Khoáng sản,NORMAL,32,khai khoang,VIETSTOCK_RULE,VIETSTOCK,https://finance.vietstock.vn/ACM/ho-so-doanh-nghiep.htm,OK,NO
ADG,HOSE,CTCP Clever Group,Clever Group,Clever Group Corporation,Dịch vụ truyền thông,Truyền thông và giải trí,Truyền thông,Dịch vụ truyền thông,Truyền thông và giải trí,Truyền thông,Du lịch & Giải trí,NORMAL,27,giai tri,VIETSTOCK_RULE,VIETSTOCK,https://finance.vietstock.vn/ADG/ho-so-doanh-nghiep.htm,OK,NO
ADP,HOSE,CTCP Sơn Á Đông,Sơn Á Đông,A Dong Paint JSC,Nguyên vật liệu,Nguyên vật liệu,Hóa chất,Nguyên vật liệu,Hóa chất,,Hóa chất,NORMAL,10,hoa chat,VIETSTOCK_RULE,VIETSTOCK,https://finance.vietstock.vn/ADP/ho-so-doanh-nghiep.htm,OK,NO
ADS,HOSE,CTCP Damsan,Damsan,DamSan Joint Stock Company,Tiêu dùng không thiết yếu,Thời trang và hàng lâu bền,Thời trang và dệt may,Tiêu dùng không thiết yếu,Thời trang và hàng lâu bền,Thời trang và dệt may,Dệt may,NORMAL,13,det may,VIETSTOCK_RULE,VIETSTOCK,https://finance.vietstock.vn/ADS/ho-so-doanh-nghiep.htm,OK,NO
AGF,UPCOM,CTCP Xuất nhập khẩu Thủy sản An Giang,Xuất nhập khẩu Thủy sản An Giang,Angiang Fisheries Import Export JSC,Tiêu dùng thiết yếu,"Thực phẩm, đồ uống và thuốc lá",Thực phẩm,Tiêu dùng thiết yếu,"Thực phẩm, đồ uống và thuốc lá",Thực phẩm,Thực phẩm & đồ uống,NORMAL,18,thuc pham,VIETSTOCK_RULE,VIETSTOCK,https://finance.vietstock.vn/AGF/ho-so-doanh-nghiep.htm,OK,NO
AGP,UPCOM,CTCP Dược phẩm Agimexpharm,Dược phẩm Agimexpharm,Agimexpharm Pharmaceutical JSC,Chăm sóc sức khỏe,"Dược phẩm, công nghệ sinh học và khoa học sự sống",Dược phẩm,Chăm sóc sức khỏe,"Dược phẩm, công nghệ sinh học và khoa học sự sống",Dược phẩm,Dược & Y tế,NORMAL,19,duoc,VIETSTOCK_RULE,VIETSTOCK,https://finance.vietstock.vn/AGP/ho-so-doanh-nghiep.htm,OK,NO
AIC,UPCOM,Tổng Công ty Cổ phần Bảo hiểm DBV,Bảo hiểm DBV,DBV Insurance Corporation,Tài chính,Bảo hiểm,Bảo hiểm,Tài chính,Bảo hiểm,,Bảo hiểm,INSURANCE,3,bao hiem,VIETSTOCK_RULE,VIETSTOCK,https://finance.vietstock.vn/AIC/ho-so-doanh-nghiep.htm,OK,NO
AMD,UPCOM,CTCP Đầu tư và Khoáng sản FLC Stone,Đầu tư và Khoáng sản FLC Stone,FLC Stone Mining And Investment Joint Stock Company,Công nghiệp,Hàng hóa công nghiệp,Sản phẩm xây dựng,Công nghiệp,Hàng hóa công nghiệp,Sản phẩm xây dựng,Xây dựng,NORMAL,15,xay dung,VIETSTOCK_RULE,VIETSTOCK,https://finance.vietstock.vn/AMD/ho-so-doanh-nghiep.htm,OK,NO
AME,HNX,CTCP Alphanam E&C,Alphanam E&C,Alphanam E&C Joint Stock Company,Công nghiệp,Hàng hóa công nghiệp,Thiết bị điện,Công nghiệp,Hàng hóa công nghiệp,Phân phối hàng công nghiệp,Thương mại & Phân phối,NORMAL,33,phan phoi,VIETSTOCK_RULE,VIETSTOCK,https://finance.vietstock.vn/AME/ho-so-doanh-nghiep.htm,OK,NO
AMS,UPCOM,CTCP Cơ khí Xây dựng AMECC,Cơ khí Xây dựng AMECC,AMECC MECHANICAL CONSTRUCTION JSC,Công nghiệp,Hàng hóa công nghiệp,Máy móc công nghiệp,Công nghiệp,Hàng hóa công nghiệp,Máy móc công nghiệp,Máy móc & Thiết bị,NORMAL,30,may moc,VIETSTOCK_RULE,VIETSTOCK,https://finance.vietstock.vn/AMS/ho-so-doanh-nghiep.htm,OK,NO
APF,UPCOM,CTCP Nông sản Thực phẩm Quảng Ngãi,Nông sản Thực phẩm Quảng Ngãi,Quang Ngai Agricultural Products and Foodstuff JSC,Tiêu dùng thiết yếu,"Thực phẩm, đồ uống và thuốc lá",Thực phẩm,Tiêu dùng thiết yếu,"Thực phẩm, đồ uống và thuốc lá",Thực phẩm,Thực phẩm & đồ uống,NORMAL,18,thuc pham,VIETSTOCK_RULE,VIETSTOCK,https://finance.vietstock.vn/APF/ho-so-doanh-nghiep.htm,OK,NO
ART,UPCOM,CTCP Chứng khoán Artex,Chứng khoán Artex,Artex Securities Joint Stock Company,Tài chính,Dịch vụ tài chính,Thị trường vốn,Tài chính,Dịch vụ tài chính,Thị trường vốn,Chứng khoán,SECURITIES,2,thi truong von,VIETSTOCK_RULE,VIETSTOCK,https://finance.vietstock.vn/ART/ho-so-doanh-nghiep.htm,OK,NO
ASG,HOSE,CTCP Tập đoàn ASG,ASG,ASG Corporation,Công nghiệp,Vận tải,Vận tải và logistics hàng không,Công nghiệp,Vận tải,Vận tải và logistics hàng không,Cảng & Logistics,NORMAL,14,logistics,VIETSTOCK_RULE,VIETSTOCK,https://finance.vietstock.vn/ASG/ho-so-doanh-nghiep.htm,OK,NO
AST,HOSE,CTCP Dịch vụ Hàng không Taseco,Dịch vụ Hàng không Taseco,Taseco Air Services JSC,Công nghiệp,Vận tải,Vận tải và logistics hàng không,Công nghiệp,Vận tải,Hạ tầng giao thông,Cảng & Logistics,NORMAL,14,logistics,WATCHLIST_FALLBACK,WATCHLIST,https://finance.vietstock.vn/AST/ho-so-doanh-nghiep.htm,OK,YES
AVC,UPCOM,CTCP Thủy điện A Vương,Thủy điện A Vương,A Vuong Hydropower JSC,Tiện ích,Tiện ích,Phát điện độc lập và điện tái tạo,Tiện ích,Phát điện độc lập và điện tái tạo,,Khác / cần duyệt,NORMAL,99,,REVIEW,,https://finance.vietstock.vn/AVC/ho-so-doanh-nghiep.htm,OK,YES
AVF,UPCOM,CTCP Việt An,Việt An,AnViFish Joint Stock Company,Tiêu dùng thiết yếu,"Thực phẩm, đồ uống và thuốc lá",Thực phẩm,Tiêu dùng thiết yếu,"Thực phẩm, đồ uống và thuốc lá",Thực phẩm,Thực phẩm & đồ uống,NORMAL,18,thuc pham,VIETSTOCK_RULE,VIETSTOCK,https://finance.vietstock.vn/AVF/ho-so-doanh-nghiep.htm,OK,NO
BCA,UPCOM,CTCP B.C.H,B.C.H,B.C.H Joint Stock Company,Nguyên vật liệu,Nguyên vật liệu,Khai khoáng và luyện kim,Nguyên vật liệu,Khai khoáng và luyện kim,,Kim loại & Khoáng sản,NORMAL,32,khai khoang,VIETSTOCK_RULE,VIETSTOCK,https://finance.vietstock.vn/BCA/ho-so-doanh-nghiep.htm,OK,NO
BCC,HNX,CTCP Xi măng Bỉm Sơn,Xi măng Bỉm Sơn,Bim Son Cement JSC,Nguyên vật liệu,Nguyên vật liệu,Vật liệu xây dựng,Nguyên vật liệu,Vật liệu xây dựng,,Vật liệu xây dựng,NORMAL,16,vat lieu xay dung,VIETSTOCK_RULE,VIETSTOCK,https://finance.vietstock.vn/BCC/ho-so-doanh-nghiep.htm,OK,NO
BCF,HNX,CTCP Thực phẩm Bích Chi,Thực phẩm Bích Chi,Bich Chi Food JSC,Tiêu dùng thiết yếu,"Thực phẩm, đồ uống và thuốc lá",Thực phẩm,Tiêu dùng thiết yếu,"Thực phẩm, đồ uống và thuốc lá",Thực phẩm,Thực phẩm & đồ uống,NORMAL,18,thuc pham,VIETSTOCK_RULE,VIETSTOCK,https://finance.vietstock.vn/BCF/ho-so-doanh-nghiep.htm,OK,NO
BCG,HOSE,CTCP Tập đoàn Bamboo Capital,Bamboo Capital,Bamboo Capital Group Joint Stock Company,Công nghiệp,Hàng hóa công nghiệp,Tập đoàn đa ngành,Công nghiệp,Hàng hóa công nghiệp,Tập đoàn đa ngành,Khác / cần duyệt,NORMAL,99,,REVIEW,,https://finance.vietstock.vn/BCG/ho-so-doanh-nghiep.htm,OK,YES
BCR,UPCOM,CTCP BCG Land,BCG Land,BCG Land Joint Stock Company,Bất động sản,Bất động sản,Quản lý và phát triển bất động sản,Bất động sản,Quản lý và phát triển bất động sản,,Khác / cần duyệt,NORMAL,99,,REVIEW,,https://finance.vietstock.vn/BCR/ho-so-doanh-nghiep.htm,OK,YES
BDG,UPCOM,CTCP May mặc Bình Dương,May mặc Bình Dương,Protrade Garment Joint Stock Company,Tiêu dùng không thiết yếu,Thời trang và hàng lâu bền,Thời trang và dệt may,Tiêu dùng không thiết yếu,Thời trang và hàng lâu bền,Thời trang và dệt may,Dệt may,NORMAL,13,det may,VIETSTOCK_RULE,VIETSTOCK,https://finance.vietstock.vn/BDG/ho-so-doanh-nghiep.htm,OK,NO
BDT,UPCOM,CTCP Xây lắp và Vật liệu Xây dựng Đồng Tháp,Xây lắp và Vật liệu Xây dựng Đồng Tháp,Dong Thap Building Materials & Contruction Joint Stock Company,Nguyên vật liệu,Nguyên vật liệu,Vật liệu xây dựng,Nguyên vật liệu,Vật liệu xây dựng,,Vật liệu xây dựng,NORMAL,16,vat lieu xay dung,VIETSTOCK_RULE,VIETSTOCK,https://finance.vietstock.vn/BDT/ho-so-doanh-nghiep.htm,OK,NO
BGE,UPCOM,CTCP BCG Energy,BCG Energy,BCG Energy Joint Stock Company,Tiện ích,Tiện ích,Phát điện độc lập và điện tái tạo,Tiện ích,Phát điện độc lập và điện tái tạo,,Khác / cần duyệt,NORMAL,99,,REVIEW,,https://finance.vietstock.vn/BGE/ho-so-doanh-nghiep.htm,OK,YES
BHA,UPCOM,CTCP Thủy điện Bắc Hà,Thủy điện Bắc Hà,Bac Ha Hydropower JSC,Tiện ích,Tiện ích,Phát điện độc lập và điện tái tạo,Tiện ích,Phát điện độc lập và điện tái tạo,,Khác / cần duyệt,NORMAL,99,,REVIEW,,https://finance.vietstock.vn/BHA/ho-so-doanh-nghiep.htm,OK,YES
BHI,UPCOM,Tổng Công ty cổ phần Bảo hiểm Sài Gòn - Hà Nội,Bảo hiểm Sài Gòn - Hà Nội,Sai Gon - Ha Noi Insurance Corporation,Tài chính,Bảo hiểm,Bảo hiểm,Tài chính,Bảo hiểm,,Bảo hiểm,INSURANCE,3,bao hiem,VIETSTOCK_RULE,VIETSTOCK,https://finance.vietstock.vn/BHI/ho-so-doanh-nghiep.htm,OK,NO
BHN,HOSE,Tổng Công ty cổ phần Bia - Rượu - Nước giải khát Hà Nội,Bia - Rượu - Nước giải khát Hà Nội,Hanoi Beer Alcohol And Beverage Joint Stock Corporation,Tiêu dùng thiết yếu,"Thực phẩm, đồ uống và thuốc lá",Đồ uống,Tiêu dùng thiết yếu,"Thực phẩm, đồ uống và thuốc lá",Đồ uống,Thực phẩm & đồ uống,NORMAL,18,thuc pham,VIETSTOCK_RULE,VIETSTOCK,https://finance.vietstock.vn/BHN/ho-so-doanh-nghiep.htm,OK,NO
BIC,HOSE,Tổng Công ty cổ phần Bảo hiểm Ngân hàng Đầu tư và Phát triển Việt Nam,Bảo hiểm Ngân hàng Đầu tư và Phát triển Việt Nam,BIDV Insurance Corporation,Tài chính,Bảo hiểm,Bảo hiểm,Tài chính,Bảo hiểm,,Bảo hiểm,INSURANCE,3,bao hiem,VIETSTOCK_RULE,VIETSTOCK,https://finance.vietstock.vn/BIC/ho-so-doanh-nghiep.htm,OK,NO
BII,UPCOM,CTCP Louis Land,Louis Land,Louis Land JSC,Bất động sản,Bất động sản,Quản lý và phát triển bất động sản,Bất động sản,Quản lý và phát triển bất động sản,,Khác / cần duyệt,NORMAL,99,,REVIEW,,https://finance.vietstock.vn/BII/ho-so-doanh-nghiep.htm,OK,YES
BKC,HNX,CTCP Khoáng sản Bắc Kạn,Khoáng sản Bắc Kạn,Bac Kan Mineral Joint Stock Corporation,Nguyên vật liệu,Nguyên vật liệu,Khai khoáng và luyện kim,Nguyên vật liệu,Khai khoáng và luyện kim,,Kim loại & Khoáng sản,NORMAL,32,khai khoang,VIETSTOCK_RULE,VIETSTOCK,https://finance.vietstock.vn/BKC/ho-so-doanh-nghiep.htm,OK,NO
BLI,UPCOM,Tổng Công ty cổ phần Bảo hiểm Bảo Long,Bảo hiểm Bảo Long,Bao Long Insurance Corporation,Tài chính,Bảo hiểm,Bảo hiểm,Tài chính,Bảo hiểm,,Bảo hiểm,INSURANCE,3,bao hiem,VIETSTOCK_RULE,VIETSTOCK,https://finance.vietstock.vn/BLI/ho-so-doanh-nghiep.htm,OK,NO
BMI,HOSE,Tổng Công ty cổ phần Bảo Minh,Bảo Minh,Bao Minh Insurance Corporation,Tài chính,Bảo hiểm,Bảo hiểm,Tài chính,Bảo hiểm,,Bảo hiểm,INSURANCE,3,bao hiem,VIETSTOCK_RULE,VIETSTOCK,https://finance.vietstock.vn/BMI/ho-so-doanh-nghiep.htm,OK,NO
BMJ,UPCOM,CTCP Khoáng sản Miền Đông AHP,Khoáng sản Miền Đông AHP,Easterns AHP Minerals Joint Stock Company,Nguyên vật liệu,Nguyên vật liệu,Vật liệu xây dựng,Nguyên vật liệu,Vật liệu xây dựng,,Vật liệu xây dựng,NORMAL,16,vat lieu xay dung,VIETSTOCK_RULE,VIETSTOCK,https://finance.vietstock.vn/BMJ/ho-so-doanh-nghiep.htm,OK,NO
BMP,HOSE,CTCP Nhựa Bình Minh,Nhựa Bình Minh,Binh Minh Plastics Joint Stock Company,Công nghiệp,Hàng hóa công nghiệp,Sản phẩm xây dựng,Nguyên vật liệu,Hóa chất,,Hóa chất,NORMAL,10,hoa chat,VIETSTOCK_RULE,VIETSTOCK,https://finance.vietstock.vn/BMP/ho-so-doanh-nghiep.htm,OK,NO
BMV,UPCOM,CTCP Bột mỳ Vinafood 1,Bột mỳ Vinafood 1,Vinafood 1 Flour Joint Stock Company,Tiêu dùng thiết yếu,"Thực phẩm, đồ uống và thuốc lá",Thực phẩm,Tiêu dùng thiết yếu,"Thực phẩm, đồ uống và thuốc lá",Thực phẩm,Thực phẩm & đồ uống,NORMAL,18,thuc pham,VIETSTOCK_RULE,VIETSTOCK,https://finance.vietstock.vn/BMV/ho-so-doanh-nghiep.htm,OK,NO
BNA,HNX,CTCP Tập đoàn Đầu tư Bảo Ngọc,Đầu tư Bảo Ngọc,Bao Ngoc Investment Group Joint Stock Company,Tiêu dùng thiết yếu,"Thực phẩm, đồ uống và thuốc lá",Thực phẩm,Tiêu dùng thiết yếu,"Thực phẩm, đồ uống và thuốc lá",Thực phẩm,Thực phẩm & đồ uống,NORMAL,18,thuc pham,VIETSTOCK_RULE,VIETSTOCK,https://finance.vietstock.vn/BNA/ho-so-doanh-nghiep.htm,OK,NO
BNW,UPCOM,CTCP Nước sạch Bắc Ninh,Nước sạch Bắc Ninh,Bac Ninh Clean Water Joint Stock Company,Tiện ích,Tiện ích,Nước,Tiện ích,Nước,,Khác / cần duyệt,NORMAL,99,,REVIEW,,https://finance.vietstock.vn/BNW/ho-so-doanh-nghiep.htm,OK,YES
BOT,UPCOM,CTCP BOT Cầu Thái Hà,BOT Cầu Thái Hà,Thai Ha Bridge BOT Joint Stock Company,Công nghiệp,Vận tải,Hạ tầng giao thông,Công nghiệp,Vận tải,Hạ tầng giao thông,Khác / cần duyệt,NORMAL,99,,REVIEW,,https://finance.vietstock.vn/BOT/ho-so-doanh-nghiep.htm,OK,YES
BRR,UPCOM,CTCP Cao su Bà Rịa,Cao su Bà Rịa,BaRia Rubber Joint Stock Company,Nguyên vật liệu,Nguyên vật liệu,Hóa chất,Nguyên vật liệu,Hóa chất,,Hóa chất,NORMAL,10,hoa chat,VIETSTOCK_RULE,VIETSTOCK,https://finance.vietstock.vn/BRR/ho-so-doanh-nghiep.htm,OK,NO
BSA,UPCOM,CTCP Thủy điện Buôn Đôn,Thủy điện Buôn Đôn,Buon Don Hydropower JSC,Tiện ích,Tiện ích,Phát điện độc lập và điện tái tạo,Tiện ích,Phát điện độc lập và điện tái tạo,,Khác / cần duyệt,NORMAL,99,,REVIEW,,https://finance.vietstock.vn/BSA/ho-so-doanh-nghiep.htm,OK,YES
BSG,UPCOM,CTCP Xe khách Sài Gòn,Xe khách Sài Gòn,Saigon Passenger Transport JSC,Công nghiệp,Vận tải,Vận tải mặt đất,Công nghiệp,Vận tải,Vận tải mặt đất,Khác / cần duyệt,NORMAL,99,,REVIEW,,https://finance.vietstock.vn/BSG/ho-so-doanh-nghiep.htm,OK,YES
BSL,UPCOM,CTCP Bia Sài Gòn - Sông Lam,Bia Sài Gòn - Sông Lam,SaiGon-SongLam Beer Joint Stock Company,Tiêu dùng thiết yếu,"Thực phẩm, đồ uống và thuốc lá",Đồ uống,Tiêu dùng thiết yếu,"Thực phẩm, đồ uống và thuốc lá",Đồ uống,Thực phẩm & đồ uống,NORMAL,18,thuc pham,VIETSTOCK_RULE,VIETSTOCK,https://finance.vietstock.vn/BSL/ho-so-doanh-nghiep.htm,OK,NO
BSQ,UPCOM,CTCP Bia Sài Gòn - Quảng Ngãi,Bia Sài Gòn - Quảng Ngãi,Sai Gon - Quang Ngai Beer JSC,Tiêu dùng thiết yếu,"Thực phẩm, đồ uống và thuốc lá",Đồ uống,Tiêu dùng thiết yếu,"Thực phẩm, đồ uống và thuốc lá",Đồ uống,Thực phẩm & đồ uống,NORMAL,18,thuc pham,VIETSTOCK_RULE,VIETSTOCK,https://finance.vietstock.vn/BSQ/ho-so-doanh-nghiep.htm,OK,NO
BT6,UPCOM,CTCP Beton 6,Beton 6,Beton 6 Corporation,Nguyên vật liệu,Nguyên vật liệu,Vật liệu xây dựng,Nguyên vật liệu,Vật liệu xây dựng,,Vật liệu xây dựng,NORMAL,16,vat lieu xay dung,VIETSTOCK_RULE,VIETSTOCK,https://finance.vietstock.vn/BT6/ho-so-doanh-nghiep.htm,OK,NO
BTH,UPCOM,CTCP Chế tạo Biến thế và Vật liệu Điện Hà Nội,Chế tạo Biến thế và Vật liệu Điện Hà Nội,Ha Noi Transformer Manufacturing And Electric Material Joint Stock Company,Công nghiệp,Hàng hóa công nghiệp,Thiết bị điện,Công nghiệp,Hàng hóa công nghiệp,Thiết bị điện,Khác / cần duyệt,NORMAL,99,,REVIEW,,https://finance.vietstock.vn/BTH/ho-so-doanh-nghiep.htm,OK,YES
BTP,HOSE,CTCP Nhiệt điện Bà Rịa,Nhiệt điện Bà Rịa,BaRia Thermal Power Joint Stock Company,Tiện ích,Tiện ích,Điện,Tiện ích,Điện,,Khác / cần duyệt,NORMAL,99,,REVIEW,,https://finance.vietstock.vn/BTP/ho-so-doanh-nghiep.htm,OK,YES
BTS,HNX,CTCP Xi măng VICEM Bút Sơn,Xi măng VICEM Bút Sơn,Vicem But Son Cement Joint Stock Company,Nguyên vật liệu,Nguyên vật liệu,Vật liệu xây dựng,Nguyên vật liệu,Vật liệu xây dựng,,Vật liệu xây dựng,NORMAL,16,vat lieu xay dung,VIETSTOCK_RULE,VIETSTOCK,https://finance.vietstock.vn/BTS/ho-so-doanh-nghiep.htm,OK,NO
BTV,UPCOM,CTCP Dịch vụ Du lịch Bến Thành,Dịch vụ Du lịch Bến Thành,BenThanh Tourist Service Corporation,Tiêu dùng không thiết yếu,Dịch vụ tiêu dùng,"Khách sạn, nhà hàng và giải trí",Tiêu dùng không thiết yếu,Dịch vụ tiêu dùng,"Khách sạn, nhà hàng và giải trí",Du lịch & Giải trí,NORMAL,27,giai tri,VIETSTOCK_RULE,VIETSTOCK,https://finance.vietstock.vn/BTV/ho-so-doanh-nghiep.htm,OK,NO
BVL,UPCOM,CTCP BV Land,BV Land,BV Land JSC,Công nghiệp,Hàng hóa công nghiệp,Tập đoàn đa ngành,Bất động sản,Quản lý và phát triển bất động sản,,Khác / cần duyệt,NORMAL,99,,REVIEW,,https://finance.vietstock.vn/BVL/ho-so-doanh-nghiep.htm,OK,YES
BWS,UPCOM,CTCP Cấp nước Bà Rịa - Vũng Tàu,Cấp nước Bà Rịa - Vũng Tàu,Ba Ria - Vung Tau Water Supply Joint Stock Company,Tiện ích,Tiện ích,Nước,Tiện ích,Nước,,Khác / cần duyệt,NORMAL,99,,REVIEW,,https://finance.vietstock.vn/BWS/ho-so-doanh-nghiep.htm,OK,YES
C47,HOSE,CTCP Xây dựng 47,Xây dựng 47,Construction Joint Stock Company 47,Công nghiệp,Hàng hóa công nghiệp,Kỹ thuật xây dựng,Công nghiệp,Hàng hóa công nghiệp,Kỹ thuật xây dựng,Xây dựng,NORMAL,15,ky thuat xay dung,VIETSTOCK_RULE,VIETSTOCK,https://finance.vietstock.vn/C47/ho-so-doanh-nghiep.htm,OK,NO
CBI,UPCOM,CTCP Gang thép Cao Bằng,Gang thép Cao Bằng,Cao Bang Cast Iron And Steel Joint Stock Company,Nguyên vật liệu,Nguyên vật liệu,Khai khoáng và luyện kim,Nguyên vật liệu,Khai khoáng và luyện kim,,Kim loại & Khoáng sản,NORMAL,32,khai khoang,VIETSTOCK_RULE,VIETSTOCK,https://finance.vietstock.vn/CBI/ho-so-doanh-nghiep.htm,OK,NO
CC1,UPCOM,Tổng Công ty Xây dựng Số 1 - CTCP,Xây dựng Số 1 - CTCP,Construction Corporation No 1 Joint Stock Company,Công nghiệp,Hàng hóa công nghiệp,Kỹ thuật xây dựng,Công nghiệp,Hàng hóa công nghiệp,Kỹ thuật xây dựng,Xây dựng,NORMAL,15,ky thuat xay dung,VIETSTOCK_RULE,VIETSTOCK,https://finance.vietstock.vn/CC1/ho-so-doanh-nghiep.htm,OK,NO
CCC,HOSE,CTCP Xây dựng CDC,Xây dựng CDC,CDC Construction Joint Stock Company,Công nghiệp,Hàng hóa công nghiệp,Kỹ thuật xây dựng,Công nghiệp,Hàng hóa công nghiệp,Kỹ thuật xây dựng,Xây dựng,NORMAL,15,ky thuat xay dung,VIETSTOCK_RULE,VIETSTOCK,https://finance.vietstock.vn/CCC/ho-so-doanh-nghiep.htm,OK,NO
CCL,HOSE,CTCP Đầu tư và Phát triển Đô thị Dầu khí Cửu Long,Đầu tư và Phát triển Đô thị Dầu khí Cửu Long,Cuu Long Petro Urban Development & Investment Corporation,Bất động sản,Bất động sản,Quản lý và phát triển bất động sản,Bất động sản,Quản lý và phát triển bất động sản,,Khác / cần duyệt,NORMAL,99,,REVIEW,,https://finance.vietstock.vn/CCL/ho-so-doanh-nghiep.htm,OK,YES
CCR,HNX,CTCP Cảng Cam Ranh,Cảng Cam Ranh,Cam Ranh Port Joint Stock Company,Công nghiệp,Vận tải,Hạ tầng giao thông,Công nghiệp,Vận tải,Hạ tầng giao thông,Khác / cần duyệt,NORMAL,99,,REVIEW,,https://finance.vietstock.vn/CCR/ho-so-doanh-nghiep.htm,OK,YES
CCT,UPCOM,CTCP Cảng Cần Thơ,Cảng Cần Thơ,CanTho Port Joint Stock Company,Công nghiệp,Vận tải,Hạ tầng giao thông,Công nghiệp,Vận tải,Hạ tầng giao thông,Khác / cần duyệt,NORMAL,99,,REVIEW,,https://finance.vietstock.vn/CCT/ho-so-doanh-nghiep.htm,OK,YES
CDN,HNX,CTCP Cảng Đà Nẵng,Cảng Đà Nẵng,Danang Port Joint Stock Company,Công nghiệp,Vận tải,Hạ tầng giao thông,Công nghiệp,Vận tải,Hạ tầng giao thông,Khác / cần duyệt,NORMAL,99,,REVIEW,,https://finance.vietstock.vn/CDN/ho-so-doanh-nghiep.htm,OK,YES
CDO,UPCOM,CTCP Tư vấn Thiết kế và Phát triển Đô thị,Tư vấn Thiết kế và Phát triển Đô thị,Consultancy Design & Urban Development JSC,Công nghiệp,Hàng hóa công nghiệp,Kỹ thuật xây dựng,Công nghiệp,Hàng hóa công nghiệp,Kỹ thuật xây dựng,Xây dựng,NORMAL,15,ky thuat xay dung,VIETSTOCK_RULE,VIETSTOCK,https://finance.vietstock.vn/CDO/ho-so-doanh-nghiep.htm,OK,NO
CEN,UPCOM,CTCP CENCON Việt Nam,CENCON Việt Nam,Cencon Vietnam JSC,Tiêu dùng không thiết yếu,Thương mại hàng không thiết yếu,Nhà phân phối,Tiêu dùng không thiết yếu,Thương mại hàng không thiết yếu,Nhà phân phối,Hàng không,NORMAL,17,hang khong,VIETSTOCK_RULE,VIETSTOCK,https://finance.vietstock.vn/CEN/ho-so-doanh-nghiep.htm,OK,NO
CHP,HOSE,CTCP Thủy điện Miền Trung,Thủy điện Miền Trung,Central Hydropower Joint Stock Company,Tiện ích,Tiện ích,Phát điện độc lập và điện tái tạo,Tiện ích,Phát điện độc lập và điện tái tạo,,Khác / cần duyệt,NORMAL,99,,REVIEW,,https://finance.vietstock.vn/CHP/ho-so-doanh-nghiep.htm,OK,YES
CHS,UPCOM,CTCP Chiếu sáng Công cộng Thành phố Hồ Chí Minh,Chiếu sáng Công cộng Thành phố Hồ Chí Minh,HOCHIMINH CITY PUBLIC LIGHTING JSC,Công nghiệp,Hàng hóa công nghiệp,Kỹ thuật xây dựng,Công nghiệp,Hàng hóa công nghiệp,Kỹ thuật xây dựng,Xây dựng,NORMAL,15,ky thuat xay dung,VIETSTOCK_RULE,VIETSTOCK,https://finance.vietstock.vn/CHS/ho-so-doanh-nghiep.htm,OK,NO
CIG,HOSE,CTCP COMA 18,COMA 18,COMA 18 Joint Stock Company,Công nghiệp,Hàng hóa công nghiệp,Kỹ thuật xây dựng,Công nghiệp,Hàng hóa công nghiệp,Kỹ thuật xây dựng,Xây dựng,NORMAL,15,ky thuat xay dung,VIETSTOCK_RULE,VIETSTOCK,https://finance.vietstock.vn/CIG/ho-so-doanh-nghiep.htm,OK,NO
CKD,UPCOM,CTCP Cơ khí Đông Anh LICOGI,Cơ khí Đông Anh LICOGI,Dong Anh Licogi Mechanical Joint Stock Company,Nguyên vật liệu,Nguyên vật liệu,Khai khoáng và luyện kim,Nguyên vật liệu,Khai khoáng và luyện kim,,Kim loại & Khoáng sản,NORMAL,32,khai khoang,VIETSTOCK_RULE,VIETSTOCK,https://finance.vietstock.vn/CKD/ho-so-doanh-nghiep.htm,OK,NO
CKG,HOSE,CTCP Tập đoàn CIC,CIC,CIC Group Joint Stock Company,Bất động sản,Bất động sản,Quản lý và phát triển bất động sản,Bất động sản,Quản lý và phát triển bất động sản,,Khác / cần duyệt,NORMAL,99,,REVIEW,,https://finance.vietstock.vn/CKG/ho-so-doanh-nghiep.htm,OK,YES
CLC,HOSE,CTCP Cát Lợi,Cát Lợi,Cat Loi Joint Stock Company,Tiêu dùng thiết yếu,"Thực phẩm, đồ uống và thuốc lá",Thuốc lá,Tiêu dùng thiết yếu,"Thực phẩm, đồ uống và thuốc lá",Thuốc lá,Thực phẩm & đồ uống,NORMAL,18,thuc pham,VIETSTOCK_RULE,VIETSTOCK,https://finance.vietstock.vn/CLC/ho-so-doanh-nghiep.htm,OK,NO
CLG,UPCOM,CTCP Đầu tư và Phát triển Nhà đất COTEC,Đầu tư và Phát triển Nhà đất COTEC,Cotec Invesment & Land-House Development JSC,Công nghiệp,Hàng hóa công nghiệp,Kỹ thuật xây dựng,Bất động sản,Bất động sản đa dạng,,Xây dựng,NORMAL,15,ky thuat xay dung,WATCHLIST_FALLBACK,WATCHLIST,https://finance.vietstock.vn/CLG/ho-so-doanh-nghiep.htm,OK,YES
CLL,HOSE,CTCP Cảng Cát Lái,Cảng Cát Lái,Cat Lai Port Joint Stock Company,Công nghiệp,Vận tải,Hạ tầng giao thông,Công nghiệp,Vận tải,Hạ tầng giao thông,Khác / cần duyệt,NORMAL,99,,REVIEW,,https://finance.vietstock.vn/CLL/ho-so-doanh-nghiep.htm,OK,YES
CLX,UPCOM,CTCP Xuất nhập khẩu và Đầu tư Chợ Lớn (CHOLIMEX),Xuất nhập khẩu và Đầu tư Chợ Lớn (CHOLIMEX),Cho Lon Investment And Import Export Corporation (CHOLIMEX),Tiêu dùng thiết yếu,Thương mại hàng thiết yếu,Thương mại hàng thiết yếu,Tiêu dùng thiết yếu,Thương mại hàng thiết yếu,,Khác / cần duyệt,NORMAL,99,,REVIEW,,https://finance.vietstock.vn/CLX/ho-so-doanh-nghiep.htm,OK,YES
CMM,UPCOM,CTCP Camimex,Camimex,Camimex Joint Stock Company,Tiêu dùng thiết yếu,"Thực phẩm, đồ uống và thuốc lá",Thực phẩm,Tiêu dùng thiết yếu,"Thực phẩm, đồ uống và thuốc lá",Thực phẩm,Thực phẩm & đồ uống,NORMAL,18,thuc pham,VIETSTOCK_RULE,VIETSTOCK,https://finance.vietstock.vn/CMM/ho-so-doanh-nghiep.htm,OK,NO
CMP,UPCOM,CTCP Cảng Chân Mây,Cảng Chân Mây,Chanmay Port Joint Stock Company,Công nghiệp,Vận tải,Hạ tầng giao thông,Công nghiệp,Vận tải,Hạ tầng giao thông,Khác / cần duyệt,NORMAL,99,,REVIEW,,https://finance.vietstock.vn/CMP/ho-so-doanh-nghiep.htm,OK,YES
CMS,HNX,CTCP Tập Đoàn CMH Việt Nam,CMH Việt Nam,CMH Viet Nam Group Joint Stock Company,Công nghiệp,Hàng hóa công nghiệp,Kỹ thuật xây dựng,Công nghiệp,Hàng hóa công nghiệp,Kỹ thuật xây dựng,Xây dựng,NORMAL,15,ky thuat xay dung,VIETSTOCK_RULE,VIETSTOCK,https://finance.vietstock.vn/CMS/ho-so-doanh-nghiep.htm,OK,NO
CMX,HOSE,CTCP Camimex Group,Camimex Group,Camimex Group JSC,Tiêu dùng thiết yếu,"Thực phẩm, đồ uống và thuốc lá",Thực phẩm,Tiêu dùng thiết yếu,"Thực phẩm, đồ uống và thuốc lá",Thực phẩm,Thực phẩm & đồ uống,NORMAL,18,thuc pham,VIETSTOCK_RULE,VIETSTOCK,https://finance.vietstock.vn/CMX/ho-so-doanh-nghiep.htm,OK,NO
CNG,HOSE,CTCP CNG Việt Nam,CNG Việt Nam,CNG Viet Nam Joint Stock Company,Tiện ích,Tiện ích,Gas sinh hoạt,Tiện ích,Gas sinh hoạt,,Khác / cần duyệt,NORMAL,99,,REVIEW,,https://finance.vietstock.vn/CNG/ho-so-doanh-nghiep.htm,OK,YES
CNT,UPCOM,CTCP Tập đoàn CNT,CNT,CNT Group Corporation,Bất động sản,Bất động sản,Quản lý và phát triển bất động sản,Bất động sản,Quản lý và phát triển bất động sản,,Khác / cần duyệt,NORMAL,99,,REVIEW,,https://finance.vietstock.vn/CNT/ho-so-doanh-nghiep.htm,OK,YES
CPA,UPCOM,CTCP Cà phê Phước An,Cà phê Phước An,PhuocAn Coffee Joint Stock Company,Tiêu dùng thiết yếu,"Thực phẩm, đồ uống và thuốc lá",Thực phẩm,Tiêu dùng thiết yếu,"Thực phẩm, đồ uống và thuốc lá",Thực phẩm,Thực phẩm & đồ uống,NORMAL,18,thuc pham,VIETSTOCK_RULE,VIETSTOCK,https://finance.vietstock.vn/CPA/ho-so-doanh-nghiep.htm,OK,NO
CPI,UPCOM,CTCP Đầu tư Cảng Cái Lân,Đầu tư Cảng Cái Lân,Cailan Port Investment Joint Stock Company,Công nghiệp,Vận tải,Hạ tầng giao thông,Công nghiệp,Vận tải,Hạ tầng giao thông,Khác / cần duyệt,NORMAL,99,,REVIEW,,https://finance.vietstock.vn/CPI/ho-so-doanh-nghiep.htm,OK,YES
CQN,UPCOM,CTCP Cảng Quảng Ninh,Cảng Quảng Ninh,QUANG NINH PORT JSC,Công nghiệp,Vận tải,Hạ tầng giao thông,Công nghiệp,Vận tải,Hạ tầng giao thông,Khác / cần duyệt,NORMAL,99,,REVIEW,,https://finance.vietstock.vn/CQN/ho-so-doanh-nghiep.htm,OK,YES
CQT,UPCOM,CTCP Xi măng Quán Triều VVMI,Xi măng Quán Triều VVMI,VVMI QUAN TRIEU CEMENT JSC,Nguyên vật liệu,Nguyên vật liệu,Vật liệu xây dựng,Nguyên vật liệu,Vật liệu xây dựng,,Vật liệu xây dựng,NORMAL,16,vat lieu xay dung,VIETSTOCK_RULE,VIETSTOCK,https://finance.vietstock.vn/CQT/ho-so-doanh-nghiep.htm,OK,NO
CSC,HNX,CTCP Tập đoàn COTANA,COTANA,COTANA Group JSC,Bất động sản,Bất động sản,Quản lý và phát triển bất động sản,Bất động sản,Quản lý và phát triển bất động sản,,Khác / cần duyệt,NORMAL,99,,REVIEW,,https://finance.vietstock.vn/CSC/ho-so-doanh-nghiep.htm,OK,YES
CST,HNX,CTCP Than Cao Sơn - TKV,Than Cao Sơn - TKV,Cao Son Coal JSC,Năng lượng,Năng lượng,Dầu khí,Năng lượng,Dầu khí,,Dầu khí,NORMAL,6,dau khi,VIETSTOCK_RULE,VIETSTOCK,https://finance.vietstock.vn/CST/ho-so-doanh-nghiep.htm,OK,NO
CTW,UPCOM,CTCP Cấp thoát nước Cần Thơ,Cấp thoát nước Cần Thơ,Can Tho Water Supply - Sewerage JSC,Tiện ích,Tiện ích,Nước,Tiện ích,Nước,,Khác / cần duyệt,NORMAL,99,,REVIEW,,https://finance.vietstock.vn/CTW/ho-so-doanh-nghiep.htm,OK,YES
CTX,UPCOM,Tổng Công ty cổ phần Đầu tư Xây dựng và Thương mại Việt Nam,Đầu tư Xây dựng và Thương mại Việt Nam,Vietnam Investment Construction and Trading Joint Stock Corporation,Bất động sản,Bất động sản,Bất động sản đa dạng,Bất động sản,Quản lý và phát triển bất động sản,,Khác / cần duyệt,NORMAL,99,,REVIEW,,https://finance.vietstock.vn/CTX/ho-so-doanh-nghiep.htm,OK,YES
CVT,HOSE,CTCP CMC,CMC,CMC Joint Stock Company,Nguyên vật liệu,Nguyên vật liệu,Vật liệu xây dựng,Nguyên vật liệu,Vật liệu xây dựng,,Vật liệu xây dựng,NORMAL,16,vat lieu xay dung,VIETSTOCK_RULE,VIETSTOCK,https://finance.vietstock.vn/CVT/ho-so-doanh-nghiep.htm,OK,NO
D2D,HOSE,CTCP Phát triển Đô thị Công nghiệp số 2,Phát triển Đô thị Công nghiệp số 2,Industrial Urban Development JSC No. 2,Bất động sản,Bất động sản,Quản lý và phát triển bất động sản,Bất động sản,Quản lý và phát triển bất động sản,,Khác / cần duyệt,NORMAL,99,,REVIEW,,https://finance.vietstock.vn/D2D/ho-so-doanh-nghiep.htm,OK,YES
DAG,UPCOM,CTCP Tập đoàn Nhựa Đông Á,Nhựa Đông Á,Dong A Plastic JSC,Công nghiệp,Hàng hóa công nghiệp,Sản phẩm xây dựng,Nguyên vật liệu,Hóa chất,,Hóa chất,NORMAL,10,hoa chat,VIETSTOCK_RULE,VIETSTOCK,https://finance.vietstock.vn/DAG/ho-so-doanh-nghiep.htm,OK,NO
DAH,HOSE,CTCP Tập đoàn Khách sạn Đông Á,Khách sạn Đông Á,Dong A Hotel Group JSC,Tiêu dùng không thiết yếu,Dịch vụ tiêu dùng,"Khách sạn, nhà hàng và giải trí",Tiêu dùng không thiết yếu,Dịch vụ tiêu dùng,"Khách sạn, nhà hàng và giải trí",Du lịch & Giải trí,NORMAL,27,giai tri,VIETSTOCK_RULE,VIETSTOCK,https://finance.vietstock.vn/DAH/ho-so-doanh-nghiep.htm,OK,NO
DAN,UPCOM,CTCP Dược Danapha,Dược Danapha,Danapha Pharmaceutical Joint Stock Company,Chăm sóc sức khỏe,"Dược phẩm, công nghệ sinh học và khoa học sự sống",Dược phẩm,Chăm sóc sức khỏe,"Dược phẩm, công nghệ sinh học và khoa học sự sống",Dược phẩm,Dược & Y tế,NORMAL,19,duoc,VIETSTOCK_RULE,VIETSTOCK,https://finance.vietstock.vn/DAN/ho-so-doanh-nghiep.htm,OK,NO
DAT,HOSE,CTCP Đầu tư du lịch và Phát triển Thủy sản,Đầu tư du lịch và Phát triển Thủy sản,Travel Investment And Seafood Development Corporation,Tiêu dùng thiết yếu,"Thực phẩm, đồ uống và thuốc lá",Thực phẩm,Tiêu dùng thiết yếu,"Thực phẩm, đồ uống và thuốc lá",Thực phẩm,Thực phẩm & đồ uống,NORMAL,18,thuc pham,VIETSTOCK_RULE,VIETSTOCK,https://finance.vietstock.vn/DAT/ho-so-doanh-nghiep.htm,OK,NO
DBD,HOSE,CTCP Dược - Trang thiết bị Y tế Bình Định (Bidiphar),Dược - Trang thiết bị Y tế Bình Định (Bidiphar),Binh Dinh Pharmaceutical and Medical Equipment JSC,Chăm sóc sức khỏe,"Dược phẩm, công nghệ sinh học và khoa học sự sống",Dược phẩm,Chăm sóc sức khỏe,"Dược phẩm, công nghệ sinh học và khoa học sự sống",Dược phẩm,Dược & Y tế,NORMAL,19,duoc,VIETSTOCK_RULE,VIETSTOCK,https://finance.vietstock.vn/DBD/ho-so-doanh-nghiep.htm,OK,NO
DCF,UPCOM,CTCP Xây dựng và Thiết kế Số 1,Xây dựng và Thiết kế Số 1,Design And Construction Joint Stock Company No.1,Công nghiệp,Hàng hóa công nghiệp,Kỹ thuật xây dựng,Công nghiệp,Hàng hóa công nghiệp,Kỹ thuật xây dựng,Xây dựng,NORMAL,15,ky thuat xay dung,VIETSTOCK_RULE,VIETSTOCK,https://finance.vietstock.vn/DCF/ho-so-doanh-nghiep.htm,OK,NO
DCS,UPCOM,CTCP Tập đoàn Đại Châu,Đại Châu,Dai Chau Group JSC,Nguyên vật liệu,Nguyên vật liệu,Gỗ và giấy,Nguyên vật liệu,Gỗ và giấy,,Gỗ & Giấy,NORMAL,24,go va giay,VIETSTOCK_RULE,VIETSTOCK,https://finance.vietstock.vn/DCS/ho-so-doanh-nghiep.htm,OK,NO
DCT,UPCOM,CTCP Tấm lợp Vật liệu Xây dựng Đồng Nai,Tấm lợp Vật liệu Xây dựng Đồng Nai,Dong Nai Roofsheet And Construction Material JSC,Nguyên vật liệu,Nguyên vật liệu,Vật liệu xây dựng,Nguyên vật liệu,Vật liệu xây dựng,,Vật liệu xây dựng,NORMAL,16,vat lieu xay dung,VIETSTOCK_RULE,VIETSTOCK,https://finance.vietstock.vn/DCT/ho-so-doanh-nghiep.htm,OK,NO
DFF,UPCOM,CTCP Tập đoàn Đua Fat,Đua Fat,Dua Fat Group JSC,Công nghiệp,Hàng hóa công nghiệp,Kỹ thuật xây dựng,Công nghiệp,Hàng hóa công nghiệp,Kỹ thuật xây dựng,Xây dựng,NORMAL,15,ky thuat xay dung,VIETSTOCK_RULE,VIETSTOCK,https://finance.vietstock.vn/DFF/ho-so-doanh-nghiep.htm,OK,NO
DGT,UPCOM,CTCP Công trình Giao thông Đồng Nai,Công trình Giao thông Đồng Nai,DONA Transportation Construction Joint Stock Company,Nguyên vật liệu,Nguyên vật liệu,Vật liệu xây dựng,Nguyên vật liệu,Vật liệu xây dựng,,Vật liệu xây dựng,NORMAL,16,vat lieu xay dung,VIETSTOCK_RULE,VIETSTOCK,https://finance.vietstock.vn/DGT/ho-so-doanh-nghiep.htm,OK,NO
DHD,UPCOM,CTCP Dược Vật tư Y tế Hải Dương,Dược Vật tư Y tế Hải Dương,Hai Duong Pharmaceutical Medical Material JSC,Chăm sóc sức khỏe,"Dược phẩm, công nghệ sinh học và khoa học sự sống",Dược phẩm,Chăm sóc sức khỏe,"Dược phẩm, công nghệ sinh học và khoa học sự sống",Dược phẩm,Dược & Y tế,NORMAL,19,duoc,VIETSTOCK_RULE,VIETSTOCK,https://finance.vietstock.vn/DHD/ho-so-doanh-nghiep.htm,OK,NO
DHG,HOSE,CTCP Dược Hậu Giang,Dược Hậu Giang,DHG Pharmaceutical Joint Stock Company,Chăm sóc sức khỏe,"Dược phẩm, công nghệ sinh học và khoa học sự sống",Dược phẩm,Chăm sóc sức khỏe,"Dược phẩm, công nghệ sinh học và khoa học sự sống",Dược phẩm,Dược & Y tế,NORMAL,19,duoc,VIETSTOCK_RULE,VIETSTOCK,https://finance.vietstock.vn/DHG/ho-so-doanh-nghiep.htm,OK,NO
DHT,HNX,CTCP Dược phẩm Hà Tây,Dược phẩm Hà Tây,Ha Tay Pharmaceutical Joint Stock Company,Chăm sóc sức khỏe,"Dược phẩm, công nghệ sinh học và khoa học sự sống",Dược phẩm,Chăm sóc sức khỏe,"Dược phẩm, công nghệ sinh học và khoa học sự sống",Dược phẩm,Dược & Y tế,NORMAL,19,duoc,VIETSTOCK_RULE,VIETSTOCK,https://finance.vietstock.vn/DHT/ho-so-doanh-nghiep.htm,OK,NO
DIC,UPCOM,CTCP Đầu tư và Thương mại DIC,Đầu tư và Thương mại DIC,DIC Investment & Trading Joint Stock Company,Nguyên vật liệu,Nguyên vật liệu,Vật liệu xây dựng,Công nghiệp,Hàng hóa công nghiệp,Kỹ thuật xây dựng,Xây dựng,NORMAL,15,ky thuat xay dung,VIETSTOCK_RULE,VIETSTOCK,https://finance.vietstock.vn/DIC/ho-so-doanh-nghiep.htm,OK,NO
DL1,HNX,CTCP Tập đoàn Alpha Seven,Alpha Seven,Alpha Seven Group JSC,Tiện ích,Tiện ích,Phát điện độc lập và điện tái tạo,Tiện ích,Phát điện độc lập và điện tái tạo,,Khác / cần duyệt,NORMAL,99,,REVIEW,,https://finance.vietstock.vn/DL1/ho-so-doanh-nghiep.htm,OK,YES
DMC,HOSE,CTCP Xuất nhập khẩu Y Tế Domesco,Xuất nhập khẩu Y Tế Domesco,Domesco Medical Import Export Joint Stock Corporation,Chăm sóc sức khỏe,"Dược phẩm, công nghệ sinh học và khoa học sự sống",Dược phẩm,Chăm sóc sức khỏe,"Dược phẩm, công nghệ sinh học và khoa học sự sống",Dược phẩm,Dược & Y tế,NORMAL,19,duoc,VIETSTOCK_RULE,VIETSTOCK,https://finance.vietstock.vn/DMC/ho-so-doanh-nghiep.htm,OK,NO
DNA,UPCOM,CTCP Điện Nước An Giang,Điện Nước An Giang,An Giang Power And Water Supply Joint Stock Company,Tiện ích,Tiện ích,Điện,Tiện ích,Điện,,Khác / cần duyệt,NORMAL,99,,REVIEW,,https://finance.vietstock.vn/DNA/ho-so-doanh-nghiep.htm,OK,YES
DNH,UPCOM,CTCP Thủy điện Đa Nhim - Hàm Thuận - Đa Mi,Thủy điện Đa Nhim - Hàm Thuận - Đa Mi,Da Nhim - Ham Thuan - Da Mi Hydro Power Joint Stock Company,Tiện ích,Tiện ích,Phát điện độc lập và điện tái tạo,Tiện ích,Phát điện độc lập và điện tái tạo,,Khác / cần duyệt,NORMAL,99,,REVIEW,,https://finance.vietstock.vn/DNH/ho-so-doanh-nghiep.htm,OK,YES
DNN,UPCOM,CTCP Cấp nước Đà Nẵng,Cấp nước Đà Nẵng,Da Nang Water Supply Joint Stock Company,Tiện ích,Tiện ích,Nước,Tiện ích,Nước,,Khác / cần duyệt,NORMAL,99,,REVIEW,,https://finance.vietstock.vn/DNN/ho-so-doanh-nghiep.htm,OK,YES
DNP,HNX,CTCP DNP Holding,DNP Holding,DNP Holding Joint Stock Company,Tiện ích,Tiện ích,Nước,Nguyên vật liệu,Hóa chất,,Hóa chất,NORMAL,10,hoa chat,VIETSTOCK_RULE,VIETSTOCK,https://finance.vietstock.vn/DNP/ho-so-doanh-nghiep.htm,OK,NO
DNW,UPCOM,CTCP Cấp nước Đồng Nai,Cấp nước Đồng Nai,Dong Nai Water Joint Stock Company,Tiện ích,Tiện ích,Nước,Tiện ích,Nước,,Khác / cần duyệt,NORMAL,99,,REVIEW,,https://finance.vietstock.vn/DNW/ho-so-doanh-nghiep.htm,OK,YES
DP1,UPCOM,CTCP Dược phẩm Trung ương CPC1,Dược phẩm Trung ương CPC1,Central Pharmaceutical Company No.1 JSC,Chăm sóc sức khỏe,Thiết bị và dịch vụ chăm sóc sức khỏe,Thương mại và dịch vụ chăm sóc sức khỏe,Chăm sóc sức khỏe,Thiết bị và dịch vụ chăm sóc sức khỏe,Thương mại và dịch vụ chăm sóc sức khỏe,Dược & Y tế,NORMAL,19,cham soc suc khoe,VIETSTOCK_RULE,VIETSTOCK,https://finance.vietstock.vn/DP1/ho-so-doanh-nghiep.htm,OK,NO
DP3,HNX,CTCP Dược phẩm Trung ương 3,Dược phẩm Trung ương 3,Central Phamaceutical Joint Stock Company No3,Chăm sóc sức khỏe,"Dược phẩm, công nghệ sinh học và khoa học sự sống",Dược phẩm,Chăm sóc sức khỏe,"Dược phẩm, công nghệ sinh học và khoa học sự sống",Dược phẩm,Dược & Y tế,NORMAL,19,duoc,VIETSTOCK_RULE,VIETSTOCK,https://finance.vietstock.vn/DP3/ho-so-doanh-nghiep.htm,OK,NO
DPR,HOSE,CTCP Cao su Đồng Phú,Cao su Đồng Phú,Dong Phu Rubber Joint Stock Company,Nguyên vật liệu,Nguyên vật liệu,Hóa chất,Nguyên vật liệu,Hóa chất,,Hóa chất,NORMAL,10,hoa chat,VIETSTOCK_RULE,VIETSTOCK,https://finance.vietstock.vn/DPR/ho-so-doanh-nghiep.htm,OK,NO
DPS,UPCOM,CTCP Đầu tư Phát triển Sóc Sơn,Đầu tư Phát triển Sóc Sơn,Soc Son Development Investment Joint Stock Company,Tiêu dùng không thiết yếu,Thương mại hàng không thiết yếu,Nhà phân phối,Tiêu dùng không thiết yếu,Thương mại hàng không thiết yếu,Nhà phân phối,Hàng không,NORMAL,17,hang khong,VIETSTOCK_RULE,VIETSTOCK,https://finance.vietstock.vn/DPS/ho-so-doanh-nghiep.htm,OK,NO
DQC,HOSE,CTCP Tập đoàn Điện Quang,Điện Quang,Dien Quang Group Joint Stock Company,Công nghiệp,Hàng hóa công nghiệp,Thiết bị điện,Công nghiệp,Hàng hóa công nghiệp,Thiết bị điện,Khác / cần duyệt,NORMAL,99,,REVIEW,,https://finance.vietstock.vn/DQC/ho-so-doanh-nghiep.htm,OK,YES
DRH,HOSE,CTCP DRH Holdings,DRH Holdings,DRH Holdings JSC,Công nghiệp,Hàng hóa công nghiệp,Kỹ thuật xây dựng,Công nghiệp,Hàng hóa công nghiệp,Kỹ thuật xây dựng,Xây dựng,NORMAL,15,ky thuat xay dung,VIETSTOCK_RULE,VIETSTOCK,https://finance.vietstock.vn/DRH/ho-so-doanh-nghiep.htm,OK,NO
DSC,HOSE,CTCP Chứng khoán DSC,Chứng khoán DSC,DSC Securities Corporation,Tài chính,Dịch vụ tài chính,Thị trường vốn,Tài chính,Dịch vụ tài chính,Thị trường vốn,Chứng khoán,SECURITIES,2,thi truong von,VIETSTOCK_RULE,VIETSTOCK,https://finance.vietstock.vn/DSC/ho-so-doanh-nghiep.htm,OK,NO
DSD,UPCOM,CTCP DHC Suối Đôi,DHC Suối Đôi,DHC Suoi Doi Corporation,Tiêu dùng không thiết yếu,Dịch vụ tiêu dùng,"Khách sạn, nhà hàng và giải trí",Tiêu dùng không thiết yếu,Dịch vụ tiêu dùng,"Khách sạn, nhà hàng và giải trí",Du lịch & Giải trí,NORMAL,27,giai tri,VIETSTOCK_RULE,VIETSTOCK,https://finance.vietstock.vn/DSD/ho-so-doanh-nghiep.htm,OK,NO
DSG,UPCOM,CTCP Kính Đáp Cầu,Kính Đáp Cầu,Dap Cau Sheet Glass JSC,Công nghiệp,Hàng hóa công nghiệp,Sản phẩm xây dựng,Công nghiệp,Hàng hóa công nghiệp,Sản phẩm xây dựng,Xây dựng,NORMAL,15,xay dung,VIETSTOCK_RULE,VIETSTOCK,https://finance.vietstock.vn/DSG/ho-so-doanh-nghiep.htm,OK,NO
DSP,UPCOM,CTCP Dịch vụ Du lịch Phú Thọ,Dịch vụ Du lịch Phú Thọ,Phu Tho Tourist Service JSC,Tiêu dùng không thiết yếu,Dịch vụ tiêu dùng,"Khách sạn, nhà hàng và giải trí",Tiêu dùng không thiết yếu,Dịch vụ tiêu dùng,"Khách sạn, nhà hàng và giải trí",Du lịch & Giải trí,NORMAL,27,giai tri,VIETSTOCK_RULE,VIETSTOCK,https://finance.vietstock.vn/DSP/ho-so-doanh-nghiep.htm,OK,NO
DTE,UPCOM,CTCP Đầu tư Năng lượng Đại Trường Thành Holdings,Đầu tư Năng lượng Đại Trường Thành Holdings,Dai Truong Thanh Holdings Energy Investment JSC,Tiện ích,Tiện ích,Phát điện độc lập và điện tái tạo,Tiện ích,Phát điện độc lập và điện tái tạo,,Khác / cần duyệt,NORMAL,99,,REVIEW,,https://finance.vietstock.vn/DTE/ho-so-doanh-nghiep.htm,OK,YES
DTK,HNX,Tổng Công ty Điện lực TKV - CTCP,Điện lực TKV - CTCP,Vinacomin - Power Holding Corporation,Tiện ích,Tiện ích,Điện,Tiện ích,Điện,,Khác / cần duyệt,NORMAL,99,,REVIEW,,https://finance.vietstock.vn/DTK/ho-so-doanh-nghiep.htm,OK,YES
DTL,HOSE,CTCP Đại Thiên Lộc,Đại Thiên Lộc,Dai Thien Loc Corporation,Nguyên vật liệu,Nguyên vật liệu,Khai khoáng và luyện kim,Nguyên vật liệu,Khai khoáng và luyện kim,,Kim loại & Khoáng sản,NORMAL,32,khai khoang,VIETSTOCK_RULE,VIETSTOCK,https://finance.vietstock.vn/DTL/ho-so-doanh-nghiep.htm,OK,NO
DTP,UPCOM,CTCP Dược phẩm CPC1 Hà Nội,Dược phẩm CPC1 Hà Nội,Ha Noi CPC1 Pharmaceutical Joint Stock Company,Chăm sóc sức khỏe,"Dược phẩm, công nghệ sinh học và khoa học sự sống",Dược phẩm,Chăm sóc sức khỏe,"Dược phẩm, công nghệ sinh học và khoa học sự sống",Dược phẩm,Dược & Y tế,NORMAL,19,duoc,VIETSTOCK_RULE,VIETSTOCK,https://finance.vietstock.vn/DTP/ho-so-doanh-nghiep.htm,OK,NO
DVG,UPCOM,CTCP Đại Việt Group DVG,Đại Việt Group DVG,Dai Viet DVG Group Joint Stock Company,Nguyên vật liệu,Nguyên vật liệu,Hóa chất,Nguyên vật liệu,Hóa chất,,Hóa chất,NORMAL,10,hoa chat,VIETSTOCK_RULE,VIETSTOCK,https://finance.vietstock.vn/DVG/ho-so-doanh-nghiep.htm,OK,NO
DVM,HNX,CTCP Dược liệu Việt Nam,Dược liệu Việt Nam,Vietnam Medicinal Materials Joint Stock Company,Chăm sóc sức khỏe,"Dược phẩm, công nghệ sinh học và khoa học sự sống",Dược phẩm,Chăm sóc sức khỏe,"Dược phẩm, công nghệ sinh học và khoa học sự sống",Dược phẩm,Dược & Y tế,NORMAL,19,duoc,VIETSTOCK_RULE,VIETSTOCK,https://finance.vietstock.vn/DVM/ho-so-doanh-nghiep.htm,OK,NO
DVN,UPCOM,Tổng Công ty Dược Việt Nam - CTCP,Dược Việt Nam - CTCP,Vietnam Pharmaceutical Corporation - JSC,Chăm sóc sức khỏe,"Dược phẩm, công nghệ sinh học và khoa học sự sống",Dược phẩm,Chăm sóc sức khỏe,"Dược phẩm, công nghệ sinh học và khoa học sự sống",Dược phẩm,Dược & Y tế,NORMAL,19,duoc,VIETSTOCK_RULE,VIETSTOCK,https://finance.vietstock.vn/DVN/ho-so-doanh-nghiep.htm,OK,NO
DVP,HOSE,CTCP Đầu tư và Phát triển Cảng Đình Vũ,Đầu tư và Phát triển Cảng Đình Vũ,Dinh Vu Port Investment and Development JSC,Công nghiệp,Vận tải,Hạ tầng giao thông,Công nghiệp,Vận tải,Hạ tầng giao thông,Khác / cần duyệt,NORMAL,99,,REVIEW,,https://finance.vietstock.vn/DVP/ho-so-doanh-nghiep.htm,OK,YES
DWS,UPCOM,CTCP Cấp nước và Môi trường đô thị Đồng Tháp,Cấp nước và Môi trường đô thị Đồng Tháp,Dong Thap Water Supply & Urban Environment Joint Stock Company,Tiện ích,Tiện ích,Nước,Tiện ích,Nước,,Khác / cần duyệt,NORMAL,99,,REVIEW,,https://finance.vietstock.vn/DWS/ho-so-doanh-nghiep.htm,OK,YES
EIC,UPCOM,CTCP EVN Quốc tế,EVN Quốc tế,EVN International Joint Stock Company,Công nghiệp,Dịch vụ thương mại và chuyên nghiệp,Dịch vụ chuyên nghiệp,Công nghiệp,Dịch vụ thương mại và chuyên nghiệp,Dịch vụ chuyên nghiệp,Dịch vụ công nghiệp,NORMAL,34,dich vu chuyen nghiep,VIETSTOCK_RULE,VIETSTOCK,https://finance.vietstock.vn/EIC/ho-so-doanh-nghiep.htm,OK,NO
EIN,UPCOM,CTCP Đầu tư - Thương mại - Dịch vụ Điện Lực,Đầu tư - Thương mại - Dịch vụ Điện Lực,Electricity Investment - Service - Trade Joint Stock Company,Tiêu dùng không thiết yếu,Dịch vụ tiêu dùng,"Khách sạn, nhà hàng và giải trí",Tiêu dùng không thiết yếu,Dịch vụ tiêu dùng,"Khách sạn, nhà hàng và giải trí",Du lịch & Giải trí,NORMAL,27,giai tri,VIETSTOCK_RULE,VIETSTOCK,https://finance.vietstock.vn/EIN/ho-so-doanh-nghiep.htm,OK,NO
EMS,UPCOM,Tổng Công ty Chuyển phát nhanh Bưu Điện - CTCP,Chuyển phát nhanh Bưu Điện - CTCP,VNPost Express Joint Stock Company,Công nghiệp,Vận tải,Vận tải và logistics hàng không,Công nghiệp,Vận tải,Vận tải và logistics hàng không,Cảng & Logistics,NORMAL,14,logistics,VIETSTOCK_RULE,VIETSTOCK,https://finance.vietstock.vn/EMS/ho-so-doanh-nghiep.htm,OK,NO
EVE,HOSE,CTCP Everpia,Everpia,Everpia JSC,Tiêu dùng không thiết yếu,Thời trang và hàng lâu bền,Thời trang và dệt may,Tiêu dùng không thiết yếu,Thời trang và hàng lâu bền,Thời trang và dệt may,Dệt may,NORMAL,13,det may,VIETSTOCK_RULE,VIETSTOCK,https://finance.vietstock.vn/EVE/ho-so-doanh-nghiep.htm,OK,NO
FCM,HOSE,CTCP Bê tông Phan Vũ Hà Nam,Bê tông Phan Vũ Hà Nam,Phan Vu Ha Nam Concrete Joint Stock Company,Nguyên vật liệu,Nguyên vật liệu,Vật liệu xây dựng,Nguyên vật liệu,Vật liệu xây dựng,,Vật liệu xây dựng,NORMAL,16,vat lieu xay dung,VIETSTOCK_RULE,VIETSTOCK,https://finance.vietstock.vn/FCM/ho-so-doanh-nghiep.htm,OK,NO
FCS,UPCOM,CTCP Lương thực Thành phố Hồ Chí Minh,Lương thực Thành phố Hồ Chí Minh,Ho Chi Minh City Food JSC,Tiêu dùng thiết yếu,"Thực phẩm, đồ uống và thuốc lá",Thực phẩm,Tiêu dùng thiết yếu,Thương mại hàng thiết yếu,,Thực phẩm & đồ uống,NORMAL,18,thuc pham,WATCHLIST_FALLBACK,WATCHLIST,https://finance.vietstock.vn/FCS/ho-so-doanh-nghiep.htm,OK,YES
FDC,HOSE,CTCP Ngoại thương và Phát triển Đầu tư Thành phố Hồ Chí Minh,Ngoại thương và Phát triển Đầu tư Thành phố Hồ Chí Minh,Foreign Trade Development & Investment Corporation of HCMC,Bất động sản,Bất động sản,Quản lý và phát triển bất động sản,Bất động sản,Quản lý và phát triển bất động sản,,Khác / cần duyệt,NORMAL,99,,REVIEW,,https://finance.vietstock.vn/FDC/ho-so-doanh-nghiep.htm,OK,YES
FIC,UPCOM,Tổng Công ty Vật liệu Xây dựng số 1 - CTCP,Vật liệu Xây dựng số 1 - CTCP,Fico Corporation JSC,Nguyên vật liệu,Nguyên vật liệu,Vật liệu xây dựng,Nguyên vật liệu,Vật liệu xây dựng,,Vật liệu xây dựng,NORMAL,16,vat lieu xay dung,VIETSTOCK_RULE,VIETSTOCK,https://finance.vietstock.vn/FIC/ho-so-doanh-nghiep.htm,OK,NO
FID,HNX,CTCP Đầu tư và Phát triển Doanh nghiệp Việt Nam,Đầu tư và Phát triển Doanh nghiệp Việt Nam,Vietnam Enterprise Investment And Development JSC,Tiêu dùng không thiết yếu,Thương mại hàng không thiết yếu,Nhà phân phối,Tiêu dùng không thiết yếu,Thương mại hàng không thiết yếu,Nhà phân phối,Hàng không,NORMAL,17,hang khong,VIETSTOCK_RULE,VIETSTOCK,https://finance.vietstock.vn/FID/ho-so-doanh-nghiep.htm,OK,NO
FIR,HOSE,CTCP Địa ốc First Real,Địa ốc First Real,First Real Joint Stock Company,Bất động sản,Bất động sản,Quản lý và phát triển bất động sản,Bất động sản,Quản lý và phát triển bất động sản,,Khác / cần duyệt,NORMAL,99,,REVIEW,,https://finance.vietstock.vn/FIR/ho-so-doanh-nghiep.htm,OK,YES
FLC,UPCOM,CTCP Tập đoàn FLC,FLC,FLC Group JSC,Nguyên vật liệu,Nguyên vật liệu,Vật liệu xây dựng,Bất động sản,Quản lý và phát triển bất động sản,,Vật liệu xây dựng,NORMAL,16,vat lieu xay dung,WATCHLIST_FALLBACK,WATCHLIST,https://finance.vietstock.vn/FLC/ho-so-doanh-nghiep.htm,OK,YES
FMC,HOSE,CTCP Thực phẩm Sao Ta,Thực phẩm Sao Ta,Sao Ta Foods Joint Stock Company,Tiêu dùng thiết yếu,"Thực phẩm, đồ uống và thuốc lá",Thực phẩm,Tiêu dùng thiết yếu,"Thực phẩm, đồ uống và thuốc lá",Thực phẩm,Thực phẩm & đồ uống,NORMAL,18,thuc pham,VIETSTOCK_RULE,VIETSTOCK,https://finance.vietstock.vn/FMC/ho-so-doanh-nghiep.htm,OK,NO
FTM,UPCOM,CTCP Đầu tư và Phát triển Đức Quân,Đầu tư và Phát triển Đức Quân,Duc Quan Investment and Development Joint Stock Company,Tiêu dùng không thiết yếu,Thời trang và hàng lâu bền,Thời trang và dệt may,Tiêu dùng không thiết yếu,Thời trang và hàng lâu bền,Thời trang và dệt may,Dệt may,NORMAL,13,det may,VIETSTOCK_RULE,VIETSTOCK,https://finance.vietstock.vn/FTM/ho-so-doanh-nghiep.htm,OK,NO
G36,UPCOM,Tổng Công ty 36 - CTCP,36 - CTCP,36 Corporation,Công nghiệp,Hàng hóa công nghiệp,Kỹ thuật xây dựng,Công nghiệp,Hàng hóa công nghiệp,Kỹ thuật xây dựng,Xây dựng,NORMAL,15,ky thuat xay dung,VIETSTOCK_RULE,VIETSTOCK,https://finance.vietstock.vn/G36/ho-so-doanh-nghiep.htm,OK,NO
GCF,UPCOM,CTCP Thực phẩm G.C,Thực phẩm G.C,G.C Food Joint Stock Company,Tiêu dùng thiết yếu,"Thực phẩm, đồ uống và thuốc lá",Thực phẩm,Tiêu dùng thiết yếu,"Thực phẩm, đồ uống và thuốc lá",Thực phẩm,Thực phẩm & đồ uống,NORMAL,18,thuc pham,VIETSTOCK_RULE,VIETSTOCK,https://finance.vietstock.vn/GCF/ho-so-doanh-nghiep.htm,OK,NO
GDA,UPCOM,CTCP Tôn Đông Á,Tôn Đông Á,Ton Dong A Corporation,Nguyên vật liệu,Nguyên vật liệu,Khai khoáng và luyện kim,Nguyên vật liệu,Khai khoáng và luyện kim,,Kim loại & Khoáng sản,NORMAL,32,khai khoang,VIETSTOCK_RULE,VIETSTOCK,https://finance.vietstock.vn/GDA/ho-so-doanh-nghiep.htm,OK,NO
GDT,HOSE,CTCP Chế biến Gỗ Đức Thành,Chế biến Gỗ Đức Thành,Duc Thanh Wood Processing Joint Stock Company,Tiêu dùng không thiết yếu,Thời trang và hàng lâu bền,Hàng tiêu dùng lâu bền,Tiêu dùng không thiết yếu,Thời trang và hàng lâu bền,Hàng tiêu dùng lâu bền,Hàng tiêu dùng lâu bền,NORMAL,36,hang tieu dung lau ben,VIETSTOCK_RULE,VIETSTOCK,https://finance.vietstock.vn/GDT/ho-so-doanh-nghiep.htm,OK,NO
GGG,UPCOM,CTCP Ô tô Giải Phóng,Ô tô Giải Phóng,Giai Phong Motor Joint Stock Company,Tiêu dùng không thiết yếu,Xe và linh kiện,Xe,Tiêu dùng không thiết yếu,Xe và linh kiện,Xe,Khác / cần duyệt,NORMAL,99,,REVIEW,,https://finance.vietstock.vn/GGG/ho-so-doanh-nghiep.htm,OK,YES
GHC,UPCOM,CTCP Thủy điện Gia Lai,Thủy điện Gia Lai,Gia Lai Hydropower JSC,Tiện ích,Tiện ích,Phát điện độc lập và điện tái tạo,Tiện ích,Phát điện độc lập và điện tái tạo,,Khác / cần duyệt,NORMAL,99,,REVIEW,,https://finance.vietstock.vn/GHC/ho-so-doanh-nghiep.htm,OK,YES
GKM,HNX,CTCP GKM Holdings,GKM Holdings,GKM Holdings Joint Stock Company,Nguyên vật liệu,Nguyên vật liệu,Vật liệu xây dựng,Nguyên vật liệu,Vật liệu xây dựng,,Vật liệu xây dựng,NORMAL,16,vat lieu xay dung,VIETSTOCK_RULE,VIETSTOCK,https://finance.vietstock.vn/GKM/ho-so-doanh-nghiep.htm,OK,NO
GMC,UPCOM,CTCP Garmex Sài Gòn,Garmex Sài Gòn,Garmex Saigon Corporation,Tiêu dùng không thiết yếu,Thời trang và hàng lâu bền,Thời trang và dệt may,Tiêu dùng không thiết yếu,Thời trang và hàng lâu bền,Thời trang và dệt may,Dệt may,NORMAL,13,det may,VIETSTOCK_RULE,VIETSTOCK,https://finance.vietstock.vn/GMC/ho-so-doanh-nghiep.htm,OK,NO
GPC,UPCOM,CTCP Tập đoàn Green+,Green+,Green Plus Joint Stock Corporation,Tiêu dùng không thiết yếu,Thương mại hàng không thiết yếu,Nhà phân phối,Tiêu dùng không thiết yếu,Thương mại hàng không thiết yếu,Nhà phân phối,Hàng không,NORMAL,17,hang khong,VIETSTOCK_RULE,VIETSTOCK,https://finance.vietstock.vn/GPC/ho-so-doanh-nghiep.htm,OK,NO
GSM,UPCOM,CTCP Thủy điện Hương Sơn,Thủy điện Hương Sơn,Huong Son Hydro Power Joint Stocks Company,Tiện ích,Tiện ích,Phát điện độc lập và điện tái tạo,Tiện ích,Phát điện độc lập và điện tái tạo,,Khác / cần duyệt,NORMAL,99,,REVIEW,,https://finance.vietstock.vn/GSM/ho-so-doanh-nghiep.htm,OK,YES
GSP,HOSE,CTCP Vận tải Sản Phẩm Khí Quốc tế,Vận tải Sản Phẩm Khí Quốc tế,International Gas Product Shipping JSC,Năng lượng,Năng lượng,Dầu khí,Năng lượng,Dầu khí,,Dầu khí,NORMAL,6,dau khi,VIETSTOCK_RULE,VIETSTOCK,https://finance.vietstock.vn/GSP/ho-so-doanh-nghiep.htm,OK,NO
GTS,UPCOM,CTCP Công trình Giao thông Sài Gòn,Công trình Giao thông Sài Gòn,SaiGon Traffic Construction Joint Stock Company,Công nghiệp,Hàng hóa công nghiệp,Kỹ thuật xây dựng,Công nghiệp,Hàng hóa công nghiệp,Kỹ thuật xây dựng,Xây dựng,NORMAL,15,ky thuat xay dung,VIETSTOCK_RULE,VIETSTOCK,https://finance.vietstock.vn/GTS/ho-so-doanh-nghiep.htm,OK,NO
GTT,UPCOM,CTCP Thuận Thảo,Thuận Thảo,Thuan Thao Corporation,Tiêu dùng không thiết yếu,Dịch vụ tiêu dùng,"Khách sạn, nhà hàng và giải trí",Tiêu dùng không thiết yếu,Dịch vụ tiêu dùng,"Khách sạn, nhà hàng và giải trí",Du lịch & Giải trí,NORMAL,27,giai tri,VIETSTOCK_RULE,VIETSTOCK,https://finance.vietstock.vn/GTT/ho-so-doanh-nghiep.htm,OK,NO
HAC,UPCOM,CTCP Chứng khoán Hải Phòng,Chứng khoán Hải Phòng,Hai Phong Securities Joint Stock Company,Tài chính,Dịch vụ tài chính,Thị trường vốn,Tài chính,Dịch vụ tài chính,Thị trường vốn,Chứng khoán,SECURITIES,2,thi truong von,VIETSTOCK_RULE,VIETSTOCK,https://finance.vietstock.vn/HAC/ho-so-doanh-nghiep.htm,OK,NO
HAI,UPCOM,CTCP Nông dược H.A.I,Nông dược H.A.I,HAI Agrochem Joint Stock Company,Tiêu dùng không thiết yếu,Thương mại hàng không thiết yếu,Nhà phân phối,Tiêu dùng không thiết yếu,Thương mại hàng không thiết yếu,Nhà phân phối,Hàng không,NORMAL,17,hang khong,VIETSTOCK_RULE,VIETSTOCK,https://finance.vietstock.vn/HAI/ho-so-doanh-nghiep.htm,OK,NO
HAN,UPCOM,Tổng Công ty Xây dựng Hà Nội - CTCP,Xây dựng Hà Nội - CTCP,Hanoi Construction Corporation ? JSC,Công nghiệp,Hàng hóa công nghiệp,Kỹ thuật xây dựng,Công nghiệp,Hàng hóa công nghiệp,Kỹ thuật xây dựng,Xây dựng,NORMAL,15,ky thuat xay dung,VIETSTOCK_RULE,VIETSTOCK,https://finance.vietstock.vn/HAN/ho-so-doanh-nghiep.htm,OK,NO
HAP,HOSE,CTCP Tập đoàn Hapaco,Hapaco,Hapaco Corporation,Nguyên vật liệu,Nguyên vật liệu,Gỗ và giấy,Nguyên vật liệu,Gỗ và giấy,,Gỗ & Giấy,NORMAL,24,go va giay,VIETSTOCK_RULE,VIETSTOCK,https://finance.vietstock.vn/HAP/ho-so-doanh-nghiep.htm,OK,NO
HAR,HOSE,CTCP Đầu tư Thương mại Bất động sản An Dương Thảo Điền,Đầu tư Thương mại Bất động sản An Dương Thảo Điền,An Duong Thao Dien JSC,Bất động sản,Bất động sản,Quản lý và phát triển bất động sản,Bất động sản,Quản lý và phát triển bất động sản,,Khác / cần duyệt,NORMAL,99,,REVIEW,,https://finance.vietstock.vn/HAR/ho-so-doanh-nghiep.htm,OK,YES
HBS,HNX,CTCP Chứng khoán Hòa Bình,Chứng khoán Hòa Bình,Hoa Binh Securities JSC,Tài chính,Dịch vụ tài chính,Thị trường vốn,Tài chính,Dịch vụ tài chính,Thị trường vốn,Chứng khoán,SECURITIES,2,thi truong von,VIETSTOCK_RULE,VIETSTOCK,https://finance.vietstock.vn/HBS/ho-so-doanh-nghiep.htm,OK,NO
HCD,HOSE,CTCP Đầu tư Sản xuất và Thương mại HCD,Đầu tư Sản xuất và Thương mại HCD,HCD Investment Producing and Trading Joint Stock Company,Công nghiệp,Hàng hóa công nghiệp,Sản phẩm xây dựng,Công nghiệp,Hàng hóa công nghiệp,Sản phẩm xây dựng,Xây dựng,NORMAL,15,xay dung,VIETSTOCK_RULE,VIETSTOCK,https://finance.vietstock.vn/HCD/ho-so-doanh-nghiep.htm,OK,NO
HDA,HNX,CTCP Hãng sơn Đông Á,Hãng sơn Đông Á,Dong A Paint Joint Stock Company,Nguyên vật liệu,Nguyên vật liệu,Hóa chất,Nguyên vật liệu,Hóa chất,,Hóa chất,NORMAL,10,hoa chat,VIETSTOCK_RULE,VIETSTOCK,https://finance.vietstock.vn/HDA/ho-so-doanh-nghiep.htm,OK,NO
HDW,UPCOM,CTCP Kinh doanh Nước sạch Hải Dương,Kinh doanh Nước sạch Hải Dương,Hai Duong Water Joint Stock Company,Tiện ích,Tiện ích,Nước,Tiện ích,Nước,,Khác / cần duyệt,NORMAL,99,,REVIEW,,https://finance.vietstock.vn/HDW/ho-so-doanh-nghiep.htm,OK,YES
HHG,UPCOM,CTCP Hoàng Hà,Hoàng Hà,Hoang Ha Joint Stock Company,Công nghiệp,Vận tải,Vận tải mặt đất,Công nghiệp,Vận tải,Vận tải mặt đất,Khác / cần duyệt,NORMAL,99,,REVIEW,,https://finance.vietstock.vn/HHG/ho-so-doanh-nghiep.htm,OK,YES
HID,HOSE,CTCP Halcom Việt Nam,Halcom Việt Nam,Halcom Vietnam JSC,Công nghiệp,Hàng hóa công nghiệp,Phân phối hàng công nghiệp,Công nghiệp,Hàng hóa công nghiệp,Phân phối hàng công nghiệp,Thương mại & Phân phối,NORMAL,33,phan phoi,VIETSTOCK_RULE,VIETSTOCK,https://finance.vietstock.vn/HID/ho-so-doanh-nghiep.htm,OK,NO
HIO,UPCOM,CTCP Helio Energy,Helio Energy,Helio Energy Joint Stock Company,Tiện ích,Tiện ích,Phát điện độc lập và điện tái tạo,Tiện ích,Phát điện độc lập và điện tái tạo,,Khác / cần duyệt,NORMAL,99,,REVIEW,,https://finance.vietstock.vn/HIO/ho-so-doanh-nghiep.htm,OK,YES
HJS,HNX,CTCP Thủy điện Nậm Mu,Thủy điện Nậm Mu,Nam Mu Hydropower JSC,Tiện ích,Tiện ích,Phát điện độc lập và điện tái tạo,Tiện ích,Phát điện độc lập và điện tái tạo,,Khác / cần duyệt,NORMAL,99,,REVIEW,,https://finance.vietstock.vn/HJS/ho-so-doanh-nghiep.htm,OK,YES
HKB,UPCOM,CTCP Nông nghiệp và Thực phẩm Hà Nội - Kinh Bắc,Nông nghiệp và Thực phẩm Hà Nội - Kinh Bắc,Ha Noi ? Kinh Bac Agriculture and Food JSC,Tiêu dùng thiết yếu,"Thực phẩm, đồ uống và thuốc lá",Thực phẩm,Tiêu dùng thiết yếu,"Thực phẩm, đồ uống và thuốc lá",Thực phẩm,Thực phẩm & đồ uống,NORMAL,18,thuc pham,VIETSTOCK_RULE,VIETSTOCK,https://finance.vietstock.vn/HKB/ho-so-doanh-nghiep.htm,OK,NO
HLA,UPCOM,CTCP Hữu Liên Á Châu,Hữu Liên Á Châu,Huu Lien Asia Corporation,Nguyên vật liệu,Nguyên vật liệu,Khai khoáng và luyện kim,Nguyên vật liệu,Khai khoáng và luyện kim,,Kim loại & Khoáng sản,NORMAL,32,khai khoang,VIETSTOCK_RULE,VIETSTOCK,https://finance.vietstock.vn/HLA/ho-so-doanh-nghiep.htm,OK,NO
HLC,HNX,CTCP Than Hà Lầm - Vinacomin,Than Hà Lầm - Vinacomin,Vinacomin - Ha Lam Coal JSC,Năng lượng,Năng lượng,Dầu khí,Năng lượng,Dầu khí,,Dầu khí,NORMAL,6,dau khi,VIETSTOCK_RULE,VIETSTOCK,https://finance.vietstock.vn/HLC/ho-so-doanh-nghiep.htm,OK,NO
HLD,HNX,CTCP Đầu tư và Phát triển Bất động sản Hudland,Đầu tư và Phát triển Bất động sản Hudland,Hudland Real Estate Investmnet and Development JSC,Bất động sản,Bất động sản,Quản lý và phát triển bất động sản,Bất động sản,Quản lý và phát triển bất động sản,,Khác / cần duyệt,NORMAL,99,,REVIEW,,https://finance.vietstock.vn/HLD/ho-so-doanh-nghiep.htm,OK,YES
HMC,HOSE,CTCP Kim khí Thành phố Hồ Chí Minh - VNSTEEL,Kim khí Thành phố Hồ Chí Minh - VNSTEEL,VNSTEEL - HOCHIMINH CITY METAL CORPORATION,Nguyên vật liệu,Nguyên vật liệu,Khai khoáng và luyện kim,Nguyên vật liệu,Khai khoáng và luyện kim,,Kim loại & Khoáng sản,NORMAL,32,khai khoang,VIETSTOCK_RULE,VIETSTOCK,https://finance.vietstock.vn/HMC/ho-so-doanh-nghiep.htm,OK,NO
HNA,HOSE,CTCP Thủy điện Hủa Na,Thủy điện Hủa Na,Hua Na Hydropower Joint Stock Company,Tiện ích,Tiện ích,Phát điện độc lập và điện tái tạo,Tiện ích,Phát điện độc lập và điện tái tạo,,Khác / cần duyệt,NORMAL,99,,REVIEW,,https://finance.vietstock.vn/HNA/ho-so-doanh-nghiep.htm,OK,YES
HND,UPCOM,CTCP Nhiệt điện Hải Phòng,Nhiệt điện Hải Phòng,Hai Phong Thermal Power Joint Stock Company,Tiện ích,Tiện ích,Điện,Tiện ích,Điện,,Khác / cần duyệt,NORMAL,99,,REVIEW,,https://finance.vietstock.vn/HND/ho-so-doanh-nghiep.htm,OK,YES
HNF,UPCOM,CTCP Thực phẩm Hữu Nghị,Thực phẩm Hữu Nghị,Huu Nghi Food Joint Stock Company,Tiêu dùng thiết yếu,"Thực phẩm, đồ uống và thuốc lá",Thực phẩm,Tiêu dùng thiết yếu,"Thực phẩm, đồ uống và thuốc lá",Thực phẩm,Thực phẩm & đồ uống,NORMAL,18,thuc pham,VIETSTOCK_RULE,VIETSTOCK,https://finance.vietstock.vn/HNF/ho-so-doanh-nghiep.htm,OK,NO
HNI,UPCOM,CTCP May Hữu Nghị,May Hữu Nghị,Huu Nghi Garment Joint Stock Company,Tiêu dùng không thiết yếu,Thời trang và hàng lâu bền,Thời trang và dệt may,Tiêu dùng không thiết yếu,Thời trang và hàng lâu bền,Thời trang và dệt may,Dệt may,NORMAL,13,det may,VIETSTOCK_RULE,VIETSTOCK,https://finance.vietstock.vn/HNI/ho-so-doanh-nghiep.htm,OK,NO
HOM,HNX,CTCP Xi măng VICEM Hoàng Mai,Xi măng VICEM Hoàng Mai,Vicem Hoang Mai Cement JSC,Nguyên vật liệu,Nguyên vật liệu,Vật liệu xây dựng,Nguyên vật liệu,Vật liệu xây dựng,,Vật liệu xây dựng,NORMAL,16,vat lieu xay dung,VIETSTOCK_RULE,VIETSTOCK,https://finance.vietstock.vn/HOM/ho-so-doanh-nghiep.htm,OK,NO
HPI,UPCOM,CTCP Khu công nghiệp Hiệp Phước,Khu công nghiệp Hiệp Phước,Hiep Phuoc Industrial Park Joint Stock Company,Bất động sản,Bất động sản,Quản lý và phát triển bất động sản,Tiện ích,Nước,,Khác / cần duyệt,NORMAL,99,,REVIEW,,https://finance.vietstock.vn/HPI/ho-so-doanh-nghiep.htm,OK,YES
HPW,UPCOM,CTCP Cấp nước Hải Phòng,Cấp nước Hải Phòng,Hai Phong Water JSC,Tiện ích,Tiện ích,Nước,Tiện ích,Nước,,Khác / cần duyệt,NORMAL,99,,REVIEW,,https://finance.vietstock.vn/HPW/ho-so-doanh-nghiep.htm,OK,YES
HRC,HOSE,CTCP Cao su Hòa Bình,Cao su Hòa Bình,Hoa Binh Rubber Joint Stock Company,Nguyên vật liệu,Nguyên vật liệu,Hóa chất,Nguyên vật liệu,Hóa chất,,Hóa chất,NORMAL,10,hoa chat,VIETSTOCK_RULE,VIETSTOCK,https://finance.vietstock.vn/HRC/ho-so-doanh-nghiep.htm,OK,NO
HTE,UPCOM,CTCP Đầu tư Kinh doanh Điện lực Thành phố Hồ Chí Minh,Đầu tư Kinh doanh Điện lực Thành phố Hồ Chí Minh,Ho Chi Minh City Electric Power Trading Investment Corporation,Công nghiệp,Hàng hóa công nghiệp,Kỹ thuật xây dựng,Công nghiệp,Hàng hóa công nghiệp,Thiết bị điện,Xây dựng,NORMAL,15,ky thuat xay dung,WATCHLIST_FALLBACK,WATCHLIST,https://finance.vietstock.vn/HTE/ho-so-doanh-nghiep.htm,OK,YES
HTG,HOSE,Tổng Công ty cổ phần Dệt may Hòa Thọ,Dệt may Hòa Thọ,Hoa Tho Textile & Garment Joint Stock Corporation,Tiêu dùng không thiết yếu,Thời trang và hàng lâu bền,Thời trang và dệt may,Tiêu dùng không thiết yếu,Thời trang và hàng lâu bền,Thời trang và dệt may,Dệt may,NORMAL,13,det may,VIETSTOCK_RULE,VIETSTOCK,https://finance.vietstock.vn/HTG/ho-so-doanh-nghiep.htm,OK,NO
HTI,HOSE,CTCP Đầu tư Phát triển Hạ tầng IDICO,Đầu tư Phát triển Hạ tầng IDICO,IDICO Infrastructure Development Investment Joint Stock Company,Công nghiệp,Vận tải,Hạ tầng giao thông,Công nghiệp,Vận tải,Hạ tầng giao thông,Khác / cần duyệt,NORMAL,99,,REVIEW,,https://finance.vietstock.vn/HTI/ho-so-doanh-nghiep.htm,OK,YES
HTM,UPCOM,Tổng Công ty Thương mại Hà Nội - CTCP,Thương mại Hà Nội - CTCP,Hanoi Trade Joint Stock Corporation,Tiêu dùng không thiết yếu,Thương mại hàng không thiết yếu,Nhà phân phối,Tiêu dùng không thiết yếu,Thương mại hàng không thiết yếu,Nhà phân phối,Hàng không,NORMAL,17,hang khong,VIETSTOCK_RULE,VIETSTOCK,https://finance.vietstock.vn/HTM/ho-so-doanh-nghiep.htm,OK,NO
HTP,UPCOM,CTCP In Sách Giáo khoa Hòa Phát,In Sách Giáo khoa Hòa Phát,HTINVEST JSC,Công nghiệp,Dịch vụ thương mại và chuyên nghiệp,Dịch vụ và thiết bị thương mại,Công nghiệp,Dịch vụ thương mại và chuyên nghiệp,Dịch vụ và thiết bị thương mại,Khác / cần duyệt,NORMAL,99,,REVIEW,,https://finance.vietstock.vn/HTP/ho-so-doanh-nghiep.htm,OK,YES
HUB,HOSE,CTCP Xây lắp Thừa Thiên Huế,Xây lắp Thừa Thiên Huế,Thua Thien Hue Construction Joint Stock Corporation,Nguyên vật liệu,Nguyên vật liệu,Vật liệu xây dựng,Nguyên vật liệu,Vật liệu xây dựng,,Vật liệu xây dựng,NORMAL,16,vat lieu xay dung,VIETSTOCK_RULE,VIETSTOCK,https://finance.vietstock.vn/HUB/ho-so-doanh-nghiep.htm,OK,NO
HVG,UPCOM,CTCP Hùng Vương,Hùng Vương,Hung Vuong Joint Stock Corporation,Tiêu dùng thiết yếu,"Thực phẩm, đồ uống và thuốc lá",Thực phẩm,Tiêu dùng thiết yếu,"Thực phẩm, đồ uống và thuốc lá",Thực phẩm,Thực phẩm & đồ uống,NORMAL,18,thuc pham,VIETSTOCK_RULE,VIETSTOCK,https://finance.vietstock.vn/HVG/ho-so-doanh-nghiep.htm,OK,NO
HVT,HNX,CTCP Hóa chất Việt Trì,Hóa chất Việt Trì,Viet Tri Chemical Joint Stock Company,Nguyên vật liệu,Nguyên vật liệu,Hóa chất,Nguyên vật liệu,Hóa chất,,Hóa chất,NORMAL,10,hoa chat,VIETSTOCK_RULE,VIETSTOCK,https://finance.vietstock.vn/HVT/ho-so-doanh-nghiep.htm,OK,NO
HVX,HOSE,CTCP Xi măng VICEM Hải Vân,Xi măng VICEM Hải Vân,Vicem Hai Van Cement Joint Stock Company,Nguyên vật liệu,Nguyên vật liệu,Vật liệu xây dựng,Nguyên vật liệu,Vật liệu xây dựng,,Vật liệu xây dựng,NORMAL,16,vat lieu xay dung,VIETSTOCK_RULE,VIETSTOCK,https://finance.vietstock.vn/HVX/ho-so-doanh-nghiep.htm,OK,NO
HWS,UPCOM,CTCP Cấp nước Huế,Cấp nước Huế,Hue Water Supply Joint Stock Company,Tiện ích,Tiện ích,Nước,Tiện ích,Nước,,Khác / cần duyệt,NORMAL,99,,REVIEW,,https://finance.vietstock.vn/HWS/ho-so-doanh-nghiep.htm,OK,YES
IBC,UPCOM,CTCP Đầu tư Apax Holdings,Đầu tư Apax Holdings,Apax Holdings Joint Stock Company,Tiêu dùng không thiết yếu,Dịch vụ tiêu dùng,Dịch vụ tiêu dùng khác,Tiêu dùng không thiết yếu,Dịch vụ tiêu dùng,Dịch vụ tiêu dùng khác,Dịch vụ tiêu dùng,NORMAL,35,dich vu tieu dung,VIETSTOCK_RULE,VIETSTOCK,https://finance.vietstock.vn/IBC/ho-so-doanh-nghiep.htm,OK,NO
ICN,UPCOM,CTCP Đầu tư Xây dựng Dầu khí IDICO,Đầu tư Xây dựng Dầu khí IDICO,IDICO Investment Construction Oil and Natural Gas JSC,Công nghiệp,Hàng hóa công nghiệp,Kỹ thuật xây dựng,Công nghiệp,Hàng hóa công nghiệp,Kỹ thuật xây dựng,Xây dựng,NORMAL,15,ky thuat xay dung,VIETSTOCK_RULE,VIETSTOCK,https://finance.vietstock.vn/ICN/ho-so-doanh-nghiep.htm,OK,NO
ICT,HOSE,CTCP Viễn thông - Tin học Bưu điện,Viễn thông - Tin học Bưu điện,Joint Stock Company For Telecom & Informatics,Dịch vụ truyền thông,Dịch vụ viễn thông,Dịch vụ viễn thông đa dạng,Dịch vụ truyền thông,Dịch vụ viễn thông,Dịch vụ viễn thông đa dạng,Viễn thông,NORMAL,23,vien thong,VIETSTOCK_RULE,VIETSTOCK,https://finance.vietstock.vn/ICT/ho-so-doanh-nghiep.htm,OK,NO
IDP,UPCOM,CTCP Sữa Quốc tế Lof,Sữa Quốc tế Lof,Lof International Dairy Products Joint Stock Company,Tiêu dùng thiết yếu,"Thực phẩm, đồ uống và thuốc lá",Thực phẩm,Tiêu dùng thiết yếu,"Thực phẩm, đồ uống và thuốc lá",Thực phẩm,Thực phẩm & đồ uống,NORMAL,18,thuc pham,VIETSTOCK_RULE,VIETSTOCK,https://finance.vietstock.vn/IDP/ho-so-doanh-nghiep.htm,OK,NO
IDV,HNX,CTCP Phát triển Hạ tầng Vĩnh Phúc,Phát triển Hạ tầng Vĩnh Phúc,Vinh Phuc Infrastructure Development JSC,Bất động sản,Bất động sản,Quản lý và phát triển bất động sản,Bất động sản,Quản lý và phát triển bất động sản,,Khác / cần duyệt,NORMAL,99,,REVIEW,,https://finance.vietstock.vn/IDV/ho-so-doanh-nghiep.htm,OK,YES
IFS,UPCOM,CTCP Thực phẩm Quốc tế,Thực phẩm Quốc tế,Interfood Shareholding Company,Tiêu dùng thiết yếu,"Thực phẩm, đồ uống và thuốc lá",Đồ uống,Tiêu dùng thiết yếu,"Thực phẩm, đồ uống và thuốc lá",Đồ uống,Thực phẩm & đồ uống,NORMAL,18,thuc pham,VIETSTOCK_RULE,VIETSTOCK,https://finance.vietstock.vn/IFS/ho-so-doanh-nghiep.htm,OK,NO
ILB,HOSE,CTCP ICD Tân Cảng - Long Bình,ICD Tân Cảng - Long Bình,ICD Tan Cang ? Long Binh JSC,Công nghiệp,Dịch vụ thương mại và chuyên nghiệp,Dịch vụ và thiết bị thương mại,Công nghiệp,Dịch vụ thương mại và chuyên nghiệp,Dịch vụ và thiết bị thương mại,Khác / cần duyệt,NORMAL,99,,REVIEW,,https://finance.vietstock.vn/ILB/ho-so-doanh-nghiep.htm,OK,YES
ILS,UPCOM,CTCP Đầu tư Thương mại và Dịch vụ Quốc tế,Đầu tư Thương mại và Dịch vụ Quốc tế,International Investment Trade and Service Group Company,Công nghiệp,Vận tải,Hạ tầng giao thông,Công nghiệp,Vận tải,Hạ tầng giao thông,Khác / cần duyệt,NORMAL,99,,REVIEW,,https://finance.vietstock.vn/ILS/ho-so-doanh-nghiep.htm,OK,YES
IMP,HOSE,CTCP Dược phẩm Imexpharm,Dược phẩm Imexpharm,Imexpharm Corporation,Chăm sóc sức khỏe,"Dược phẩm, công nghệ sinh học và khoa học sự sống",Dược phẩm,Chăm sóc sức khỏe,"Dược phẩm, công nghệ sinh học và khoa học sự sống",Dược phẩm,Dược & Y tế,NORMAL,19,duoc,VIETSTOCK_RULE,VIETSTOCK,https://finance.vietstock.vn/IMP/ho-so-doanh-nghiep.htm,OK,NO
ING,UPCOM,CTCP Đầu tư và Phát triển Xây dựng,Đầu tư và Phát triển Xây dựng,The Investment & Construction Development Corporation,Bất động sản,Bất động sản,Quản lý và phát triển bất động sản,Bất động sản,Quản lý và phát triển bất động sản,,Khác / cần duyệt,NORMAL,99,,REVIEW,,https://finance.vietstock.vn/ING/ho-so-doanh-nghiep.htm,OK,YES
IPA,HNX,CTCP Tập đoàn Đầu tư I.P.A,Đầu tư I.P.A,I.P.A Investments Group Joint Stock Company,Công nghiệp,Hàng hóa công nghiệp,Tập đoàn đa ngành,Công nghiệp,Hàng hóa công nghiệp,Tập đoàn đa ngành,Khác / cần duyệt,NORMAL,99,,REVIEW,,https://finance.vietstock.vn/IPA/ho-so-doanh-nghiep.htm,OK,YES
ISH,UPCOM,CTCP Thủy điện Srok Phu Miêng IDICO,Thủy điện Srok Phu Miêng IDICO,Idico Scrok Phu Mieng Hydro Power Joint Stock Company,Tiện ích,Tiện ích,Phát điện độc lập và điện tái tạo,Tiện ích,Phát điện độc lập và điện tái tạo,,Khác / cần duyệt,NORMAL,99,,REVIEW,,https://finance.vietstock.vn/ISH/ho-so-doanh-nghiep.htm,OK,YES
ITA,UPCOM,CTCP Đầu tư và Công nghiệp Tân Tạo,Đầu tư và Công nghiệp Tân Tạo,Tan Tao Investment and Industry Corporation,Bất động sản,Bất động sản,Quản lý và phát triển bất động sản,Bất động sản,Quản lý và phát triển bất động sản,,Khác / cần duyệt,NORMAL,99,,REVIEW,,https://finance.vietstock.vn/ITA/ho-so-doanh-nghiep.htm,OK,YES
ITC,HOSE,CTCP Đầu tư và Kinh doanh Nhà,Đầu tư và Kinh doanh Nhà,Investment and Trading Of Real Estate JSC,Bất động sản,Bất động sản,Quản lý và phát triển bất động sản,Bất động sản,Quản lý và phát triển bất động sản,,Khác / cần duyệt,NORMAL,99,,REVIEW,,https://finance.vietstock.vn/ITC/ho-so-doanh-nghiep.htm,OK,YES
ITD,HOSE,CTCP Công nghệ ITD,Công nghệ ITD,ITD Technology Corporation,Công nghệ thông tin,Phần mềm và dịch vụ,Dịch vụ CNTT,Công nghệ thông tin,Phần mềm và dịch vụ,Dịch vụ CNTT,Công nghệ,NORMAL,9,cong nghe thong tin,VIETSTOCK_RULE,VIETSTOCK,https://finance.vietstock.vn/ITD/ho-so-doanh-nghiep.htm,OK,NO
ITQ,HNX,CTCP Tập đoàn Thiên Quang,Thiên Quang,Thien Quang Group JSC,Nguyên vật liệu,Nguyên vật liệu,Khai khoáng và luyện kim,Nguyên vật liệu,Khai khoáng và luyện kim,,Kim loại & Khoáng sản,NORMAL,32,khai khoang,VIETSTOCK_RULE,VIETSTOCK,https://finance.vietstock.vn/ITQ/ho-so-doanh-nghiep.htm,OK,NO
ITS,UPCOM,CTCP Đầu tư Thương mại và Dịch vụ - Vinacomin,Đầu tư Thương mại và Dịch vụ - Vinacomin,"Vinacomin - Investment, Trading and Service JSC",Năng lượng,Năng lượng,Dầu khí,Năng lượng,Dầu khí,,Dầu khí,NORMAL,6,dau khi,VIETSTOCK_RULE,VIETSTOCK,https://finance.vietstock.vn/ITS/ho-so-doanh-nghiep.htm,OK,NO
IVS,HNX,CTCP Chứng khoán Guotai Junan (Việt Nam),Chứng khoán Guotai Junan (Việt Nam),Guotai Junan Securities (Vietnam) Corp.,Tài chính,Dịch vụ tài chính,Thị trường vốn,Tài chính,Dịch vụ tài chính,Thị trường vốn,Chứng khoán,SECURITIES,2,thi truong von,VIETSTOCK_RULE,VIETSTOCK,https://finance.vietstock.vn/IVS/ho-so-doanh-nghiep.htm,OK,NO
JVC,HOSE,CTCP Thiết bị Y tế Việt Nhật,Thiết bị Y tế Việt Nhật,Japan Vietnam Medical Instrument Joint Stock Company,Chăm sóc sức khỏe,Thiết bị và dịch vụ chăm sóc sức khỏe,Thương mại và dịch vụ chăm sóc sức khỏe,Chăm sóc sức khỏe,Thiết bị và dịch vụ chăm sóc sức khỏe,Thương mại và dịch vụ chăm sóc sức khỏe,Dược & Y tế,NORMAL,19,cham soc suc khoe,VIETSTOCK_RULE,VIETSTOCK,https://finance.vietstock.vn/JVC/ho-so-doanh-nghiep.htm,OK,NO
KDC,HOSE,CTCP Tập đoàn KIDO,KIDO,KIDO Group Corporation,Tiêu dùng thiết yếu,"Thực phẩm, đồ uống và thuốc lá",Thực phẩm,Tiêu dùng thiết yếu,"Thực phẩm, đồ uống và thuốc lá",Thực phẩm,Thực phẩm & đồ uống,NORMAL,18,thuc pham,VIETSTOCK_RULE,VIETSTOCK,https://finance.vietstock.vn/KDC/ho-so-doanh-nghiep.htm,OK,NO
KGM,UPCOM,CTCP Xuất nhập khẩu Kiên Giang,Xuất nhập khẩu Kiên Giang,Kien Giang Import & Export Joint Stock Company,Tiêu dùng thiết yếu,"Thực phẩm, đồ uống và thuốc lá",Thực phẩm,Tiêu dùng thiết yếu,"Thực phẩm, đồ uống và thuốc lá",Thực phẩm,Thực phẩm & đồ uống,NORMAL,18,thuc pham,VIETSTOCK_RULE,VIETSTOCK,https://finance.vietstock.vn/KGM/ho-so-doanh-nghiep.htm,OK,NO
KHP,HOSE,CTCP Điện lực Khánh Hòa,Điện lực Khánh Hòa,Khanh Hoa Power Joint Stock Company,Tiện ích,Tiện ích,Điện,Tiện ích,Điện,,Khác / cần duyệt,NORMAL,99,,REVIEW,,https://finance.vietstock.vn/KHP/ho-so-doanh-nghiep.htm,OK,YES
KHW,UPCOM,CTCP Cấp thoát nước Khánh Hòa,Cấp thoát nước Khánh Hòa,Khanh Hoa Water Supply And Sewerage JSC,Tiện ích,Tiện ích,Nước,Tiện ích,Nước,,Khác / cần duyệt,NORMAL,99,,REVIEW,,https://finance.vietstock.vn/KHW/ho-so-doanh-nghiep.htm,OK,YES
KLF,UPCOM,CTCP Đầu tư Thương mại và Xuất nhập khẩu CFS,Đầu tư Thương mại và Xuất nhập khẩu CFS,CFS Investment And Import Export Trading JSC,Tiêu dùng không thiết yếu,Thương mại hàng không thiết yếu,Nhà phân phối,Tiêu dùng không thiết yếu,Thương mại hàng không thiết yếu,Nhà phân phối,Hàng không,NORMAL,17,hang khong,VIETSTOCK_RULE,VIETSTOCK,https://finance.vietstock.vn/KLF/ho-so-doanh-nghiep.htm,OK,NO
KMR,HOSE,CTCP Mirae,Mirae,Mirae JSC,Tiêu dùng không thiết yếu,Thời trang và hàng lâu bền,Thời trang và dệt may,Tiêu dùng không thiết yếu,Thời trang và hàng lâu bền,Thời trang và dệt may,Dệt may,NORMAL,13,det may,VIETSTOCK_RULE,VIETSTOCK,https://finance.vietstock.vn/KMR/ho-so-doanh-nghiep.htm,OK,NO
KOS,HOSE,CTCP KOSY,KOSY,KOSY Joint Stock Company,Tiện ích,Tiện ích,Phát điện độc lập và điện tái tạo,Tiện ích,Phát điện độc lập và điện tái tạo,,Khác / cần duyệt,NORMAL,99,,REVIEW,,https://finance.vietstock.vn/KOS/ho-so-doanh-nghiep.htm,OK,YES
KPF,UPCOM,CTCP Đầu tư tài sản Koji,Đầu tư tài sản Koji,Koji Asset Investment Joint Stock Company,Bất động sản,Bất động sản,Quản lý và phát triển bất động sản,Bất động sản,Quản lý và phát triển bất động sản,,Khác / cần duyệt,NORMAL,99,,REVIEW,,https://finance.vietstock.vn/KPF/ho-so-doanh-nghiep.htm,OK,YES
KSH,UPCOM,CTCP DAMAC GLS,DAMAC GLS,DAMAC GLS JSC,Nguyên vật liệu,Nguyên vật liệu,Khai khoáng và luyện kim,Nguyên vật liệu,Khai khoáng và luyện kim,,Kim loại & Khoáng sản,NORMAL,32,khai khoang,VIETSTOCK_RULE,VIETSTOCK,https://finance.vietstock.vn/KSH/ho-so-doanh-nghiep.htm,OK,NO
KSQ,UPCOM,CTCP CNC Capital Việt Nam,CNC Capital Việt Nam,CNC Capital Vietnam JSC,Nguyên vật liệu,Nguyên vật liệu,Vật liệu xây dựng,Nguyên vật liệu,Vật liệu xây dựng,,Vật liệu xây dựng,NORMAL,16,vat lieu xay dung,VIETSTOCK_RULE,VIETSTOCK,https://finance.vietstock.vn/KSQ/ho-so-doanh-nghiep.htm,OK,NO
KSV,HNX,Tổng Công ty Khoáng sản TKV - CTCP,Khoáng sản TKV - CTCP,Vinacomin - Minerals Holding Corporation,Nguyên vật liệu,Nguyên vật liệu,Khai khoáng và luyện kim,Nguyên vật liệu,Khai khoáng và luyện kim,,Kim loại & Khoáng sản,NORMAL,32,khai khoang,VIETSTOCK_RULE,VIETSTOCK,https://finance.vietstock.vn/KSV/ho-so-doanh-nghiep.htm,OK,NO
KTC,UPCOM,CTCP Thương mại Kiên Giang,Thương mại Kiên Giang,Kien Giang Trade and Tourism Company Limited,Tiêu dùng thiết yếu,"Thực phẩm, đồ uống và thuốc lá",Thực phẩm,Tiêu dùng thiết yếu,"Thực phẩm, đồ uống và thuốc lá",Thực phẩm,Thực phẩm & đồ uống,NORMAL,18,thuc pham,VIETSTOCK_RULE,VIETSTOCK,https://finance.vietstock.vn/KTC/ho-so-doanh-nghiep.htm,OK,NO
KVC,UPCOM,CTCP Sản xuất Xuất nhập khẩu Inox Kim Vĩ,Sản xuất Xuất nhập khẩu Inox Kim Vĩ,Kim Vi Inox Import Export Prodution Joint Stock Company,Nguyên vật liệu,Nguyên vật liệu,Khai khoáng và luyện kim,Nguyên vật liệu,Khai khoáng và luyện kim,,Kim loại & Khoáng sản,NORMAL,32,khai khoang,VIETSTOCK_RULE,VIETSTOCK,https://finance.vietstock.vn/KVC/ho-so-doanh-nghiep.htm,OK,NO
L18,HNX,CTCP Đầu tư và Xây dựng Số 18,Đầu tư và Xây dựng Số 18,Investment And Construction JSC No.18,Công nghiệp,Hàng hóa công nghiệp,Kỹ thuật xây dựng,Công nghiệp,Hàng hóa công nghiệp,Kỹ thuật xây dựng,Xây dựng,NORMAL,15,ky thuat xay dung,VIETSTOCK_RULE,VIETSTOCK,https://finance.vietstock.vn/L18/ho-so-doanh-nghiep.htm,OK,NO
LAI,UPCOM,CTCP Đầu Tư Xây dựng Long An IDICO,Đầu Tư Xây dựng Long An IDICO,IDICO Long An Investment Construction Joint Stock Company,Bất động sản,Bất động sản,Bất động sản đa dạng,Bất động sản,Bất động sản đa dạng,,Khác / cần duyệt,NORMAL,99,,REVIEW,,https://finance.vietstock.vn/LAI/ho-so-doanh-nghiep.htm,OK,YES
LBM,HOSE,CTCP Khoáng sản và Vật liệu Xây dựng Lâm Đồng,Khoáng sản và Vật liệu Xây dựng Lâm Đồng,Lam Dong Minerals & Building Materials Joint Stock Company,Nguyên vật liệu,Nguyên vật liệu,Vật liệu xây dựng,Nguyên vật liệu,Vật liệu xây dựng,,Vật liệu xây dựng,NORMAL,16,vat lieu xay dung,VIETSTOCK_RULE,VIETSTOCK,https://finance.vietstock.vn/LBM/ho-so-doanh-nghiep.htm,OK,NO
LCM,UPCOM,CTCP Khai thác và Chế biến khoáng sản Lào Cai,Khai thác và Chế biến khoáng sản Lào Cai,Lao Cai Mineral Exploitation & Processing JSC,Nguyên vật liệu,Nguyên vật liệu,Khai khoáng và luyện kim,Nguyên vật liệu,Khai khoáng và luyện kim,,Kim loại & Khoáng sản,NORMAL,32,khai khoang,VIETSTOCK_RULE,VIETSTOCK,https://finance.vietstock.vn/LCM/ho-so-doanh-nghiep.htm,OK,NO
LDW,UPCOM,CTCP Cấp thoát nước Lâm Đồng,Cấp thoát nước Lâm Đồng,Lam Dong Water Supply And Sewerage JSC,Tiện ích,Tiện ích,Nước,Tiện ích,Nước,,Khác / cần duyệt,NORMAL,99,,REVIEW,,https://finance.vietstock.vn/LDW/ho-so-doanh-nghiep.htm,OK,YES
LEC,UPCOM,CTCP Bất động sản Điện lực Miền Trung,Bất động sản Điện lực Miền Trung,Central Power Real Estate Joint Stock Company,Tiêu dùng không thiết yếu,Thời trang và hàng lâu bền,Hàng tiêu dùng lâu bền,Tiêu dùng không thiết yếu,Thời trang và hàng lâu bền,Hàng tiêu dùng lâu bền,Hàng tiêu dùng lâu bền,NORMAL,36,hang tieu dung lau ben,VIETSTOCK_RULE,VIETSTOCK,https://finance.vietstock.vn/LEC/ho-so-doanh-nghiep.htm,OK,NO
LGC,HOSE,CTCP Đầu tư Cầu đường CII,Đầu tư Cầu đường CII,CII Bridges & Roads Investment JSC,Công nghiệp,Vận tải,Hạ tầng giao thông,Công nghiệp,Vận tải,Hạ tầng giao thông,Khác / cần duyệt,NORMAL,99,,REVIEW,,https://finance.vietstock.vn/LGC/ho-so-doanh-nghiep.htm,OK,YES
LGL,HOSE,CTCP Đầu tư và Phát triển Đô thị Long Giang,Đầu tư và Phát triển Đô thị Long Giang,Long Giang Investment & Urban Development JSC,Bất động sản,Bất động sản,Bất động sản đa dạng,Bất động sản,Bất động sản đa dạng,,Khác / cần duyệt,NORMAL,99,,REVIEW,,https://finance.vietstock.vn/LGL/ho-so-doanh-nghiep.htm,OK,YES
LHG,HOSE,CTCP Long Hậu,Long Hậu,Long Hau Corporation,Bất động sản,Bất động sản,Quản lý và phát triển bất động sản,Bất động sản,Quản lý và phát triển bất động sản,,Khác / cần duyệt,NORMAL,99,,REVIEW,,https://finance.vietstock.vn/LHG/ho-so-doanh-nghiep.htm,OK,YES
LIC,UPCOM,Tổng Công ty LICOGI - CTCP,LICOGI - CTCP,LICOGI Corporation - JSC,Nguyên vật liệu,Nguyên vật liệu,Vật liệu xây dựng,Nguyên vật liệu,Vật liệu xây dựng,,Vật liệu xây dựng,NORMAL,16,vat lieu xay dung,VIETSTOCK_RULE,VIETSTOCK,https://finance.vietstock.vn/LIC/ho-so-doanh-nghiep.htm,OK,NO
LIG,HNX,CTCP Licogi 13,Licogi 13,Licogi 13 JSC,Công nghiệp,Hàng hóa công nghiệp,Kỹ thuật xây dựng,Công nghiệp,Hàng hóa công nghiệp,Kỹ thuật xây dựng,Xây dựng,NORMAL,15,ky thuat xay dung,VIETSTOCK_RULE,VIETSTOCK,https://finance.vietstock.vn/LIG/ho-so-doanh-nghiep.htm,OK,NO
LIX,HOSE,CTCP Bột Giặt Lix,Bột Giặt Lix,Lix Detergent Joint Stock Company,Tiêu dùng thiết yếu,Sản phẩm chăm sóc cá nhân và gia đình,Sản phẩm chăm sóc gia đình,Tiêu dùng thiết yếu,Sản phẩm chăm sóc cá nhân và gia đình,Sản phẩm chăm sóc gia đình,Khác / cần duyệt,NORMAL,99,,REVIEW,,https://finance.vietstock.vn/LIX/ho-so-doanh-nghiep.htm,OK,YES
LLM,UPCOM,Tổng Công ty Lắp máy Việt Nam - CTCP,Lắp máy Việt Nam - CTCP,Viet Nam Machinery Installation Corporation - JSC,Công nghiệp,Hàng hóa công nghiệp,Kỹ thuật xây dựng,Công nghiệp,Hàng hóa công nghiệp,Kỹ thuật xây dựng,Xây dựng,NORMAL,15,ky thuat xay dung,VIETSTOCK_RULE,VIETSTOCK,https://finance.vietstock.vn/LLM/ho-so-doanh-nghiep.htm,OK,NO
LMH,UPCOM,CTCP Quốc Tế Holding,Quốc Tế Holding,Quoc Te Holding Joint Stock Company,Tiêu dùng không thiết yếu,Thương mại hàng không thiết yếu,Nhà phân phối,Tiêu dùng không thiết yếu,Thương mại hàng không thiết yếu,Nhà phân phối,Hàng không,NORMAL,17,hang khong,VIETSTOCK_RULE,VIETSTOCK,https://finance.vietstock.vn/LMH/ho-so-doanh-nghiep.htm,OK,NO
LSG,UPCOM,CTCP Bất động sản Sài Gòn Vina,Bất động sản Sài Gòn Vina,Saigon Vina Land Joint Stock Company,Bất động sản,Bất động sản,Quản lý và phát triển bất động sản,Bất động sản,Quản lý và phát triển bất động sản,,Khác / cần duyệt,NORMAL,99,,REVIEW,,https://finance.vietstock.vn/LSG/ho-so-doanh-nghiep.htm,OK,YES
LSS,HOSE,CTCP Mía Đường Lam Sơn,Mía Đường Lam Sơn,Lam Son Sugar Joint Stock Corporation,Tiêu dùng thiết yếu,"Thực phẩm, đồ uống và thuốc lá",Thực phẩm,Tiêu dùng thiết yếu,"Thực phẩm, đồ uống và thuốc lá",Thực phẩm,Thực phẩm & đồ uống,NORMAL,18,thuc pham,VIETSTOCK_RULE,VIETSTOCK,https://finance.vietstock.vn/LSS/ho-so-doanh-nghiep.htm,OK,NO
LTG,UPCOM,CTCP Tập đoàn Lộc Trời,Lộc Trời,Loc Troi Group Joint Stock Company,Tiêu dùng thiết yếu,"Thực phẩm, đồ uống và thuốc lá",Thực phẩm,Tiêu dùng thiết yếu,"Thực phẩm, đồ uống và thuốc lá",Thực phẩm,Thực phẩm & đồ uống,NORMAL,18,thuc pham,VIETSTOCK_RULE,VIETSTOCK,https://finance.vietstock.vn/LTG/ho-so-doanh-nghiep.htm,OK,NO
M10,UPCOM,Tổng Công ty May 10 - CTCP,May 10 - CTCP,Garmant 10 Corporation - Joint Stock Company,Tiêu dùng không thiết yếu,Thời trang và hàng lâu bền,Thời trang và dệt may,Tiêu dùng không thiết yếu,Thời trang và hàng lâu bền,Thời trang và dệt may,Dệt may,NORMAL,13,det may,VIETSTOCK_RULE,VIETSTOCK,https://finance.vietstock.vn/M10/ho-so-doanh-nghiep.htm,OK,NO
MAC,HNX,CTCP Tập đoàn Macstar,Macstar,Macstar Group Corporation,Công nghiệp,Vận tải,Hạ tầng giao thông,Công nghiệp,Vận tải,Hạ tầng giao thông,Khác / cần duyệt,NORMAL,99,,REVIEW,,https://finance.vietstock.vn/MAC/ho-so-doanh-nghiep.htm,OK,YES
MCG,UPCOM,CTCP Năng lượng và Bất động sản MCG,Năng lượng và Bất động sản MCG,MCG Energy and Real Estate JSC,Công nghiệp,Hàng hóa công nghiệp,Kỹ thuật xây dựng,Tiện ích,Phát điện độc lập và điện tái tạo,,Xây dựng,NORMAL,15,ky thuat xay dung,WATCHLIST_FALLBACK,WATCHLIST,https://finance.vietstock.vn/MCG/ho-so-doanh-nghiep.htm,OK,YES
MCM,HOSE,CTCP Giống Bò sữa Mộc Châu,Giống Bò sữa Mộc Châu,Seed Moc Chau Dairy Cattle Corporation JSC,Tiêu dùng thiết yếu,"Thực phẩm, đồ uống và thuốc lá",Thực phẩm,Tiêu dùng thiết yếu,"Thực phẩm, đồ uống và thuốc lá",Thực phẩm,Thực phẩm & đồ uống,NORMAL,18,thuc pham,VIETSTOCK_RULE,VIETSTOCK,https://finance.vietstock.vn/MCM/ho-so-doanh-nghiep.htm,OK,NO
MDC,HNX,CTCP Than Mông Dương - Vinacomin,Than Mông Dương - Vinacomin,Vinacomin - Mong Duong Coal JSC,Năng lượng,Năng lượng,Dầu khí,Năng lượng,Dầu khí,,Dầu khí,NORMAL,6,dau khi,VIETSTOCK_RULE,VIETSTOCK,https://finance.vietstock.vn/MDC/ho-so-doanh-nghiep.htm,OK,NO
MDF,UPCOM,CTCP Gỗ MDF VRG - Quảng Trị,Gỗ MDF VRG - Quảng Trị,MDF VRG Quang Tri Wood JSC,Nguyên vật liệu,Nguyên vật liệu,Gỗ và giấy,Nguyên vật liệu,Gỗ và giấy,,Gỗ & Giấy,NORMAL,24,go va giay,VIETSTOCK_RULE,VIETSTOCK,https://finance.vietstock.vn/MDF/ho-so-doanh-nghiep.htm,OK,NO
MH3,UPCOM,CTCP Khu Công nghiệp Cao su Bình Long,Khu Công nghiệp Cao su Bình Long,Binh Long Rubber Industrial Park Corporation,Bất động sản,Bất động sản,Quản lý và phát triển bất động sản,Bất động sản,Quản lý và phát triển bất động sản,,Khác / cần duyệt,NORMAL,99,,REVIEW,,https://finance.vietstock.vn/MH3/ho-so-doanh-nghiep.htm,OK,YES
MHC,HOSE,CTCP MHC,MHC,MHC Joint Stock Company,Công nghiệp,Vận tải,Vận tải biển,Công nghiệp,Dịch vụ thương mại và chuyên nghiệp,Dịch vụ chuyên nghiệp,Dịch vụ công nghiệp,NORMAL,34,dich vu chuyen nghiep,VIETSTOCK_RULE,VIETSTOCK,https://finance.vietstock.vn/MHC/ho-so-doanh-nghiep.htm,OK,NO
MIE,UPCOM,Tổng Công ty Máy và Thiết bị Công nghiệp - CTCP,Máy và Thiết bị Công nghiệp - CTCP,Machines and Industrial Equipment Corporation,Công nghiệp,Hàng hóa công nghiệp,Máy móc công nghiệp,Công nghiệp,Hàng hóa công nghiệp,Máy móc công nghiệp,Máy móc & Thiết bị,NORMAL,30,may moc,VIETSTOCK_RULE,VIETSTOCK,https://finance.vietstock.vn/MIE/ho-so-doanh-nghiep.htm,OK,NO
MKP,UPCOM,CTCP Hoá - Dược phẩm Mekophar,Hoá - Dược phẩm Mekophar,Mekophar Chemical Pharmaceutical Joint Stock Company,Chăm sóc sức khỏe,"Dược phẩm, công nghệ sinh học và khoa học sự sống",Dược phẩm,Chăm sóc sức khỏe,"Dược phẩm, công nghệ sinh học và khoa học sự sống",Dược phẩm,Dược & Y tế,NORMAL,19,duoc,VIETSTOCK_RULE,VIETSTOCK,https://finance.vietstock.vn/MKP/ho-so-doanh-nghiep.htm,OK,NO
MML,UPCOM,CTCP Masan MeatLife,Masan MeatLife,Masan MeatLife Corporation,Tiêu dùng thiết yếu,"Thực phẩm, đồ uống và thuốc lá",Thực phẩm,Tiêu dùng thiết yếu,"Thực phẩm, đồ uống và thuốc lá",Thực phẩm,Thực phẩm & đồ uống,NORMAL,18,thuc pham,VIETSTOCK_RULE,VIETSTOCK,https://finance.vietstock.vn/MML/ho-so-doanh-nghiep.htm,OK,NO
MPC,UPCOM,CTCP Tập đoàn Thủy sản Minh Phú,Thủy sản Minh Phú,Minh Phu Seafood Corporation,Tiêu dùng thiết yếu,"Thực phẩm, đồ uống và thuốc lá",Thực phẩm,Tiêu dùng thiết yếu,"Thực phẩm, đồ uống và thuốc lá",Thực phẩm,Thực phẩm & đồ uống,NORMAL,18,thuc pham,VIETSTOCK_RULE,VIETSTOCK,https://finance.vietstock.vn/MPC/ho-so-doanh-nghiep.htm,OK,NO
MSH,HOSE,CTCP May Sông Hồng,May Sông Hồng,Song Hong Garment Joint Stock Company,Tiêu dùng không thiết yếu,Thời trang và hàng lâu bền,Thời trang và dệt may,Tiêu dùng không thiết yếu,Thời trang và hàng lâu bền,Thời trang và dệt may,Dệt may,NORMAL,13,det may,VIETSTOCK_RULE,VIETSTOCK,https://finance.vietstock.vn/MSH/ho-so-doanh-nghiep.htm,OK,NO
MTA,UPCOM,Tổng Công ty Khoáng sản và Thương mại Hà Tĩnh - CTCP,Khoáng sản và Thương mại Hà Tĩnh - CTCP,Ha Tinh Minerals and Trading Joint Stock Corporation,Nguyên vật liệu,Nguyên vật liệu,Vật liệu xây dựng,Công nghiệp,Hàng hóa công nghiệp,Tập đoàn đa ngành,Vật liệu xây dựng,NORMAL,16,vat lieu xay dung,WATCHLIST_FALLBACK,WATCHLIST,https://finance.vietstock.vn/MTA/ho-so-doanh-nghiep.htm,OK,YES
MVB,HNX,Tổng Công ty Công nghiệp mỏ Việt Bắc TKV - CTCP,Công nghiệp mỏ Việt Bắc TKV - CTCP,Vinacomin - Vietbac Mining Industry Holding Corporation,Năng lượng,Năng lượng,Dầu khí,Năng lượng,Dầu khí,,Dầu khí,NORMAL,6,dau khi,VIETSTOCK_RULE,VIETSTOCK,https://finance.vietstock.vn/MVB/ho-so-doanh-nghiep.htm,OK,NO
MVC,UPCOM,CTCP Vật liệu và Xây dựng Bình Dương,Vật liệu và Xây dựng Bình Dương,Binh Duong Building Materials & Construction Corporation,Nguyên vật liệu,Nguyên vật liệu,Vật liệu xây dựng,Nguyên vật liệu,Vật liệu xây dựng,,Vật liệu xây dựng,NORMAL,16,vat lieu xay dung,VIETSTOCK_RULE,VIETSTOCK,https://finance.vietstock.vn/MVC/ho-so-doanh-nghiep.htm,OK,NO
NAG,HNX,CTCP Tập đoàn Nagakawa,Nagakawa,Nagakawa Group Joint Stock Company,Tiêu dùng không thiết yếu,Thời trang và hàng lâu bền,Hàng tiêu dùng lâu bền,Tiêu dùng không thiết yếu,Thời trang và hàng lâu bền,Hàng tiêu dùng lâu bền,Hàng tiêu dùng lâu bền,NORMAL,36,hang tieu dung lau ben,VIETSTOCK_RULE,VIETSTOCK,https://finance.vietstock.vn/NAG/ho-so-doanh-nghiep.htm,OK,NO
NAP,HNX,CTCP Cảng Nghệ Tĩnh,Cảng Nghệ Tĩnh,Nghetinh Port Holding Joint Stock Company,Công nghiệp,Vận tải,Hạ tầng giao thông,Công nghiệp,Vận tải,Hạ tầng giao thông,Khác / cần duyệt,NORMAL,99,,REVIEW,,https://finance.vietstock.vn/NAP/ho-so-doanh-nghiep.htm,OK,YES
NAW,UPCOM,CTCP Cấp nước Nghệ An,Cấp nước Nghệ An,Nghe An Water Supply Joint Stock Company,Tiện ích,Tiện ích,Nước,Tiện ích,Nước,,Khác / cần duyệt,NORMAL,99,,REVIEW,,https://finance.vietstock.vn/NAW/ho-so-doanh-nghiep.htm,OK,YES
NBB,HOSE,CTCP Đầu tư Năm Bảy Bảy,Đầu tư Năm Bảy Bảy,577 Investment Corporation,Bất động sản,Bất động sản,Quản lý và phát triển bất động sản,Bất động sản,Quản lý và phát triển bất động sản,,Khác / cần duyệt,NORMAL,99,,REVIEW,,https://finance.vietstock.vn/NBB/ho-so-doanh-nghiep.htm,OK,YES
NBC,HNX,CTCP Than Núi Béo - Vinacomin,Than Núi Béo - Vinacomin,Vinacomin - Nui Beo Coal JSC,Năng lượng,Năng lượng,Dầu khí,Năng lượng,Dầu khí,,Dầu khí,NORMAL,6,dau khi,VIETSTOCK_RULE,VIETSTOCK,https://finance.vietstock.vn/NBC/ho-so-doanh-nghiep.htm,OK,NO
NBT,UPCOM,CTCP Cấp thoát nước Bến Tre,Cấp thoát nước Bến Tre,Ben Tre Water Supply and Sewerage JSC,Tiện ích,Tiện ích,Nước,Tiện ích,Nước,,Khác / cần duyệt,NORMAL,99,,REVIEW,,https://finance.vietstock.vn/NBT/ho-so-doanh-nghiep.htm,OK,YES
NCG,UPCOM,CTCP Tập đoàn Nova Consumer,Nova Consumer,Nova Consumer Group Joint Stock Company,Tiêu dùng thiết yếu,"Thực phẩm, đồ uống và thuốc lá",Thực phẩm,Tiêu dùng thiết yếu,"Thực phẩm, đồ uống và thuốc lá",Thực phẩm,Thực phẩm & đồ uống,NORMAL,18,thuc pham,VIETSTOCK_RULE,VIETSTOCK,https://finance.vietstock.vn/NCG/ho-so-doanh-nghiep.htm,OK,NO
NCT,HOSE,CTCP Dịch vụ Hàng hóa Nội Bài,Dịch vụ Hàng hóa Nội Bài,Noi Bai Cargo Terminal Service Joint Stock Company,Công nghiệp,Vận tải,Hạ tầng giao thông,Công nghiệp,Vận tải,Hạ tầng giao thông,Khác / cần duyệt,NORMAL,99,,REVIEW,,https://finance.vietstock.vn/NCT/ho-so-doanh-nghiep.htm,OK,YES
ND2,UPCOM,CTCP Đầu tư và Phát triển Điện Miền Bắc 2,Đầu tư và Phát triển Điện Miền Bắc 2,Northern Electricity Development & Investment JSC No.2,Tiện ích,Tiện ích,Phát điện độc lập và điện tái tạo,Tiện ích,Phát điện độc lập và điện tái tạo,,Khác / cần duyệt,NORMAL,99,,REVIEW,,https://finance.vietstock.vn/ND2/ho-so-doanh-nghiep.htm,OK,YES
NDW,UPCOM,CTCP Cấp nước Nam Định,Cấp nước Nam Định,Nam Dinh Water Supply Joint Stock Company,Tiện ích,Tiện ích,Nước,Tiện ích,Nước,,Khác / cần duyệt,NORMAL,99,,REVIEW,,https://finance.vietstock.vn/NDW/ho-so-doanh-nghiep.htm,OK,YES
NED,UPCOM,CTCP Đầu tư và Phát triển Điện Tây Bắc,Đầu tư và Phát triển Điện Tây Bắc,North - West Electric Investment and Development JSC,Tiện ích,Tiện ích,Phát điện độc lập và điện tái tạo,Tiện ích,Phát điện độc lập và điện tái tạo,,Khác / cần duyệt,NORMAL,99,,REVIEW,,https://finance.vietstock.vn/NED/ho-so-doanh-nghiep.htm,OK,YES
NET,HNX,CTCP Bột giặt NET,Bột giặt NET,NET Detergent Joint Stock Company,Tiêu dùng thiết yếu,Sản phẩm chăm sóc cá nhân và gia đình,Sản phẩm chăm sóc gia đình,Tiêu dùng thiết yếu,Sản phẩm chăm sóc cá nhân và gia đình,Sản phẩm chăm sóc gia đình,Khác / cần duyệt,NORMAL,99,,REVIEW,,https://finance.vietstock.vn/NET/ho-so-doanh-nghiep.htm,OK,YES
NHA,HOSE,Tổng Công ty Đầu tư Phát triển Nhà và Đô thị Nam Hà Nội,Đầu tư Phát triển Nhà và Đô thị Nam Hà Nội,Ha Noi South Housing and Urban Development Corporation,Bất động sản,Bất động sản,Quản lý và phát triển bất động sản,Bất động sản,Quản lý và phát triển bất động sản,,Khác / cần duyệt,NORMAL,99,,REVIEW,,https://finance.vietstock.vn/NHA/ho-so-doanh-nghiep.htm,OK,YES
NHH,HOSE,CTCP Nhựa Hà Nội,Nhựa Hà Nội,HaNoi Plastics Joint Stock Company,Nguyên vật liệu,Nguyên vật liệu,Hóa chất,Nguyên vật liệu,Hóa chất,,Hóa chất,NORMAL,10,hoa chat,VIETSTOCK_RULE,VIETSTOCK,https://finance.vietstock.vn/NHH/ho-so-doanh-nghiep.htm,OK,NO
NHP,UPCOM,CTCP Sản xuất Xuất nhập khẩu NHP,Sản xuất Xuất nhập khẩu NHP,NHP Production Import - Export JSC,Nguyên vật liệu,Nguyên vật liệu,Hóa chất,Nguyên vật liệu,Hóa chất,,Hóa chất,NORMAL,10,hoa chat,VIETSTOCK_RULE,VIETSTOCK,https://finance.vietstock.vn/NHP/ho-so-doanh-nghiep.htm,OK,NO
NHT,HOSE,CTCP Sản xuất và Thương mại Nam Hoa,Sản xuất và Thương mại Nam Hoa,Nam Hoa Trading & Production Corporation,Nguyên vật liệu,Nguyên vật liệu,Gỗ và giấy,Nguyên vật liệu,Gỗ và giấy,,Gỗ & Giấy,NORMAL,24,go va giay,VIETSTOCK_RULE,VIETSTOCK,https://finance.vietstock.vn/NHT/ho-so-doanh-nghiep.htm,OK,NO
NNC,HOSE,CTCP Đá Núi Nhỏ,Đá Núi Nhỏ,Nui Nho Stone JSC,Nguyên vật liệu,Nguyên vật liệu,Vật liệu xây dựng,Nguyên vật liệu,Vật liệu xây dựng,,Vật liệu xây dựng,NORMAL,16,vat lieu xay dung,VIETSTOCK_RULE,VIETSTOCK,https://finance.vietstock.vn/NNC/ho-so-doanh-nghiep.htm,OK,NO
NO1,HOSE,CTCP Tập đoàn 911,911,911 Group Joint Stock Company,Công nghiệp,Hàng hóa công nghiệp,Phân phối hàng công nghiệp,Công nghiệp,Hàng hóa công nghiệp,Phân phối hàng công nghiệp,Thương mại & Phân phối,NORMAL,33,phan phoi,VIETSTOCK_RULE,VIETSTOCK,https://finance.vietstock.vn/NO1/ho-so-doanh-nghiep.htm,OK,NO
NQN,UPCOM,CTCP Nước sạch Quảng Ninh,Nước sạch Quảng Ninh,Quang Ninh Clean Water JSC,Tiện ích,Tiện ích,Nước,Tiện ích,Nước,,Khác / cần duyệt,NORMAL,99,,REVIEW,,https://finance.vietstock.vn/NQN/ho-so-doanh-nghiep.htm,OK,YES
NS2,UPCOM,CTCP Nước sạch Số 2 Hà Nội,Nước sạch Số 2 Hà Nội,Ha Noi Water Supply Number 2 JSC,Tiện ích,Tiện ích,Nước,Tiện ích,Nước,,Khác / cần duyệt,NORMAL,99,,REVIEW,,https://finance.vietstock.vn/NS2/ho-so-doanh-nghiep.htm,OK,YES
NTB,UPCOM,CTCP Đầu tư Xây dựng và Khai thác Công trình Giao thông 584,Đầu tư Xây dựng và Khai thác Công trình Giao thông 584,Transport Engineering Construction & Business Investment JSC 584,Công nghiệp,Hàng hóa công nghiệp,Kỹ thuật xây dựng,Bất động sản,Quản lý và phát triển bất động sản,,Xây dựng,NORMAL,15,ky thuat xay dung,WATCHLIST_FALLBACK,WATCHLIST,https://finance.vietstock.vn/NTB/ho-so-doanh-nghiep.htm,OK,YES
NTC,UPCOM,CTCP Khu Công nghiệp Nam Tân Uyên,Khu Công nghiệp Nam Tân Uyên,Nam Tan Uyen Joint Stock Company,Bất động sản,Bất động sản,Quản lý và phát triển bất động sản,Bất động sản,Quản lý và phát triển bất động sản,,Khác / cần duyệt,NORMAL,99,,REVIEW,,https://finance.vietstock.vn/NTC/ho-so-doanh-nghiep.htm,OK,YES
NTT,UPCOM,CTCP Dệt - May Nha Trang,Dệt - May Nha Trang,Nha Trang Textile Garment Joint Stock Company,Tiêu dùng không thiết yếu,Thời trang và hàng lâu bền,Thời trang và dệt may,Tiêu dùng không thiết yếu,Thời trang và hàng lâu bền,Thời trang và dệt may,Dệt may,NORMAL,13,det may,VIETSTOCK_RULE,VIETSTOCK,https://finance.vietstock.vn/NTT/ho-so-doanh-nghiep.htm,OK,NO
NVT,HOSE,CTCP Bất động sản Du lịch Ninh Vân Bay,Bất động sản Du lịch Ninh Vân Bay,Ninh Van Bay Travel Real Estate JSC,Tiêu dùng không thiết yếu,Dịch vụ tiêu dùng,"Khách sạn, nhà hàng và giải trí",Tiêu dùng không thiết yếu,Dịch vụ tiêu dùng,"Khách sạn, nhà hàng và giải trí",Du lịch & Giải trí,NORMAL,27,giai tri,VIETSTOCK_RULE,VIETSTOCK,https://finance.vietstock.vn/NVT/ho-so-doanh-nghiep.htm,OK,NO
OCH,HNX,CTCP One Capital Hospitality,One Capital Hospitality,One Capital Hospitality Joint Stock Company,Tiêu dùng thiết yếu,"Thực phẩm, đồ uống và thuốc lá",Thực phẩm,Tiêu dùng thiết yếu,"Thực phẩm, đồ uống và thuốc lá",Thực phẩm,Thực phẩm & đồ uống,NORMAL,18,thuc pham,VIETSTOCK_RULE,VIETSTOCK,https://finance.vietstock.vn/OCH/ho-so-doanh-nghiep.htm,OK,NO
OPC,HOSE,CTCP Dược phẩm OPC,Dược phẩm OPC,OPC Pharmaceutical Joint Stock Company,Chăm sóc sức khỏe,"Dược phẩm, công nghệ sinh học và khoa học sự sống",Dược phẩm,Chăm sóc sức khỏe,"Dược phẩm, công nghệ sinh học và khoa học sự sống",Dược phẩm,Dược & Y tế,NORMAL,19,duoc,VIETSTOCK_RULE,VIETSTOCK,https://finance.vietstock.vn/OPC/ho-so-doanh-nghiep.htm,OK,NO
PAP,UPCOM,CTCP Dầu khí Đầu tư Khai thác Cảng Phước An,Dầu khí Đầu tư Khai thác Cảng Phước An,PetroVietnam Phuoc An Port Investment And Operation Joint Stock Company,Công nghiệp,Vận tải,Hạ tầng giao thông,Công nghiệp,Vận tải,Hạ tầng giao thông,Khác / cần duyệt,NORMAL,99,,REVIEW,,https://finance.vietstock.vn/PAP/ho-so-doanh-nghiep.htm,OK,YES
PAT,UPCOM,CTCP Phốt Pho Apatit Việt Nam,Phốt Pho Apatit Việt Nam,Vietnam Apatite ? Phosphorus Joint Stock Company,Nguyên vật liệu,Nguyên vật liệu,Hóa chất,Nguyên vật liệu,Hóa chất,,Hóa chất,NORMAL,10,hoa chat,VIETSTOCK_RULE,VIETSTOCK,https://finance.vietstock.vn/PAT/ho-so-doanh-nghiep.htm,OK,NO
PBC,UPCOM,CTCP Dược phẩm Trung Ương 1- Pharbaco,Dược phẩm Trung Ương 1- Pharbaco,Pharbaco Central Pharmaceutical JSC No.1,Chăm sóc sức khỏe,"Dược phẩm, công nghệ sinh học và khoa học sự sống",Dược phẩm,Chăm sóc sức khỏe,"Dược phẩm, công nghệ sinh học và khoa học sự sống",Dược phẩm,Dược & Y tế,NORMAL,19,duoc,VIETSTOCK_RULE,VIETSTOCK,https://finance.vietstock.vn/PBC/ho-so-doanh-nghiep.htm,OK,NO
PCH,HNX,CTCP Nhựa Picomat,Nhựa Picomat,Picomat Plastic Joint Stock Company,Nguyên vật liệu,Nguyên vật liệu,Hóa chất,Nguyên vật liệu,Hóa chất,,Hóa chất,NORMAL,10,hoa chat,VIETSTOCK_RULE,VIETSTOCK,https://finance.vietstock.vn/PCH/ho-so-doanh-nghiep.htm,OK,NO
PCT,HNX,CTCP Vận tải biển Global Pacific,Vận tải biển Global Pacific,Global Pacific Shipping Joint Stock Company,Công nghiệp,Vận tải,Vận tải biển,Công nghiệp,Vận tải,Vận tải biển,Cảng & Logistics,NORMAL,14,van tai bien,VIETSTOCK_RULE,VIETSTOCK,https://finance.vietstock.vn/PCT/ho-so-doanh-nghiep.htm,OK,NO
PDN,HOSE,CTCP Cảng Đồng Nai,Cảng Đồng Nai,Dong Nai Port JSC,Công nghiệp,Vận tải,Hạ tầng giao thông,Công nghiệp,Vận tải,Hạ tầng giao thông,Khác / cần duyệt,NORMAL,99,,REVIEW,,https://finance.vietstock.vn/PDN/ho-so-doanh-nghiep.htm,OK,YES
PDV,UPCOM,CTCP Vận Tải Và Tiếp Vận Phương Đông Việt,Vận Tải Và Tiếp Vận Phương Đông Việt,Phuong Dong Viet Shipping And Logistics Corporation,Công nghiệp,Vận tải,Vận tải biển,Công nghiệp,Vận tải,Vận tải biển,Cảng & Logistics,NORMAL,14,van tai bien,VIETSTOCK_RULE,VIETSTOCK,https://finance.vietstock.vn/PDV/ho-so-doanh-nghiep.htm,OK,NO
PEG,UPCOM,Tổng Công ty Thương mại Kỹ thuật và Đầu tư - CTCP,Thương mại Kỹ thuật và Đầu tư - CTCP,Petec Trading and Investment Corporation,Tiêu dùng không thiết yếu,Thương mại hàng không thiết yếu,Nhà phân phối,Năng lượng,Thiết bị và dịch vụ năng lượng,,Hàng không,NORMAL,17,hang khong,WATCHLIST_FALLBACK,WATCHLIST,https://finance.vietstock.vn/PEG/ho-so-doanh-nghiep.htm,OK,YES
PFL,UPCOM,CTCP Dầu khí Đông Đô,Dầu khí Đông Đô,Petroleum Dong Do Joint Stock Company,Công nghiệp,Hàng hóa công nghiệp,Phân phối hàng công nghiệp,Công nghiệp,Hàng hóa công nghiệp,Phân phối hàng công nghiệp,Thương mại & Phân phối,NORMAL,33,phan phoi,VIETSTOCK_RULE,VIETSTOCK,https://finance.vietstock.vn/PFL/ho-so-doanh-nghiep.htm,OK,NO
PGB,UPCOM,Ngân hàng TMCP Thịnh vượng và Phát triển,Thịnh vượng và Phát triển,Prosperity and Growth Commercial Joint Stock Bank,Tài chính,Tổ chức tín dụng,Ngân hàng,Tài chính,Tổ chức tín dụng,Ngân hàng,Ngân hàng,BANK,1,ngan hang,VIETSTOCK_RULE,VIETSTOCK,https://finance.vietstock.vn/PGB/ho-so-doanh-nghiep.htm,OK,NO
PGC,HOSE,Tổng Công ty Gas Petrolimex - CTCP,Gas Petrolimex - CTCP,Petrolimex Gas Corporation - JSC,Tiện ích,Tiện ích,Gas sinh hoạt,Tiện ích,Gas sinh hoạt,,Khác / cần duyệt,NORMAL,99,,REVIEW,,https://finance.vietstock.vn/PGC/ho-so-doanh-nghiep.htm,OK,YES
PGD,HOSE,CTCP Phân phối khí thấp áp Dầu khí Việt Nam,Phân phối khí thấp áp Dầu khí Việt Nam,PetroVietNam Low Pressure Gas Distribution JSC,Tiện ích,Tiện ích,Gas sinh hoạt,Tiện ích,Gas sinh hoạt,,Khác / cần duyệt,NORMAL,99,,REVIEW,,https://finance.vietstock.vn/PGD/ho-so-doanh-nghiep.htm,OK,YES
PGI,HOSE,Tổng Công ty cổ phần Bảo hiểm Petrolimex,Bảo hiểm Petrolimex,Petrolimex Insurance Corporation,Tài chính,Bảo hiểm,Bảo hiểm,Tài chính,Bảo hiểm,,Bảo hiểm,INSURANCE,3,bao hiem,VIETSTOCK_RULE,VIETSTOCK,https://finance.vietstock.vn/PGI/ho-so-doanh-nghiep.htm,OK,NO
PGS,HNX,CTCP Kinh doanh Khí Miền Nam,Kinh doanh Khí Miền Nam,Southern Gas Trading Joint Stock Company,Tiện ích,Tiện ích,Gas sinh hoạt,Tiện ích,Gas sinh hoạt,,Khác / cần duyệt,NORMAL,99,,REVIEW,,https://finance.vietstock.vn/PGS/ho-so-doanh-nghiep.htm,OK,YES
PGV,HOSE,Tổng Công ty Phát điện 3 - CTCP,Phát điện 3 - CTCP,Power Generation Joint Stock Corporation 3,Tiện ích,Tiện ích,Điện,Tiện ích,Điện,,Khác / cần duyệt,NORMAL,99,,REVIEW,,https://finance.vietstock.vn/PGV/ho-so-doanh-nghiep.htm,OK,YES
PHC,HOSE,CTCP Xây dựng Phục Hưng Holdings,Xây dựng Phục Hưng Holdings,Phuc Hung Holdings Construction JSC,Công nghiệp,Hàng hóa công nghiệp,Kỹ thuật xây dựng,Công nghiệp,Hàng hóa công nghiệp,Kỹ thuật xây dựng,Xây dựng,NORMAL,15,ky thuat xay dung,VIETSTOCK_RULE,VIETSTOCK,https://finance.vietstock.vn/PHC/ho-so-doanh-nghiep.htm,OK,NO
PHS,UPCOM,CTCP Chứng khoán Phú Hưng,Chứng khoán Phú Hưng,Phu Hung Securities Corporation,Tài chính,Dịch vụ tài chính,Thị trường vốn,Tài chính,Dịch vụ tài chính,Thị trường vốn,Chứng khoán,SECURITIES,2,thi truong von,VIETSTOCK_RULE,VIETSTOCK,https://finance.vietstock.vn/PHS/ho-so-doanh-nghiep.htm,OK,NO
PIC,HNX,CTCP Đầu tư Điện lực 3,Đầu tư Điện lực 3,PC3 - Investment Joint Stock Company,Tiện ích,Tiện ích,Điện,Tiện ích,Điện,,Khác / cần duyệt,NORMAL,99,,REVIEW,,https://finance.vietstock.vn/PIC/ho-so-doanh-nghiep.htm,OK,YES
PIS,UPCOM,Tổng Công ty Pisico Bình Định - CTCP,Pisico Bình Định - CTCP,PISICO Binh Dinh Corporation JSC,Nguyên vật liệu,Nguyên vật liệu,Gỗ và giấy,Nguyên vật liệu,Gỗ và giấy,,Gỗ & Giấy,NORMAL,24,go va giay,VIETSTOCK_RULE,VIETSTOCK,https://finance.vietstock.vn/PIS/ho-so-doanh-nghiep.htm,OK,NO
PJT,HOSE,CTCP Vận tải Xăng dầu Đường Thủy Petrolimex,Vận tải Xăng dầu Đường Thủy Petrolimex,Petrolimex Joint Stock Tanker Company,Năng lượng,Năng lượng,Dầu khí,Năng lượng,Dầu khí,,Dầu khí,NORMAL,6,dau khi,VIETSTOCK_RULE,VIETSTOCK,https://finance.vietstock.vn/PJT/ho-so-doanh-nghiep.htm,OK,NO
PLP,HOSE,CTCP Sản xuất và Công nghệ Nhựa Pha Lê,Sản xuất và Công nghệ Nhựa Pha Lê,Pha Le Plastics Manufacturing and Technology Joint Stock Company,Nguyên vật liệu,Nguyên vật liệu,Hóa chất,Nguyên vật liệu,Hóa chất,,Hóa chất,NORMAL,10,hoa chat,VIETSTOCK_RULE,VIETSTOCK,https://finance.vietstock.vn/PLP/ho-so-doanh-nghiep.htm,OK,NO
PMG,HOSE,CTCP Đầu tư và Sản xuất Petro Miền Trung,Đầu tư và Sản xuất Petro Miền Trung,Petro Center Corporation,Tiện ích,Tiện ích,Gas sinh hoạt,Tiện ích,Gas sinh hoạt,,Khác / cần duyệt,NORMAL,99,,REVIEW,,https://finance.vietstock.vn/PMG/ho-so-doanh-nghiep.htm,OK,YES
PMW,UPCOM,CTCP Cấp nước Phú Mỹ,Cấp nước Phú Mỹ,Phu My Water Supply Joint Stock Company,Tiện ích,Tiện ích,Nước,Tiện ích,Nước,,Khác / cần duyệt,NORMAL,99,,REVIEW,,https://finance.vietstock.vn/PMW/ho-so-doanh-nghiep.htm,OK,YES
POM,UPCOM,CTCP Thép Pomina,Thép Pomina,Pomina Steel Corporation,Nguyên vật liệu,Nguyên vật liệu,Khai khoáng và luyện kim,Nguyên vật liệu,Khai khoáng và luyện kim,,Kim loại & Khoáng sản,NORMAL,32,khai khoang,VIETSTOCK_RULE,VIETSTOCK,https://finance.vietstock.vn/POM/ho-so-doanh-nghiep.htm,OK,NO
POS,UPCOM,CTCP Vận hành và Xây lắp PTSC,Vận hành và Xây lắp PTSC,PTSC Offshore Services Joint Stock Company,Năng lượng,Năng lượng,Thiết bị và dịch vụ năng lượng,Năng lượng,Thiết bị và dịch vụ năng lượng,,Khác / cần duyệt,NORMAL,99,,REVIEW,,https://finance.vietstock.vn/POS/ho-so-doanh-nghiep.htm,OK,YES
PPH,UPCOM,Tổng Công ty cổ phần Phong Phú,Phong Phú,Phong Phu Corporation,Tiêu dùng không thiết yếu,Thời trang và hàng lâu bền,Thời trang và dệt may,Tiêu dùng không thiết yếu,Thời trang và hàng lâu bền,Thời trang và dệt may,Dệt may,NORMAL,13,det may,VIETSTOCK_RULE,VIETSTOCK,https://finance.vietstock.vn/PPH/ho-so-doanh-nghiep.htm,OK,NO
PPI,UPCOM,CTCP Đầu tư và Phát triển Dự án Hạ tầng Thái Bình Dương,Đầu tư và Phát triển Dự án Hạ tầng Thái Bình Dương,Pacific Infrastructure Project Development & Investment Corporation,Bất động sản,Bất động sản,Quản lý và phát triển bất động sản,Bất động sản,Quản lý và phát triển bất động sản,,Khác / cần duyệt,NORMAL,99,,REVIEW,,https://finance.vietstock.vn/PPI/ho-so-doanh-nghiep.htm,OK,YES
PQN,UPCOM,CTCP Dịch vụ Dầu khí Quảng Ngãi PTSC,Dịch vụ Dầu khí Quảng Ngãi PTSC,PTSC Quang Ngai Joint Stock Company,Công nghiệp,Hàng hóa công nghiệp,Kỹ thuật xây dựng,Công nghiệp,Hàng hóa công nghiệp,Kỹ thuật xây dựng,Xây dựng,NORMAL,15,ky thuat xay dung,VIETSTOCK_RULE,VIETSTOCK,https://finance.vietstock.vn/PQN/ho-so-doanh-nghiep.htm,OK,NO
PRE,HNX,Tổng Công ty cổ phần Tái bảo hiểm Hà Nội,Tái bảo hiểm Hà Nội,Hanoi Reinsurance Joint Stock Corporation,Tài chính,Bảo hiểm,Bảo hiểm,Tài chính,Bảo hiểm,,Bảo hiểm,INSURANCE,3,bao hiem,VIETSTOCK_RULE,VIETSTOCK,https://finance.vietstock.vn/PRE/ho-so-doanh-nghiep.htm,OK,NO
PRT,UPCOM,Tổng Công ty Sản xuất - Xuất nhập khẩu Bình Dương - CTCP,Sản xuất - Xuất nhập khẩu Bình Dương - CTCP,B?nh D??ng Production and Trading Goods Corportation,Nguyên vật liệu,Nguyên vật liệu,Hóa chất,Nguyên vật liệu,Hóa chất,,Hóa chất,NORMAL,10,hoa chat,VIETSTOCK_RULE,VIETSTOCK,https://finance.vietstock.vn/PRT/ho-so-doanh-nghiep.htm,OK,NO
PSB,UPCOM,CTCP Đầu tư Dầu khí Sao Mai - Bến Đình,Đầu tư Dầu khí Sao Mai - Bến Đình,Sao Mai - Ben Dinh Petroleum Investment JSC,Năng lượng,Năng lượng,Thiết bị và dịch vụ năng lượng,Năng lượng,Thiết bị và dịch vụ năng lượng,,Khác / cần duyệt,NORMAL,99,,REVIEW,,https://finance.vietstock.vn/PSB/ho-so-doanh-nghiep.htm,OK,YES
PSD,HNX,CTCP Dịch vụ Phân phối Tổng hợp Dầu khí,Dịch vụ Phân phối Tổng hợp Dầu khí,Petroleum General Distribution Services JSC,Tiêu dùng không thiết yếu,Thương mại hàng không thiết yếu,Nhà phân phối,Tiêu dùng không thiết yếu,Thương mại hàng không thiết yếu,Nhà phân phối,Hàng không,NORMAL,17,hang khong,VIETSTOCK_RULE,VIETSTOCK,https://finance.vietstock.vn/PSD/ho-so-doanh-nghiep.htm,OK,NO
PSG,UPCOM,CTCP Đầu Tư và Xây lắp Dầu khí Sài Gòn,Đầu Tư và Xây lắp Dầu khí Sài Gòn,Petroleum Saigon Constrution And Investment JSC,Bất động sản,Bất động sản,Bất động sản đa dạng,Bất động sản,Bất động sản đa dạng,,Khác / cần duyệt,NORMAL,99,,REVIEW,,https://finance.vietstock.vn/PSG/ho-so-doanh-nghiep.htm,OK,YES
PSH,UPCOM,CTCP Thương mại Đầu tư Dầu khí Nam Sông Hậu,Thương mại Đầu tư Dầu khí Nam Sông Hậu,Nam Song Hau Trading Investing Petroleum Joint Stock Company,Năng lượng,Năng lượng,Dầu khí,Năng lượng,Dầu khí,,Dầu khí,NORMAL,6,dau khi,VIETSTOCK_RULE,VIETSTOCK,https://finance.vietstock.vn/PSH/ho-so-doanh-nghiep.htm,OK,NO
PSI,HNX,CTCP Chứng khoán Dầu khí,Chứng khoán Dầu khí,Petrovietnam Securities Incorporated,Tài chính,Dịch vụ tài chính,Thị trường vốn,Tài chính,Dịch vụ tài chính,Thị trường vốn,Chứng khoán,SECURITIES,2,thi truong von,VIETSTOCK_RULE,VIETSTOCK,https://finance.vietstock.vn/PSI/ho-so-doanh-nghiep.htm,OK,NO
PSN,UPCOM,CTCP Dịch Vụ Kỹ Thuật PTSC Thanh Hóa,Dịch Vụ Kỹ Thuật PTSC Thanh Hóa,PTSC Thanh Hoa Technical Services Company,Công nghiệp,Vận tải,Hạ tầng giao thông,Công nghiệp,Vận tải,Hạ tầng giao thông,Khác / cần duyệt,NORMAL,99,,REVIEW,,https://finance.vietstock.vn/PSN/ho-so-doanh-nghiep.htm,OK,YES
PSP,UPCOM,CTCP Cảng Dịch vụ Dầu khí Đình Vũ,Cảng Dịch vụ Dầu khí Đình Vũ,Dinh Vu Petroleum Service Port SJC,Công nghiệp,Vận tải,Hạ tầng giao thông,Công nghiệp,Vận tải,Hạ tầng giao thông,Khác / cần duyệt,NORMAL,99,,REVIEW,,https://finance.vietstock.vn/PSP/ho-so-doanh-nghiep.htm,OK,YES
PTB,HOSE,CTCP Phú Tài,Phú Tài,Phu Tai Joint Stock Company,Nguyên vật liệu,Nguyên vật liệu,Gỗ và giấy,Nguyên vật liệu,Gỗ và giấy,,Gỗ & Giấy,NORMAL,24,go va giay,VIETSTOCK_RULE,VIETSTOCK,https://finance.vietstock.vn/PTB/ho-so-doanh-nghiep.htm,OK,NO
PTC,HOSE,CTCP Đầu Tư Icapital,Đầu Tư Icapital,Icapital Investment Joint Stock Company,Tiện ích,Tiện ích,Phát điện độc lập và điện tái tạo,Công nghiệp,Dịch vụ thương mại và chuyên nghiệp,Dịch vụ chuyên nghiệp,Dịch vụ công nghiệp,NORMAL,34,dich vu chuyen nghiep,VIETSTOCK_RULE,VIETSTOCK,https://finance.vietstock.vn/PTC/ho-so-doanh-nghiep.htm,OK,NO
PTI,HNX,Tổng Công ty cổ phần Bảo hiểm Bưu điện,Bảo hiểm Bưu điện,Post - Telecommunication Joint - Stock Insurance Corporation,Tài chính,Bảo hiểm,Bảo hiểm,Tài chính,Bảo hiểm,,Bảo hiểm,INSURANCE,3,bao hiem,VIETSTOCK_RULE,VIETSTOCK,https://finance.vietstock.vn/PTI/ho-so-doanh-nghiep.htm,OK,NO
PTL,HOSE,CTCP Victory Group,Victory Group,Victory Group Joint Stock Company,Bất động sản,Bất động sản,Quản lý và phát triển bất động sản,Bất động sản,Quản lý và phát triển bất động sản,,Khác / cần duyệt,NORMAL,99,,REVIEW,,https://finance.vietstock.vn/PTL/ho-so-doanh-nghiep.htm,OK,YES
PTM,UPCOM,CTCP Sản xuất Thương mại và Dịch vụ Ô tô PTM,Sản xuất Thương mại và Dịch vụ Ô tô PTM,"PTM Automobile Service, Trading And Manufacturing Joint Stock Company",Tiêu dùng không thiết yếu,Thương mại hàng không thiết yếu,Nhà phân phối,Tiêu dùng không thiết yếu,Thương mại hàng không thiết yếu,Nhà phân phối,Hàng không,NORMAL,17,hang khong,VIETSTOCK_RULE,VIETSTOCK,https://finance.vietstock.vn/PTM/ho-so-doanh-nghiep.htm,OK,NO
PV2,HNX,CTCP Đầu tư PV2,Đầu tư PV2,PV2 Investment JSC,Tài chính,Dịch vụ tài chính,Dịch vụ tài chính,Tài chính,Dịch vụ tài chính,,Khác / cần duyệt,NORMAL,99,,REVIEW,,https://finance.vietstock.vn/PV2/ho-so-doanh-nghiep.htm,OK,YES
PVA,UPCOM,CTCP Tổng Công ty Xây lắp Dầu khí Nghệ An,Xây lắp Dầu khí Nghệ An,PetroVietnam - Nghe An Construction JSC,Công nghiệp,Hàng hóa công nghiệp,Kỹ thuật xây dựng,Công nghiệp,Hàng hóa công nghiệp,Kỹ thuật xây dựng,Xây dựng,NORMAL,15,ky thuat xay dung,VIETSTOCK_RULE,VIETSTOCK,https://finance.vietstock.vn/PVA/ho-so-doanh-nghiep.htm,OK,NO
PVB,HNX,CTCP Bọc ống Dầu khí Việt Nam,Bọc ống Dầu khí Việt Nam,PetroViet Nam Coating JSC,Năng lượng,Năng lượng,Thiết bị và dịch vụ năng lượng,Năng lượng,Thiết bị và dịch vụ năng lượng,,Khác / cần duyệt,NORMAL,99,,REVIEW,,https://finance.vietstock.vn/PVB/ho-so-doanh-nghiep.htm,OK,YES
PVD,HOSE,Tổng Công ty cổ phần Khoan và Dịch vụ khoan Dầu khí,Khoan và Dịch vụ khoan Dầu khí,PetroVietnam Drilling & Well Services Corporation,Năng lượng,Năng lượng,Thiết bị và dịch vụ năng lượng,Năng lượng,Thiết bị và dịch vụ năng lượng,,Khác / cần duyệt,NORMAL,99,,REVIEW,,https://finance.vietstock.vn/PVD/ho-so-doanh-nghiep.htm,OK,YES
PVE,UPCOM,Tổng Công ty Tư vấn thiết kế Dầu khí - CTCP,Tư vấn thiết kế Dầu khí - CTCP,PetroVietnam Engineering Consultancy JSC,Công nghiệp,Dịch vụ thương mại và chuyên nghiệp,Dịch vụ chuyên nghiệp,Công nghiệp,Dịch vụ thương mại và chuyên nghiệp,Dịch vụ chuyên nghiệp,Dịch vụ công nghiệp,NORMAL,34,dich vu chuyen nghiep,VIETSTOCK_RULE,VIETSTOCK,https://finance.vietstock.vn/PVE/ho-so-doanh-nghiep.htm,OK,NO
PVG,HNX,CTCP Kinh doanh LPG Việt Nam,Kinh doanh LPG Việt Nam,Petro VietNam LPG Joint Stock Company,Tiện ích,Tiện ích,Gas sinh hoạt,Tiện ích,Gas sinh hoạt,,Khác / cần duyệt,NORMAL,99,,REVIEW,,https://finance.vietstock.vn/PVG/ho-so-doanh-nghiep.htm,OK,YES
PVH,UPCOM,CTCP Xây lắp Dầu khí Thanh Hóa,Xây lắp Dầu khí Thanh Hóa,Thanh Hoa Petroleum Construction JSC,Công nghiệp,Hàng hóa công nghiệp,Kỹ thuật xây dựng,Công nghiệp,Hàng hóa công nghiệp,Kỹ thuật xây dựng,Xây dựng,NORMAL,15,ky thuat xay dung,VIETSTOCK_RULE,VIETSTOCK,https://finance.vietstock.vn/PVH/ho-so-doanh-nghiep.htm,OK,NO
PVI,HNX,CTCP PVI,PVI,PVI Holdings,Tài chính,Bảo hiểm,Bảo hiểm,Tài chính,Bảo hiểm,,Bảo hiểm,INSURANCE,3,bao hiem,VIETSTOCK_RULE,VIETSTOCK,https://finance.vietstock.vn/PVI/ho-so-doanh-nghiep.htm,OK,NO
PVL,UPCOM,CTCP Đầu tư Nhà Đất Việt,Đầu tư Nhà Đất Việt,Viet Property Investment Joint Stock Company,Bất động sản,Bất động sản,Quản lý và phát triển bất động sản,Bất động sản,Quản lý và phát triển bất động sản,,Khác / cần duyệt,NORMAL,99,,REVIEW,,https://finance.vietstock.vn/PVL/ho-so-doanh-nghiep.htm,OK,YES
PVM,UPCOM,CTCP Máy - Thiết bị Dầu khí,Máy - Thiết bị Dầu khí,PetroVietNam Machinery - Technology JSC,Công nghiệp,Hàng hóa công nghiệp,Máy móc công nghiệp,Công nghiệp,Hàng hóa công nghiệp,Máy móc công nghiệp,Máy móc & Thiết bị,NORMAL,30,may moc,VIETSTOCK_RULE,VIETSTOCK,https://finance.vietstock.vn/PVM/ho-so-doanh-nghiep.htm,OK,NO
PVR,UPCOM,CTCP Đầu tư PVR Hà Nội,Đầu tư PVR Hà Nội,Ha Noi PVR Investment Joint Stock Company,Bất động sản,Bất động sản,Quản lý và phát triển bất động sản,Bất động sản,Quản lý và phát triển bất động sản,,Khác / cần duyệt,NORMAL,99,,REVIEW,,https://finance.vietstock.vn/PVR/ho-so-doanh-nghiep.htm,OK,YES
PVV,UPCOM,CTCP Vinaconex 39,Vinaconex 39,Vinaconex 39 JSC,Công nghiệp,Hàng hóa công nghiệp,Kỹ thuật xây dựng,Công nghiệp,Hàng hóa công nghiệp,Kỹ thuật xây dựng,Xây dựng,NORMAL,15,ky thuat xay dung,VIETSTOCK_RULE,VIETSTOCK,https://finance.vietstock.vn/PVV/ho-so-doanh-nghiep.htm,OK,NO
PVX,UPCOM,Tổng Công ty cổ phần Xây lắp Dầu khí Việt Nam,Xây lắp Dầu khí Việt Nam,Petro Vietnam Construction Joint Stock Corporation,Công nghiệp,Hàng hóa công nghiệp,Kỹ thuật xây dựng,Công nghiệp,Hàng hóa công nghiệp,Kỹ thuật xây dựng,Xây dựng,NORMAL,15,ky thuat xay dung,VIETSTOCK_RULE,VIETSTOCK,https://finance.vietstock.vn/PVX/ho-so-doanh-nghiep.htm,OK,NO
PVY,UPCOM,CTCP Chế tạo Giàn khoan Dầu khí,Chế tạo Giàn khoan Dầu khí,Petrovietnam Marine Shipyard JSC,Năng lượng,Năng lượng,Thiết bị và dịch vụ năng lượng,Năng lượng,Thiết bị và dịch vụ năng lượng,,Khác / cần duyệt,NORMAL,99,,REVIEW,,https://finance.vietstock.vn/PVY/ho-so-doanh-nghiep.htm,OK,YES
PWS,UPCOM,CTCP Cấp thoát nước Phú Yên,Cấp thoát nước Phú Yên,Phu Yen Water Supply And Sewerage Joint Stock Company,Tiện ích,Tiện ích,Nước,Tiện ích,Nước,,Khác / cần duyệt,NORMAL,99,,REVIEW,,https://finance.vietstock.vn/PWS/ho-so-doanh-nghiep.htm,OK,YES
PXC,UPCOM,CTCP Phát triển Đô thị Dầu khí,Phát triển Đô thị Dầu khí,PetroVietnam Urban Development JSC,Công nghiệp,Hàng hóa công nghiệp,Kỹ thuật xây dựng,Công nghiệp,Hàng hóa công nghiệp,Kỹ thuật xây dựng,Xây dựng,NORMAL,15,ky thuat xay dung,VIETSTOCK_RULE,VIETSTOCK,https://finance.vietstock.vn/PXC/ho-so-doanh-nghiep.htm,OK,NO
PXI,UPCOM,CTCP Xây dựng Công nghiệp và Dân dụng Dầu khí,Xây dựng Công nghiệp và Dân dụng Dầu khí,Petroleum Industrial & Civil Construction JSC,Công nghiệp,Hàng hóa công nghiệp,Kỹ thuật xây dựng,Công nghiệp,Hàng hóa công nghiệp,Kỹ thuật xây dựng,Xây dựng,NORMAL,15,ky thuat xay dung,VIETSTOCK_RULE,VIETSTOCK,https://finance.vietstock.vn/PXI/ho-so-doanh-nghiep.htm,OK,NO
PXL,UPCOM,CTCP Đầu tư Khu Công nghiệp Dầu khí Long Sơn,Đầu tư Khu Công nghiệp Dầu khí Long Sơn,Long Son Petroleum Industrial Zone Investment JSC,Bất động sản,Bất động sản,Quản lý và phát triển bất động sản,Bất động sản,Quản lý và phát triển bất động sản,,Khác / cần duyệt,NORMAL,99,,REVIEW,,https://finance.vietstock.vn/PXL/ho-so-doanh-nghiep.htm,OK,YES
PXS,UPCOM,CTCP Kết cấu Kim loại và Lắp máy Dầu khí,Kết cấu Kim loại và Lắp máy Dầu khí,"Petroleum Equipment Assembly & Metal Structure .,JSC",Công nghiệp,Hàng hóa công nghiệp,Kỹ thuật xây dựng,Công nghiệp,Hàng hóa công nghiệp,Kỹ thuật xây dựng,Xây dựng,NORMAL,15,ky thuat xay dung,VIETSTOCK_RULE,VIETSTOCK,https://finance.vietstock.vn/PXS/ho-so-doanh-nghiep.htm,OK,NO
QBS,UPCOM,CTCP Xuất nhập khẩu Quảng Bình,Xuất nhập khẩu Quảng Bình,Quang Binh Import & Export JSC,Nguyên vật liệu,Nguyên vật liệu,Hóa chất,Nguyên vật liệu,Hóa chất,,Hóa chất,NORMAL,10,hoa chat,VIETSTOCK_RULE,VIETSTOCK,https://finance.vietstock.vn/QBS/ho-so-doanh-nghiep.htm,OK,NO
QNC,UPCOM,CTCP Xi măng và Xây dựng Quảng Ninh,Xi măng và Xây dựng Quảng Ninh,Quang Ninh Construction & Cement Joint Stock Company,Nguyên vật liệu,Nguyên vật liệu,Vật liệu xây dựng,Nguyên vật liệu,Vật liệu xây dựng,,Vật liệu xây dựng,NORMAL,16,vat lieu xay dung,VIETSTOCK_RULE,VIETSTOCK,https://finance.vietstock.vn/QNC/ho-so-doanh-nghiep.htm,OK,NO
QNS,UPCOM,CTCP Đường Quảng Ngãi,Đường Quảng Ngãi,Quang Ngai Sugar Joint Stock Company,Tiêu dùng thiết yếu,"Thực phẩm, đồ uống và thuốc lá",Thực phẩm,Tiêu dùng thiết yếu,"Thực phẩm, đồ uống và thuốc lá",Thực phẩm,Thực phẩm & đồ uống,NORMAL,18,thuc pham,VIETSTOCK_RULE,VIETSTOCK,https://finance.vietstock.vn/QNS/ho-so-doanh-nghiep.htm,OK,NO
RAL,HOSE,CTCP Bóng đèn Phích nước Rạng Đông,Bóng đèn Phích nước Rạng Đông,Rangdong Light Source And Vacuum Flask JSC,Công nghiệp,Hàng hóa công nghiệp,Thiết bị điện,Công nghiệp,Hàng hóa công nghiệp,Thiết bị điện,Khác / cần duyệt,NORMAL,99,,REVIEW,,https://finance.vietstock.vn/RAL/ho-so-doanh-nghiep.htm,OK,YES
RCC,UPCOM,CTCP Tổng Công ty Công trình Đường sắt,Công trình Đường sắt,Railway Construction Corporation Joint Stock Company,Công nghiệp,Hàng hóa công nghiệp,Kỹ thuật xây dựng,Công nghiệp,Hàng hóa công nghiệp,Kỹ thuật xây dựng,Xây dựng,NORMAL,15,ky thuat xay dung,VIETSTOCK_RULE,VIETSTOCK,https://finance.vietstock.vn/RCC/ho-so-doanh-nghiep.htm,OK,NO
RDP,UPCOM,CTCP Rạng Đông Holding,Rạng Đông Holding,Rang Dong Holding Plastic JSC,Nguyên vật liệu,Nguyên vật liệu,Bao bì và vật chứa,Nguyên vật liệu,Bao bì và vật chứa,,Bao bì,NORMAL,31,bao bi,VIETSTOCK_RULE,VIETSTOCK,https://finance.vietstock.vn/RDP/ho-so-doanh-nghiep.htm,OK,NO
RIC,UPCOM,CTCP Quốc tế Hoàng Gia,Quốc tế Hoàng Gia,The Royal International Corporation,Tiêu dùng không thiết yếu,Dịch vụ tiêu dùng,"Khách sạn, nhà hàng và giải trí",Tiêu dùng không thiết yếu,Dịch vụ tiêu dùng,"Khách sạn, nhà hàng và giải trí",Du lịch & Giải trí,NORMAL,27,giai tri,VIETSTOCK_RULE,VIETSTOCK,https://finance.vietstock.vn/RIC/ho-so-doanh-nghiep.htm,OK,NO
RTB,UPCOM,CTCP Cao su Tân Biên,Cao su Tân Biên,Tan Bien Rubber JSC,Nguyên vật liệu,Nguyên vật liệu,Hóa chất,Nguyên vật liệu,Hóa chất,,Hóa chất,NORMAL,10,hoa chat,VIETSTOCK_RULE,VIETSTOCK,https://finance.vietstock.vn/RTB/ho-so-doanh-nghiep.htm,OK,NO
RYG,HOSE,CTCP Sản xuất và Đầu tư Hoàng Gia,Sản xuất và Đầu tư Hoàng Gia,Royal Manufacture and Investment Joint Stock Company,Nguyên vật liệu,Nguyên vật liệu,Vật liệu xây dựng,Nguyên vật liệu,Vật liệu xây dựng,,Vật liệu xây dựng,NORMAL,16,vat lieu xay dung,VIETSTOCK_RULE,VIETSTOCK,https://finance.vietstock.vn/RYG/ho-so-doanh-nghiep.htm,OK,NO
S4A,HOSE,CTCP Thủy điện Sê San 4A,Thủy điện Sê San 4A,Se San 4A Hydro Power JSC,Tiện ích,Tiện ích,Điện,Tiện ích,Điện,,Khác / cần duyệt,NORMAL,99,,REVIEW,,https://finance.vietstock.vn/S4A/ho-so-doanh-nghiep.htm,OK,YES
S99,HNX,CTCP SCI,SCI,SCI Joint Stock Company,Công nghiệp,Hàng hóa công nghiệp,Kỹ thuật xây dựng,Công nghiệp,Hàng hóa công nghiệp,Kỹ thuật xây dựng,Xây dựng,NORMAL,15,ky thuat xay dung,VIETSTOCK_RULE,VIETSTOCK,https://finance.vietstock.vn/S99/ho-so-doanh-nghiep.htm,OK,NO
SAM,HOSE,CTCP SAM Holdings,SAM Holdings,SAM Holdings Corporation,Công nghiệp,Hàng hóa công nghiệp,Thiết bị điện,Công nghiệp,Hàng hóa công nghiệp,Thiết bị điện,Khác / cần duyệt,NORMAL,99,,REVIEW,,https://finance.vietstock.vn/SAM/ho-so-doanh-nghiep.htm,OK,YES
SAS,UPCOM,CTCP Dịch vụ Hàng không Sân bay Tân Sơn Nhất,Dịch vụ Hàng không Sân bay Tân Sơn Nhất,Southern Airports Services JSC,Công nghiệp,Vận tải,Hạ tầng giao thông,Công nghiệp,Vận tải,Hạ tầng giao thông,Khác / cần duyệt,NORMAL,99,,REVIEW,,https://finance.vietstock.vn/SAS/ho-so-doanh-nghiep.htm,OK,YES
SAV,HOSE,CTCP Hợp tác Kinh tế và Xuất nhập khẩu Savimex,Hợp tác Kinh tế và Xuất nhập khẩu Savimex,Savimex Corporation,Tiêu dùng không thiết yếu,Thời trang và hàng lâu bền,Hàng tiêu dùng lâu bền,Tiêu dùng không thiết yếu,Thời trang và hàng lâu bền,Hàng tiêu dùng lâu bền,Hàng tiêu dùng lâu bền,NORMAL,36,hang tieu dung lau ben,VIETSTOCK_RULE,VIETSTOCK,https://finance.vietstock.vn/SAV/ho-so-doanh-nghiep.htm,OK,NO
SBA,HOSE,CTCP Sông Ba,Sông Ba,Song Ba JSC,Tiện ích,Tiện ích,Phát điện độc lập và điện tái tạo,Tiện ích,Phát điện độc lập và điện tái tạo,,Khác / cần duyệt,NORMAL,99,,REVIEW,,https://finance.vietstock.vn/SBA/ho-so-doanh-nghiep.htm,OK,YES
SBB,UPCOM,CTCP Tập đoàn Bia Sài Gòn - Bình Tây,Bia Sài Gòn - Bình Tây,SaiGon Binh Tay Beer Group Joint Stock Company,Tiêu dùng thiết yếu,"Thực phẩm, đồ uống và thuốc lá",Đồ uống,Tiêu dùng thiết yếu,"Thực phẩm, đồ uống và thuốc lá",Đồ uống,Thực phẩm & đồ uống,NORMAL,18,thuc pham,VIETSTOCK_RULE,VIETSTOCK,https://finance.vietstock.vn/SBB/ho-so-doanh-nghiep.htm,OK,NO
SBG,HOSE,CTCP Tập đoàn Cơ khí Công nghệ cao Siba,Cơ khí Công nghệ cao Siba,Siba High-Tech Mechanical Group Joint Stock Company,Công nghiệp,Hàng hóa công nghiệp,Máy móc công nghiệp,Công nghiệp,Hàng hóa công nghiệp,Máy móc công nghiệp,Máy móc & Thiết bị,NORMAL,30,may moc,VIETSTOCK_RULE,VIETSTOCK,https://finance.vietstock.vn/SBG/ho-so-doanh-nghiep.htm,OK,NO
SBH,UPCOM,CTCP Thủy điện Sông Ba Hạ,Thủy điện Sông Ba Hạ,Song Ba Ha Hydro Power JSC,Tiện ích,Tiện ích,Phát điện độc lập và điện tái tạo,Tiện ích,Phát điện độc lập và điện tái tạo,,Khác / cần duyệt,NORMAL,99,,REVIEW,,https://finance.vietstock.vn/SBH/ho-so-doanh-nghiep.htm,OK,YES
SBM,UPCOM,CTCP Đầu tư Phát triển Bắc Minh,Đầu tư Phát triển Bắc Minh,Bac Minh Development Investment Joint Stock Company,Tiện ích,Tiện ích,Phát điện độc lập và điện tái tạo,Tiện ích,Phát điện độc lập và điện tái tạo,,Khác / cần duyệt,NORMAL,99,,REVIEW,,https://finance.vietstock.vn/SBM/ho-so-doanh-nghiep.htm,OK,YES
SBR,UPCOM,CTCP Cao su Sông Bé,Cao su Sông Bé,Song Be Rubber Joint Stock Company,Nguyên vật liệu,Nguyên vật liệu,Hóa chất,Nguyên vật liệu,Hóa chất,,Hóa chất,NORMAL,10,hoa chat,VIETSTOCK_RULE,VIETSTOCK,https://finance.vietstock.vn/SBR/ho-so-doanh-nghiep.htm,OK,NO
SBV,HOSE,CTCP Siam Brothers Việt Nam,Siam Brothers Việt Nam,Siam Brothers Vietnam JSC,Tiêu dùng không thiết yếu,Thời trang và hàng lâu bền,Hàng tiêu dùng lâu bền,Tiêu dùng không thiết yếu,Thời trang và hàng lâu bền,Hàng tiêu dùng lâu bền,Hàng tiêu dùng lâu bền,NORMAL,36,hang tieu dung lau ben,VIETSTOCK_RULE,VIETSTOCK,https://finance.vietstock.vn/SBV/ho-so-doanh-nghiep.htm,OK,NO
SCG,HNX,CTCP Tập đoàn Xây dựng SCG,Xây dựng SCG,SCG Construction Group Joint Stock Company,Công nghiệp,Hàng hóa công nghiệp,Kỹ thuật xây dựng,Công nghiệp,Hàng hóa công nghiệp,Kỹ thuật xây dựng,Xây dựng,NORMAL,15,ky thuat xay dung,VIETSTOCK_RULE,VIETSTOCK,https://finance.vietstock.vn/SCG/ho-so-doanh-nghiep.htm,OK,NO
SCI,HNX,CTCP SCI E&C,SCI E&C,SCI E&C Joint Stock Company,Công nghiệp,Hàng hóa công nghiệp,Kỹ thuật xây dựng,Công nghiệp,Hàng hóa công nghiệp,Kỹ thuật xây dựng,Xây dựng,NORMAL,15,ky thuat xay dung,VIETSTOCK_RULE,VIETSTOCK,https://finance.vietstock.vn/SCI/ho-so-doanh-nghiep.htm,OK,NO
SCJ,UPCOM,CTCP Xi măng Sài Sơn,Xi măng Sài Sơn,Sai Son Cement Joint Stock Company,Nguyên vật liệu,Nguyên vật liệu,Vật liệu xây dựng,Nguyên vật liệu,Vật liệu xây dựng,,Vật liệu xây dựng,NORMAL,16,vat lieu xay dung,VIETSTOCK_RULE,VIETSTOCK,https://finance.vietstock.vn/SCJ/ho-so-doanh-nghiep.htm,OK,NO
SD5,HNX,CTCP Sông Đà 5,Sông Đà 5,Song Da No 5 JSC,Công nghiệp,Hàng hóa công nghiệp,Kỹ thuật xây dựng,Công nghiệp,Hàng hóa công nghiệp,Kỹ thuật xây dựng,Xây dựng,NORMAL,15,ky thuat xay dung,VIETSTOCK_RULE,VIETSTOCK,https://finance.vietstock.vn/SD5/ho-so-doanh-nghiep.htm,OK,NO
SD6,UPCOM,CTCP Sông Đà 6,Sông Đà 6,Song Da 6 JSC,Công nghiệp,Hàng hóa công nghiệp,Kỹ thuật xây dựng,Công nghiệp,Hàng hóa công nghiệp,Kỹ thuật xây dựng,Xây dựng,NORMAL,15,ky thuat xay dung,VIETSTOCK_RULE,VIETSTOCK,https://finance.vietstock.vn/SD6/ho-so-doanh-nghiep.htm,OK,NO
SD9,HNX,CTCP Sông Đà 9,Sông Đà 9,Song Da No 9 Joint Stock Company,Tiện ích,Tiện ích,Phát điện độc lập và điện tái tạo,Tiện ích,Phát điện độc lập và điện tái tạo,,Khác / cần duyệt,NORMAL,99,,REVIEW,,https://finance.vietstock.vn/SD9/ho-so-doanh-nghiep.htm,OK,YES
SDA,HNX,CTCP Simco Sông Đà,Simco Sông Đà,Simco Song Da JSC,Công nghiệp,Dịch vụ thương mại và chuyên nghiệp,Dịch vụ chuyên nghiệp,Công nghiệp,Dịch vụ thương mại và chuyên nghiệp,Dịch vụ chuyên nghiệp,Dịch vụ công nghiệp,NORMAL,34,dich vu chuyen nghiep,VIETSTOCK_RULE,VIETSTOCK,https://finance.vietstock.vn/SDA/ho-so-doanh-nghiep.htm,OK,NO
SDT,UPCOM,CTCP Sông Đà 10,Sông Đà 10,Song Da No 10 JSC,Công nghiệp,Hàng hóa công nghiệp,Kỹ thuật xây dựng,Công nghiệp,Hàng hóa công nghiệp,Kỹ thuật xây dựng,Xây dựng,NORMAL,15,ky thuat xay dung,VIETSTOCK_RULE,VIETSTOCK,https://finance.vietstock.vn/SDT/ho-so-doanh-nghiep.htm,OK,NO
SEA,UPCOM,Tổng Công ty Thủy sản Việt Nam - CTCP,Thủy sản Việt Nam - CTCP,Vietnam Seaproducts Joint Stock Corporation,Tiêu dùng thiết yếu,"Thực phẩm, đồ uống và thuốc lá",Thực phẩm,Tiêu dùng thiết yếu,"Thực phẩm, đồ uống và thuốc lá",Thực phẩm,Thực phẩm & đồ uống,NORMAL,18,thuc pham,VIETSTOCK_RULE,VIETSTOCK,https://finance.vietstock.vn/SEA/ho-so-doanh-nghiep.htm,OK,NO
SEB,HNX,CTCP Đầu tư và Phát triển Điện Miền Trung,Đầu tư và Phát triển Điện Miền Trung,Mien Trung Power Investment & Development JSC,Tiện ích,Tiện ích,Phát điện độc lập và điện tái tạo,Tiện ích,Phát điện độc lập và điện tái tạo,,Khác / cần duyệt,NORMAL,99,,REVIEW,,https://finance.vietstock.vn/SEB/ho-so-doanh-nghiep.htm,OK,YES
SFG,HOSE,CTCP Phân Bón Miền Nam,Phân Bón Miền Nam,The Southern Fertilizer JSC,Nguyên vật liệu,Nguyên vật liệu,Hóa chất,Nguyên vật liệu,Hóa chất,,Hóa chất,NORMAL,10,hoa chat,VIETSTOCK_RULE,VIETSTOCK,https://finance.vietstock.vn/SFG/ho-so-doanh-nghiep.htm,OK,NO
SFI,HOSE,CTCP Đại lý Vận tải SAFI,Đại lý Vận tải SAFI,Sea & Air Freight International,Công nghiệp,Vận tải,Hạ tầng giao thông,Công nghiệp,Vận tải,Hạ tầng giao thông,Khác / cần duyệt,NORMAL,99,,REVIEW,,https://finance.vietstock.vn/SFI/ho-so-doanh-nghiep.htm,OK,YES
SGB,UPCOM,Ngân hàng TMCP Sài Gòn Công Thương,Sài Gòn Công Thương,Saigon Bank For Industry And Trade,Tài chính,Tổ chức tín dụng,Ngân hàng,Tài chính,Tổ chức tín dụng,Ngân hàng,Ngân hàng,BANK,1,ngan hang,VIETSTOCK_RULE,VIETSTOCK,https://finance.vietstock.vn/SGB/ho-so-doanh-nghiep.htm,OK,NO
SGI,UPCOM,CTCP Đầu tư Phát triển Sài Gòn 3 Group,Đầu tư Phát triển Sài Gòn 3 Group,Saigon3 Group Investment Development JSC,Tiêu dùng không thiết yếu,Thời trang và hàng lâu bền,Thời trang và dệt may,Tiêu dùng không thiết yếu,Thời trang và hàng lâu bền,Thời trang và dệt may,Dệt may,NORMAL,13,det may,VIETSTOCK_RULE,VIETSTOCK,https://finance.vietstock.vn/SGI/ho-so-doanh-nghiep.htm,OK,NO
SGN,HOSE,CTCP Phục vụ Mặt đất Sài Gòn,Phục vụ Mặt đất Sài Gòn,Saigon Ground Services JSC,Công nghiệp,Vận tải,Hạ tầng giao thông,Công nghiệp,Vận tải,Hạ tầng giao thông,Khác / cần duyệt,NORMAL,99,,REVIEW,,https://finance.vietstock.vn/SGN/ho-so-doanh-nghiep.htm,OK,YES
SGP,UPCOM,CTCP Cảng Sài Gòn,Cảng Sài Gòn,Saigon Port Join Stock Company,Công nghiệp,Vận tải,Hạ tầng giao thông,Công nghiệp,Vận tải,Hạ tầng giao thông,Khác / cần duyệt,NORMAL,99,,REVIEW,,https://finance.vietstock.vn/SGP/ho-so-doanh-nghiep.htm,OK,YES
SGR,HOSE,CTCP Tổng CTCP Địa ốc Sài Gòn,Tổng CTCP Địa ốc Sài Gòn,Saigon Real Estate Group Joint Stock Company,Bất động sản,Bất động sản,Dịch vụ bất động sản,Bất động sản,Dịch vụ bất động sản,,Khác / cần duyệt,NORMAL,99,,REVIEW,,https://finance.vietstock.vn/SGR/ho-so-doanh-nghiep.htm,OK,YES
SGT,HOSE,CTCP Công nghệ Viễn Thông Sài Gòn,Công nghệ Viễn Thông Sài Gòn,Sai Gon Telecommunication & Technologies Corporation,Dịch vụ truyền thông,Dịch vụ viễn thông,Dịch vụ viễn thông đa dạng,Dịch vụ truyền thông,Dịch vụ viễn thông,Dịch vụ viễn thông đa dạng,Viễn thông,NORMAL,23,vien thong,VIETSTOCK_RULE,VIETSTOCK,https://finance.vietstock.vn/SGT/ho-so-doanh-nghiep.htm,OK,NO
SHA,HOSE,CTCP Sơn Hà Sài Gòn,Sơn Hà Sài Gòn,Son Ha Sai Gon Joint Stock Company,Công nghiệp,Hàng hóa công nghiệp,Máy móc công nghiệp,Công nghiệp,Hàng hóa công nghiệp,Máy móc công nghiệp,Máy móc & Thiết bị,NORMAL,30,may moc,VIETSTOCK_RULE,VIETSTOCK,https://finance.vietstock.vn/SHA/ho-so-doanh-nghiep.htm,OK,NO
SHG,UPCOM,Tổng Công ty cổ phần Sông Hồng,Sông Hồng,Song Hong Joint Stock Corporation,Công nghiệp,Hàng hóa công nghiệp,Kỹ thuật xây dựng,Công nghiệp,Hàng hóa công nghiệp,Kỹ thuật xây dựng,Xây dựng,NORMAL,15,ky thuat xay dung,VIETSTOCK_RULE,VIETSTOCK,https://finance.vietstock.vn/SHG/ho-so-doanh-nghiep.htm,OK,NO
SHP,HOSE,CTCP Thủy điện Miền Nam,Thủy điện Miền Nam,Southern Hydropower JSC,Tiện ích,Tiện ích,Phát điện độc lập và điện tái tạo,Tiện ích,Phát điện độc lập và điện tái tạo,,Khác / cần duyệt,NORMAL,99,,REVIEW,,https://finance.vietstock.vn/SHP/ho-so-doanh-nghiep.htm,OK,YES
SID,UPCOM,CTCP Đầu tư Phát triển Sài Gòn Co.op,Đầu tư Phát triển Sài Gòn Co.op,Saigon Co.op Investment Development Joint Stock Company,Bất động sản,Bất động sản,Quản lý và phát triển bất động sản,Bất động sản,Quản lý và phát triển bất động sản,,Khác / cần duyệt,NORMAL,99,,REVIEW,,https://finance.vietstock.vn/SID/ho-so-doanh-nghiep.htm,OK,YES
SII,UPCOM,CTCP Hạ tầng Nước Sài Gòn,Hạ tầng Nước Sài Gòn,Sai Gon Water Infrastructure Corporation,Tiện ích,Tiện ích,Nước,Tiện ích,Nước,,Khác / cần duyệt,NORMAL,99,,REVIEW,,https://finance.vietstock.vn/SII/ho-so-doanh-nghiep.htm,OK,YES
SIP,HOSE,CTCP Đầu tư Sài Gòn VRG,Đầu tư Sài Gòn VRG,Sai Gon VRG Investment Corporation,Bất động sản,Bất động sản,Quản lý và phát triển bất động sản,Bất động sản,Quản lý và phát triển bất động sản,,Khác / cần duyệt,NORMAL,99,,REVIEW,,https://finance.vietstock.vn/SIP/ho-so-doanh-nghiep.htm,OK,YES
SJ1,HNX,CTCP Nông nghiệp Hùng Hậu,Nông nghiệp Hùng Hậu,Hung Hau Agricultural Corporation,Tiêu dùng thiết yếu,"Thực phẩm, đồ uống và thuốc lá",Thực phẩm,Tiêu dùng thiết yếu,"Thực phẩm, đồ uống và thuốc lá",Thực phẩm,Thực phẩm & đồ uống,NORMAL,18,thuc pham,VIETSTOCK_RULE,VIETSTOCK,https://finance.vietstock.vn/SJ1/ho-so-doanh-nghiep.htm,OK,NO
SJD,HOSE,CTCP Thủy điện Cần Đơn,Thủy điện Cần Đơn,Candon HydroPower Joint Stock Company,Tiện ích,Tiện ích,Phát điện độc lập và điện tái tạo,Tiện ích,Phát điện độc lập và điện tái tạo,,Khác / cần duyệt,NORMAL,99,,REVIEW,,https://finance.vietstock.vn/SJD/ho-so-doanh-nghiep.htm,OK,YES
SJE,HNX,CTCP Sông Đà 11,Sông Đà 11,Song Da No 11 JSC,Công nghiệp,Hàng hóa công nghiệp,Kỹ thuật xây dựng,Công nghiệp,Hàng hóa công nghiệp,Kỹ thuật xây dựng,Xây dựng,NORMAL,15,ky thuat xay dung,VIETSTOCK_RULE,VIETSTOCK,https://finance.vietstock.vn/SJE/ho-so-doanh-nghiep.htm,OK,NO
SJF,UPCOM,CTCP Đầu tư Sao Thái Dương,Đầu tư Sao Thái Dương,Sunstar Investment Joint Stock Company,Nguyên vật liệu,Nguyên vật liệu,Gỗ và giấy,Nguyên vật liệu,Gỗ và giấy,,Gỗ & Giấy,NORMAL,24,go va giay,VIETSTOCK_RULE,VIETSTOCK,https://finance.vietstock.vn/SJF/ho-so-doanh-nghiep.htm,OK,NO
SJG,UPCOM,Tổng Công ty Sông Đà - CTCP,Sông Đà - CTCP,SONG DA CORPORATION - JSC,Công nghiệp,Hàng hóa công nghiệp,Kỹ thuật xây dựng,Công nghiệp,Hàng hóa công nghiệp,Kỹ thuật xây dựng,Xây dựng,NORMAL,15,ky thuat xay dung,VIETSTOCK_RULE,VIETSTOCK,https://finance.vietstock.vn/SJG/ho-so-doanh-nghiep.htm,OK,NO
SJS,HOSE,CTCP SJ Group,SJ Group,SJ Group Joint Stock Company,Bất động sản,Bất động sản,Quản lý và phát triển bất động sản,Bất động sản,Quản lý và phát triển bất động sản,,Khác / cần duyệt,NORMAL,99,,REVIEW,,https://finance.vietstock.vn/SJS/ho-so-doanh-nghiep.htm,OK,YES
SKG,HOSE,CTCP Tàu cao tốc Superdong - Kiên Giang,Tàu cao tốc Superdong - Kiên Giang,Superdong Fast Ferry Kieng Giang JSC,Công nghiệp,Vận tải,Vận tải biển,Công nghiệp,Vận tải,Vận tải biển,Cảng & Logistics,NORMAL,14,van tai bien,VIETSTOCK_RULE,VIETSTOCK,https://finance.vietstock.vn/SKG/ho-so-doanh-nghiep.htm,OK,NO
SKV,UPCOM,CTCP Nước giải khát Yến sào Khánh Hòa,Nước giải khát Yến sào Khánh Hòa,Khanh Hoa Salanganest Nest Soft Drink Joint Stock Company,Tiêu dùng thiết yếu,"Thực phẩm, đồ uống và thuốc lá",Đồ uống,Tiêu dùng thiết yếu,"Thực phẩm, đồ uống và thuốc lá",Đồ uống,Thực phẩm & đồ uống,NORMAL,18,thuc pham,VIETSTOCK_RULE,VIETSTOCK,https://finance.vietstock.vn/SKV/ho-so-doanh-nghiep.htm,OK,NO
SLD,UPCOM,CTCP Địa ốc Sacom,Địa ốc Sacom,Sacom Land Corporation,Bất động sản,Bất động sản,Quản lý và phát triển bất động sản,Bất động sản,Quản lý và phát triển bất động sản,,Khác / cần duyệt,NORMAL,99,,REVIEW,,https://finance.vietstock.vn/SLD/ho-so-doanh-nghiep.htm,OK,YES
SMB,HOSE,CTCP Bia Sài Gòn - Miền Trung,Bia Sài Gòn - Miền Trung,Sai Gon - Mien Trung Beer JSC,Tiêu dùng thiết yếu,"Thực phẩm, đồ uống và thuốc lá",Đồ uống,Tiêu dùng thiết yếu,"Thực phẩm, đồ uống và thuốc lá",Đồ uống,Thực phẩm & đồ uống,NORMAL,18,thuc pham,VIETSTOCK_RULE,VIETSTOCK,https://finance.vietstock.vn/SMB/ho-so-doanh-nghiep.htm,OK,NO
SMC,HOSE,CTCP Đầu tư Thương mại SMC,Đầu tư Thương mại SMC,SMC Trading Investment Joint Stock Company,Nguyên vật liệu,Nguyên vật liệu,Khai khoáng và luyện kim,Nguyên vật liệu,Khai khoáng và luyện kim,,Kim loại & Khoáng sản,NORMAL,32,khai khoang,VIETSTOCK_RULE,VIETSTOCK,https://finance.vietstock.vn/SMC/ho-so-doanh-nghiep.htm,OK,NO
SNZ,UPCOM,Tổng Công ty cổ phần Phát triển Khu Công nghiệp,Phát triển Khu Công nghiệp,Sonadezi Corporation,Bất động sản,Bất động sản,Quản lý và phát triển bất động sản,Bất động sản,Quản lý và phát triển bất động sản,,Khác / cần duyệt,NORMAL,99,,REVIEW,,https://finance.vietstock.vn/SNZ/ho-so-doanh-nghiep.htm,OK,YES
SP2,UPCOM,CTCP Thủy điện Sử Pán 2,Thủy điện Sử Pán 2,Su Pan 2 Hydroprwer JSC,Tiện ích,Tiện ích,Phát điện độc lập và điện tái tạo,Tiện ích,Phát điện độc lập và điện tái tạo,,Khác / cần duyệt,NORMAL,99,,REVIEW,,https://finance.vietstock.vn/SP2/ho-so-doanh-nghiep.htm,OK,YES
SRA,HNX,CTCP Sara Việt Nam,Sara Việt Nam,Sara Vietnam JSC,Chăm sóc sức khỏe,Thiết bị và dịch vụ chăm sóc sức khỏe,Thiết bị và vật tư chăm sóc sức khỏe,Chăm sóc sức khỏe,Thiết bị và dịch vụ chăm sóc sức khỏe,Thiết bị và vật tư chăm sóc sức khỏe,Dược & Y tế,NORMAL,19,cham soc suc khoe,VIETSTOCK_RULE,VIETSTOCK,https://finance.vietstock.vn/SRA/ho-so-doanh-nghiep.htm,OK,NO
SRC,HOSE,CTCP Cao su Sao Vàng,Cao su Sao Vàng,Sao Vang Rubber Joint Stock Company,Tiêu dùng không thiết yếu,Xe và linh kiện,Linh kiện xe,Tiêu dùng không thiết yếu,Xe và linh kiện,Linh kiện xe,Khác / cần duyệt,NORMAL,99,,REVIEW,,https://finance.vietstock.vn/SRC/ho-so-doanh-nghiep.htm,OK,YES
SRF,HOSE,CTCP SEAREFICO,SEAREFICO,SEAREFICO CORPORATION,Công nghiệp,Hàng hóa công nghiệp,Kỹ thuật xây dựng,Công nghiệp,Hàng hóa công nghiệp,Kỹ thuật xây dựng,Xây dựng,NORMAL,15,ky thuat xay dung,VIETSTOCK_RULE,VIETSTOCK,https://finance.vietstock.vn/SRF/ho-so-doanh-nghiep.htm,OK,NO
SSB,HOSE,Ngân hàng TMCP Đông Nam Á,Đông Nam Á,Southeast Asia Commercial Joint Stock Bank,Tài chính,Tổ chức tín dụng,Ngân hàng,Tài chính,Tổ chức tín dụng,Ngân hàng,Ngân hàng,BANK,1,ngan hang,VIETSTOCK_RULE,VIETSTOCK,https://finance.vietstock.vn/SSB/ho-so-doanh-nghiep.htm,OK,NO
SSH,UPCOM,CTCP Phát triển Sunshine Homes,Phát triển Sunshine Homes,Sunshine Homes Development JSC,Bất động sản,Bất động sản,Quản lý và phát triển bất động sản,Bất động sản,Quản lý và phát triển bất động sản,,Khác / cần duyệt,NORMAL,99,,REVIEW,,https://finance.vietstock.vn/SSH/ho-so-doanh-nghiep.htm,OK,YES
SSN,UPCOM,CTCP Xuất nhập khẩu Thủy sản Sài Gòn,Xuất nhập khẩu Thủy sản Sài Gòn,Saigon SeaProducts Import - Export JSC,Bất động sản,Bất động sản,Bất động sản đa dạng,Bất động sản,Bất động sản đa dạng,,Khác / cần duyệt,NORMAL,99,,REVIEW,,https://finance.vietstock.vn/SSN/ho-so-doanh-nghiep.htm,OK,YES
ST8,HOSE,CTCP Tập đoàn ST8,ST8,ST8 Holdings Joint Stock Company,Tiêu dùng không thiết yếu,Thương mại hàng không thiết yếu,Nhà phân phối,Tiêu dùng không thiết yếu,Thương mại hàng không thiết yếu,Nhà phân phối,Hàng không,NORMAL,17,hang khong,VIETSTOCK_RULE,VIETSTOCK,https://finance.vietstock.vn/ST8/ho-so-doanh-nghiep.htm,OK,NO
STG,HOSE,CTCP Kho vận Miền Nam,Kho vận Miền Nam,South Logistics Joint Stock Company,Công nghiệp,Vận tải,Hạ tầng giao thông,Công nghiệp,Vận tải,Hạ tầng giao thông,Khác / cần duyệt,NORMAL,99,,REVIEW,,https://finance.vietstock.vn/STG/ho-so-doanh-nghiep.htm,OK,YES
STK,HOSE,CTCP Sợi Thế Kỷ,Sợi Thế Kỷ,Century Synthetic Fiber Corporation,Tiêu dùng không thiết yếu,Thời trang và hàng lâu bền,Thời trang và dệt may,Tiêu dùng không thiết yếu,Thời trang và hàng lâu bền,Thời trang và dệt may,Dệt may,NORMAL,13,det may,VIETSTOCK_RULE,VIETSTOCK,https://finance.vietstock.vn/STK/ho-so-doanh-nghiep.htm,OK,NO
SVC,HOSE,CTCP Dịch vụ Tổng hợp Sài Gòn,Dịch vụ Tổng hợp Sài Gòn,Saigon General Service Corporation,Tiêu dùng không thiết yếu,Thương mại hàng không thiết yếu,Bán lẻ chuyên doanh,Tiêu dùng không thiết yếu,Thương mại hàng không thiết yếu,Bán lẻ chuyên doanh,Bán lẻ,NORMAL,8,ban le,VIETSTOCK_RULE,VIETSTOCK,https://finance.vietstock.vn/SVC/ho-so-doanh-nghiep.htm,OK,NO
SVD,HOSE,CTCP Đầu tư & Thương mại Vũ Đăng,Đầu tư & Thương mại Vũ Đăng,Vu Dang Investment & Trading JSC,Tiêu dùng không thiết yếu,Thời trang và hàng lâu bền,Thời trang và dệt may,Tiêu dùng không thiết yếu,Thời trang và hàng lâu bền,Thời trang và dệt may,Dệt may,NORMAL,13,det may,VIETSTOCK_RULE,VIETSTOCK,https://finance.vietstock.vn/SVD/ho-so-doanh-nghiep.htm,OK,NO
SVG,UPCOM,CTCP Hơi Kỹ nghệ Que hàn,Hơi Kỹ nghệ Que hàn,Industrial Gas and Welding Electrode Joint Stock Company,Nguyên vật liệu,Nguyên vật liệu,Hóa chất,Nguyên vật liệu,Hóa chất,,Hóa chất,NORMAL,10,hoa chat,VIETSTOCK_RULE,VIETSTOCK,https://finance.vietstock.vn/SVG/ho-so-doanh-nghiep.htm,OK,NO
SWC,UPCOM,Tổng Công ty cổ phần Đường sông Miền Nam,Đường sông Miền Nam,Southern Waterborne Transport Corporation,Công nghiệp,Vận tải,Vận tải biển,Công nghiệp,Vận tải,Vận tải biển,Cảng & Logistics,NORMAL,14,van tai bien,VIETSTOCK_RULE,VIETSTOCK,https://finance.vietstock.vn/SWC/ho-so-doanh-nghiep.htm,OK,NO
SZB,HNX,CTCP Sonadezi Long Bình,Sonadezi Long Bình,Sonadezi Long Binh Joint Stock Company,Bất động sản,Bất động sản,Quản lý và phát triển bất động sản,Bất động sản,Quản lý và phát triển bất động sản,,Khác / cần duyệt,NORMAL,99,,REVIEW,,https://finance.vietstock.vn/SZB/ho-so-doanh-nghiep.htm,OK,YES
SZE,UPCOM,CTCP Môi trường Sonadezi,Môi trường Sonadezi,Sonadezi Environment Joint Stock Company,Tiện ích,Tiện ích,Tiện tích tổng hợp,Công nghiệp,Dịch vụ thương mại và chuyên nghiệp,Dịch vụ và thiết bị thương mại,Khác / cần duyệt,NORMAL,99,,REVIEW,,https://finance.vietstock.vn/SZE/ho-so-doanh-nghiep.htm,OK,YES
SZG,UPCOM,CTCP Sonadezi Giang Điền,Sonadezi Giang Điền,Sonadezi Giang Dien Joint Stock Company,Bất động sản,Bất động sản,Quản lý và phát triển bất động sản,Bất động sản,Quản lý và phát triển bất động sản,,Khác / cần duyệt,NORMAL,99,,REVIEW,,https://finance.vietstock.vn/SZG/ho-so-doanh-nghiep.htm,OK,YES
SZL,HOSE,CTCP Sonadezi Long Thành,Sonadezi Long Thành,Sonadezi Long Thanh Shareholding Company,Bất động sản,Bất động sản,Quản lý và phát triển bất động sản,Bất động sản,Quản lý và phát triển bất động sản,,Khác / cần duyệt,NORMAL,99,,REVIEW,,https://finance.vietstock.vn/SZL/ho-so-doanh-nghiep.htm,OK,YES
TAR,UPCOM,CTCP Nông nghiệp Công nghệ cao Trung An,Nông nghiệp Công nghệ cao Trung An,Trung An Hi-Tech Farming JSC,Tiêu dùng thiết yếu,"Thực phẩm, đồ uống và thuốc lá",Thực phẩm,Tiêu dùng thiết yếu,"Thực phẩm, đồ uống và thuốc lá",Thực phẩm,Thực phẩm & đồ uống,NORMAL,18,thuc pham,VIETSTOCK_RULE,VIETSTOCK,https://finance.vietstock.vn/TAR/ho-so-doanh-nghiep.htm,OK,NO
TBC,HOSE,CTCP Thủy điện Thác Bà,Thủy điện Thác Bà,Thac Ba Hydro Power Joint Stock Company,Tiện ích,Tiện ích,Phát điện độc lập và điện tái tạo,Tiện ích,Phát điện độc lập và điện tái tạo,,Khác / cần duyệt,NORMAL,99,,REVIEW,,https://finance.vietstock.vn/TBC/ho-so-doanh-nghiep.htm,OK,YES
TBD,UPCOM,Tổng Công ty Thiết bị Điện Đông Anh - CTCP,Thiết bị Điện Đông Anh - CTCP,Dong Anh Electrical Equiment Corporation - Joint Stock Company,Công nghiệp,Hàng hóa công nghiệp,Thiết bị điện,Công nghiệp,Hàng hóa công nghiệp,Thiết bị điện,Khác / cần duyệt,NORMAL,99,,REVIEW,,https://finance.vietstock.vn/TBD/ho-so-doanh-nghiep.htm,OK,YES
TBH,UPCOM,CTCP Tổng Bách Hóa,Tổng Bách Hóa,General Department Store Joint Stock Company,Bất động sản,Bất động sản,Quản lý và phát triển bất động sản,Bất động sản,Quản lý và phát triển bất động sản,,Khác / cần duyệt,NORMAL,99,,REVIEW,,https://finance.vietstock.vn/TBH/ho-so-doanh-nghiep.htm,OK,YES
TCD,HOSE,CTCP Tập đoàn Xây dựng TRACODI,Xây dựng TRACODI,TRACODI Construction Holdings Joint Stock Company,Công nghiệp,Hàng hóa công nghiệp,Kỹ thuật xây dựng,Công nghiệp,Hàng hóa công nghiệp,Kỹ thuật xây dựng,Xây dựng,NORMAL,15,ky thuat xay dung,VIETSTOCK_RULE,VIETSTOCK,https://finance.vietstock.vn/TCD/ho-so-doanh-nghiep.htm,OK,NO
TCI,HOSE,CTCP Chứng khoán Thành Công,Chứng khoán Thành Công,Thanh Cong Securities Company,Tài chính,Dịch vụ tài chính,Thị trường vốn,Tài chính,Dịch vụ tài chính,Thị trường vốn,Chứng khoán,SECURITIES,2,thi truong von,VIETSTOCK_RULE,VIETSTOCK,https://finance.vietstock.vn/TCI/ho-so-doanh-nghiep.htm,OK,NO
TCK,UPCOM,Tổng Công ty Cơ khí Xây dựng - CTCP,Cơ khí Xây dựng - CTCP,Construction Machinery Corporation - JSC,Công nghiệp,Hàng hóa công nghiệp,Máy móc công nghiệp,Công nghiệp,Hàng hóa công nghiệp,Máy móc công nghiệp,Máy móc & Thiết bị,NORMAL,30,may moc,VIETSTOCK_RULE,VIETSTOCK,https://finance.vietstock.vn/TCK/ho-so-doanh-nghiep.htm,OK,NO
TCL,HOSE,CTCP Đại lý Giao nhận Vận tải Xếp dỡ Tân Cảng,Đại lý Giao nhận Vận tải Xếp dỡ Tân Cảng,Tan Cang Logistics & Stevedoring Joint Stock Company,Công nghiệp,Vận tải,Hạ tầng giao thông,Công nghiệp,Vận tải,Hạ tầng giao thông,Khác / cần duyệt,NORMAL,99,,REVIEW,,https://finance.vietstock.vn/TCL/ho-so-doanh-nghiep.htm,OK,YES
TCO,HOSE,CTCP TCO Holdings,TCO Holdings,TCO Holdings joint Stock Company,Tiêu dùng thiết yếu,"Thực phẩm, đồ uống và thuốc lá",Thực phẩm,Tiêu dùng thiết yếu,"Thực phẩm, đồ uống và thuốc lá",Thực phẩm,Thực phẩm & đồ uống,NORMAL,18,thuc pham,VIETSTOCK_RULE,VIETSTOCK,https://finance.vietstock.vn/TCO/ho-so-doanh-nghiep.htm,OK,NO
TD6,HNX,CTCP Than Đèo Nai - Cọc Sáu - TKV,Than Đèo Nai - Cọc Sáu - TKV,Deo Nai ? Coc Sau ? TKV Coal Joint Stock Company,Năng lượng,Năng lượng,Dầu khí,Năng lượng,Dầu khí,,Dầu khí,NORMAL,6,dau khi,VIETSTOCK_RULE,VIETSTOCK,https://finance.vietstock.vn/TD6/ho-so-doanh-nghiep.htm,OK,NO
TDF,UPCOM,CTCP Trung Đô,Trung Đô,TRUNG DO JOINT STOCK COMPANY,Nguyên vật liệu,Nguyên vật liệu,Vật liệu xây dựng,Nguyên vật liệu,Vật liệu xây dựng,,Vật liệu xây dựng,NORMAL,16,vat lieu xay dung,VIETSTOCK_RULE,VIETSTOCK,https://finance.vietstock.vn/TDF/ho-so-doanh-nghiep.htm,OK,NO
TDG,HOSE,CTCP Đầu tư TDG Global,Đầu tư TDG Global,TDG Global Investment Joint Stock Company,Tiện ích,Tiện ích,Gas sinh hoạt,Tiện ích,Gas sinh hoạt,,Khác / cần duyệt,NORMAL,99,,REVIEW,,https://finance.vietstock.vn/TDG/ho-so-doanh-nghiep.htm,OK,YES
TDH,HOSE,CTCP Phát triển Nhà Thủ Đức,Phát triển Nhà Thủ Đức,Thu Duc Housing Development Corporation,Bất động sản,Bất động sản,Quản lý và phát triển bất động sản,Bất động sản,Quản lý và phát triển bất động sản,,Khác / cần duyệt,NORMAL,99,,REVIEW,,https://finance.vietstock.vn/TDH/ho-so-doanh-nghiep.htm,OK,YES
TDM,HOSE,CTCP Nước Thủ Dầu Một,Nước Thủ Dầu Một,Thu Dau Mot Water Joint Stock Company,Tiện ích,Tiện ích,Nước,Tiện ích,Nước,,Khác / cần duyệt,NORMAL,99,,REVIEW,,https://finance.vietstock.vn/TDM/ho-so-doanh-nghiep.htm,OK,YES
TDT,HNX,CTCP Đầu tư và Phát triển TDT,Đầu tư và Phát triển TDT,TDT Investment and Development Joint Stock Company,Tiêu dùng không thiết yếu,Thời trang và hàng lâu bền,Thời trang và dệt may,Tiêu dùng không thiết yếu,Thời trang và hàng lâu bền,Thời trang và dệt may,Dệt may,NORMAL,13,det may,VIETSTOCK_RULE,VIETSTOCK,https://finance.vietstock.vn/TDT/ho-so-doanh-nghiep.htm,OK,NO
TEG,HOSE,CTCP Năng lượng và Bất động sản Trường Thành,Năng lượng và Bất động sản Trường Thành,Truong Thanh Energy and Real Estate JSC,Công nghiệp,Hàng hóa công nghiệp,Phân phối hàng công nghiệp,Công nghiệp,Hàng hóa công nghiệp,Phân phối hàng công nghiệp,Thương mại & Phân phối,NORMAL,33,phan phoi,VIETSTOCK_RULE,VIETSTOCK,https://finance.vietstock.vn/TEG/ho-so-doanh-nghiep.htm,OK,NO
TGG,UPCOM,CTCP The Golden Group,The Golden Group,The Golden Group Joint Stock Company,Tiêu dùng thiết yếu,Thương mại hàng thiết yếu,Thương mại hàng thiết yếu,Tiêu dùng thiết yếu,Thương mại hàng thiết yếu,,Khác / cần duyệt,NORMAL,99,,REVIEW,,https://finance.vietstock.vn/TGG/ho-so-doanh-nghiep.htm,OK,YES
THD,HNX,CTCP Thaiholdings,Thaiholdings,Thaiholdings Joint Stock Company,Công nghiệp,Hàng hóa công nghiệp,Phân phối hàng công nghiệp,Công nghiệp,Hàng hóa công nghiệp,Phân phối hàng công nghiệp,Thương mại & Phân phối,NORMAL,33,phan phoi,VIETSTOCK_RULE,VIETSTOCK,https://finance.vietstock.vn/THD/ho-so-doanh-nghiep.htm,OK,NO
THG,HOSE,CTCP Đầu tư và Xây dựng Tiền Giang,Đầu tư và Xây dựng Tiền Giang,Tien Giang Investment And Construction JSC,Nguyên vật liệu,Nguyên vật liệu,Vật liệu xây dựng,Nguyên vật liệu,Vật liệu xây dựng,,Vật liệu xây dựng,NORMAL,16,vat lieu xay dung,VIETSTOCK_RULE,VIETSTOCK,https://finance.vietstock.vn/THG/ho-so-doanh-nghiep.htm,OK,NO
THN,UPCOM,CTCP Cấp nước Thanh Hóa,Cấp nước Thanh Hóa,Thanh Hoa Water Supply JSC,Tiện ích,Tiện ích,Nước,Tiện ích,Nước,,Khác / cần duyệt,NORMAL,99,,REVIEW,,https://finance.vietstock.vn/THN/ho-so-doanh-nghiep.htm,OK,YES
THP,UPCOM,CTCP Thủy sản và Thương mại Thuận Phước,Thủy sản và Thương mại Thuận Phước,Thuan Phuoc Seafoods & Trading Corporation,Tiêu dùng thiết yếu,"Thực phẩm, đồ uống và thuốc lá",Thực phẩm,Tiêu dùng thiết yếu,"Thực phẩm, đồ uống và thuốc lá",Thực phẩm,Thực phẩm & đồ uống,NORMAL,18,thuc pham,VIETSTOCK_RULE,VIETSTOCK,https://finance.vietstock.vn/THP/ho-so-doanh-nghiep.htm,OK,NO
THT,HNX,CTCP Than Hà Tu - Vinacomin,Than Hà Tu - Vinacomin,Vinacomin - Ha Tu Coal JSC,Năng lượng,Năng lượng,Dầu khí,Năng lượng,Dầu khí,,Dầu khí,NORMAL,6,dau khi,VIETSTOCK_RULE,VIETSTOCK,https://finance.vietstock.vn/THT/ho-so-doanh-nghiep.htm,OK,NO
TID,UPCOM,CTCP Tổng Công ty Tín Nghĩa,Tín Nghĩa,Tin Nghia Corporation,Tiêu dùng thiết yếu,"Thực phẩm, đồ uống và thuốc lá",Thực phẩm,Tiêu dùng thiết yếu,"Thực phẩm, đồ uống và thuốc lá",Thực phẩm,Thực phẩm & đồ uống,NORMAL,18,thuc pham,VIETSTOCK_RULE,VIETSTOCK,https://finance.vietstock.vn/TID/ho-so-doanh-nghiep.htm,OK,NO
TIN,UPCOM,Công Ty Tài chính Cổ phần Tín Việt,Công Ty Tài chính Cổ phần Tín Việt,VietCredit Finance Joint Stock Company,Tài chính,Tổ chức tín dụng,Tín dụng phi ngân hàng,Tài chính,Tổ chức tín dụng,Tín dụng phi ngân hàng,Ngân hàng,BANK,1,ngan hang,VIETSTOCK_RULE,VIETSTOCK,https://finance.vietstock.vn/TIN/ho-so-doanh-nghiep.htm,OK,NO
TIP,HOSE,CTCP Phát triển Khu Công nghiệp Tín Nghĩa,Phát triển Khu Công nghiệp Tín Nghĩa,Tin Nghia Industrial Park Development JSC,Bất động sản,Bất động sản,Quản lý và phát triển bất động sản,Bất động sản,Quản lý và phát triển bất động sản,,Khác / cần duyệt,NORMAL,99,,REVIEW,,https://finance.vietstock.vn/TIP/ho-so-doanh-nghiep.htm,OK,YES
TIS,UPCOM,CTCP Gang thép Thái Nguyên,Gang thép Thái Nguyên,Thai Nguyen Iron And Steel JSC,Nguyên vật liệu,Nguyên vật liệu,Khai khoáng và luyện kim,Nguyên vật liệu,Khai khoáng và luyện kim,,Kim loại & Khoáng sản,NORMAL,32,khai khoang,VIETSTOCK_RULE,VIETSTOCK,https://finance.vietstock.vn/TIS/ho-so-doanh-nghiep.htm,OK,NO
TIX,HOSE,CTCP Sản xuất Kinh doanh Xuất nhập khẩu Dịch vụ và Đầu tư Tân Bình,Sản xuất Kinh doanh Xuất nhập khẩu Dịch vụ và Đầu tư Tân Bình,Tan Binh Import Export Joint Stock Corporation,Bất động sản,Bất động sản,Quản lý và phát triển bất động sản,Bất động sản,Quản lý và phát triển bất động sản,,Khác / cần duyệt,NORMAL,99,,REVIEW,,https://finance.vietstock.vn/TIX/ho-so-doanh-nghiep.htm,OK,YES
TLD,HOSE,CTCP Đầu tư Xây dựng và Phát triển Đô thị Thăng Long,Đầu tư Xây dựng và Phát triển Đô thị Thăng Long,Thang Long Urban Development And Construction Investment JSC,Nguyên vật liệu,Nguyên vật liệu,Vật liệu xây dựng,Nguyên vật liệu,Vật liệu xây dựng,,Vật liệu xây dựng,NORMAL,16,vat lieu xay dung,VIETSTOCK_RULE,VIETSTOCK,https://finance.vietstock.vn/TLD/ho-so-doanh-nghiep.htm,OK,NO
TLG,HOSE,CTCP Tập đoàn Thiên Long,Thiên Long,Thien Long Group Corporation,Công nghiệp,Dịch vụ thương mại và chuyên nghiệp,Dịch vụ và thiết bị thương mại,Công nghiệp,Dịch vụ thương mại và chuyên nghiệp,Dịch vụ và thiết bị thương mại,Khác / cần duyệt,NORMAL,99,,REVIEW,,https://finance.vietstock.vn/TLG/ho-so-doanh-nghiep.htm,OK,YES
TLH,HOSE,CTCP Tập đoàn Thép Tiến Lên,Thép Tiến Lên,Tien Len Steel Group Joint Stock Company,Nguyên vật liệu,Nguyên vật liệu,Khai khoáng và luyện kim,Nguyên vật liệu,Khai khoáng và luyện kim,,Kim loại & Khoáng sản,NORMAL,32,khai khoang,VIETSTOCK_RULE,VIETSTOCK,https://finance.vietstock.vn/TLH/ho-so-doanh-nghiep.htm,OK,NO
TLP,UPCOM,Tổng Công ty Thương mại Xuất nhập khẩu Thanh Lễ - CTCP,Thương mại Xuất nhập khẩu Thanh Lễ - CTCP,Thanh Le General Import-Export Trading Corporation,Tiêu dùng không thiết yếu,Thương mại hàng không thiết yếu,Nhà phân phối,Tiêu dùng không thiết yếu,Thương mại hàng không thiết yếu,Nhà phân phối,Hàng không,NORMAL,17,hang khong,VIETSTOCK_RULE,VIETSTOCK,https://finance.vietstock.vn/TLP/ho-so-doanh-nghiep.htm,OK,NO
TMP,HOSE,CTCP Thủy điện Thác Mơ,Thủy điện Thác Mơ,Thac Mo Hydro Power Joint Stock Company,Tiện ích,Tiện ích,Phát điện độc lập và điện tái tạo,Tiện ích,Phát điện độc lập và điện tái tạo,,Khác / cần duyệt,NORMAL,99,,REVIEW,,https://finance.vietstock.vn/TMP/ho-so-doanh-nghiep.htm,OK,YES
TMS,HOSE,CTCP Transimex,Transimex,Transimex Corporation,Công nghiệp,Vận tải,Hạ tầng giao thông,Công nghiệp,Vận tải,Hạ tầng giao thông,Khác / cần duyệt,NORMAL,99,,REVIEW,,https://finance.vietstock.vn/TMS/ho-so-doanh-nghiep.htm,OK,YES
TMT,HOSE,CTCP Ô tô TMT,Ô tô TMT,TMT Motors Corporation,Tiêu dùng không thiết yếu,Xe và linh kiện,Xe,Tiêu dùng không thiết yếu,Xe và linh kiện,Xe,Khác / cần duyệt,NORMAL,99,,REVIEW,,https://finance.vietstock.vn/TMT/ho-so-doanh-nghiep.htm,OK,YES
TN1,HOSE,CTCP Rox Key Holdings,Rox Key Holdings,Rox Key Holdings Joint Stock Company,Bất động sản,Bất động sản,Quản lý và phát triển bất động sản,Bất động sản,Quản lý và phát triển bất động sản,,Khác / cần duyệt,NORMAL,99,,REVIEW,,https://finance.vietstock.vn/TN1/ho-so-doanh-nghiep.htm,OK,YES
TNA,UPCOM,CTCP Thương mại Xuất nhập khẩu Thiên Nam,Thương mại Xuất nhập khẩu Thiên Nam,Thien Nam Trading Import Export JSC,Tiêu dùng không thiết yếu,Thương mại hàng không thiết yếu,Nhà phân phối,Tiêu dùng không thiết yếu,Thương mại hàng không thiết yếu,Nhà phân phối,Hàng không,NORMAL,17,hang khong,VIETSTOCK_RULE,VIETSTOCK,https://finance.vietstock.vn/TNA/ho-so-doanh-nghiep.htm,OK,NO
TNH,HOSE,CTCP Tập đoàn Bệnh viện TNH,Bệnh viện TNH,TNH Hospital Group Joint Stock Company,Chăm sóc sức khỏe,Thiết bị và dịch vụ chăm sóc sức khỏe,Thương mại và dịch vụ chăm sóc sức khỏe,Chăm sóc sức khỏe,Thiết bị và dịch vụ chăm sóc sức khỏe,Thương mại và dịch vụ chăm sóc sức khỏe,Dược & Y tế,NORMAL,19,cham soc suc khoe,VIETSTOCK_RULE,VIETSTOCK,https://finance.vietstock.vn/TNH/ho-so-doanh-nghiep.htm,OK,NO
TNT,HOSE,CTCP Tập đoàn TNT,TNT,TNT Group JSC,Nguyên vật liệu,Nguyên vật liệu,Vật liệu xây dựng,Nguyên vật liệu,Vật liệu xây dựng,,Vật liệu xây dựng,NORMAL,16,vat lieu xay dung,VIETSTOCK_RULE,VIETSTOCK,https://finance.vietstock.vn/TNT/ho-so-doanh-nghiep.htm,OK,NO
TNV,UPCOM,CTCP Thống Nhất Hà Nội,Thống Nhất Hà Nội,Thong Nhat Ha Noi Joint Stock Company,Tiêu dùng không thiết yếu,Thời trang và hàng lâu bền,Sản phẩm giải trí,Tiêu dùng không thiết yếu,Thời trang và hàng lâu bền,Sản phẩm giải trí,Du lịch & Giải trí,NORMAL,27,giai tri,VIETSTOCK_RULE,VIETSTOCK,https://finance.vietstock.vn/TNV/ho-so-doanh-nghiep.htm,OK,NO
TOP,UPCOM,CTCP Phân phối Top One,Phân phối Top One,Top One Allot Joint Stock Company,Tiêu dùng không thiết yếu,Thương mại hàng không thiết yếu,Nhà phân phối,Tiêu dùng không thiết yếu,Thương mại hàng không thiết yếu,Nhà phân phối,Hàng không,NORMAL,17,hang khong,VIETSTOCK_RULE,VIETSTOCK,https://finance.vietstock.vn/TOP/ho-so-doanh-nghiep.htm,OK,NO
TPC,HOSE,CTCP Nhựa Tân Đại Hưng,Nhựa Tân Đại Hưng,Tan Dai Hung Plastic Joint Stock Company,Nguyên vật liệu,Nguyên vật liệu,Bao bì và vật chứa,Nguyên vật liệu,Bao bì và vật chứa,,Bao bì,NORMAL,31,bao bi,VIETSTOCK_RULE,VIETSTOCK,https://finance.vietstock.vn/TPC/ho-so-doanh-nghiep.htm,OK,NO
TPP,HNX,CTCP Tân Phú Việt Nam,Tân Phú Việt Nam,Tan Phu Viet Nam Joint Stock Company,Nguyên vật liệu,Nguyên vật liệu,Bao bì và vật chứa,Nguyên vật liệu,Bao bì và vật chứa,,Bao bì,NORMAL,31,bao bi,VIETSTOCK_RULE,VIETSTOCK,https://finance.vietstock.vn/TPP/ho-so-doanh-nghiep.htm,OK,NO
TRA,HOSE,CTCP Traphaco,Traphaco,Traphaco Joint Stock Company,Chăm sóc sức khỏe,"Dược phẩm, công nghệ sinh học và khoa học sự sống",Dược phẩm,Chăm sóc sức khỏe,"Dược phẩm, công nghệ sinh học và khoa học sự sống",Dược phẩm,Dược & Y tế,NORMAL,19,duoc,VIETSTOCK_RULE,VIETSTOCK,https://finance.vietstock.vn/TRA/ho-so-doanh-nghiep.htm,OK,NO
TRC,HOSE,CTCP Cao su Tây Ninh,Cao su Tây Ninh,Tay Ninh Rubber Joint Stock Company,Nguyên vật liệu,Nguyên vật liệu,Hóa chất,Nguyên vật liệu,Hóa chất,,Hóa chất,NORMAL,10,hoa chat,VIETSTOCK_RULE,VIETSTOCK,https://finance.vietstock.vn/TRC/ho-so-doanh-nghiep.htm,OK,NO
TRV,UPCOM,CTCP Vận tải Đường sắt,Vận tải Đường sắt,Railway Transport Joint Stock Company,Công nghiệp,Vận tải,Vận tải mặt đất,Công nghiệp,Vận tải,Vận tải mặt đất,Khác / cần duyệt,NORMAL,99,,REVIEW,,https://finance.vietstock.vn/TRV/ho-so-doanh-nghiep.htm,OK,YES
TSA,UPCOM,CTCP Đầu tư và Xây lắp Trường Sơn,Đầu tư và Xây lắp Trường Sơn,Truong Son Investment And Construction Joint Stock Company,Công nghiệp,Hàng hóa công nghiệp,Kỹ thuật xây dựng,Công nghiệp,Hàng hóa công nghiệp,Kỹ thuật xây dựng,Xây dựng,NORMAL,15,ky thuat xay dung,VIETSTOCK_RULE,VIETSTOCK,https://finance.vietstock.vn/TSA/ho-so-doanh-nghiep.htm,OK,NO
TSC,HOSE,CTCP Vật tư Kỹ thuật nông nghiệp Cần Thơ,Vật tư Kỹ thuật nông nghiệp Cần Thơ,Techno - Agricultural Supplying Joint Stock Company,Tiêu dùng không thiết yếu,Thương mại hàng không thiết yếu,Nhà phân phối,Tiêu dùng không thiết yếu,Thương mại hàng không thiết yếu,Nhà phân phối,Hàng không,NORMAL,17,hang khong,VIETSTOCK_RULE,VIETSTOCK,https://finance.vietstock.vn/TSC/ho-so-doanh-nghiep.htm,OK,NO
TSJ,UPCOM,CTCP Du lịch Dịch vụ Hà Nội,Du lịch Dịch vụ Hà Nội,HaNoi Tourist Service Joint Stock Company,Tiêu dùng không thiết yếu,Dịch vụ tiêu dùng,"Khách sạn, nhà hàng và giải trí",Tiêu dùng không thiết yếu,Dịch vụ tiêu dùng,"Khách sạn, nhà hàng và giải trí",Du lịch & Giải trí,NORMAL,27,giai tri,VIETSTOCK_RULE,VIETSTOCK,https://finance.vietstock.vn/TSJ/ho-so-doanh-nghiep.htm,OK,NO
TTA,HOSE,CTCP Đầu tư Xây dựng và Phát triển Trường Thành,Đầu tư Xây dựng và Phát triển Trường Thành,Truong Thanh Development and Constrution Investment Joint Stock Company,Tiện ích,Tiện ích,Phát điện độc lập và điện tái tạo,Tiện ích,Phát điện độc lập và điện tái tạo,,Khác / cần duyệt,NORMAL,99,,REVIEW,,https://finance.vietstock.vn/TTA/ho-so-doanh-nghiep.htm,OK,YES
TTB,UPCOM,CTCP TTBGroup,TTBGroup,TTBGroup Joint Stock Company,Bất động sản,Bất động sản,Quản lý và phát triển bất động sản,Bất động sản,Quản lý và phát triển bất động sản,,Khác / cần duyệt,NORMAL,99,,REVIEW,,https://finance.vietstock.vn/TTB/ho-so-doanh-nghiep.htm,OK,YES
TTE,HOSE,CTCP Đầu tư Năng lượng Trường Thịnh,Đầu tư Năng lượng Trường Thịnh,Truong Thinh Energy Investment Joint Stock Company,Tiện ích,Tiện ích,Phát điện độc lập và điện tái tạo,Tiện ích,Phát điện độc lập và điện tái tạo,,Khác / cần duyệt,NORMAL,99,,REVIEW,,https://finance.vietstock.vn/TTE/ho-so-doanh-nghiep.htm,OK,YES
TTH,HNX,CTCP Thương mại và Dịch vụ Tiến Thành,Thương mại và Dịch vụ Tiến Thành,Tien Thanh Service and Trading Joint Stock Company,Tiêu dùng không thiết yếu,Thương mại hàng không thiết yếu,Nhà phân phối,Tiêu dùng không thiết yếu,Thương mại hàng không thiết yếu,Nhà phân phối,Hàng không,NORMAL,17,hang khong,VIETSTOCK_RULE,VIETSTOCK,https://finance.vietstock.vn/TTH/ho-so-doanh-nghiep.htm,OK,NO
TTL,HNX,Tổng Công ty Thăng Long - CTCP,Thăng Long - CTCP,Thang Long Joint Stock Corporation,Công nghiệp,Hàng hóa công nghiệp,Kỹ thuật xây dựng,Công nghiệp,Hàng hóa công nghiệp,Kỹ thuật xây dựng,Xây dựng,NORMAL,15,ky thuat xay dung,VIETSTOCK_RULE,VIETSTOCK,https://finance.vietstock.vn/TTL/ho-so-doanh-nghiep.htm,OK,NO
TTN,UPCOM,CTCP Công nghệ & Truyền thông Việt Nam,Công nghệ & Truyền thông Việt Nam,Viet Nam Technology & Telecommunication JSC,Dịch vụ truyền thông,Dịch vụ viễn thông,Dịch vụ viễn thông đa dạng,Dịch vụ truyền thông,Dịch vụ viễn thông,Dịch vụ viễn thông đa dạng,Viễn thông,NORMAL,23,vien thong,VIETSTOCK_RULE,VIETSTOCK,https://finance.vietstock.vn/TTN/ho-so-doanh-nghiep.htm,OK,NO
TTS,UPCOM,CTCP Cán Thép Thái Trung,Cán Thép Thái Trung,Thai Trung Rooling JSC,Nguyên vật liệu,Nguyên vật liệu,Khai khoáng và luyện kim,Nguyên vật liệu,Khai khoáng và luyện kim,,Kim loại & Khoáng sản,NORMAL,32,khai khoang,VIETSTOCK_RULE,VIETSTOCK,https://finance.vietstock.vn/TTS/ho-so-doanh-nghiep.htm,OK,NO
TV1,UPCOM,CTCP Tư vấn Xây dựng Điện 1,Tư vấn Xây dựng Điện 1,Power Engineering Consulting Joint Stock Company 1,Công nghiệp,Dịch vụ thương mại và chuyên nghiệp,Dịch vụ chuyên nghiệp,Công nghiệp,Dịch vụ thương mại và chuyên nghiệp,Dịch vụ chuyên nghiệp,Dịch vụ công nghiệp,NORMAL,34,dich vu chuyen nghiep,VIETSTOCK_RULE,VIETSTOCK,https://finance.vietstock.vn/TV1/ho-so-doanh-nghiep.htm,OK,NO
TVB,HOSE,CTCP Chứng khoán T-Cap,Chứng khoán T-Cap,T-Cap Securities Joint Stock Corporation,Tài chính,Dịch vụ tài chính,Thị trường vốn,Tài chính,Dịch vụ tài chính,Thị trường vốn,Chứng khoán,SECURITIES,2,thi truong von,VIETSTOCK_RULE,VIETSTOCK,https://finance.vietstock.vn/TVB/ho-so-doanh-nghiep.htm,OK,NO
TVC,HNX,CTCP Tập đoàn Quản lý tài sản T-Corp,Quản lý tài sản T-Corp,T-Corp Asset Management Corporation Joint Stock Company,Tài chính,Dịch vụ tài chính,Thị trường vốn,Tài chính,Dịch vụ tài chính,Thị trường vốn,Chứng khoán,SECURITIES,2,thi truong von,VIETSTOCK_RULE,VIETSTOCK,https://finance.vietstock.vn/TVC/ho-so-doanh-nghiep.htm,OK,NO
TVD,HNX,CTCP Than Vàng Danh - Vinacomin,Than Vàng Danh - Vinacomin,Vinacomin - Vang Danh Coal JSC,Năng lượng,Năng lượng,Dầu khí,Năng lượng,Dầu khí,,Dầu khí,NORMAL,6,dau khi,VIETSTOCK_RULE,VIETSTOCK,https://finance.vietstock.vn/TVD/ho-so-doanh-nghiep.htm,OK,NO
TVS,HOSE,CTCP Chứng khoán Thiên Việt,Chứng khoán Thiên Việt,Thien Viet Securities Joint Stock Company,Tài chính,Dịch vụ tài chính,Thị trường vốn,Tài chính,Dịch vụ tài chính,Thị trường vốn,Chứng khoán,SECURITIES,2,thi truong von,VIETSTOCK_RULE,VIETSTOCK,https://finance.vietstock.vn/TVS/ho-so-doanh-nghiep.htm,OK,NO
TVT,HOSE,Tổng Công ty Việt Thắng - CTCP,Việt Thắng - CTCP,Viet Thang Corporation,Tiêu dùng không thiết yếu,Thời trang và hàng lâu bền,Thời trang và dệt may,Tiêu dùng không thiết yếu,Thời trang và hàng lâu bền,Thời trang và dệt may,Dệt may,NORMAL,13,det may,VIETSTOCK_RULE,VIETSTOCK,https://finance.vietstock.vn/TVT/ho-so-doanh-nghiep.htm,OK,NO
UDC,UPCOM,CTCP Đầu tư Xây dựng UDCons,Đầu tư Xây dựng UDCons,UDCons Construction Investment Corporation,Công nghiệp,Hàng hóa công nghiệp,Kỹ thuật xây dựng,Công nghiệp,Hàng hóa công nghiệp,Kỹ thuật xây dựng,Xây dựng,NORMAL,15,ky thuat xay dung,VIETSTOCK_RULE,VIETSTOCK,https://finance.vietstock.vn/UDC/ho-so-doanh-nghiep.htm,OK,NO
UNI,HNX,CTCP Đầu Tư Và Phát Triển Sao Mai Việt,Đầu Tư Và Phát Triển Sao Mai Việt,Sao Mai Viet Investment And Development Joint Stock Company,Bất động sản,Bất động sản,Dịch vụ bất động sản,Bất động sản,Dịch vụ bất động sản,,Khác / cần duyệt,NORMAL,99,,REVIEW,,https://finance.vietstock.vn/UNI/ho-so-doanh-nghiep.htm,OK,YES
UXC,UPCOM,CTCP Chế biến Thủy sản Út Xi,Chế biến Thủy sản Út Xi,Ut Xi Aquatic Products Processing Corporation,Tiêu dùng thiết yếu,"Thực phẩm, đồ uống và thuốc lá",Thực phẩm,Tiêu dùng thiết yếu,"Thực phẩm, đồ uống và thuốc lá",Thực phẩm,Thực phẩm & đồ uống,NORMAL,18,thuc pham,VIETSTOCK_RULE,VIETSTOCK,https://finance.vietstock.vn/UXC/ho-so-doanh-nghiep.htm,OK,NO
VAF,HOSE,CTCP Phân lân Nung chảy Văn Điển,Phân lân Nung chảy Văn Điển,Van Dien Fused Magnesium Phosphate Fertilizer JSC,Nguyên vật liệu,Nguyên vật liệu,Hóa chất,Nguyên vật liệu,Hóa chất,,Hóa chất,NORMAL,10,hoa chat,VIETSTOCK_RULE,VIETSTOCK,https://finance.vietstock.vn/VAF/ho-so-doanh-nghiep.htm,OK,NO
VAV,UPCOM,CTCP VIWACO,VIWACO,VIWACO Joint Stock Company,Tiện ích,Tiện ích,Nước,Tiện ích,Nước,,Khác / cần duyệt,NORMAL,99,,REVIEW,,https://finance.vietstock.vn/VAV/ho-so-doanh-nghiep.htm,OK,YES
VBB,UPCOM,Ngân hàng TMCP Việt Nam Thương Tín,Việt Nam Thương Tín,Vietnam Thuong Tin Commercial Joint Stock Bank,Tài chính,Tổ chức tín dụng,Ngân hàng,Tài chính,Tổ chức tín dụng,Ngân hàng,Ngân hàng,BANK,1,ngan hang,VIETSTOCK_RULE,VIETSTOCK,https://finance.vietstock.vn/VBB/ho-so-doanh-nghiep.htm,OK,NO
VC2,HNX,CTCP Đầu tư và Xây dựng Vina2,Đầu tư và Xây dựng Vina2,Vina2 Invest And Construction Joint Stock Company No2,Công nghiệp,Hàng hóa công nghiệp,Kỹ thuật xây dựng,Công nghiệp,Hàng hóa công nghiệp,Kỹ thuật xây dựng,Xây dựng,NORMAL,15,ky thuat xay dung,VIETSTOCK_RULE,VIETSTOCK,https://finance.vietstock.vn/VC2/ho-so-doanh-nghiep.htm,OK,NO
VCC,HNX,CTCP Vinaconex 25,Vinaconex 25,Vinaconex 25 Joint Stock Company,Công nghiệp,Hàng hóa công nghiệp,Kỹ thuật xây dựng,Công nghiệp,Hàng hóa công nghiệp,Kỹ thuật xây dựng,Xây dựng,NORMAL,15,ky thuat xay dung,VIETSTOCK_RULE,VIETSTOCK,https://finance.vietstock.vn/VCC/ho-so-doanh-nghiep.htm,OK,NO
VCF,HOSE,CTCP Vinacafé Biên Hòa,Vinacafé Biên Hòa,Vinacaf? Bienhoa Joint Stock Company,Tiêu dùng thiết yếu,"Thực phẩm, đồ uống và thuốc lá",Thực phẩm,Tiêu dùng thiết yếu,"Thực phẩm, đồ uống và thuốc lá",Thực phẩm,Thực phẩm & đồ uống,NORMAL,18,thuc pham,VIETSTOCK_RULE,VIETSTOCK,https://finance.vietstock.vn/VCF/ho-so-doanh-nghiep.htm,OK,NO
VCP,UPCOM,CTCP Xây Dựng Và Năng Lượng VCP,Xây Dựng Và Năng Lượng VCP,VCP Power & Construction Joint Stock Company,Tiện ích,Tiện ích,Điện,Tiện ích,Điện,,Khác / cần duyệt,NORMAL,99,,REVIEW,,https://finance.vietstock.vn/VCP/ho-so-doanh-nghiep.htm,OK,YES
VCR,UPCOM,CTCP Đầu tư và Phát triển Du lịch Vinaconex,Đầu tư và Phát triển Du lịch Vinaconex,Vinaconex Investment And Tourism Development JSC,Bất động sản,Bất động sản,Quản lý và phát triển bất động sản,Bất động sản,Quản lý và phát triển bất động sản,,Khác / cần duyệt,NORMAL,99,,REVIEW,,https://finance.vietstock.vn/VCR/ho-so-doanh-nghiep.htm,OK,YES
VCS,HNX,CTCP Vicostone,Vicostone,Vicostone JSC,Nguyên vật liệu,Nguyên vật liệu,Vật liệu xây dựng,Nguyên vật liệu,Vật liệu xây dựng,,Vật liệu xây dựng,NORMAL,16,vat lieu xay dung,VIETSTOCK_RULE,VIETSTOCK,https://finance.vietstock.vn/VCS/ho-so-doanh-nghiep.htm,OK,NO
VCW,UPCOM,CTCP Đầu tư Nước sạch Sông Đà,Đầu tư Nước sạch Sông Đà,Song Da Water Investment JSC,Tiện ích,Tiện ích,Nước,Tiện ích,Nước,,Khác / cần duyệt,NORMAL,99,,REVIEW,,https://finance.vietstock.vn/VCW/ho-so-doanh-nghiep.htm,OK,YES
VCX,UPCOM,CTCP Xi măng Yên Bình,Xi măng Yên Bình,Yen Binh Cement JSC,Nguyên vật liệu,Nguyên vật liệu,Vật liệu xây dựng,Nguyên vật liệu,Vật liệu xây dựng,,Vật liệu xây dựng,NORMAL,16,vat lieu xay dung,VIETSTOCK_RULE,VIETSTOCK,https://finance.vietstock.vn/VCX/ho-so-doanh-nghiep.htm,OK,NO
VDP,HOSE,CTCP Dược phẩm Trung ương VIDIPHA,Dược phẩm Trung ương VIDIPHA,Vidipha Central Pharmaceutical Joint Stock Company,Chăm sóc sức khỏe,"Dược phẩm, công nghệ sinh học và khoa học sự sống",Dược phẩm,Chăm sóc sức khỏe,"Dược phẩm, công nghệ sinh học và khoa học sự sống",Dược phẩm,Dược & Y tế,NORMAL,19,duoc,VIETSTOCK_RULE,VIETSTOCK,https://finance.vietstock.vn/VDP/ho-so-doanh-nghiep.htm,OK,NO
VEC,UPCOM,Tổng Công ty cổ phần Điện tử và Tin học Việt Nam,Điện tử và Tin học Việt Nam,Vietnam Electronics and Informatics Joint Stock Corporation,Công nghệ thông tin,Phần cứng và thiết bị,Điện tử,Công nghệ thông tin,Phần cứng và thiết bị,Điện tử,Công nghệ,NORMAL,9,cong nghe thong tin,VIETSTOCK_RULE,VIETSTOCK,https://finance.vietstock.vn/VEC/ho-so-doanh-nghiep.htm,OK,NO
VEF,UPCOM,CTCP Trung tâm Hội chợ Triển lãm Việt Nam,Trung tâm Hội chợ Triển lãm Việt Nam,Vietnam Exhibition Fair Centre Joint Stock Company,Công nghiệp,Dịch vụ thương mại và chuyên nghiệp,Dịch vụ và thiết bị thương mại,Công nghiệp,Dịch vụ thương mại và chuyên nghiệp,Dịch vụ và thiết bị thương mại,Khác / cần duyệt,NORMAL,99,,REVIEW,,https://finance.vietstock.vn/VEF/ho-so-doanh-nghiep.htm,OK,YES
VFC,UPCOM,CTCP Vinafco,Vinafco,Vinafco Joint Stock Corporation,Công nghiệp,Vận tải,Vận tải biển,Công nghiệp,Vận tải,Vận tải biển,Cảng & Logistics,NORMAL,14,van tai bien,VIETSTOCK_RULE,VIETSTOCK,https://finance.vietstock.vn/VFC/ho-so-doanh-nghiep.htm,OK,NO
VFG,HOSE,CTCP Khử trùng Việt Nam,Khử trùng Việt Nam,Viet Nam Fumigation Joint Stock Company,Nguyên vật liệu,Nguyên vật liệu,Hóa chất,Nguyên vật liệu,Hóa chất,,Hóa chất,NORMAL,10,hoa chat,VIETSTOCK_RULE,VIETSTOCK,https://finance.vietstock.vn/VFG/ho-so-doanh-nghiep.htm,OK,NO
VGG,UPCOM,Tổng Công ty cổ phần May Việt Tiến,May Việt Tiến,Viet Tien Garment Corporation,Tiêu dùng không thiết yếu,Thời trang và hàng lâu bền,Thời trang và dệt may,Tiêu dùng không thiết yếu,Thời trang và hàng lâu bền,Thời trang và dệt may,Dệt may,NORMAL,13,det may,VIETSTOCK_RULE,VIETSTOCK,https://finance.vietstock.vn/VGG/ho-so-doanh-nghiep.htm,OK,NO
VGR,UPCOM,CTCP Cảng Xanh Vip,Cảng Xanh Vip,Vip Greenport Joint Stock Company,Công nghiệp,Vận tải,Hạ tầng giao thông,Công nghiệp,Vận tải,Hạ tầng giao thông,Khác / cần duyệt,NORMAL,99,,REVIEW,,https://finance.vietstock.vn/VGR/ho-so-doanh-nghiep.htm,OK,YES
VGS,HNX,CTCP Ống thép Việt - Đức VG PIPE,Ống thép Việt - Đức VG PIPE,Vietnam Germany Steel Pipe JSC,Nguyên vật liệu,Nguyên vật liệu,Khai khoáng và luyện kim,Nguyên vật liệu,Khai khoáng và luyện kim,,Kim loại & Khoáng sản,NORMAL,32,khai khoang,VIETSTOCK_RULE,VIETSTOCK,https://finance.vietstock.vn/VGS/ho-so-doanh-nghiep.htm,OK,NO
VGV,UPCOM,Tổng Công ty Tư vấn Xây dựng Việt Nam - CTCP,Tư vấn Xây dựng Việt Nam - CTCP,VietNam National Construction Consultants Corporation - JSC,Công nghiệp,Dịch vụ thương mại và chuyên nghiệp,Dịch vụ chuyên nghiệp,Công nghiệp,Dịch vụ thương mại và chuyên nghiệp,Dịch vụ chuyên nghiệp,Dịch vụ công nghiệp,NORMAL,34,dich vu chuyen nghiep,VIETSTOCK_RULE,VIETSTOCK,https://finance.vietstock.vn/VGV/ho-so-doanh-nghiep.htm,OK,NO
VHD,UPCOM,CTCP Đầu tư Phát triển Nhà và Đô Thị VINAHUD,Đầu tư Phát triển Nhà và Đô Thị VINAHUD,VINAHUD Urban And Housing Development Invesment Joint Stock Company,Bất động sản,Bất động sản,Quản lý và phát triển bất động sản,Bất động sản,Quản lý và phát triển bất động sản,,Khác / cần duyệt,NORMAL,99,,REVIEW,,https://finance.vietstock.vn/VHD/ho-so-doanh-nghiep.htm,OK,YES
VHF,UPCOM,CTCP Xây dựng và Chế biến Lương thực Vĩnh Hà,Xây dựng và Chế biến Lương thực Vĩnh Hà,Vinh Ha Food Processing and Construction JSC,Tiêu dùng thiết yếu,Thương mại hàng thiết yếu,Thương mại hàng thiết yếu,Tiêu dùng thiết yếu,Thương mại hàng thiết yếu,,Khác / cần duyệt,NORMAL,99,,REVIEW,,https://finance.vietstock.vn/VHF/ho-so-doanh-nghiep.htm,OK,YES
VHL,HNX,CTCP Viglacera Hạ Long,Viglacera Hạ Long,Viglacera Ha Long JSC,Nguyên vật liệu,Nguyên vật liệu,Vật liệu xây dựng,Nguyên vật liệu,Vật liệu xây dựng,,Vật liệu xây dựng,NORMAL,16,vat lieu xay dung,VIETSTOCK_RULE,VIETSTOCK,https://finance.vietstock.vn/VHL/ho-so-doanh-nghiep.htm,OK,NO
VID,HOSE,CTCP Đầu tư Phát triển Thương mại Viễn Đông,Đầu tư Phát triển Thương mại Viễn Đông,Vien Dong Investment Development Trading Corporation,Nguyên vật liệu,Nguyên vật liệu,Gỗ và giấy,Nguyên vật liệu,Gỗ và giấy,,Gỗ & Giấy,NORMAL,24,go va giay,VIETSTOCK_RULE,VIETSTOCK,https://finance.vietstock.vn/VID/ho-so-doanh-nghiep.htm,OK,NO
VIF,HNX,Tổng Công ty Lâm nghiệp Việt Nam - CTCP,Lâm nghiệp Việt Nam - CTCP,Vietnam Forestry Corporation - JSC,Nguyên vật liệu,Nguyên vật liệu,Gỗ và giấy,Nguyên vật liệu,Gỗ và giấy,,Gỗ & Giấy,NORMAL,24,go va giay,VIETSTOCK_RULE,VIETSTOCK,https://finance.vietstock.vn/VIF/ho-so-doanh-nghiep.htm,OK,NO
VIG,HNX,CTCP Chứng khoán Đầu tư tài chính Việt Nam,Chứng khoán Đầu tư tài chính Việt Nam,Viet Nam Financial Investment Securities Corporation,Tài chính,Dịch vụ tài chính,Thị trường vốn,Tài chính,Dịch vụ tài chính,Thị trường vốn,Chứng khoán,SECURITIES,2,thi truong von,VIETSTOCK_RULE,VIETSTOCK,https://finance.vietstock.vn/VIG/ho-so-doanh-nghiep.htm,OK,NO
VIN,UPCOM,CTCP Giao nhận Kho vận Ngoại Thương Việt Nam,Giao nhận Kho vận Ngoại Thương Việt Nam,Vinatrans International Freight Forwarders JSC,Công nghiệp,Vận tải,Hạ tầng giao thông,Công nghiệp,Vận tải,Hạ tầng giao thông,Khác / cần duyệt,NORMAL,99,,REVIEW,,https://finance.vietstock.vn/VIN/ho-so-doanh-nghiep.htm,OK,YES
VIP,HOSE,CTCP Vận tải Xăng dầu VIPCO,Vận tải Xăng dầu VIPCO,Vietnam Petroleum Transport Joint Stock Company,Năng lượng,Năng lượng,Dầu khí,Năng lượng,Dầu khí,,Dầu khí,NORMAL,6,dau khi,VIETSTOCK_RULE,VIETSTOCK,https://finance.vietstock.vn/VIP/ho-so-doanh-nghiep.htm,OK,NO
VIT,HNX,CTCP Viglacera Tiên Sơn,Viglacera Tiên Sơn,Viglacera Tien Son Joint Stock Company,Nguyên vật liệu,Nguyên vật liệu,Vật liệu xây dựng,Nguyên vật liệu,Vật liệu xây dựng,,Vật liệu xây dựng,NORMAL,16,vat lieu xay dung,VIETSTOCK_RULE,VIETSTOCK,https://finance.vietstock.vn/VIT/ho-so-doanh-nghiep.htm,OK,NO
VLB,UPCOM,CTCP Xây dựng và Sản xuất Vật liệu xây dựng Biên Hòa,Xây dựng và Sản xuất Vật liệu xây dựng Biên Hòa,Bien Hoa Building Materials Production and Construction JSC,Nguyên vật liệu,Nguyên vật liệu,Vật liệu xây dựng,Nguyên vật liệu,Vật liệu xây dựng,,Vật liệu xây dựng,NORMAL,16,vat lieu xay dung,VIETSTOCK_RULE,VIETSTOCK,https://finance.vietstock.vn/VLB/ho-so-doanh-nghiep.htm,OK,NO
VLC,UPCOM,Tổng Công ty Chăn Nuôi Việt Nam - CTCP,Chăn Nuôi Việt Nam - CTCP,Vietnam Livestock Corporation JSC,Tiêu dùng thiết yếu,"Thực phẩm, đồ uống và thuốc lá",Thực phẩm,Tiêu dùng thiết yếu,"Thực phẩm, đồ uống và thuốc lá",Thực phẩm,Thực phẩm & đồ uống,NORMAL,18,thuc pham,VIETSTOCK_RULE,VIETSTOCK,https://finance.vietstock.vn/VLC/ho-so-doanh-nghiep.htm,OK,NO
VLW,UPCOM,CTCP Cấp nước Vĩnh Long,Cấp nước Vĩnh Long,Vinh Long Water Supply Joint Stock Company Limited,Tiện ích,Tiện ích,Nước,Tiện ích,Nước,,Khác / cần duyệt,NORMAL,99,,REVIEW,,https://finance.vietstock.vn/VLW/ho-so-doanh-nghiep.htm,OK,YES
VMC,HNX,CTCP Vimeco,Vimeco,Vimeco JSC,Công nghiệp,Hàng hóa công nghiệp,Kỹ thuật xây dựng,Công nghiệp,Hàng hóa công nghiệp,Kỹ thuật xây dựng,Xây dựng,NORMAL,15,ky thuat xay dung,VIETSTOCK_RULE,VIETSTOCK,https://finance.vietstock.vn/VMC/ho-so-doanh-nghiep.htm,OK,NO
VNA,UPCOM,CTCP Vận tải Biển Vinaship,Vận tải Biển Vinaship,Vinaship Joint Stock Company,Công nghiệp,Vận tải,Vận tải biển,Công nghiệp,Vận tải,Vận tải biển,Cảng & Logistics,NORMAL,14,van tai bien,VIETSTOCK_RULE,VIETSTOCK,https://finance.vietstock.vn/VNA/ho-so-doanh-nghiep.htm,OK,NO
VNB,UPCOM,CTCP Sách Việt Nam,Sách Việt Nam,Viet Nam Books JSC,Dịch vụ truyền thông,Truyền thông và giải trí,Truyền thông,Dịch vụ truyền thông,Truyền thông và giải trí,Truyền thông,Du lịch & Giải trí,NORMAL,27,giai tri,VIETSTOCK_RULE,VIETSTOCK,https://finance.vietstock.vn/VNB/ho-so-doanh-nghiep.htm,OK,NO
VNC,HNX,CTCP Tập đoàn Vinacontrol,Vinacontrol,Vinacontrol Group Corporation,Công nghiệp,Dịch vụ thương mại và chuyên nghiệp,Dịch vụ chuyên nghiệp,Công nghiệp,Dịch vụ thương mại và chuyên nghiệp,Dịch vụ chuyên nghiệp,Dịch vụ công nghiệp,NORMAL,34,dich vu chuyen nghiep,VIETSTOCK_RULE,VIETSTOCK,https://finance.vietstock.vn/VNC/ho-so-doanh-nghiep.htm,OK,NO
VNF,HNX,CTCP Vinafreight,Vinafreight,Vinafreight Joint Stock Company,Công nghiệp,Vận tải,Vận tải và logistics hàng không,Công nghiệp,Vận tải,Vận tải và logistics hàng không,Cảng & Logistics,NORMAL,14,logistics,VIETSTOCK_RULE,VIETSTOCK,https://finance.vietstock.vn/VNF/ho-so-doanh-nghiep.htm,OK,NO
VNG,HOSE,CTCP Du lịch Thành Thành Công,Du lịch Thành Thành Công,Thanh Thanh Cong Tourist Joint Stock Company,Tiêu dùng không thiết yếu,Dịch vụ tiêu dùng,"Khách sạn, nhà hàng và giải trí",Tiêu dùng không thiết yếu,Dịch vụ tiêu dùng,"Khách sạn, nhà hàng và giải trí",Du lịch & Giải trí,NORMAL,27,giai tri,VIETSTOCK_RULE,VIETSTOCK,https://finance.vietstock.vn/VNG/ho-so-doanh-nghiep.htm,OK,NO
VNR,HNX,Tổng Công ty cổ phần Tái Bảo hiểm Quốc gia Việt Nam,Tái Bảo hiểm Quốc gia Việt Nam,Vietnam National Reinsurance Corporation,Tài chính,Bảo hiểm,Bảo hiểm,Tài chính,Bảo hiểm,,Bảo hiểm,INSURANCE,3,bao hiem,VIETSTOCK_RULE,VIETSTOCK,https://finance.vietstock.vn/VNR/ho-so-doanh-nghiep.htm,OK,NO
VNS,HOSE,CTCP Ánh Dương Việt Nam,Ánh Dương Việt Nam,VietNam Sun Copporation,Công nghiệp,Vận tải,Vận tải mặt đất,Công nghiệp,Vận tải,Vận tải mặt đất,Khác / cần duyệt,NORMAL,99,,REVIEW,,https://finance.vietstock.vn/VNS/ho-so-doanh-nghiep.htm,OK,YES
VNZ,UPCOM,CTCP VNG,VNG,VNG CORPORATION,Dịch vụ truyền thông,Truyền thông và giải trí,Giải trí,Dịch vụ truyền thông,Truyền thông và giải trí,Giải trí,Du lịch & Giải trí,NORMAL,27,giai tri,VIETSTOCK_RULE,VIETSTOCK,https://finance.vietstock.vn/VNZ/ho-so-doanh-nghiep.htm,OK,NO
VOC,UPCOM,Tổng Công ty Công Nghiệp Dầu Thực Vật Việt Nam - CTCP,Công Nghiệp Dầu Thực Vật Việt Nam - CTCP,Vietnam Vegetable Oils Industry Corporation,Tiêu dùng thiết yếu,"Thực phẩm, đồ uống và thuốc lá",Thực phẩm,Tiêu dùng thiết yếu,"Thực phẩm, đồ uống và thuốc lá",Thực phẩm,Thực phẩm & đồ uống,NORMAL,18,thuc pham,VIETSTOCK_RULE,VIETSTOCK,https://finance.vietstock.vn/VOC/ho-so-doanh-nghiep.htm,OK,NO
VPD,HOSE,CTCP Phát triển Điện lực Việt Nam,Phát triển Điện lực Việt Nam,Vietnam Power Development Joint Stock Company,Tiện ích,Tiện ích,Phát điện độc lập và điện tái tạo,Tiện ích,Phát điện độc lập và điện tái tạo,,Khác / cần duyệt,NORMAL,99,,REVIEW,,https://finance.vietstock.vn/VPD/ho-so-doanh-nghiep.htm,OK,YES
VPH,HOSE,CTCP Vạn Phát Hưng,Vạn Phát Hưng,Van Phat Hung Corporation,Bất động sản,Bất động sản,Quản lý và phát triển bất động sản,Bất động sản,Quản lý và phát triển bất động sản,,Khác / cần duyệt,NORMAL,99,,REVIEW,,https://finance.vietstock.vn/VPH/ho-so-doanh-nghiep.htm,OK,YES
VPS,HOSE,CTCP Thuốc sát trùng Việt Nam,Thuốc sát trùng Việt Nam,Vietnam Pesticide Joint Stock Company,Nguyên vật liệu,Nguyên vật liệu,Hóa chất,Nguyên vật liệu,Hóa chất,,Hóa chất,NORMAL,10,hoa chat,VIETSTOCK_RULE,VIETSTOCK,https://finance.vietstock.vn/VPS/ho-so-doanh-nghiep.htm,OK,NO
VRC,HOSE,CTCP Bất động sản và Đầu tư VRC,Bất động sản và Đầu tư VRC,VRC Real Estate and Investment JSC,Bất động sản,Bất động sản,Quản lý và phát triển bất động sản,Bất động sản,Quản lý và phát triển bất động sản,,Khác / cần duyệt,NORMAL,99,,REVIEW,,https://finance.vietstock.vn/VRC/ho-so-doanh-nghiep.htm,OK,YES
VRG,UPCOM,CTCP Phát triển Đô thị và Khu công nghiệp Cao su Việt Nam,Phát triển Đô thị và Khu công nghiệp Cao su Việt Nam,Viet Nam Rubber Industrial Zone and Urban Development JSC,Bất động sản,Bất động sản,Quản lý và phát triển bất động sản,Bất động sản,Quản lý và phát triển bất động sản,,Khác / cần duyệt,NORMAL,99,,REVIEW,,https://finance.vietstock.vn/VRG/ho-so-doanh-nghiep.htm,OK,YES
VSF,UPCOM,Tổng Công ty Lương thực Miền Nam - CTCP,Lương thực Miền Nam - CTCP,Vietnam Southern Food Corporation - JSC,Tiêu dùng thiết yếu,"Thực phẩm, đồ uống và thuốc lá",Thực phẩm,Tiêu dùng thiết yếu,"Thực phẩm, đồ uống và thuốc lá",Thực phẩm,Thực phẩm & đồ uống,NORMAL,18,thuc pham,VIETSTOCK_RULE,VIETSTOCK,https://finance.vietstock.vn/VSF/ho-so-doanh-nghiep.htm,OK,NO
VSH,HOSE,CTCP Thủy điện Vĩnh Sơn - Sông Hinh,Thủy điện Vĩnh Sơn - Sông Hinh,Vinh Son - Song Hinh Hydropower Joint Stock Company,Tiện ích,Tiện ích,Phát điện độc lập và điện tái tạo,Tiện ích,Phát điện độc lập và điện tái tạo,,Khác / cần duyệt,NORMAL,99,,REVIEW,,https://finance.vietstock.vn/VSH/ho-so-doanh-nghiep.htm,OK,YES
VSN,UPCOM,CTCP Việt Nam Kỹ nghệ Súc sản,Việt Nam Kỹ nghệ Súc sản,Vissan Joint Stock Company,Tiêu dùng thiết yếu,"Thực phẩm, đồ uống và thuốc lá",Thực phẩm,Tiêu dùng thiết yếu,"Thực phẩm, đồ uống và thuốc lá",Thực phẩm,Thực phẩm & đồ uống,NORMAL,18,thuc pham,VIETSTOCK_RULE,VIETSTOCK,https://finance.vietstock.vn/VSN/ho-so-doanh-nghiep.htm,OK,NO
VST,UPCOM,CTCP Vận tải và Thuê tàu biển Việt Nam,Vận tải và Thuê tàu biển Việt Nam,Vietnam Sea Transport and Chartering Joint Stock Company,Công nghiệp,Vận tải,Vận tải biển,Công nghiệp,Vận tải,Vận tải biển,Cảng & Logistics,NORMAL,14,van tai bien,VIETSTOCK_RULE,VIETSTOCK,https://finance.vietstock.vn/VST/ho-so-doanh-nghiep.htm,OK,NO
VTD,UPCOM,CTCP Vietourist Holdings,Vietourist Holdings,Vietourist Holdings Joint Stock Company,Tiêu dùng không thiết yếu,Dịch vụ tiêu dùng,"Khách sạn, nhà hàng và giải trí",Tiêu dùng không thiết yếu,Dịch vụ tiêu dùng,"Khách sạn, nhà hàng và giải trí",Du lịch & Giải trí,NORMAL,27,giai tri,VIETSTOCK_RULE,VIETSTOCK,https://finance.vietstock.vn/VTD/ho-so-doanh-nghiep.htm,OK,NO
VTR,UPCOM,CTCP Du lịch Vietravel,Du lịch Vietravel,Vietravel Tourism Joint Stock Company,Tiêu dùng không thiết yếu,Dịch vụ tiêu dùng,"Khách sạn, nhà hàng và giải trí",Tiêu dùng không thiết yếu,Dịch vụ tiêu dùng,"Khách sạn, nhà hàng và giải trí",Du lịch & Giải trí,NORMAL,27,giai tri,VIETSTOCK_RULE,VIETSTOCK,https://finance.vietstock.vn/VTR/ho-so-doanh-nghiep.htm,OK,NO
VTX,UPCOM,CTCP Vận tải Đa Phương Thức Vietranstimex,Vận tải Đa Phương Thức Vietranstimex,Vietranstimex MultiModal Transport Holding Company,Công nghiệp,Vận tải,Vận tải mặt đất,Công nghiệp,Vận tải,Vận tải mặt đất,Khác / cần duyệt,NORMAL,99,,REVIEW,,https://finance.vietstock.vn/VTX/ho-so-doanh-nghiep.htm,OK,YES
VUA,UPCOM,CTCP Chứng khoán Stanley Brothers,Chứng khoán Stanley Brothers,Stanley Brothers Securities Incorporation,Tài chính,Dịch vụ tài chính,Thị trường vốn,Tài chính,Dịch vụ tài chính,Thị trường vốn,Chứng khoán,SECURITIES,2,thi truong von,VIETSTOCK_RULE,VIETSTOCK,https://finance.vietstock.vn/VUA/ho-so-doanh-nghiep.htm,OK,NO
VVN,UPCOM,Tổng Công ty cổ phần Xây dựng Công nghiệp Việt Nam,Xây dựng Công nghiệp Việt Nam,Vietnam Industrial Construction Corporation,Công nghiệp,Hàng hóa công nghiệp,Kỹ thuật xây dựng,Công nghiệp,Hàng hóa công nghiệp,Kỹ thuật xây dựng,Xây dựng,NORMAL,15,ky thuat xay dung,VIETSTOCK_RULE,VIETSTOCK,https://finance.vietstock.vn/VVN/ho-so-doanh-nghiep.htm,OK,NO
WSS,HNX,CTCP Chứng khoán Phố Wall,Chứng khoán Phố Wall,Wall Street Securities Company,Tài chính,Dịch vụ tài chính,Thị trường vốn,Tài chính,Dịch vụ tài chính,Thị trường vốn,Chứng khoán,SECURITIES,2,thi truong von,VIETSTOCK_RULE,VIETSTOCK,https://finance.vietstock.vn/WSS/ho-so-doanh-nghiep.htm,OK,NO
XDH,UPCOM,CTCP Đầu tư Xây dựng Dân dụng Hà Nội,Đầu tư Xây dựng Dân dụng Hà Nội,Ha Noi Civil Construction Investment JSC,Bất động sản,Bất động sản,Quản lý và phát triển bất động sản,Bất động sản,Quản lý và phát triển bất động sản,,Khác / cần duyệt,NORMAL,99,,REVIEW,,https://finance.vietstock.vn/XDH/ho-so-doanh-nghiep.htm,OK,YES
XHC,UPCOM,CTCP Xuân Hòa Việt Nam,Xuân Hòa Việt Nam,Xuan Hoa Viet Nam JSC,Nguyên vật liệu,Nguyên vật liệu,Gỗ và giấy,Nguyên vật liệu,Gỗ và giấy,,Gỗ & Giấy,NORMAL,24,go va giay,VIETSTOCK_RULE,VIETSTOCK,https://finance.vietstock.vn/XHC/ho-so-doanh-nghiep.htm,OK,NO
XMC,UPCOM,CTCP Đầu tư và Xây dựng Xuân Mai,Đầu tư và Xây dựng Xuân Mai,Xuan Mai Investment and Construction Corporation,Công nghiệp,Hàng hóa công nghiệp,Kỹ thuật xây dựng,Công nghiệp,Hàng hóa công nghiệp,Kỹ thuật xây dựng,Xây dựng,NORMAL,15,ky thuat xay dung,VIETSTOCK_RULE,VIETSTOCK,https://finance.vietstock.vn/XMC/ho-so-doanh-nghiep.htm,OK,NO
