symbol,exchange,organ_name,en_organ_name,type,id,short_name,sector1_vn,sector2_vn,sector3_vn,sector1_en,sector2_en,sector3_en,listing_shares,source,vietstock_profile_url,vietstock_financial_url
SSB,HOSE,Ngân hàng TMCP Đông Nam Á,Southeast Asia Commercial Joint Stock Bank,STOCK,259.0,Đông Nam Á,Tài chính,Tổ chức tín dụng,Ngân hàng,Financials,Banks,Banks,2845000000,EXPANDED,https://finance.vietstock.vn/SSB/ho-so-doanh-nghiep.htm,https://finance.vietstock.vn/SSB/tai-chinh.htm?tab=BCTT
PGV,HOSE,Tổng Công ty Phát điện 3 - CTCP,Power Generation Joint Stock Corporation 3,STOCK,260.0,Phát điện 3 - CTCP,Tiện ích,Tiện ích,Điện,Utilities,Utilities,Electric Utilities,1123468046,EXPANDED,https://finance.vietstock.vn/PGV/ho-so-doanh-nghiep.htm,https://finance.vietstock.vn/PGV/tai-chinh.htm?tab=BCTT
ITA,UPCOM,CTCP Đầu tư và Công nghiệp Tân Tạo,Tan Tao Investment and Industry Corporation,STOCK,261.0,Đầu tư và Công nghiệp Tân Tạo,Bất động sản,Bất động sản,Quản lý và phát triển bất động sản,Real Estate,Real Estate,Real Estate Management & Development,938463607,EXPANDED,https://finance.vietstock.vn/ITA/ho-so-doanh-nghiep.htm,https://finance.vietstock.vn/ITA/tai-chinh.htm?tab=BCTT
BCG,HOSE,CTCP Tập đoàn Bamboo Capital,Bamboo Capital Group Joint Stock Company,STOCK,262.0,Bamboo Capital,Công nghiệp,Hàng hóa công nghiệp,Tập đoàn đa ngành,Industrials,Capital Goods,Industrial Conglomerates,880210644,EXPANDED,https://finance.vietstock.vn/BCG/ho-so-doanh-nghiep.htm,https://finance.vietstock.vn/BCG/tai-chinh.htm?tab=BCTT
VBB,UPCOM,Ngân hàng TMCP Việt Nam Thương Tín,Vietnam Thuong Tin Commercial Joint Stock Bank,STOCK,263.0,Việt Nam Thương Tín,Tài chính,Tổ chức tín dụng,Ngân hàng,Financials,Banks,Banks,821031970,EXPANDED,https://finance.vietstock.vn/VBB/ho-so-doanh-nghiep.htm,https://finance.vietstock.vn/VBB/tai-chinh.htm?tab=BCTT
BGE,UPCOM,CTCP BCG Energy,BCG Energy Joint Stock Company,STOCK,264.0,BCG Energy,Tiện ích,Tiện ích,Phát điện độc lập và điện tái tạo,Utilities,Utilities,Independent Power and Renewable Electricity Producers,730000000,EXPANDED,https://finance.vietstock.vn/BGE/ho-so-doanh-nghiep.htm,https://finance.vietstock.vn/BGE/tai-chinh.htm?tab=BCTT
FLC,UPCOM,CTCP Tập đoàn FLC,FLC Group JSC,STOCK,265.0,FLC,Nguyên vật liệu,Nguyên vật liệu,Vật liệu xây dựng,Materials,Materials,Construction Materials,709997807,EXPANDED,https://finance.vietstock.vn/FLC/ho-so-doanh-nghiep.htm,https://finance.vietstock.vn/FLC/tai-chinh.htm?tab=BCTT
DTK,HNX,Tổng Công ty Điện lực TKV - CTCP,Vinacomin - Power Holding Corporation,STOCK,266.0,Điện lực TKV - CTCP,Tiện ích,Tiện ích,Điện,Utilities,Utilities,Electric Utilities,682767475,EXPANDED,https://finance.vietstock.vn/DTK/ho-so-doanh-nghiep.htm,https://finance.vietstock.vn/DTK/tai-chinh.htm?tab=BCTT
PVD,HOSE,Tổng Công ty cổ phần Khoan và Dịch vụ khoan Dầu khí,PetroVietnam Drilling & Well Services Corporation,STOCK,267.0,Khoan và Dịch vụ khoan Dầu khí,Năng lượng,Năng lượng,Thiết bị và dịch vụ năng lượng,Energy,Energy,Energy Equipment & Services,556296006,EXPANDED,https://finance.vietstock.vn/PVD/ho-so-doanh-nghiep.htm,https://finance.vietstock.vn/PVD/tai-chinh.htm?tab=BCTT
HND,UPCOM,CTCP Nhiệt điện Hải Phòng,Hai Phong Thermal Power Joint Stock Company,STOCK,268.0,Nhiệt điện Hải Phòng,Tiện ích,Tiện ích,Điện,Utilities,Utilities,Electric Utilities,500000000,EXPANDED,https://finance.vietstock.vn/HND/ho-so-doanh-nghiep.htm,https://finance.vietstock.vn/HND/tai-chinh.htm?tab=BCTT
PGB,UPCOM,Ngân hàng TMCP Thịnh vượng và Phát triển,Prosperity and Growth Commercial Joint Stock Bank,STOCK,269.0,Thịnh vượng và Phát triển,Tài chính,Tổ chức tín dụng,Ngân hàng,Financials,Banks,Banks,500000000,EXPANDED,https://finance.vietstock.vn/PGB/ho-so-doanh-nghiep.htm,https://finance.vietstock.vn/PGB/tai-chinh.htm?tab=BCTT
VSF,UPCOM,Tổng Công ty Lương thực Miền Nam - CTCP,Vietnam Southern Food Corporation - JSC,STOCK,270.0,Lương thực Miền Nam - CTCP,Tiêu dùng thiết yếu,"Thực phẩm, đồ uống và thuốc lá",Thực phẩm,Consumer Staples,"Food, Bev. & Tobacco",Food Products,500000000,EXPANDED,https://finance.vietstock.vn/VSF/ho-so-doanh-nghiep.htm,https://finance.vietstock.vn/VSF/tai-chinh.htm?tab=BCTT
BCR,UPCOM,CTCP BCG Land,BCG Land Joint Stock Company,STOCK,271.0,BCG Land,Bất động sản,Bất động sản,Quản lý và phát triển bất động sản,Real Estate,Real Estate,Real Estate Management & Development,473799913,EXPANDED,https://finance.vietstock.vn/BCR/ho-so-doanh-nghiep.htm,https://finance.vietstock.vn/BCR/tai-chinh.htm?tab=BCTT
SJG,UPCOM,Tổng Công ty Sông Đà - CTCP,SONG DA CORPORATION - JSC,STOCK,272.0,Sông Đà - CTCP,Công nghiệp,Hàng hóa công nghiệp,Kỹ thuật xây dựng,Industrials,Capital Goods,Construction & Engineering,449537112,EXPANDED,https://finance.vietstock.vn/SJG/ho-so-doanh-nghiep.htm,https://finance.vietstock.vn/SJG/tai-chinh.htm?tab=BCTT
DNH,UPCOM,CTCP Thủy điện Đa Nhim - Hàm Thuận - Đa Mi,Da Nhim - Ham Thuan - Da Mi Hydro Power Joint Stock Company,STOCK,273.0,Thủy điện Đa Nhim - Hàm Thuận - Đa Mi,Tiện ích,Tiện ích,Phát điện độc lập và điện tái tạo,Utilities,Utilities,Independent Power and Renewable Electricity Producers,422400000,EXPANDED,https://finance.vietstock.vn/DNH/ho-so-doanh-nghiep.htm,https://finance.vietstock.vn/DNH/tai-chinh.htm?tab=BCTT
MPC,UPCOM,CTCP Tập đoàn Thủy sản Minh Phú,Minh Phu Seafood Corporation,STOCK,274.0,Thủy sản Minh Phú,Tiêu dùng thiết yếu,"Thực phẩm, đồ uống và thuốc lá",Thực phẩm,Consumer Staples,"Food, Bev. & Tobacco",Food Products,400938300,EXPANDED,https://finance.vietstock.vn/MPC/ho-so-doanh-nghiep.htm,https://finance.vietstock.vn/MPC/tai-chinh.htm?tab=BCTT
PVX,UPCOM,Tổng Công ty cổ phần Xây lắp Dầu khí Việt Nam,Petro Vietnam Construction Joint Stock Corporation,STOCK,275.0,Xây lắp Dầu khí Việt Nam,Công nghiệp,Hàng hóa công nghiệp,Kỹ thuật xây dựng,Industrials,Capital Goods,Construction & Engineering,400000000,EXPANDED,https://finance.vietstock.vn/PVX/ho-so-doanh-nghiep.htm,https://finance.vietstock.vn/PVX/tai-chinh.htm?tab=BCTT
CC1,UPCOM,Tổng Công ty Xây dựng Số 1 - CTCP,Construction Corporation No 1 Joint Stock Company,STOCK,276.0,Xây dựng Số 1 - CTCP,Công nghiệp,Hàng hóa công nghiệp,Kỹ thuật xây dựng,Industrials,Capital Goods,Construction & Engineering,397906100,EXPANDED,https://finance.vietstock.vn/CC1/ho-so-doanh-nghiep.htm,https://finance.vietstock.vn/CC1/tai-chinh.htm?tab=BCTT
THD,HNX,CTCP Thaiholdings,Thaiholdings Joint Stock Company,STOCK,277.0,Thaiholdings,Công nghiệp,Hàng hóa công nghiệp,Phân phối hàng công nghiệp,Industrials,Capital Goods,Trading Companies & Distributors,384999972,EXPANDED,https://finance.vietstock.vn/THD/ho-so-doanh-nghiep.htm,https://finance.vietstock.vn/THD/tai-chinh.htm?tab=BCTT
SAM,HOSE,CTCP SAM Holdings,SAM Holdings Corporation,STOCK,278.0,SAM Holdings,Công nghiệp,Hàng hóa công nghiệp,Thiết bị điện,Industrials,Capital Goods,Electrical Equipment,379960971,EXPANDED,https://finance.vietstock.vn/SAM/ho-so-doanh-nghiep.htm,https://finance.vietstock.vn/SAM/tai-chinh.htm?tab=BCTT
SNZ,UPCOM,Tổng Công ty cổ phần Phát triển Khu Công nghiệp,Sonadezi Corporation,STOCK,279.0,Phát triển Khu Công nghiệp,Bất động sản,Bất động sản,Quản lý và phát triển bất động sản,Real Estate,Real Estate,Real Estate Management & Development,376500000,EXPANDED,https://finance.vietstock.vn/SNZ/ho-so-doanh-nghiep.htm,https://finance.vietstock.vn/SNZ/tai-chinh.htm?tab=BCTT
SSH,UPCOM,CTCP Phát triển Sunshine Homes,Sunshine Homes Development JSC,STOCK,280.0,Phát triển Sunshine Homes,Bất động sản,Bất động sản,Quản lý và phát triển bất động sản,Real Estate,Real Estate,Real Estate Management & Development,375000000,EXPANDED,https://finance.vietstock.vn/SSH/ho-so-doanh-nghiep.htm,https://finance.vietstock.vn/SSH/tai-chinh.htm?tab=BCTT
QNS,UPCOM,CTCP Đường Quảng Ngãi,Quang Ngai Sugar Joint Stock Company,STOCK,281.0,Đường Quảng Ngãi,Tiêu dùng thiết yếu,"Thực phẩm, đồ uống và thuốc lá",Thực phẩm,Consumer Staples,"Food, Bev. & Tobacco",Food Products,367648153,EXPANDED,https://finance.vietstock.vn/QNS/ho-so-doanh-nghiep.htm,https://finance.vietstock.vn/QNS/tai-chinh.htm?tab=BCTT
VIF,HNX,Tổng Công ty Lâm nghiệp Việt Nam - CTCP,Vietnam Forestry Corporation - JSC,STOCK,282.0,Lâm nghiệp Việt Nam - CTCP,Nguyên vật liệu,Nguyên vật liệu,Gỗ và giấy,Materials,Materials,Paper & Forest Products,350000000,EXPANDED,https://finance.vietstock.vn/VIF/ho-so-doanh-nghiep.htm,https://finance.vietstock.vn/VIF/tai-chinh.htm?tab=BCTT
SGB,UPCOM,Ngân hàng TMCP Sài Gòn Công Thương,Saigon Bank For Industry And Trade,STOCK,283.0,Sài Gòn Công Thương,Tài chính,Tổ chức tín dụng,Ngân hàng,Financials,Banks,Banks,338799141,EXPANDED,https://finance.vietstock.vn/SGB/ho-so-doanh-nghiep.htm,https://finance.vietstock.vn/SGB/tai-chinh.htm?tab=BCTT
TCD,HOSE,CTCP Tập đoàn Xây dựng TRACODI,TRACODI Construction Holdings Joint Stock Company,STOCK,284.0,Xây dựng TRACODI,Công nghiệp,Hàng hóa công nghiệp,Kỹ thuật xây dựng,Industrials,Capital Goods,Construction & Engineering,335820641,EXPANDED,https://finance.vietstock.vn/TCD/ho-so-doanh-nghiep.htm,https://finance.vietstock.vn/TCD/tai-chinh.htm?tab=BCTT
MML,UPCOM,CTCP Masan MeatLife,Masan MeatLife Corporation,STOCK,285.0,Masan MeatLife,Tiêu dùng thiết yếu,"Thực phẩm, đồ uống và thuốc lá",Thực phẩm,Consumer Staples,"Food, Bev. & Tobacco",Food Products,329052593,EXPANDED,https://finance.vietstock.vn/MML/ho-so-doanh-nghiep.htm,https://finance.vietstock.vn/MML/tai-chinh.htm?tab=BCTT
PRT,UPCOM,Tổng Công ty Sản xuất - Xuất nhập khẩu Bình Dương - CTCP,B?nh D??ng Production and Trading Goods Corportation,STOCK,286.0,Sản xuất - Xuất nhập khẩu Bình Dương - CTCP,Nguyên vật liệu,Nguyên vật liệu,Hóa chất,Materials,Materials,Chemicals,300000000,EXPANDED,https://finance.vietstock.vn/PRT/ho-so-doanh-nghiep.htm,https://finance.vietstock.vn/PRT/tai-chinh.htm?tab=BCTT
SJS,HOSE,CTCP SJ Group,SJ Group Joint Stock Company,STOCK,287.0,SJ Group,Bất động sản,Bất động sản,Quản lý và phát triển bất động sản,Real Estate,Real Estate,Real Estate Management & Development,297474828,EXPANDED,https://finance.vietstock.vn/SJS/ho-so-doanh-nghiep.htm,https://finance.vietstock.vn/SJS/tai-chinh.htm?tab=BCTT
KDC,HOSE,CTCP Tập đoàn KIDO,KIDO Group Corporation,STOCK,288.0,KIDO,Tiêu dùng thiết yếu,"Thực phẩm, đồ uống và thuốc lá",Thực phẩm,Consumer Staples,"Food, Bev. & Tobacco",Food Products,289806316,EXPANDED,https://finance.vietstock.vn/KDC/ho-so-doanh-nghiep.htm,https://finance.vietstock.vn/KDC/tai-chinh.htm?tab=BCTT
POM,UPCOM,CTCP Thép Pomina,Pomina Steel Corporation,STOCK,289.0,Thép Pomina,Nguyên vật liệu,Nguyên vật liệu,Khai khoáng và luyện kim,Materials,Materials,Metals & Mining,279676336,EXPANDED,https://finance.vietstock.vn/POM/ho-so-doanh-nghiep.htm,https://finance.vietstock.vn/POM/tai-chinh.htm?tab=BCTT
SIP,HOSE,CTCP Đầu tư Sài Gòn VRG,Sai Gon VRG Investment Corporation,STOCK,290.0,Đầu tư Sài Gòn VRG,Bất động sản,Bất động sản,Quản lý và phát triển bất động sản,Real Estate,Real Estate,Real Estate Management & Development,242112943,EXPANDED,https://finance.vietstock.vn/SIP/ho-so-doanh-nghiep.htm,https://finance.vietstock.vn/SIP/tai-chinh.htm?tab=BCTT
DVN,UPCOM,Tổng Công ty Dược Việt Nam - CTCP,Vietnam Pharmaceutical Corporation - JSC,STOCK,291.0,Dược Việt Nam - CTCP,Chăm sóc sức khỏe,"Dược phẩm, công nghệ sinh học và khoa học sự sống",Dược phẩm,Health Care,"Pharma., Bio. & Life Sciences",Pharmaceuticals,237000000,EXPANDED,https://finance.vietstock.vn/DVN/ho-so-doanh-nghiep.htm,https://finance.vietstock.vn/DVN/tai-chinh.htm?tab=BCTT
TLP,UPCOM,Tổng Công ty Thương mại Xuất nhập khẩu Thanh Lễ - CTCP,Thanh Le General Import-Export Trading Corporation,STOCK,292.0,Thương mại Xuất nhập khẩu Thanh Lễ - CTCP,Tiêu dùng không thiết yếu,Thương mại hàng không thiết yếu,Nhà phân phối,Consumer Discretionary,Consumer Discre. Dist. & Retail,Distributors,236600000,EXPANDED,https://finance.vietstock.vn/TLP/ho-so-doanh-nghiep.htm,https://finance.vietstock.vn/TLP/tai-chinh.htm?tab=BCTT
VSH,HOSE,CTCP Thủy điện Vĩnh Sơn - Sông Hinh,Vinh Son - Song Hinh Hydropower Joint Stock Company,STOCK,293.0,Thủy điện Vĩnh Sơn - Sông Hinh,Tiện ích,Tiện ích,Phát điện độc lập và điện tái tạo,Utilities,Utilities,Independent Power and Renewable Electricity Producers,236241246,EXPANDED,https://finance.vietstock.vn/VSH/ho-so-doanh-nghiep.htm,https://finance.vietstock.vn/VSH/tai-chinh.htm?tab=BCTT
HNA,HOSE,CTCP Thủy điện Hủa Na,Hua Na Hydropower Joint Stock Company,STOCK,294.0,Thủy điện Hủa Na,Tiện ích,Tiện ích,Phát điện độc lập và điện tái tạo,Utilities,Utilities,Independent Power and Renewable Electricity Producers,235232210,EXPANDED,https://finance.vietstock.vn/HNA/ho-so-doanh-nghiep.htm,https://finance.vietstock.vn/HNA/tai-chinh.htm?tab=BCTT
PVI,HNX,CTCP PVI,PVI Holdings,STOCK,295.0,PVI,Tài chính,Bảo hiểm,Bảo hiểm,Financials,Insurance,Insurance,234241867,EXPANDED,https://finance.vietstock.vn/PVI/ho-so-doanh-nghiep.htm,https://finance.vietstock.vn/PVI/tai-chinh.htm?tab=BCTT
PAP,UPCOM,CTCP Dầu khí Đầu tư Khai thác Cảng Phước An,PetroVietnam Phuoc An Port Investment And Operation Joint Stock Company,STOCK,296.0,Dầu khí Đầu tư Khai thác Cảng Phước An,Công nghiệp,Vận tải,Hạ tầng giao thông,Industrials,Transportation,Transportation Infrastructure,232000000,EXPANDED,https://finance.vietstock.vn/PAP/ho-so-doanh-nghiep.htm,https://finance.vietstock.vn/PAP/tai-chinh.htm?tab=BCTT
PEG,UPCOM,Tổng Công ty Thương mại Kỹ thuật và Đầu tư - CTCP,Petec Trading and Investment Corporation,STOCK,297.0,Thương mại Kỹ thuật và Đầu tư - CTCP,Tiêu dùng không thiết yếu,Thương mại hàng không thiết yếu,Nhà phân phối,Consumer Discretionary,Consumer Discre. Dist. & Retail,Distributors,231898919,EXPANDED,https://finance.vietstock.vn/PEG/ho-so-doanh-nghiep.htm,https://finance.vietstock.vn/PEG/tai-chinh.htm?tab=BCTT
BHN,HOSE,Tổng Công ty cổ phần Bia - Rượu - Nước giải khát Hà Nội,Hanoi Beer Alcohol And Beverage Joint Stock Corporation,STOCK,298.0,Bia - Rượu - Nước giải khát Hà Nội,Tiêu dùng thiết yếu,"Thực phẩm, đồ uống và thuốc lá",Đồ uống,Consumer Staples,"Food, Bev. & Tobacco",Beverages,231800000,EXPANDED,https://finance.vietstock.vn/BHN/ho-so-doanh-nghiep.htm,https://finance.vietstock.vn/BHN/tai-chinh.htm?tab=BCTT
HVG,UPCOM,CTCP Hùng Vương,Hung Vuong Joint Stock Corporation,STOCK,299.0,Hùng Vương,Tiêu dùng thiết yếu,"Thực phẩm, đồ uống và thuốc lá",Thực phẩm,Consumer Staples,"Food, Bev. & Tobacco",Food Products,227038291,EXPANDED,https://finance.vietstock.vn/HVG/ho-so-doanh-nghiep.htm,https://finance.vietstock.vn/HVG/tai-chinh.htm?tab=BCTT
HTM,UPCOM,Tổng Công ty Thương mại Hà Nội - CTCP,Hanoi Trade Joint Stock Corporation,STOCK,300.0,Thương mại Hà Nội - CTCP,Tiêu dùng không thiết yếu,Thương mại hàng không thiết yếu,Nhà phân phối,Consumer Discretionary,Consumer Discre. Dist. & Retail,Distributors,220000000,EXPANDED,https://finance.vietstock.vn/HTM/ho-so-doanh-nghiep.htm,https://finance.vietstock.vn/HTM/tai-chinh.htm?tab=BCTT
KOS,HOSE,CTCP KOSY,KOSY Joint Stock Company,STOCK,301.0,KOSY,Tiện ích,Tiện ích,Phát điện độc lập và điện tái tạo,Utilities,Utilities,Independent Power and Renewable Electricity Producers,216481335,EXPANDED,https://finance.vietstock.vn/KOS/ho-so-doanh-nghiep.htm,https://finance.vietstock.vn/KOS/tai-chinh.htm?tab=BCTT
SGP,UPCOM,CTCP Cảng Sài Gòn,Saigon Port Join Stock Company,STOCK,302.0,Cảng Sài Gòn,Công nghiệp,Vận tải,Hạ tầng giao thông,Industrials,Transportation,Transportation Infrastructure,216294961,EXPANDED,https://finance.vietstock.vn/SGP/ho-so-doanh-nghiep.htm,https://finance.vietstock.vn/SGP/tai-chinh.htm?tab=BCTT
IPA,HNX,CTCP Tập đoàn Đầu tư I.P.A,I.P.A Investments Group Joint Stock Company,STOCK,303.0,Đầu tư I.P.A,Công nghiệp,Hàng hóa công nghiệp,Tập đoàn đa ngành,Industrials,Capital Goods,Industrial Conglomerates,213835775,EXPANDED,https://finance.vietstock.vn/IPA/ho-so-doanh-nghiep.htm,https://finance.vietstock.vn/IPA/tai-chinh.htm?tab=BCTT
VLC,UPCOM,Tổng Công ty Chăn Nuôi Việt Nam - CTCP,Vietnam Livestock Corporation JSC,STOCK,304.0,Chăn Nuôi Việt Nam - CTCP,Tiêu dùng thiết yếu,"Thực phẩm, đồ uống và thuốc lá",Thực phẩm,Consumer Staples,"Food, Bev. & Tobacco",Food Products,212491611,EXPANDED,https://finance.vietstock.vn/VLC/ho-so-doanh-nghiep.htm,https://finance.vietstock.vn/VLC/tai-chinh.htm?tab=BCTT
VCR,UPCOM,CTCP Đầu tư và Phát triển Du lịch Vinaconex,Vinaconex Investment And Tourism Development JSC,STOCK,305.0,Đầu tư và Phát triển Du lịch Vinaconex,Bất động sản,Bất động sản,Quản lý và phát triển bất động sản,Real Estate,Real Estate,Real Estate Management & Development,210000000,EXPANDED,https://finance.vietstock.vn/VCR/ho-so-doanh-nghiep.htm,https://finance.vietstock.vn/VCR/tai-chinh.htm?tab=BCTT
DSC,HOSE,CTCP Chứng khoán DSC,DSC Securities Corporation,STOCK,306.0,Chứng khoán DSC,Tài chính,Dịch vụ tài chính,Thị trường vốn,Financials,Financial Services,Capital Markets,204838925,EXPANDED,https://finance.vietstock.vn/DSC/ho-so-doanh-nghiep.htm,https://finance.vietstock.vn/DSC/tai-chinh.htm?tab=BCTT
VNR,HNX,Tổng Công ty cổ phần Tái Bảo hiểm Quốc gia Việt Nam,Vietnam National Reinsurance Corporation,STOCK,307.0,Tái Bảo hiểm Quốc gia Việt Nam,Tài chính,Bảo hiểm,Bảo hiểm,Financials,Insurance,Insurance,200630248,EXPANDED,https://finance.vietstock.vn/VNR/ho-so-doanh-nghiep.htm,https://finance.vietstock.vn/VNR/tai-chinh.htm?tab=BCTT
PHS,UPCOM,CTCP Chứng khoán Phú Hưng,Phu Hung Securities Corporation,STOCK,308.0,Chứng khoán Phú Hưng,Tài chính,Dịch vụ tài chính,Thị trường vốn,Financials,Financial Services,Capital Markets,200009819,EXPANDED,https://finance.vietstock.vn/PHS/ho-so-doanh-nghiep.htm,https://finance.vietstock.vn/PHS/tai-chinh.htm?tab=BCTT
KSV,HNX,Tổng Công ty Khoáng sản TKV - CTCP,Vinacomin - Minerals Holding Corporation,STOCK,309.0,Khoáng sản TKV - CTCP,Nguyên vật liệu,Nguyên vật liệu,Khai khoáng và luyện kim,Materials,Materials,Metals & Mining,200000000,EXPANDED,https://finance.vietstock.vn/KSV/ho-so-doanh-nghiep.htm,https://finance.vietstock.vn/KSV/tai-chinh.htm?tab=BCTT
OCH,HNX,CTCP One Capital Hospitality,One Capital Hospitality Joint Stock Company,STOCK,310.0,One Capital Hospitality,Tiêu dùng thiết yếu,"Thực phẩm, đồ uống và thuốc lá",Thực phẩm,Consumer Staples,"Food, Bev. & Tobacco",Food Products,200000000,EXPANDED,https://finance.vietstock.vn/OCH/ho-so-doanh-nghiep.htm,https://finance.vietstock.vn/OCH/tai-chinh.htm?tab=BCTT
TID,UPCOM,CTCP Tổng Công ty Tín Nghĩa,Tin Nghia Corporation,STOCK,311.0,Tín Nghĩa,Tiêu dùng thiết yếu,"Thực phẩm, đồ uống và thuốc lá",Thực phẩm,Consumer Staples,"Food, Bev. & Tobacco",Food Products,200000000,EXPANDED,https://finance.vietstock.vn/TID/ho-so-doanh-nghiep.htm,https://finance.vietstock.vn/TID/tai-chinh.htm?tab=BCTT
TSC,HOSE,CTCP Vật tư Kỹ thuật nông nghiệp Cần Thơ,Techno - Agricultural Supplying Joint Stock Company,STOCK,312.0,Vật tư Kỹ thuật nông nghiệp Cần Thơ,Tiêu dùng không thiết yếu,Thương mại hàng không thiết yếu,Nhà phân phối,Consumer Discretionary,Consumer Discre. Dist. & Retail,Distributors,196858925,EXPANDED,https://finance.vietstock.vn/TSC/ho-so-doanh-nghiep.htm,https://finance.vietstock.vn/TSC/tai-chinh.htm?tab=BCTT
LGC,HOSE,CTCP Đầu tư Cầu đường CII,CII Bridges & Roads Investment JSC,STOCK,313.0,Đầu tư Cầu đường CII,Công nghiệp,Vận tải,Hạ tầng giao thông,Industrials,Transportation,Transportation Infrastructure,192854765,EXPANDED,https://finance.vietstock.vn/LGC/ho-so-doanh-nghiep.htm,https://finance.vietstock.vn/LGC/tai-chinh.htm?tab=BCTT
TIS,UPCOM,CTCP Gang thép Thái Nguyên,Thai Nguyen Iron And Steel JSC,STOCK,314.0,Gang thép Thái Nguyên,Nguyên vật liệu,Nguyên vật liệu,Khai khoáng và luyện kim,Materials,Materials,Metals & Mining,184000000,EXPANDED,https://finance.vietstock.vn/TIS/ho-so-doanh-nghiep.htm,https://finance.vietstock.vn/TIS/tai-chinh.htm?tab=BCTT
HAI,UPCOM,CTCP Nông dược H.A.I,HAI Agrochem Joint Stock Company,STOCK,315.0,Nông dược H.A.I,Tiêu dùng không thiết yếu,Thương mại hàng không thiết yếu,Nhà phân phối,Consumer Discretionary,Consumer Discre. Dist. & Retail,Distributors,182682799,EXPANDED,https://finance.vietstock.vn/HAI/ho-so-doanh-nghiep.htm,https://finance.vietstock.vn/HAI/tai-chinh.htm?tab=BCTT
PXL,UPCOM,CTCP Đầu tư Khu Công nghiệp Dầu khí Long Sơn,Long Son Petroleum Industrial Zone Investment JSC,STOCK,316.0,Đầu tư Khu Công nghiệp Dầu khí Long Sơn,Bất động sản,Bất động sản,Quản lý và phát triển bất động sản,Real Estate,Real Estate,Real Estate Management & Development,176145500,EXPANDED,https://finance.vietstock.vn/PXL/ho-so-doanh-nghiep.htm,https://finance.vietstock.vn/PXL/tai-chinh.htm?tab=BCTT
TTA,HOSE,CTCP Đầu tư Xây dựng và Phát triển Trường Thành,Truong Thanh Development and Constrution Investment Joint Stock Company,STOCK,317.0,Đầu tư Xây dựng và Phát triển Trường Thành,Tiện ích,Tiện ích,Phát điện độc lập và điện tái tạo,Utilities,Utilities,Independent Power and Renewable Electricity Producers,170057593,EXPANDED,https://finance.vietstock.vn/TTA/ho-so-doanh-nghiep.htm,https://finance.vietstock.vn/TTA/tai-chinh.htm?tab=BCTT
TMS,HOSE,CTCP Transimex,Transimex Corporation,STOCK,318.0,Transimex,Công nghiệp,Vận tải,Hạ tầng giao thông,Industrials,Transportation,Transportation Infrastructure,169347954,EXPANDED,https://finance.vietstock.vn/TMS/ho-so-doanh-nghiep.htm,https://finance.vietstock.vn/TMS/tai-chinh.htm?tab=BCTT
TVS,HOSE,CTCP Chứng khoán Thiên Việt,Thien Viet Securities Joint Stock Company,STOCK,319.0,Chứng khoán Thiên Việt,Tài chính,Dịch vụ tài chính,Thị trường vốn,Financials,Financial Services,Capital Markets,166995274,EXPANDED,https://finance.vietstock.vn/TVS/ho-so-doanh-nghiep.htm,https://finance.vietstock.vn/TVS/tai-chinh.htm?tab=BCTT
VEF,UPCOM,CTCP Trung tâm Hội chợ Triển lãm Việt Nam,Vietnam Exhibition Fair Centre Joint Stock Company,STOCK,320.0,Trung tâm Hội chợ Triển lãm Việt Nam,Công nghiệp,Dịch vụ thương mại và chuyên nghiệp,Dịch vụ và thiết bị thương mại,Industrials,Comm. & Prof. Services,Commercial Services & Supplies,166604050,EXPANDED,https://finance.vietstock.vn/VEF/ho-so-doanh-nghiep.htm,https://finance.vietstock.vn/VEF/tai-chinh.htm?tab=BCTT
KLF,UPCOM,CTCP Đầu tư Thương mại và Xuất nhập khẩu CFS,CFS Investment And Import Export Trading JSC,STOCK,321.0,Đầu tư Thương mại và Xuất nhập khẩu CFS,Tiêu dùng không thiết yếu,Thương mại hàng không thiết yếu,Nhà phân phối,Consumer Discretionary,Consumer Discre. Dist. & Retail,Distributors,165352561,EXPANDED,https://finance.vietstock.vn/KLF/ho-so-doanh-nghiep.htm,https://finance.vietstock.vn/KLF/tai-chinh.htm?tab=BCTT
AMD,UPCOM,CTCP Đầu tư và Khoáng sản FLC Stone,FLC Stone Mining And Investment Joint Stock Company,STOCK,322.0,Đầu tư và Khoáng sản FLC Stone,Công nghiệp,Hàng hóa công nghiệp,Sản phẩm xây dựng,Industrials,Capital Goods,Building Products,163504874,EXPANDED,https://finance.vietstock.vn/AMD/ho-so-doanh-nghiep.htm,https://finance.vietstock.vn/AMD/tai-chinh.htm?tab=BCTT
CKG,HOSE,CTCP Tập đoàn CIC,CIC Group Joint Stock Company,STOCK,323.0,CIC,Bất động sản,Bất động sản,Quản lý và phát triển bất động sản,Real Estate,Real Estate,Real Estate Management & Development,161807526,EXPANDED,https://finance.vietstock.vn/CKG/ho-so-doanh-nghiep.htm,https://finance.vietstock.vn/CKG/tai-chinh.htm?tab=BCTT
VCS,HNX,CTCP Vicostone,Vicostone JSC,STOCK,324.0,Vicostone,Nguyên vật liệu,Nguyên vật liệu,Vật liệu xây dựng,Materials,Materials,Construction Materials,160000000,EXPANDED,https://finance.vietstock.vn/VCS/ho-so-doanh-nghiep.htm,https://finance.vietstock.vn/VCS/tai-chinh.htm?tab=BCTT
IMP,HOSE,CTCP Dược phẩm Imexpharm,Imexpharm Corporation,STOCK,325.0,Dược phẩm Imexpharm,Chăm sóc sức khỏe,"Dược phẩm, công nghệ sinh học và khoa học sự sống",Dược phẩm,Health Care,"Pharma., Bio. & Life Sciences",Pharmaceuticals,154042762,EXPANDED,https://finance.vietstock.vn/IMP/ho-so-doanh-nghiep.htm,https://finance.vietstock.vn/IMP/tai-chinh.htm?tab=BCTT
ACG,HOSE,CTCP Gỗ An Cường,An Cuong Wood - Working Joint Stock Company,STOCK,326.0,Gỗ An Cường,Nguyên vật liệu,Nguyên vật liệu,Gỗ và giấy,Materials,Materials,Paper & Forest Products,150787946,EXPANDED,https://finance.vietstock.vn/ACG/ho-so-doanh-nghiep.htm,https://finance.vietstock.vn/ACG/tai-chinh.htm?tab=BCTT
SGT,HOSE,CTCP Công nghệ Viễn Thông Sài Gòn,Sai Gon Telecommunication & Technologies Corporation,STOCK,327.0,Công nghệ Viễn Thông Sài Gòn,Dịch vụ truyền thông,Dịch vụ viễn thông,Dịch vụ viễn thông đa dạng,Communication Services,Telecommunication,Diversified Telecommunication Services,148003518,EXPANDED,https://finance.vietstock.vn/SGT/ho-so-doanh-nghiep.htm,https://finance.vietstock.vn/SGT/tai-chinh.htm?tab=BCTT
CHP,HOSE,CTCP Thủy điện Miền Trung,Central Hydropower Joint Stock Company,STOCK,328.0,Thủy điện Miền Trung,Tiện ích,Tiện ích,Phát điện độc lập và điện tái tạo,Utilities,Utilities,Independent Power and Renewable Electricity Producers,146912668,EXPANDED,https://finance.vietstock.vn/CHP/ho-so-doanh-nghiep.htm,https://finance.vietstock.vn/CHP/tai-chinh.htm?tab=BCTT
TNH,HOSE,CTCP Tập đoàn Bệnh viện TNH,TNH Hospital Group Joint Stock Company,STOCK,329.0,Bệnh viện TNH,Chăm sóc sức khỏe,Thiết bị và dịch vụ chăm sóc sức khỏe,Thương mại và dịch vụ chăm sóc sức khỏe,Health Care,Health Care Equip. & Services,Health Care Providers & Services,144181270,EXPANDED,https://finance.vietstock.vn/TNH/ho-so-doanh-nghiep.htm,https://finance.vietstock.vn/TNH/tai-chinh.htm?tab=BCTT
MIE,UPCOM,Tổng Công ty Máy và Thiết bị Công nghiệp - CTCP,Machines and Industrial Equipment Corporation,STOCK,330.0,Máy và Thiết bị Công nghiệp - CTCP,Công nghiệp,Hàng hóa công nghiệp,Máy móc công nghiệp,Industrials,Capital Goods,Machinery,141991500,EXPANDED,https://finance.vietstock.vn/MIE/ho-so-doanh-nghiep.htm,https://finance.vietstock.vn/MIE/tai-chinh.htm?tab=BCTT
HAN,UPCOM,Tổng Công ty Xây dựng Hà Nội - CTCP,Hanoi Construction Corporation ? JSC,STOCK,331.0,Xây dựng Hà Nội - CTCP,Công nghiệp,Hàng hóa công nghiệp,Kỹ thuật xây dựng,Industrials,Capital Goods,Construction & Engineering,141048000,EXPANDED,https://finance.vietstock.vn/HAN/ho-so-doanh-nghiep.htm,https://finance.vietstock.vn/HAN/tai-chinh.htm?tab=BCTT
DNP,HNX,CTCP DNP Holding,DNP Holding Joint Stock Company,STOCK,332.0,DNP Holding,Tiện ích,Tiện ích,Nước,Utilities,Utilities,Water Utilities,140974846,EXPANDED,https://finance.vietstock.vn/DNP/ho-so-doanh-nghiep.htm,https://finance.vietstock.vn/DNP/tai-chinh.htm?tab=BCTT
SAS,UPCOM,CTCP Dịch vụ Hàng không Sân bay Tân Sơn Nhất,Southern Airports Services JSC,STOCK,333.0,Dịch vụ Hàng không Sân bay Tân Sơn Nhất,Công nghiệp,Vận tải,Hạ tầng giao thông,Industrials,Transportation,Transportation Infrastructure,133481310,EXPANDED,https://finance.vietstock.vn/SAS/ho-so-doanh-nghiep.htm,https://finance.vietstock.vn/SAS/tai-chinh.htm?tab=BCTT
BMI,HOSE,Tổng Công ty cổ phần Bảo Minh,Bao Minh Insurance Corporation,STOCK,334.0,Bảo Minh,Tài chính,Bảo hiểm,Bảo hiểm,Financials,Insurance,Insurance,132642818,EXPANDED,https://finance.vietstock.vn/BMI/ho-so-doanh-nghiep.htm,https://finance.vietstock.vn/BMI/tai-chinh.htm?tab=BCTT
DHG,HOSE,CTCP Dược Hậu Giang,DHG Pharmaceutical Joint Stock Company,STOCK,335.0,Dược Hậu Giang,Chăm sóc sức khỏe,"Dược phẩm, công nghệ sinh học và khoa học sự sống",Dược phẩm,Health Care,"Pharma., Bio. & Life Sciences",Pharmaceuticals,130746071,EXPANDED,https://finance.vietstock.vn/DHG/ho-so-doanh-nghiep.htm,https://finance.vietstock.vn/DHG/tai-chinh.htm?tab=BCTT
TRV,UPCOM,CTCP Vận tải Đường sắt,Railway Transport Joint Stock Company,STOCK,336.0,Vận tải Đường sắt,Công nghiệp,Vận tải,Vận tải mặt đất,Industrials,Transportation,Ground Transportation,130368970,EXPANDED,https://finance.vietstock.vn/TRV/ho-so-doanh-nghiep.htm,https://finance.vietstock.vn/TRV/tai-chinh.htm?tab=BCTT
FIC,UPCOM,Tổng Công ty Vật liệu Xây dựng số 1 - CTCP,Fico Corporation JSC,STOCK,337.0,Vật liệu Xây dựng số 1 - CTCP,Nguyên vật liệu,Nguyên vật liệu,Vật liệu xây dựng,Materials,Materials,Construction Materials,127000000,EXPANDED,https://finance.vietstock.vn/FIC/ho-so-doanh-nghiep.htm,https://finance.vietstock.vn/FIC/tai-chinh.htm?tab=BCTT
PSH,UPCOM,CTCP Thương mại Đầu tư Dầu khí Nam Sông Hậu,Nam Song Hau Trading Investing Petroleum Joint Stock Company,STOCK,338.0,Thương mại Đầu tư Dầu khí Nam Sông Hậu,Năng lượng,Năng lượng,Dầu khí,Energy,Energy,"Oil, Gas & Consumable Fuels",126196780,EXPANDED,https://finance.vietstock.vn/PSH/ho-so-doanh-nghiep.htm,https://finance.vietstock.vn/PSH/tai-chinh.htm?tab=BCTT
SEA,UPCOM,Tổng Công ty Thủy sản Việt Nam - CTCP,Vietnam Seaproducts Joint Stock Corporation,STOCK,339.0,Thủy sản Việt Nam - CTCP,Tiêu dùng thiết yếu,"Thực phẩm, đồ uống và thuốc lá",Thực phẩm,Consumer Staples,"Food, Bev. & Tobacco",Food Products,125000000,EXPANDED,https://finance.vietstock.vn/SEA/ho-so-doanh-nghiep.htm,https://finance.vietstock.vn/SEA/tai-chinh.htm?tab=BCTT
DRH,HOSE,CTCP DRH Holdings,DRH Holdings JSC,STOCK,340.0,DRH Holdings,Công nghiệp,Hàng hóa công nghiệp,Kỹ thuật xây dựng,Industrials,Capital Goods,Construction & Engineering,124353866,EXPANDED,https://finance.vietstock.vn/DRH/ho-so-doanh-nghiep.htm,https://finance.vietstock.vn/DRH/tai-chinh.htm?tab=BCTT
SBH,UPCOM,CTCP Thủy điện Sông Ba Hạ,Song Ba Ha Hydro Power JSC,STOCK,341.0,Thủy điện Sông Ba Hạ,Tiện ích,Tiện ích,Phát điện độc lập và điện tái tạo,Utilities,Utilities,Independent Power and Renewable Electricity Producers,124225000,EXPANDED,https://finance.vietstock.vn/SBH/ho-so-doanh-nghiep.htm,https://finance.vietstock.vn/SBH/tai-chinh.htm?tab=BCTT
BTS,HNX,CTCP Xi măng VICEM Bút Sơn,Vicem But Son Cement Joint Stock Company,STOCK,342.0,Xi măng VICEM Bút Sơn,Nguyên vật liệu,Nguyên vật liệu,Vật liệu xây dựng,Materials,Materials,Construction Materials,123559858,EXPANDED,https://finance.vietstock.vn/BTS/ho-so-doanh-nghiep.htm,https://finance.vietstock.vn/BTS/tai-chinh.htm?tab=BCTT
BCC,HNX,CTCP Xi măng Bỉm Sơn,Bim Son Cement JSC,STOCK,343.0,Xi măng Bỉm Sơn,Nguyên vật liệu,Nguyên vật liệu,Vật liệu xây dựng,Materials,Materials,Construction Materials,123209812,EXPANDED,https://finance.vietstock.vn/BCC/ho-so-doanh-nghiep.htm,https://finance.vietstock.vn/BCC/tai-chinh.htm?tab=BCTT
VOC,UPCOM,Tổng Công ty Công Nghiệp Dầu Thực Vật Việt Nam - CTCP,Vietnam Vegetable Oils Industry Corporation,STOCK,344.0,Công Nghiệp Dầu Thực Vật Việt Nam - CTCP,Tiêu dùng thiết yếu,"Thực phẩm, đồ uống và thuốc lá",Thực phẩm,Consumer Staples,"Food, Bev. & Tobacco",Food Products,121800000,EXPANDED,https://finance.vietstock.vn/VOC/ho-so-doanh-nghiep.htm,https://finance.vietstock.vn/VOC/tai-chinh.htm?tab=BCTT
TEG,HOSE,CTCP Năng lượng và Bất động sản Trường Thành,Truong Thanh Energy and Real Estate JSC,STOCK,345.0,Năng lượng và Bất động sản Trường Thành,Công nghiệp,Hàng hóa công nghiệp,Phân phối hàng công nghiệp,Industrials,Capital Goods,Trading Companies & Distributors,120806562,EXPANDED,https://finance.vietstock.vn/TEG/ho-so-doanh-nghiep.htm,https://finance.vietstock.vn/TEG/tai-chinh.htm?tab=BCTT
PTI,HNX,Tổng Công ty cổ phần Bảo hiểm Bưu điện,Post - Telecommunication Joint - Stock Insurance Corporation,STOCK,346.0,Bảo hiểm Bưu điện,Tài chính,Bảo hiểm,Bảo hiểm,Financials,Insurance,Insurance,120592129,EXPANDED,https://finance.vietstock.vn/PTI/ho-so-doanh-nghiep.htm,https://finance.vietstock.vn/PTI/tai-chinh.htm?tab=BCTT
DNW,UPCOM,CTCP Cấp nước Đồng Nai,Dong Nai Water Joint Stock Company,STOCK,347.0,Cấp nước Đồng Nai,Tiện ích,Tiện ích,Nước,Utilities,Utilities,Water Utilities,120000000,EXPANDED,https://finance.vietstock.vn/DNW/ho-so-doanh-nghiep.htm,https://finance.vietstock.vn/DNW/tai-chinh.htm?tab=BCTT
NCG,UPCOM,CTCP Tập đoàn Nova Consumer,Nova Consumer Group Joint Stock Company,STOCK,348.0,Nova Consumer,Tiêu dùng thiết yếu,"Thực phẩm, đồ uống và thuốc lá",Thực phẩm,Consumer Staples,"Food, Bev. & Tobacco",Food Products,119784325,EXPANDED,https://finance.vietstock.vn/NCG/ho-so-doanh-nghiep.htm,https://finance.vietstock.vn/NCG/tai-chinh.htm?tab=BCTT
DSP,UPCOM,CTCP Dịch vụ Du lịch Phú Thọ,Phu Tho Tourist Service JSC,STOCK,349.0,Dịch vụ Du lịch Phú Thọ,Tiêu dùng không thiết yếu,Dịch vụ tiêu dùng,"Khách sạn, nhà hàng và giải trí",Consumer Discretionary,Consumer Services,"Hotels, Restaurants & Leisure",118684000,EXPANDED,https://finance.vietstock.vn/DSP/ho-so-doanh-nghiep.htm,https://finance.vietstock.vn/DSP/tai-chinh.htm?tab=BCTT
BIC,HOSE,Tổng Công ty cổ phần Bảo hiểm Ngân hàng Đầu tư và Phát triển Việt Nam,BIDV Insurance Corporation,STOCK,350.0,Bảo hiểm Ngân hàng Đầu tư và Phát triển Việt Nam,Tài chính,Bảo hiểm,Bảo hiểm,Financials,Insurance,Insurance,117276895,EXPANDED,https://finance.vietstock.vn/BIC/ho-so-doanh-nghiep.htm,https://finance.vietstock.vn/BIC/tai-chinh.htm?tab=BCTT
TCI,HOSE,CTCP Chứng khoán Thành Công,Thanh Cong Securities Company,STOCK,351.0,Chứng khoán Thành Công,Tài chính,Dịch vụ tài chính,Thị trường vốn,Financials,Financial Services,Capital Markets,115620964,EXPANDED,https://finance.vietstock.vn/TCI/ho-so-doanh-nghiep.htm,https://finance.vietstock.vn/TCI/tai-chinh.htm?tab=BCTT
GDA,UPCOM,CTCP Tôn Đông Á,Ton Dong A Corporation,STOCK,352.0,Tôn Đông Á,Nguyên vật liệu,Nguyên vật liệu,Khai khoáng và luyện kim,Materials,Materials,Metals & Mining,114691510,EXPANDED,https://finance.vietstock.vn/GDA/ho-so-doanh-nghiep.htm,https://finance.vietstock.vn/GDA/tai-chinh.htm?tab=BCTT
PBC,UPCOM,CTCP Dược phẩm Trung Ương 1- Pharbaco,Pharbaco Central Pharmaceutical JSC No.1,STOCK,353.0,Dược phẩm Trung Ương 1- Pharbaco,Chăm sóc sức khỏe,"Dược phẩm, công nghệ sinh học và khoa học sự sống",Dược phẩm,Health Care,"Pharma., Bio. & Life Sciences",Pharmaceuticals,113299902,EXPANDED,https://finance.vietstock.vn/PBC/ho-so-doanh-nghiep.htm,https://finance.vietstock.vn/PBC/tai-chinh.htm?tab=BCTT
NHH,HOSE,CTCP Nhựa Hà Nội,HaNoi Plastics Joint Stock Company,STOCK,354.0,Nhựa Hà Nội,Nguyên vật liệu,Nguyên vật liệu,Hóa chất,Materials,Materials,Chemicals,112964000,EXPANDED,https://finance.vietstock.vn/NHH/ho-so-doanh-nghiep.htm,https://finance.vietstock.vn/NHH/tai-chinh.htm?tab=BCTT
TDH,HOSE,CTCP Phát triển Nhà Thủ Đức,Thu Duc Housing Development Corporation,STOCK,355.0,Phát triển Nhà Thủ Đức,Bất động sản,Bất động sản,Quản lý và phát triển bất động sản,Real Estate,Real Estate,Real Estate Management & Development,112652767,EXPANDED,https://finance.vietstock.vn/TDH/ho-so-doanh-nghiep.htm,https://finance.vietstock.vn/TDH/tai-chinh.htm?tab=BCTT
MSH,HOSE,CTCP May Sông Hồng,Song Hong Garment Joint Stock Company,STOCK,356.0,May Sông Hồng,Tiêu dùng không thiết yếu,Thời trang và hàng lâu bền,Thời trang và dệt may,Consumer Discretionary,Consumer Durables & Apparel,"Textiles, Apparel & Luxury Goods",112521020,EXPANDED,https://finance.vietstock.vn/MSH/ho-so-doanh-nghiep.htm,https://finance.vietstock.vn/MSH/tai-chinh.htm?tab=BCTT
JVC,HOSE,CTCP Thiết bị Y tế Việt Nhật,Japan Vietnam Medical Instrument Joint Stock Company,STOCK,357.0,Thiết bị Y tế Việt Nhật,Chăm sóc sức khỏe,Thiết bị và dịch vụ chăm sóc sức khỏe,Thương mại và dịch vụ chăm sóc sức khỏe,Health Care,Health Care Equip. & Services,Health Care Providers & Services,112500171,EXPANDED,https://finance.vietstock.vn/JVC/ho-so-doanh-nghiep.htm,https://finance.vietstock.vn/JVC/tai-chinh.htm?tab=BCTT
BRR,UPCOM,CTCP Cao su Bà Rịa,BaRia Rubber Joint Stock Company,STOCK,358.0,Cao su Bà Rịa,Nguyên vật liệu,Nguyên vật liệu,Hóa chất,Materials,Materials,Chemicals,112500000,EXPANDED,https://finance.vietstock.vn/BRR/ho-so-doanh-nghiep.htm,https://finance.vietstock.vn/BRR/tai-chinh.htm?tab=BCTT
TLH,HOSE,CTCP Tập đoàn Thép Tiến Lên,Tien Len Steel Group Joint Stock Company,STOCK,359.0,Thép Tiến Lên,Nguyên vật liệu,Nguyên vật liệu,Khai khoáng và luyện kim,Materials,Materials,Metals & Mining,112320017,EXPANDED,https://finance.vietstock.vn/TLH/ho-so-doanh-nghiep.htm,https://finance.vietstock.vn/TLH/tai-chinh.htm?tab=BCTT
TVB,HOSE,CTCP Chứng khoán T-Cap,T-Cap Securities Joint Stock Corporation,STOCK,360.0,Chứng khoán T-Cap,Tài chính,Dịch vụ tài chính,Thị trường vốn,Financials,Financial Services,Capital Markets,112097019,EXPANDED,https://finance.vietstock.vn/TVB/ho-so-doanh-nghiep.htm,https://finance.vietstock.vn/TVB/tai-chinh.htm?tab=BCTT
TDM,HOSE,CTCP Nước Thủ Dầu Một,Thu Dau Mot Water Joint Stock Company,STOCK,361.0,Nước Thủ Dầu Một,Tiện ích,Tiện ích,Nước,Utilities,Utilities,Water Utilities,111100000,EXPANDED,https://finance.vietstock.vn/TDM/ho-so-doanh-nghiep.htm,https://finance.vietstock.vn/TDM/tai-chinh.htm?tab=BCTT
HAP,HOSE,CTCP Tập đoàn Hapaco,Hapaco Corporation,STOCK,362.0,Hapaco,Nguyên vật liệu,Nguyên vật liệu,Gỗ và giấy,Materials,Materials,Paper & Forest Products,111097772,EXPANDED,https://finance.vietstock.vn/HAP/ho-so-doanh-nghiep.htm,https://finance.vietstock.vn/HAP/tai-chinh.htm?tab=BCTT
PGI,HOSE,Tổng Công ty cổ phần Bảo hiểm Petrolimex,Petrolimex Insurance Corporation,STOCK,363.0,Bảo hiểm Petrolimex,Tài chính,Bảo hiểm,Bảo hiểm,Financials,Insurance,Insurance,110896796,EXPANDED,https://finance.vietstock.vn/PGI/ho-so-doanh-nghiep.htm,https://finance.vietstock.vn/PGI/tai-chinh.htm?tab=BCTT
TVC,HNX,CTCP Tập đoàn Quản lý tài sản T-Corp,T-Corp Asset Management Corporation Joint Stock Company,STOCK,364.0,Quản lý tài sản T-Corp,Tài chính,Dịch vụ tài chính,Thị trường vốn,Financials,Financial Services,Capital Markets,110610670,EXPANDED,https://finance.vietstock.vn/TVC/ho-so-doanh-nghiep.htm,https://finance.vietstock.vn/TVC/tai-chinh.htm?tab=BCTT
MTA,UPCOM,Tổng Công ty Khoáng sản và Thương mại Hà Tĩnh - CTCP,Ha Tinh Minerals and Trading Joint Stock Corporation,STOCK,365.0,Khoáng sản và Thương mại Hà Tĩnh - CTCP,Nguyên vật liệu,Nguyên vật liệu,Vật liệu xây dựng,Materials,Materials,Construction Materials,110113591,EXPANDED,https://finance.vietstock.vn/MTA/ho-so-doanh-nghiep.htm,https://finance.vietstock.vn/MTA/tai-chinh.htm?tab=BCTT
MCM,HOSE,CTCP Giống Bò sữa Mộc Châu,Seed Moc Chau Dairy Cattle Corporation JSC,STOCK,366.0,Giống Bò sữa Mộc Châu,Tiêu dùng thiết yếu,"Thực phẩm, đồ uống và thuốc lá",Thực phẩm,Consumer Staples,"Food, Bev. & Tobacco",Food Products,110000000,EXPANDED,https://finance.vietstock.vn/MCM/ho-so-doanh-nghiep.htm,https://finance.vietstock.vn/MCM/tai-chinh.htm?tab=BCTT
VPD,HOSE,CTCP Phát triển Điện lực Việt Nam,Vietnam Power Development Joint Stock Company,STOCK,367.0,Phát triển Điện lực Việt Nam,Tiện ích,Tiện ích,Phát điện độc lập và điện tái tạo,Utilities,Utilities,Independent Power and Renewable Electricity Producers,106589629,EXPANDED,https://finance.vietstock.vn/VPD/ho-so-doanh-nghiep.htm,https://finance.vietstock.vn/VPD/tai-chinh.htm?tab=BCTT
DL1,HNX,CTCP Tập đoàn Alpha Seven,Alpha Seven Group JSC,STOCK,368.0,Alpha Seven,Tiện ích,Tiện ích,Phát điện độc lập và điện tái tạo,Utilities,Utilities,Independent Power and Renewable Electricity Producers,106236094,EXPANDED,https://finance.vietstock.vn/DL1/ho-so-doanh-nghiep.htm,https://finance.vietstock.vn/DL1/tai-chinh.htm?tab=BCTT
MVB,HNX,Tổng Công ty Công nghiệp mỏ Việt Bắc TKV - CTCP,Vinacomin - Vietbac Mining Industry Holding Corporation,STOCK,369.0,Công nghiệp mỏ Việt Bắc TKV - CTCP,Năng lượng,Năng lượng,Dầu khí,Energy,Energy,"Oil, Gas & Consumable Fuels",105000000,EXPANDED,https://finance.vietstock.vn/MVB/ho-so-doanh-nghiep.htm,https://finance.vietstock.vn/MVB/tai-chinh.htm?tab=BCTT
BMJ,UPCOM,CTCP Khoáng sản Miền Đông AHP,Easterns AHP Minerals Joint Stock Company,STOCK,370.0,Khoáng sản Miền Đông AHP,Nguyên vật liệu,Nguyên vật liệu,Vật liệu xây dựng,Materials,Materials,Construction Materials,104999978,EXPANDED,https://finance.vietstock.vn/BMJ/ho-so-doanh-nghiep.htm,https://finance.vietstock.vn/BMJ/tai-chinh.htm?tab=BCTT
IVS,HNX,CTCP Chứng khoán Guotai Junan (Việt Nam),Guotai Junan Securities (Vietnam) Corp.,STOCK,371.0,Chứng khoán Guotai Junan (Việt Nam),Tài chính,Dịch vụ tài chính,Thị trường vốn,Financials,Financial Services,Capital Markets,104923336,EXPANDED,https://finance.vietstock.vn/IVS/ho-so-doanh-nghiep.htm,https://finance.vietstock.vn/IVS/tai-chinh.htm?tab=BCTT
PRE,HNX,Tổng Công ty cổ phần Tái bảo hiểm Hà Nội,Hanoi Reinsurance Joint Stock Corporation,STOCK,372.0,Tái bảo hiểm Hà Nội,Tài chính,Bảo hiểm,Bảo hiểm,Financials,Insurance,Insurance,104400000,EXPANDED,https://finance.vietstock.vn/PRE/ho-so-doanh-nghiep.htm,https://finance.vietstock.vn/PRE/tai-chinh.htm?tab=BCTT
G36,UPCOM,Tổng Công ty 36 - CTCP,36 Corporation,STOCK,373.0,36 - CTCP,Công nghiệp,Hàng hóa công nghiệp,Kỹ thuật xây dựng,Industrials,Capital Goods,Construction & Engineering,103745067,EXPANDED,https://finance.vietstock.vn/G36/ho-so-doanh-nghiep.htm,https://finance.vietstock.vn/G36/tai-chinh.htm?tab=BCTT
CMX,HOSE,CTCP Camimex Group,Camimex Group JSC,STOCK,374.0,Camimex Group,Tiêu dùng thiết yếu,"Thực phẩm, đồ uống và thuốc lá",Thực phẩm,Consumer Staples,"Food, Bev. & Tobacco",Food Products,101898990,EXPANDED,https://finance.vietstock.vn/CMX/ho-so-doanh-nghiep.htm,https://finance.vietstock.vn/CMX/tai-chinh.htm?tab=BCTT
TTB,UPCOM,CTCP TTBGroup,TTBGroup Joint Stock Company,STOCK,375.0,TTBGroup,Bất động sản,Bất động sản,Quản lý và phát triển bất động sản,Real Estate,Real Estate,Real Estate Management & Development,101509583,EXPANDED,https://finance.vietstock.vn/TTB/ho-so-doanh-nghiep.htm,https://finance.vietstock.vn/TTB/tai-chinh.htm?tab=BCTT
HAR,HOSE,CTCP Đầu tư Thương mại Bất động sản An Dương Thảo Điền,An Duong Thao Dien JSC,STOCK,376.0,Đầu tư Thương mại Bất động sản An Dương Thảo Điền,Bất động sản,Bất động sản,Quản lý và phát triển bất động sản,Real Estate,Real Estate,Real Estate Management & Development,101350100,EXPANDED,https://finance.vietstock.vn/HAR/ho-so-doanh-nghiep.htm,https://finance.vietstock.vn/HAR/tai-chinh.htm?tab=BCTT
SHP,HOSE,CTCP Thủy điện Miền Nam,Southern Hydropower JSC,STOCK,377.0,Thủy điện Miền Nam,Tiện ích,Tiện ích,Phát điện độc lập và điện tái tạo,Utilities,Utilities,Independent Power and Renewable Electricity Producers,101206352,EXPANDED,https://finance.vietstock.vn/SHP/ho-so-doanh-nghiep.htm,https://finance.vietstock.vn/SHP/tai-chinh.htm?tab=BCTT
LTG,UPCOM,CTCP Tập đoàn Lộc Trời,Loc Troi Group Joint Stock Company,STOCK,378.0,Lộc Trời,Tiêu dùng thiết yếu,"Thực phẩm, đồ uống và thuốc lá",Thực phẩm,Consumer Staples,"Food, Bev. & Tobacco",Food Products,100741465,EXPANDED,https://finance.vietstock.vn/LTG/ho-so-doanh-nghiep.htm,https://finance.vietstock.vn/LTG/tai-chinh.htm?tab=BCTT
NBB,HOSE,CTCP Đầu tư Năm Bảy Bảy,577 Investment Corporation,STOCK,379.0,Đầu tư Năm Bảy Bảy,Bất động sản,Bất động sản,Quản lý và phát triển bất động sản,Real Estate,Real Estate,Real Estate Management & Development,100475656,EXPANDED,https://finance.vietstock.vn/NBB/ho-so-doanh-nghiep.htm,https://finance.vietstock.vn/NBB/tai-chinh.htm?tab=BCTT
BWS,UPCOM,CTCP Cấp nước Bà Rịa - Vũng Tàu,Ba Ria - Vung Tau Water Supply Joint Stock Company,STOCK,380.0,Cấp nước Bà Rịa - Vũng Tàu,Tiện ích,Tiện ích,Nước,Utilities,Utilities,Water Utilities,100007569,EXPANDED,https://finance.vietstock.vn/BWS/ho-so-doanh-nghiep.htm,https://finance.vietstock.vn/BWS/tai-chinh.htm?tab=BCTT
AIC,UPCOM,Tổng Công ty Cổ phần Bảo hiểm DBV,DBV Insurance Corporation,STOCK,381.0,Bảo hiểm DBV,Tài chính,Bảo hiểm,Bảo hiểm,Financials,Insurance,Insurance,100000000,EXPANDED,https://finance.vietstock.vn/AIC/ho-so-doanh-nghiep.htm,https://finance.vietstock.vn/AIC/tai-chinh.htm?tab=BCTT
BHI,UPCOM,Tổng Công ty cổ phần Bảo hiểm Sài Gòn - Hà Nội,Sai Gon - Ha Noi Insurance Corporation,STOCK,382.0,Bảo hiểm Sài Gòn - Hà Nội,Tài chính,Bảo hiểm,Bảo hiểm,Financials,Insurance,Insurance,100000000,EXPANDED,https://finance.vietstock.vn/BHI/ho-so-doanh-nghiep.htm,https://finance.vietstock.vn/BHI/tai-chinh.htm?tab=BCTT
MVC,UPCOM,CTCP Vật liệu và Xây dựng Bình Dương,Binh Duong Building Materials & Construction Corporation,STOCK,383.0,Vật liệu và Xây dựng Bình Dương,Nguyên vật liệu,Nguyên vật liệu,Vật liệu xây dựng,Materials,Materials,Construction Materials,100000000,EXPANDED,https://finance.vietstock.vn/MVC/ho-so-doanh-nghiep.htm,https://finance.vietstock.vn/MVC/tai-chinh.htm?tab=BCTT
PTL,HOSE,CTCP Victory Group,Victory Group Joint Stock Company,STOCK,384.0,Victory Group,Bất động sản,Bất động sản,Quản lý và phát triển bất động sản,Real Estate,Real Estate,Real Estate Management & Development,100000000,EXPANDED,https://finance.vietstock.vn/PTL/ho-so-doanh-nghiep.htm,https://finance.vietstock.vn/PTL/tai-chinh.htm?tab=BCTT
SID,UPCOM,CTCP Đầu tư Phát triển Sài Gòn Co.op,Saigon Co.op Investment Development Joint Stock Company,STOCK,385.0,Đầu tư Phát triển Sài Gòn Co.op,Bất động sản,Bất động sản,Quản lý và phát triển bất động sản,Real Estate,Real Estate,Real Estate Management & Development,100000000,EXPANDED,https://finance.vietstock.vn/SID/ho-so-doanh-nghiep.htm,https://finance.vietstock.vn/SID/tai-chinh.htm?tab=BCTT
S99,HNX,CTCP SCI,SCI Joint Stock Company,STOCK,386.0,SCI,Công nghiệp,Hàng hóa công nghiệp,Kỹ thuật xây dựng,Industrials,Capital Goods,Construction & Engineering,99134331,EXPANDED,https://finance.vietstock.vn/S99/ho-so-doanh-nghiep.htm,https://finance.vietstock.vn/S99/tai-chinh.htm?tab=BCTT
CDN,HNX,CTCP Cảng Đà Nẵng,Danang Port Joint Stock Company,STOCK,387.0,Cảng Đà Nẵng,Công nghiệp,Vận tải,Hạ tầng giao thông,Industrials,Transportation,Transportation Infrastructure,99000000,EXPANDED,https://finance.vietstock.vn/CDN/ho-so-doanh-nghiep.htm,https://finance.vietstock.vn/CDN/tai-chinh.htm?tab=BCTT
PGD,HOSE,CTCP Phân phối khí thấp áp Dầu khí Việt Nam,PetroVietNam Low Pressure Gas Distribution JSC,STOCK,388.0,Phân phối khí thấp áp Dầu khí Việt Nam,Tiện ích,Tiện ích,Gas sinh hoạt,Utilities,Utilities,Gas Utilities,98998266,EXPANDED,https://finance.vietstock.vn/PGD/ho-so-doanh-nghiep.htm,https://finance.vietstock.vn/PGD/tai-chinh.htm?tab=BCTT
STG,HOSE,CTCP Kho vận Miền Nam,South Logistics Joint Stock Company,STOCK,389.0,Kho vận Miền Nam,Công nghiệp,Vận tải,Hạ tầng giao thông,Industrials,Transportation,Transportation Infrastructure,98253357,EXPANDED,https://finance.vietstock.vn/STG/ho-so-doanh-nghiep.htm,https://finance.vietstock.vn/STG/tai-chinh.htm?tab=BCTT
VNG,HOSE,CTCP Du lịch Thành Thành Công,Thanh Thanh Cong Tourist Joint Stock Company,STOCK,390.0,Du lịch Thành Thành Công,Tiêu dùng không thiết yếu,Dịch vụ tiêu dùng,"Khách sạn, nhà hàng và giải trí",Consumer Discretionary,Consumer Services,"Hotels, Restaurants & Leisure",97276608,EXPANDED,https://finance.vietstock.vn/VNG/ho-so-doanh-nghiep.htm,https://finance.vietstock.vn/VNG/tai-chinh.htm?tab=BCTT
ART,UPCOM,CTCP Chứng khoán Artex,Artex Securities Joint Stock Company,STOCK,391.0,Chứng khoán Artex,Tài chính,Dịch vụ tài chính,Thị trường vốn,Financials,Financial Services,Capital Markets,96922509,EXPANDED,https://finance.vietstock.vn/ART/ho-so-doanh-nghiep.htm,https://finance.vietstock.vn/ART/tai-chinh.htm?tab=BCTT
STK,HOSE,CTCP Sợi Thế Kỷ,Century Synthetic Fiber Corporation,STOCK,392.0,Sợi Thế Kỷ,Tiêu dùng không thiết yếu,Thời trang và hàng lâu bền,Thời trang và dệt may,Consumer Discretionary,Consumer Durables & Apparel,"Textiles, Apparel & Luxury Goods",96636924,EXPANDED,https://finance.vietstock.vn/STK/ho-so-doanh-nghiep.htm,https://finance.vietstock.vn/STK/tai-chinh.htm?tab=BCTT
ITC,HOSE,CTCP Đầu tư và Kinh doanh Nhà,Investment and Trading Of Real Estate JSC,STOCK,393.0,Đầu tư và Kinh doanh Nhà,Bất động sản,Bất động sản,Quản lý và phát triển bất động sản,Real Estate,Real Estate,Real Estate Management & Development,96375409,EXPANDED,https://finance.vietstock.vn/ITC/ho-so-doanh-nghiep.htm,https://finance.vietstock.vn/ITC/tai-chinh.htm?tab=BCTT
VPH,HOSE,CTCP Vạn Phát Hưng,Van Phat Hung Corporation,STOCK,394.0,Vạn Phát Hưng,Bất động sản,Bất động sản,Quản lý và phát triển bất động sản,Real Estate,Real Estate,Real Estate Management & Development,95357800,EXPANDED,https://finance.vietstock.vn/VPH/ho-so-doanh-nghiep.htm,https://finance.vietstock.vn/VPH/tai-chinh.htm?tab=BCTT
LIG,HNX,CTCP Licogi 13,Licogi 13 JSC,STOCK,395.0,Licogi 13,Công nghiệp,Hàng hóa công nghiệp,Kỹ thuật xây dựng,Industrials,Capital Goods,Construction & Engineering,95084569,EXPANDED,https://finance.vietstock.vn/LIG/ho-so-doanh-nghiep.htm,https://finance.vietstock.vn/LIG/tai-chinh.htm?tab=BCTT
DBD,HOSE,CTCP Dược - Trang thiết bị Y tế Bình Định (Bidiphar),Binh Dinh Pharmaceutical and Medical Equipment JSC,STOCK,396.0,Dược - Trang thiết bị Y tế Bình Định (Bidiphar),Chăm sóc sức khỏe,"Dược phẩm, công nghệ sinh học và khoa học sự sống",Dược phẩm,Health Care,"Pharma., Bio. & Life Sciences",Pharmaceuticals,93593847,EXPANDED,https://finance.vietstock.vn/DBD/ho-so-doanh-nghiep.htm,https://finance.vietstock.vn/DBD/tai-chinh.htm?tab=BCTT
TBH,UPCOM,CTCP Tổng Bách Hóa,General Department Store Joint Stock Company,STOCK,397.0,Tổng Bách Hóa,Bất động sản,Bất động sản,Quản lý và phát triển bất động sản,Real Estate,Real Estate,Real Estate Management & Development,93117800,EXPANDED,https://finance.vietstock.vn/TBH/ho-so-doanh-nghiep.htm,https://finance.vietstock.vn/TBH/tai-chinh.htm?tab=BCTT
CMM,UPCOM,CTCP Camimex,Camimex Joint Stock Company,STOCK,398.0,Camimex,Tiêu dùng thiết yếu,"Thực phẩm, đồ uống và thuốc lá",Thực phẩm,Consumer Staples,"Food, Bev. & Tobacco",Food Products,91849998,EXPANDED,https://finance.vietstock.vn/CMM/ho-so-doanh-nghiep.htm,https://finance.vietstock.vn/CMM/tai-chinh.htm?tab=BCTT
HTP,UPCOM,CTCP In Sách Giáo khoa Hòa Phát,HTINVEST JSC,STOCK,399.0,In Sách Giáo khoa Hòa Phát,Công nghiệp,Dịch vụ thương mại và chuyên nghiệp,Dịch vụ và thiết bị thương mại,Industrials,Comm. & Prof. Services,Commercial Services & Supplies,91804980,EXPANDED,https://finance.vietstock.vn/HTP/ho-so-doanh-nghiep.htm,https://finance.vietstock.vn/HTP/tai-chinh.htm?tab=BCTT
TIN,UPCOM,Công Ty Tài chính Cổ phần Tín Việt,VietCredit Finance Joint Stock Company,STOCK,400.0,Công Ty Tài chính Cổ phần Tín Việt,Tài chính,Tổ chức tín dụng,Tín dụng phi ngân hàng,Financials,Banks,Non-banks Credit Institutions,91178331,EXPANDED,https://finance.vietstock.vn/TIN/ho-so-doanh-nghiep.htm,https://finance.vietstock.vn/TIN/tai-chinh.htm?tab=BCTT
ASG,HOSE,CTCP Tập đoàn ASG,ASG Corporation,STOCK,401.0,ASG,Công nghiệp,Vận tải,Vận tải và logistics hàng không,Industrials,Transportation,Air Freight & Logistics,90784669,EXPANDED,https://finance.vietstock.vn/ASG/ho-so-doanh-nghiep.htm,https://finance.vietstock.vn/ASG/tai-chinh.htm?tab=BCTT
NVT,HOSE,CTCP Bất động sản Du lịch Ninh Vân Bay,Ninh Van Bay Travel Real Estate JSC,STOCK,402.0,Bất động sản Du lịch Ninh Vân Bay,Tiêu dùng không thiết yếu,Dịch vụ tiêu dùng,"Khách sạn, nhà hàng và giải trí",Consumer Discretionary,Consumer Services,"Hotels, Restaurants & Leisure",90500000,EXPANDED,https://finance.vietstock.vn/NVT/ho-so-doanh-nghiep.htm,https://finance.vietstock.vn/NVT/tai-chinh.htm?tab=BCTT
LIC,UPCOM,Tổng Công ty LICOGI - CTCP,LICOGI Corporation - JSC,STOCK,403.0,LICOGI - CTCP,Nguyên vật liệu,Nguyên vật liệu,Vật liệu xây dựng,Materials,Materials,Construction Materials,90000000,EXPANDED,https://finance.vietstock.vn/LIC/ho-so-doanh-nghiep.htm,https://finance.vietstock.vn/LIC/tai-chinh.htm?tab=BCTT
LSG,UPCOM,CTCP Bất động sản Sài Gòn Vina,Saigon Vina Land Joint Stock Company,STOCK,404.0,Bất động sản Sài Gòn Vina,Bất động sản,Bất động sản,Quản lý và phát triển bất động sản,Real Estate,Real Estate,Real Estate Management & Development,90000000,EXPANDED,https://finance.vietstock.vn/LSG/ho-so-doanh-nghiep.htm,https://finance.vietstock.vn/LSG/tai-chinh.htm?tab=BCTT
BVL,UPCOM,CTCP BV Land,BV Land JSC,STOCK,405.0,BV Land,Công nghiệp,Hàng hóa công nghiệp,Tập đoàn đa ngành,Industrials,Capital Goods,Industrial Conglomerates,89411287,EXPANDED,https://finance.vietstock.vn/BVL/ho-so-doanh-nghiep.htm,https://finance.vietstock.vn/BVL/tai-chinh.htm?tab=BCTT
RTB,UPCOM,CTCP Cao su Tân Biên,Tan Bien Rubber JSC,STOCK,406.0,Cao su Tân Biên,Nguyên vật liệu,Nguyên vật liệu,Hóa chất,Materials,Materials,Chemicals,87945000,EXPANDED,https://finance.vietstock.vn/RTB/ho-so-doanh-nghiep.htm,https://finance.vietstock.vn/RTB/tai-chinh.htm?tab=BCTT
HWS,UPCOM,CTCP Cấp nước Huế,Hue Water Supply Joint Stock Company,STOCK,407.0,Cấp nước Huế,Tiện ích,Tiện ích,Nước,Utilities,Utilities,Water Utilities,87600000,EXPANDED,https://finance.vietstock.vn/HWS/ho-so-doanh-nghiep.htm,https://finance.vietstock.vn/HWS/tai-chinh.htm?tab=BCTT
SBB,UPCOM,CTCP Tập đoàn Bia Sài Gòn - Bình Tây,SaiGon Binh Tay Beer Group Joint Stock Company,STOCK,408.0,Bia Sài Gòn - Bình Tây,Tiêu dùng thiết yếu,"Thực phẩm, đồ uống và thuốc lá",Đồ uống,Consumer Staples,"Food, Bev. & Tobacco",Beverages,87524536,EXPANDED,https://finance.vietstock.vn/SBB/ho-so-doanh-nghiep.htm,https://finance.vietstock.vn/SBB/tai-chinh.htm?tab=BCTT
IFS,UPCOM,CTCP Thực phẩm Quốc tế,Interfood Shareholding Company,STOCK,409.0,Thực phẩm Quốc tế,Tiêu dùng thiết yếu,"Thực phẩm, đồ uống và thuốc lá",Đồ uống,Consumer Staples,"Food, Bev. & Tobacco",Beverages,87140984,EXPANDED,https://finance.vietstock.vn/IFS/ho-so-doanh-nghiep.htm,https://finance.vietstock.vn/IFS/tai-chinh.htm?tab=BCTT
DPR,HOSE,CTCP Cao su Đồng Phú,Dong Phu Rubber Joint Stock Company,STOCK,410.0,Cao su Đồng Phú,Nguyên vật liệu,Nguyên vật liệu,Hóa chất,Materials,Materials,Chemicals,86885932,EXPANDED,https://finance.vietstock.vn/DPR/ho-so-doanh-nghiep.htm,https://finance.vietstock.vn/DPR/tai-chinh.htm?tab=BCTT
CLX,UPCOM,CTCP Xuất nhập khẩu và Đầu tư Chợ Lớn (CHOLIMEX),Cho Lon Investment And Import Export Corporation (CHOLIMEX),STOCK,411.0,Xuất nhập khẩu và Đầu tư Chợ Lớn (CHOLIMEX),Tiêu dùng thiết yếu,Thương mại hàng thiết yếu,Thương mại hàng thiết yếu,Consumer Staples,Consumer Staples Dist. & Retail,Consumer Staples Distribution & Retail,86600000,EXPANDED,https://finance.vietstock.vn/CLX/ho-so-doanh-nghiep.htm,https://finance.vietstock.vn/CLX/tai-chinh.htm?tab=BCTT
TLG,HOSE,CTCP Tập đoàn Thiên Long,Thien Long Group Corporation,STOCK,412.0,Thiên Long,Công nghiệp,Dịch vụ thương mại và chuyên nghiệp,Dịch vụ và thiết bị thương mại,Industrials,Comm. & Prof. Services,Commercial Services & Supplies,86453575,EXPANDED,https://finance.vietstock.vn/TLG/ho-so-doanh-nghiep.htm,https://finance.vietstock.vn/TLG/tai-chinh.htm?tab=BCTT
LSS,HOSE,CTCP Mía Đường Lam Sơn,Lam Son Sugar Joint Stock Corporation,STOCK,413.0,Mía Đường Lam Sơn,Tiêu dùng thiết yếu,"Thực phẩm, đồ uống và thuốc lá",Thực phẩm,Consumer Staples,"Food, Bev. & Tobacco",Food Products,85741623,EXPANDED,https://finance.vietstock.vn/LSS/ho-so-doanh-nghiep.htm,https://finance.vietstock.vn/LSS/tai-chinh.htm?tab=BCTT
SCG,HNX,CTCP Tập đoàn Xây dựng SCG,SCG Construction Group Joint Stock Company,STOCK,414.0,Xây dựng SCG,Công nghiệp,Hàng hóa công nghiệp,Kỹ thuật xây dựng,Industrials,Capital Goods,Construction & Engineering,85000000,EXPANDED,https://finance.vietstock.vn/SCG/ho-so-doanh-nghiep.htm,https://finance.vietstock.vn/SCG/tai-chinh.htm?tab=BCTT
DAH,HOSE,CTCP Tập đoàn Khách sạn Đông Á,Dong A Hotel Group JSC,STOCK,415.0,Khách sạn Đông Á,Tiêu dùng không thiết yếu,Dịch vụ tiêu dùng,"Khách sạn, nhà hàng và giải trí",Consumer Discretionary,Consumer Services,"Hotels, Restaurants & Leisure",84200000,EXPANDED,https://finance.vietstock.vn/DAH/ho-so-doanh-nghiep.htm,https://finance.vietstock.vn/DAH/tai-chinh.htm?tab=BCTT
VCP,UPCOM,CTCP Xây Dựng Và Năng Lượng VCP,VCP Power & Construction Joint Stock Company,STOCK,416.0,Xây Dựng Và Năng Lượng VCP,Tiện ích,Tiện ích,Điện,Utilities,Utilities,Electric Utilities,83789658,EXPANDED,https://finance.vietstock.vn/VCP/ho-so-doanh-nghiep.htm,https://finance.vietstock.vn/VCP/tai-chinh.htm?tab=BCTT
IBC,UPCOM,CTCP Đầu tư Apax Holdings,Apax Holdings Joint Stock Company,STOCK,417.0,Đầu tư Apax Holdings,Tiêu dùng không thiết yếu,Dịch vụ tiêu dùng,Dịch vụ tiêu dùng khác,Consumer Discretionary,Consumer Services,Diversified Consumer Services,83150661,EXPANDED,https://finance.vietstock.vn/IBC/ho-so-doanh-nghiep.htm,https://finance.vietstock.vn/IBC/tai-chinh.htm?tab=BCTT
DHT,HNX,CTCP Dược phẩm Hà Tây,Ha Tay Pharmaceutical Joint Stock Company,STOCK,418.0,Dược phẩm Hà Tây,Chăm sóc sức khỏe,"Dược phẩm, công nghệ sinh học và khoa học sự sống",Dược phẩm,Health Care,"Pharma., Bio. & Life Sciences",Pharmaceuticals,82341773,EXPANDED,https://finance.vietstock.vn/DHT/ho-so-doanh-nghiep.htm,https://finance.vietstock.vn/DHT/tai-chinh.htm?tab=BCTT
VGR,UPCOM,CTCP Cảng Xanh Vip,Vip Greenport Joint Stock Company,STOCK,419.0,Cảng Xanh Vip,Công nghiệp,Vận tải,Hạ tầng giao thông,Industrials,Transportation,Transportation Infrastructure,82224959,EXPANDED,https://finance.vietstock.vn/VGR/ho-so-doanh-nghiep.htm,https://finance.vietstock.vn/VGR/tai-chinh.htm?tab=BCTT
BMP,HOSE,CTCP Nhựa Bình Minh,Binh Minh Plastics Joint Stock Company,STOCK,420.0,Nhựa Bình Minh,Công nghiệp,Hàng hóa công nghiệp,Sản phẩm xây dựng,Industrials,Capital Goods,Building Products,81860938,EXPANDED,https://finance.vietstock.vn/BMP/ho-so-doanh-nghiep.htm,https://finance.vietstock.vn/BMP/tai-chinh.htm?tab=BCTT
SBR,UPCOM,CTCP Cao su Sông Bé,Song Be Rubber Joint Stock Company,STOCK,421.0,Cao su Sông Bé,Nguyên vật liệu,Nguyên vật liệu,Hóa chất,Materials,Materials,Chemicals,81396192,EXPANDED,https://finance.vietstock.vn/SBR/ho-so-doanh-nghiep.htm,https://finance.vietstock.vn/SBR/tai-chinh.htm?tab=BCTT
VSN,UPCOM,CTCP Việt Nam Kỹ nghệ Súc sản,Vissan Joint Stock Company,STOCK,422.0,Việt Nam Kỹ nghệ Súc sản,Tiêu dùng thiết yếu,"Thực phẩm, đồ uống và thuốc lá",Thực phẩm,Consumer Staples,"Food, Bev. & Tobacco",Food Products,80914300,EXPANDED,https://finance.vietstock.vn/VSN/ho-so-doanh-nghiep.htm,https://finance.vietstock.vn/VSN/tai-chinh.htm?tab=BCTT
DFF,UPCOM,CTCP Tập đoàn Đua Fat,Dua Fat Group JSC,STOCK,423.0,Đua Fat,Công nghiệp,Hàng hóa công nghiệp,Kỹ thuật xây dựng,Industrials,Capital Goods,Construction & Engineering,80000000,EXPANDED,https://finance.vietstock.vn/DFF/ho-so-doanh-nghiep.htm,https://finance.vietstock.vn/DFF/tai-chinh.htm?tab=BCTT
LLM,UPCOM,Tổng Công ty Lắp máy Việt Nam - CTCP,Viet Nam Machinery Installation Corporation - JSC,STOCK,424.0,Lắp máy Việt Nam - CTCP,Công nghiệp,Hàng hóa công nghiệp,Kỹ thuật xây dựng,Industrials,Capital Goods,Construction & Engineering,79726104,EXPANDED,https://finance.vietstock.vn/LLM/ho-so-doanh-nghiep.htm,https://finance.vietstock.vn/LLM/tai-chinh.htm?tab=BCTT
SJF,UPCOM,CTCP Đầu tư Sao Thái Dương,Sunstar Investment Joint Stock Company,STOCK,425.0,Đầu tư Sao Thái Dương,Nguyên vật liệu,Nguyên vật liệu,Gỗ và giấy,Materials,Materials,Paper & Forest Products,79200000,EXPANDED,https://finance.vietstock.vn/SJF/ho-so-doanh-nghiep.htm,https://finance.vietstock.vn/SJF/tai-chinh.htm?tab=BCTT
DGT,UPCOM,CTCP Công trình Giao thông Đồng Nai,DONA Transportation Construction Joint Stock Company,STOCK,426.0,Công trình Giao thông Đồng Nai,Nguyên vật liệu,Nguyên vật liệu,Vật liệu xây dựng,Materials,Materials,Construction Materials,79000000,EXPANDED,https://finance.vietstock.vn/DGT/ho-so-doanh-nghiep.htm,https://finance.vietstock.vn/DGT/tai-chinh.htm?tab=BCTT
CTX,UPCOM,Tổng Công ty cổ phần Đầu tư Xây dựng và Thương mại Việt Nam,Vietnam Investment Construction and Trading Joint Stock Corporation,STOCK,427.0,Đầu tư Xây dựng và Thương mại Việt Nam,Bất động sản,Bất động sản,Bất động sản đa dạng,Real Estate,Real Estate,Diversified Real Estate Activities,78907276,EXPANDED,https://finance.vietstock.vn/CTX/ho-so-doanh-nghiep.htm,https://finance.vietstock.vn/CTX/tai-chinh.htm?tab=BCTT
LDW,UPCOM,CTCP Cấp thoát nước Lâm Đồng,Lam Dong Water Supply And Sewerage JSC,STOCK,428.0,Cấp thoát nước Lâm Đồng,Tiện ích,Tiện ích,Nước,Utilities,Utilities,Water Utilities,78800000,EXPANDED,https://finance.vietstock.vn/LDW/ho-so-doanh-nghiep.htm,https://finance.vietstock.vn/LDW/tai-chinh.htm?tab=BCTT
SLD,UPCOM,CTCP Địa ốc Sacom,Sacom Land Corporation,STOCK,429.0,Địa ốc Sacom,Bất động sản,Bất động sản,Quản lý và phát triển bất động sản,Real Estate,Real Estate,Real Estate Management & Development,78573095,EXPANDED,https://finance.vietstock.vn/SLD/ho-so-doanh-nghiep.htm,https://finance.vietstock.vn/SLD/tai-chinh.htm?tab=BCTT
TAR,UPCOM,CTCP Nông nghiệp Công nghệ cao Trung An,Trung An Hi-Tech Farming JSC,STOCK,430.0,Nông nghiệp Công nghệ cao Trung An,Tiêu dùng thiết yếu,"Thực phẩm, đồ uống và thuốc lá",Thực phẩm,Consumer Staples,"Food, Bev. & Tobacco",Food Products,78319777,EXPANDED,https://finance.vietstock.vn/TAR/ho-so-doanh-nghiep.htm,https://finance.vietstock.vn/TAR/tai-chinh.htm?tab=BCTT
TLD,HOSE,CTCP Đầu tư Xây dựng và Phát triển Đô thị Thăng Long,Thang Long Urban Development And Construction Investment JSC,STOCK,431.0,Đầu tư Xây dựng và Phát triển Đô thị Thăng Long,Nguyên vật liệu,Nguyên vật liệu,Vật liệu xây dựng,Materials,Materials,Construction Materials,77741356,EXPANDED,https://finance.vietstock.vn/TLD/ho-so-doanh-nghiep.htm,https://finance.vietstock.vn/TLD/tai-chinh.htm?tab=BCTT
HID,HOSE,CTCP Halcom Việt Nam,Halcom Vietnam JSC,STOCK,432.0,Halcom Việt Nam,Công nghiệp,Hàng hóa công nghiệp,Phân phối hàng công nghiệp,Industrials,Capital Goods,Trading Companies & Distributors,76765032,EXPANDED,https://finance.vietstock.vn/HID/ho-so-doanh-nghiep.htm,https://finance.vietstock.vn/HID/tai-chinh.htm?tab=BCTT
ADS,HOSE,CTCP Damsan,DamSan Joint Stock Company,STOCK,433.0,Damsan,Tiêu dùng không thiết yếu,Thời trang và hàng lâu bền,Thời trang và dệt may,Consumer Discretionary,Consumer Durables & Apparel,"Textiles, Apparel & Luxury Goods",76394727,EXPANDED,https://finance.vietstock.vn/ADS/ho-so-doanh-nghiep.htm,https://finance.vietstock.vn/ADS/tai-chinh.htm?tab=BCTT
SGI,UPCOM,CTCP Đầu tư Phát triển Sài Gòn 3 Group,Saigon3 Group Investment Development JSC,STOCK,434.0,Đầu tư Phát triển Sài Gòn 3 Group,Tiêu dùng không thiết yếu,Thời trang và hàng lâu bền,Thời trang và dệt may,Consumer Discretionary,Consumer Durables & Apparel,"Textiles, Apparel & Luxury Goods",75464700,EXPANDED,https://finance.vietstock.vn/SGI/ho-so-doanh-nghiep.htm,https://finance.vietstock.vn/SGI/tai-chinh.htm?tab=BCTT
AVC,UPCOM,CTCP Thủy điện A Vương,A Vuong Hydropower JSC,STOCK,435.0,Thủy điện A Vương,Tiện ích,Tiện ích,Phát điện độc lập và điện tái tạo,Utilities,Utilities,Independent Power and Renewable Electricity Producers,75052052,EXPANDED,https://finance.vietstock.vn/AVC/ho-so-doanh-nghiep.htm,https://finance.vietstock.vn/AVC/tai-chinh.htm?tab=BCTT
CQN,UPCOM,CTCP Cảng Quảng Ninh,QUANG NINH PORT JSC,STOCK,436.0,Cảng Quảng Ninh,Công nghiệp,Vận tải,Hạ tầng giao thông,Industrials,Transportation,Transportation Infrastructure,75049936,EXPANDED,https://finance.vietstock.vn/CQN/ho-so-doanh-nghiep.htm,https://finance.vietstock.vn/CQN/tai-chinh.htm?tab=BCTT
VCW,UPCOM,CTCP Đầu tư Nước sạch Sông Đà,Song Da Water Investment JSC,STOCK,437.0,Đầu tư Nước sạch Sông Đà,Tiện ích,Tiện ích,Nước,Utilities,Utilities,Water Utilities,75000000,EXPANDED,https://finance.vietstock.vn/VCW/ho-so-doanh-nghiep.htm,https://finance.vietstock.vn/VCW/tai-chinh.htm?tab=BCTT
TSJ,UPCOM,CTCP Du lịch Dịch vụ Hà Nội,HaNoi Tourist Service Joint Stock Company,STOCK,438.0,Du lịch Dịch vụ Hà Nội,Tiêu dùng không thiết yếu,Dịch vụ tiêu dùng,"Khách sạn, nhà hàng và giải trí",Consumer Discretionary,Consumer Services,"Hotels, Restaurants & Leisure",74800000,EXPANDED,https://finance.vietstock.vn/TSJ/ho-so-doanh-nghiep.htm,https://finance.vietstock.vn/TSJ/tai-chinh.htm?tab=BCTT
HOM,HNX,CTCP Xi măng VICEM Hoàng Mai,Vicem Hoang Mai Cement JSC,STOCK,439.0,Xi măng VICEM Hoàng Mai,Nguyên vật liệu,Nguyên vật liệu,Vật liệu xây dựng,Materials,Materials,Construction Materials,74769131,EXPANDED,https://finance.vietstock.vn/HOM/ho-so-doanh-nghiep.htm,https://finance.vietstock.vn/HOM/tai-chinh.htm?tab=BCTT
PPH,UPCOM,Tổng Công ty cổ phần Phong Phú,Phong Phu Corporation,STOCK,440.0,Phong Phú,Tiêu dùng không thiết yếu,Thời trang và hàng lâu bền,Thời trang và dệt may,Consumer Discretionary,Consumer Durables & Apparel,"Textiles, Apparel & Luxury Goods",74670891,EXPANDED,https://finance.vietstock.vn/PPH/ho-so-doanh-nghiep.htm,https://finance.vietstock.vn/PPH/tai-chinh.htm?tab=BCTT
HPW,UPCOM,CTCP Cấp nước Hải Phòng,Hai Phong Water JSC,STOCK,441.0,Cấp nước Hải Phòng,Tiện ích,Tiện ích,Nước,Utilities,Utilities,Water Utilities,74206940,EXPANDED,https://finance.vietstock.vn/HPW/ho-so-doanh-nghiep.htm,https://finance.vietstock.vn/HPW/tai-chinh.htm?tab=BCTT
SMC,HOSE,CTCP Đầu tư Thương mại SMC,SMC Trading Investment Joint Stock Company,STOCK,442.0,Đầu tư Thương mại SMC,Nguyên vật liệu,Nguyên vật liệu,Khai khoáng và luyện kim,Materials,Materials,Metals & Mining,73678587,EXPANDED,https://finance.vietstock.vn/SMC/ho-so-doanh-nghiep.htm,https://finance.vietstock.vn/SMC/tai-chinh.htm?tab=BCTT
ABI,UPCOM,CTCP Bảo hiểm Ngân hàng Nông nghiệp Việt Nam,Agriculture Bank Insurance Joint Stock Corporation,STOCK,443.0,Bảo hiểm Ngân hàng Nông nghiệp Việt Nam,Tài chính,Bảo hiểm,Bảo hiểm,Financials,Insurance,Insurance,72391750,EXPANDED,https://finance.vietstock.vn/ABI/ho-so-doanh-nghiep.htm,https://finance.vietstock.vn/ABI/tai-chinh.htm?tab=BCTT
XMC,UPCOM,CTCP Đầu tư và Xây dựng Xuân Mai,Xuan Mai Investment and Construction Corporation,STOCK,444.0,Đầu tư và Xây dựng Xuân Mai,Công nghiệp,Hàng hóa công nghiệp,Kỹ thuật xây dựng,Industrials,Capital Goods,Construction & Engineering,71405689,EXPANDED,https://finance.vietstock.vn/XMC/ho-so-doanh-nghiep.htm,https://finance.vietstock.vn/XMC/tai-chinh.htm?tab=BCTT
AAT,HOSE,CTCP Tập Đoàn Tiên Sơn Thanh Hóa,Tien Son Thanh Hoa Group JSC,STOCK,445.0,Tiên Sơn Thanh Hóa,Tiêu dùng không thiết yếu,Thời trang và hàng lâu bền,Thời trang và dệt may,Consumer Discretionary,Consumer Durables & Apparel,"Textiles, Apparel & Luxury Goods",70819103,EXPANDED,https://finance.vietstock.vn/AAT/ho-so-doanh-nghiep.htm,https://finance.vietstock.vn/AAT/tai-chinh.htm?tab=BCTT
FIR,HOSE,CTCP Địa ốc First Real,First Real Joint Stock Company,STOCK,446.0,Địa ốc First Real,Bất động sản,Bất động sản,Quản lý và phát triển bất động sản,Real Estate,Real Estate,Real Estate Management & Development,70669620,EXPANDED,https://finance.vietstock.vn/FIR/ho-so-doanh-nghiep.htm,https://finance.vietstock.vn/FIR/tai-chinh.htm?tab=BCTT
PLP,HOSE,CTCP Sản xuất và Công nghệ Nhựa Pha Lê,Pha Le Plastics Manufacturing and Technology Joint Stock Company,STOCK,447.0,Sản xuất và Công nghệ Nhựa Pha Lê,Nguyên vật liệu,Nguyên vật liệu,Hóa chất,Materials,Materials,Chemicals,70000000,EXPANDED,https://finance.vietstock.vn/PLP/ho-so-doanh-nghiep.htm,https://finance.vietstock.vn/PLP/tai-chinh.htm?tab=BCTT
TMP,HOSE,CTCP Thủy điện Thác Mơ,Thac Mo Hydro Power Joint Stock Company,STOCK,448.0,Thủy điện Thác Mơ,Tiện ích,Tiện ích,Phát điện độc lập và điện tái tạo,Utilities,Utilities,Independent Power and Renewable Electricity Producers,70000000,EXPANDED,https://finance.vietstock.vn/TMP/ho-so-doanh-nghiep.htm,https://finance.vietstock.vn/TMP/tai-chinh.htm?tab=BCTT
SGR,HOSE,CTCP Tổng CTCP Địa ốc Sài Gòn,Saigon Real Estate Group Joint Stock Company,STOCK,449.0,Tổng CTCP Địa ốc Sài Gòn,Bất động sản,Bất động sản,Dịch vụ bất động sản,Real Estate,Real Estate,Real Estate Services,69875000,EXPANDED,https://finance.vietstock.vn/SGR/ho-so-doanh-nghiep.htm,https://finance.vietstock.vn/SGR/tai-chinh.htm?tab=BCTT
QBS,UPCOM,CTCP Xuất nhập khẩu Quảng Bình,Quang Binh Import & Export JSC,STOCK,450.0,Xuất nhập khẩu Quảng Bình,Nguyên vật liệu,Nguyên vật liệu,Hóa chất,Materials,Materials,Chemicals,69329928,EXPANDED,https://finance.vietstock.vn/QBS/ho-so-doanh-nghiep.htm,https://finance.vietstock.vn/QBS/tai-chinh.htm?tab=BCTT
DAT,HOSE,CTCP Đầu tư du lịch và Phát triển Thủy sản,Travel Investment And Seafood Development Corporation,STOCK,451.0,Đầu tư du lịch và Phát triển Thủy sản,Tiêu dùng thiết yếu,"Thực phẩm, đồ uống và thuốc lá",Thực phẩm,Consumer Staples,"Food, Bev. & Tobacco",Food Products,69228341,EXPANDED,https://finance.vietstock.vn/DAT/ho-so-doanh-nghiep.htm,https://finance.vietstock.vn/DAT/tai-chinh.htm?tab=BCTT
VST,UPCOM,CTCP Vận tải và Thuê tàu biển Việt Nam,Vietnam Sea Transport and Chartering Joint Stock Company,STOCK,452.0,Vận tải và Thuê tàu biển Việt Nam,Công nghiệp,Vận tải,Vận tải biển,Industrials,Transportation,Marine Transportation,68999337,EXPANDED,https://finance.vietstock.vn/VST/ho-so-doanh-nghiep.htm,https://finance.vietstock.vn/VST/tai-chinh.htm?tab=BCTT
SJD,HOSE,CTCP Thủy điện Cần Đơn,Candon HydroPower Joint Stock Company,STOCK,453.0,Thủy điện Cần Đơn,Tiện ích,Tiện ích,Phát điện độc lập và điện tái tạo,Utilities,Utilities,Independent Power and Renewable Electricity Producers,68998620,EXPANDED,https://finance.vietstock.vn/SJD/ho-so-doanh-nghiep.htm,https://finance.vietstock.vn/SJD/tai-chinh.htm?tab=BCTT
VC2,HNX,CTCP Đầu tư và Xây dựng Vina2,Vina2 Invest And Construction Joint Stock Company No2,STOCK,454.0,Đầu tư và Xây dựng Vina2,Công nghiệp,Hàng hóa công nghiệp,Kỹ thuật xây dựng,Industrials,Capital Goods,Construction & Engineering,68769410,EXPANDED,https://finance.vietstock.vn/VC2/ho-so-doanh-nghiep.htm,https://finance.vietstock.vn/VC2/tai-chinh.htm?tab=BCTT
VIP,HOSE,CTCP Vận tải Xăng dầu VIPCO,Vietnam Petroleum Transport Joint Stock Company,STOCK,455.0,Vận tải Xăng dầu VIPCO,Năng lượng,Năng lượng,Dầu khí,Energy,Energy,"Oil, Gas & Consumable Fuels",68470941,EXPANDED,https://finance.vietstock.vn/VIP/ho-so-doanh-nghiep.htm,https://finance.vietstock.vn/VIP/tai-chinh.htm?tab=BCTT
VNB,UPCOM,CTCP Sách Việt Nam,Viet Nam Books JSC,STOCK,456.0,Sách Việt Nam,Dịch vụ truyền thông,Truyền thông và giải trí,Truyền thông,Communication Services,Media & Entertainment,Media,67909960,EXPANDED,https://finance.vietstock.vn/VNB/ho-so-doanh-nghiep.htm,https://finance.vietstock.vn/VNB/tai-chinh.htm?tab=BCTT
VNS,HOSE,CTCP Ánh Dương Việt Nam,VietNam Sun Copporation,STOCK,457.0,Ánh Dương Việt Nam,Công nghiệp,Vận tải,Vận tải mặt đất,Industrials,Transportation,Ground Transportation,67859192,EXPANDED,https://finance.vietstock.vn/VNS/ho-so-doanh-nghiep.htm,https://finance.vietstock.vn/VNS/tai-chinh.htm?tab=BCTT
GSP,HOSE,CTCP Vận tải Sản Phẩm Khí Quốc tế,International Gas Product Shipping JSC,STOCK,458.0,Vận tải Sản Phẩm Khí Quốc tế,Năng lượng,Năng lượng,Dầu khí,Energy,Energy,"Oil, Gas & Consumable Fuels",67517050,EXPANDED,https://finance.vietstock.vn/GSP/ho-so-doanh-nghiep.htm,https://finance.vietstock.vn/GSP/tai-chinh.htm?tab=BCTT
SWC,UPCOM,Tổng Công ty cổ phần Đường sông Miền Nam,Southern Waterborne Transport Corporation,STOCK,459.0,Đường sông Miền Nam,Công nghiệp,Vận tải,Vận tải biển,Industrials,Transportation,Marine Transportation,67100000,EXPANDED,https://finance.vietstock.vn/SWC/ho-so-doanh-nghiep.htm,https://finance.vietstock.vn/SWC/tai-chinh.htm?tab=BCTT
PTB,HOSE,CTCP Phú Tài,Phu Tai Joint Stock Company,STOCK,460.0,Phú Tài,Nguyên vật liệu,Nguyên vật liệu,Gỗ và giấy,Materials,Materials,Paper & Forest Products,66938403,EXPANDED,https://finance.vietstock.vn/PTB/ho-so-doanh-nghiep.htm,https://finance.vietstock.vn/PTB/tai-chinh.htm?tab=BCTT
BSA,UPCOM,CTCP Thủy điện Buôn Đôn,Buon Don Hydropower JSC,STOCK,461.0,Thủy điện Buôn Đôn,Tiện ích,Tiện ích,Phát điện độc lập và điện tái tạo,Utilities,Utilities,Independent Power and Renewable Electricity Producers,66850975,EXPANDED,https://finance.vietstock.vn/BSA/ho-so-doanh-nghiep.htm,https://finance.vietstock.vn/BSA/tai-chinh.htm?tab=BCTT
SVC,HOSE,CTCP Dịch vụ Tổng hợp Sài Gòn,Saigon General Service Corporation,STOCK,462.0,Dịch vụ Tổng hợp Sài Gòn,Tiêu dùng không thiết yếu,Thương mại hàng không thiết yếu,Bán lẻ chuyên doanh,Consumer Discretionary,Consumer Discre. Dist. & Retail,Specialty Retail,66630564,EXPANDED,https://finance.vietstock.vn/SVC/ho-so-doanh-nghiep.htm,https://finance.vietstock.vn/SVC/tai-chinh.htm?tab=BCTT
SKG,HOSE,CTCP Tàu cao tốc Superdong - Kiên Giang,Superdong Fast Ferry Kieng Giang JSC,STOCK,463.0,Tàu cao tốc Superdong - Kiên Giang,Công nghiệp,Vận tải,Vận tải biển,Industrials,Transportation,Marine Transportation,66497697,EXPANDED,https://finance.vietstock.vn/SKG/ho-so-doanh-nghiep.htm,https://finance.vietstock.vn/SKG/tai-chinh.htm?tab=BCTT
PDV,UPCOM,CTCP Vận Tải Và Tiếp Vận Phương Đông Việt,Phuong Dong Viet Shipping And Logistics Corporation,STOCK,464.0,Vận Tải Và Tiếp Vận Phương Đông Việt,Công nghiệp,Vận tải,Vận tải biển,Industrials,Transportation,Marine Transportation,66095966,EXPANDED,https://finance.vietstock.vn/PDV/ho-so-doanh-nghiep.htm,https://finance.vietstock.vn/PDV/tai-chinh.htm?tab=BCTT
BHA,UPCOM,CTCP Thủy điện Bắc Hà,Bac Ha Hydropower JSC,STOCK,465.0,Thủy điện Bắc Hà,Tiện ích,Tiện ích,Phát điện độc lập và điện tái tạo,Utilities,Utilities,Independent Power and Renewable Electricity Producers,66000000,EXPANDED,https://finance.vietstock.vn/BHA/ho-so-doanh-nghiep.htm,https://finance.vietstock.vn/BHA/tai-chinh.htm?tab=BCTT
CNT,UPCOM,CTCP Tập đoàn CNT,CNT Group Corporation,STOCK,466.0,CNT,Bất động sản,Bất động sản,Quản lý và phát triển bất động sản,Real Estate,Real Estate,Real Estate Management & Development,65480283,EXPANDED,https://finance.vietstock.vn/CNT/ho-so-doanh-nghiep.htm,https://finance.vietstock.vn/CNT/tai-chinh.htm?tab=BCTT
FMC,HOSE,CTCP Thực phẩm Sao Ta,Sao Ta Foods Joint Stock Company,STOCK,467.0,Thực phẩm Sao Ta,Tiêu dùng thiết yếu,"Thực phẩm, đồ uống và thuốc lá",Thực phẩm,Consumer Staples,"Food, Bev. & Tobacco",Food Products,65388889,EXPANDED,https://finance.vietstock.vn/FMC/ho-so-doanh-nghiep.htm,https://finance.vietstock.vn/FMC/tai-chinh.htm?tab=BCTT
AME,HNX,CTCP Alphanam E&C,Alphanam E&C Joint Stock Company,STOCK,468.0,Alphanam E&C,Công nghiệp,Hàng hóa công nghiệp,Thiết bị điện,Industrials,Capital Goods,Electrical Equipment,65200000,EXPANDED,https://finance.vietstock.vn/AME/ho-so-doanh-nghiep.htm,https://finance.vietstock.vn/AME/tai-chinh.htm?tab=BCTT
TIP,HOSE,CTCP Phát triển Khu Công nghiệp Tín Nghĩa,Tin Nghia Industrial Park Development JSC,STOCK,469.0,Phát triển Khu Công nghiệp Tín Nghĩa,Bất động sản,Bất động sản,Quản lý và phát triển bất động sản,Real Estate,Real Estate,Real Estate Management & Development,65007857,EXPANDED,https://finance.vietstock.vn/TIP/ho-so-doanh-nghiep.htm,https://finance.vietstock.vn/TIP/tai-chinh.htm?tab=BCTT
LIX,HOSE,CTCP Bột Giặt Lix,Lix Detergent Joint Stock Company,STOCK,470.0,Bột Giặt Lix,Tiêu dùng thiết yếu,Sản phẩm chăm sóc cá nhân và gia đình,Sản phẩm chăm sóc gia đình,Consumer Staples,Household & Personal Products,Household Products,64800000,EXPANDED,https://finance.vietstock.vn/LIX/ho-so-doanh-nghiep.htm,https://finance.vietstock.vn/LIX/tai-chinh.htm?tab=BCTT
SII,UPCOM,CTCP Hạ tầng Nước Sài Gòn,Sai Gon Water Infrastructure Corporation,STOCK,471.0,Hạ tầng Nước Sài Gòn,Tiện ích,Tiện ích,Nước,Utilities,Utilities,Water Utilities,64522104,EXPANDED,https://finance.vietstock.vn/SII/ho-so-doanh-nghiep.htm,https://finance.vietstock.vn/SII/tai-chinh.htm?tab=BCTT
OPC,HOSE,CTCP Dược phẩm OPC,OPC Pharmaceutical Joint Stock Company,STOCK,472.0,Dược phẩm OPC,Chăm sóc sức khỏe,"Dược phẩm, công nghệ sinh học và khoa học sự sống",Dược phẩm,Health Care,"Pharma., Bio. & Life Sciences",Pharmaceuticals,64050892,EXPANDED,https://finance.vietstock.vn/OPC/ho-so-doanh-nghiep.htm,https://finance.vietstock.vn/OPC/tai-chinh.htm?tab=BCTT
TBC,HOSE,CTCP Thủy điện Thác Bà,Thac Ba Hydro Power Joint Stock Company,STOCK,473.0,Thủy điện Thác Bà,Tiện ích,Tiện ích,Phát điện độc lập và điện tái tạo,Utilities,Utilities,Independent Power and Renewable Electricity Producers,63500000,EXPANDED,https://finance.vietstock.vn/TBC/ho-so-doanh-nghiep.htm,https://finance.vietstock.vn/TBC/tai-chinh.htm?tab=BCTT
TD6,HNX,CTCP Than Đèo Nai - Cọc Sáu - TKV,Deo Nai ? Coc Sau ? TKV Coal Joint Stock Company,STOCK,474.0,Than Đèo Nai - Cọc Sáu - TKV,Năng lượng,Năng lượng,Dầu khí,Energy,Energy,"Oil, Gas & Consumable Fuels",61935202,EXPANDED,https://finance.vietstock.vn/TD6/ho-so-doanh-nghiep.htm,https://finance.vietstock.vn/TD6/tai-chinh.htm?tab=BCTT
IDP,UPCOM,CTCP Sữa Quốc tế Lof,Lof International Dairy Products Joint Stock Company,STOCK,475.0,Sữa Quốc tế Lof,Tiêu dùng thiết yếu,"Thực phẩm, đồ uống và thuốc lá",Thực phẩm,Consumer Staples,"Food, Bev. & Tobacco",Food Products,61804472,EXPANDED,https://finance.vietstock.vn/IDP/ho-so-doanh-nghiep.htm,https://finance.vietstock.vn/IDP/tai-chinh.htm?tab=BCTT
VGS,HNX,CTCP Ống thép Việt - Đức VG PIPE,Vietnam Germany Steel Pipe JSC,STOCK,476.0,Ống thép Việt - Đức VG PIPE,Nguyên vật liệu,Nguyên vật liệu,Khai khoáng và luyện kim,Materials,Materials,Metals & Mining,61524155,EXPANDED,https://finance.vietstock.vn/VGS/ho-so-doanh-nghiep.htm,https://finance.vietstock.vn/VGS/tai-chinh.htm?tab=BCTT
DTL,HOSE,CTCP Đại Thiên Lộc,Dai Thien Loc Corporation,STOCK,477.0,Đại Thiên Lộc,Nguyên vật liệu,Nguyên vật liệu,Khai khoáng và luyện kim,Materials,Materials,Metals & Mining,61435604,EXPANDED,https://finance.vietstock.vn/DTL/ho-so-doanh-nghiep.htm,https://finance.vietstock.vn/DTL/tai-chinh.htm?tab=BCTT
KPF,UPCOM,CTCP Đầu tư tài sản Koji,Koji Asset Investment Joint Stock Company,STOCK,478.0,Đầu tư tài sản Koji,Bất động sản,Bất động sản,Quản lý và phát triển bất động sản,Real Estate,Real Estate,Real Estate Management & Development,60867241,EXPANDED,https://finance.vietstock.vn/KPF/ho-so-doanh-nghiep.htm,https://finance.vietstock.vn/KPF/tai-chinh.htm?tab=BCTT
SBA,HOSE,CTCP Sông Ba,Song Ba JSC,STOCK,479.0,Sông Ba,Tiện ích,Tiện ích,Phát điện độc lập và điện tái tạo,Utilities,Utilities,Independent Power and Renewable Electricity Producers,60488261,EXPANDED,https://finance.vietstock.vn/SBA/ho-so-doanh-nghiep.htm,https://finance.vietstock.vn/SBA/tai-chinh.htm?tab=BCTT
BTP,HOSE,CTCP Nhiệt điện Bà Rịa,BaRia Thermal Power Joint Stock Company,STOCK,480.0,Nhiệt điện Bà Rịa,Tiện ích,Tiện ích,Điện,Utilities,Utilities,Electric Utilities,60485600,EXPANDED,https://finance.vietstock.vn/BTP/ho-so-doanh-nghiep.htm,https://finance.vietstock.vn/BTP/tai-chinh.htm?tab=BCTT
KHP,HOSE,CTCP Điện lực Khánh Hòa,Khanh Hoa Power Joint Stock Company,STOCK,481.0,Điện lực Khánh Hòa,Tiện ích,Tiện ích,Điện,Utilities,Utilities,Electric Utilities,60405967,EXPANDED,https://finance.vietstock.vn/KHP/ho-so-doanh-nghiep.htm,https://finance.vietstock.vn/KHP/tai-chinh.htm?tab=BCTT
PGC,HOSE,Tổng Công ty Gas Petrolimex - CTCP,Petrolimex Gas Corporation - JSC,STOCK,482.0,Gas Petrolimex - CTCP,Tiện ích,Tiện ích,Gas sinh hoạt,Utilities,Utilities,Gas Utilities,60342638,EXPANDED,https://finance.vietstock.vn/PGC/ho-so-doanh-nghiep.htm,https://finance.vietstock.vn/PGC/tai-chinh.htm?tab=BCTT
DAG,UPCOM,CTCP Tập đoàn Nhựa Đông Á,Dong A Plastic JSC,STOCK,483.0,Nhựa Đông Á,Công nghiệp,Hàng hóa công nghiệp,Sản phẩm xây dựng,Industrials,Capital Goods,Building Products,60314112,EXPANDED,https://finance.vietstock.vn/DAG/ho-so-doanh-nghiep.htm,https://finance.vietstock.vn/DAG/tai-chinh.htm?tab=BCTT
DCS,UPCOM,CTCP Tập đoàn Đại Châu,Dai Chau Group JSC,STOCK,484.0,Đại Châu,Nguyên vật liệu,Nguyên vật liệu,Gỗ và giấy,Materials,Materials,Paper & Forest Products,60310988,EXPANDED,https://finance.vietstock.vn/DCS/ho-so-doanh-nghiep.htm,https://finance.vietstock.vn/DCS/tai-chinh.htm?tab=BCTT
TN1,HOSE,CTCP Rox Key Holdings,Rox Key Holdings Joint Stock Company,STOCK,485.0,Rox Key Holdings,Bất động sản,Bất động sản,Quản lý và phát triển bất động sản,Real Estate,Real Estate,Real Estate Management & Development,60095480,EXPANDED,https://finance.vietstock.vn/TN1/ho-so-doanh-nghiep.htm,https://finance.vietstock.vn/TN1/tai-chinh.htm?tab=BCTT
AMS,UPCOM,CTCP Cơ khí Xây dựng AMECC,AMECC MECHANICAL CONSTRUCTION JSC,STOCK,486.0,Cơ khí Xây dựng AMECC,Công nghiệp,Hàng hóa công nghiệp,Máy móc công nghiệp,Industrials,Capital Goods,Machinery,60000000,EXPANDED,https://finance.vietstock.vn/AMS/ho-so-doanh-nghiep.htm,https://finance.vietstock.vn/AMS/tai-chinh.htm?tab=BCTT
BLI,UPCOM,Tổng Công ty cổ phần Bảo hiểm Bảo Long,Bao Long Insurance Corporation,STOCK,487.0,Bảo hiểm Bảo Long,Tài chính,Bảo hiểm,Bảo hiểm,Financials,Insurance,Insurance,60000000,EXPANDED,https://finance.vietstock.vn/BLI/ho-so-doanh-nghiep.htm,https://finance.vietstock.vn/BLI/tai-chinh.htm?tab=BCTT
BSG,UPCOM,CTCP Xe khách Sài Gòn,Saigon Passenger Transport JSC,STOCK,488.0,Xe khách Sài Gòn,Công nghiệp,Vận tải,Vận tải mặt đất,Industrials,Transportation,Ground Transportation,60000000,EXPANDED,https://finance.vietstock.vn/BSG/ho-so-doanh-nghiep.htm,https://finance.vietstock.vn/BSG/tai-chinh.htm?tab=BCTT
HPI,UPCOM,CTCP Khu công nghiệp Hiệp Phước,Hiep Phuoc Industrial Park Joint Stock Company,STOCK,489.0,Khu công nghiệp Hiệp Phước,Bất động sản,Bất động sản,Quản lý và phát triển bất động sản,Real Estate,Real Estate,Real Estate Management & Development,60000000,EXPANDED,https://finance.vietstock.vn/HPI/ho-so-doanh-nghiep.htm,https://finance.vietstock.vn/HPI/tai-chinh.htm?tab=BCTT
PXS,UPCOM,CTCP Kết cấu Kim loại và Lắp máy Dầu khí,"Petroleum Equipment Assembly & Metal Structure .,JSC",STOCK,490.0,Kết cấu Kim loại và Lắp máy Dầu khí,Công nghiệp,Hàng hóa công nghiệp,Kỹ thuật xây dựng,Industrials,Capital Goods,Construction & Engineering,60000000,EXPANDED,https://finance.vietstock.vn/PXS/ho-so-doanh-nghiep.htm,https://finance.vietstock.vn/PXS/tai-chinh.htm?tab=BCTT
QNC,UPCOM,CTCP Xi măng và Xây dựng Quảng Ninh,Quang Ninh Construction & Cement Joint Stock Company,STOCK,491.0,Xi măng và Xây dựng Quảng Ninh,Nguyên vật liệu,Nguyên vật liệu,Vật liệu xây dựng,Materials,Materials,Construction Materials,60000000,EXPANDED,https://finance.vietstock.vn/QNC/ho-so-doanh-nghiep.htm,https://finance.vietstock.vn/QNC/tai-chinh.htm?tab=BCTT
PSI,HNX,CTCP Chứng khoán Dầu khí,Petrovietnam Securities Incorporated,STOCK,492.0,Chứng khoán Dầu khí,Tài chính,Dịch vụ tài chính,Thị trường vốn,Financials,Financial Services,Capital Markets,59841300,EXPANDED,https://finance.vietstock.vn/PSI/ho-so-doanh-nghiep.htm,https://finance.vietstock.vn/PSI/tai-chinh.htm?tab=BCTT
CCL,HOSE,CTCP Đầu tư và Phát triển Đô thị Dầu khí Cửu Long,Cuu Long Petro Urban Development & Investment Corporation,STOCK,493.0,Đầu tư và Phát triển Đô thị Dầu khí Cửu Long,Bất động sản,Bất động sản,Quản lý và phát triển bất động sản,Real Estate,Real Estate,Real Estate Management & Development,59581418,EXPANDED,https://finance.vietstock.vn/CCL/ho-so-doanh-nghiep.htm,https://finance.vietstock.vn/CCL/tai-chinh.htm?tab=BCTT
PVY,UPCOM,CTCP Chế tạo Giàn khoan Dầu khí,Petrovietnam Marine Shipyard JSC,STOCK,494.0,Chế tạo Giàn khoan Dầu khí,Năng lượng,Năng lượng,Thiết bị và dịch vụ năng lượng,Energy,Energy,Energy Equipment & Services,59489787,EXPANDED,https://finance.vietstock.vn/PVY/ho-so-doanh-nghiep.htm,https://finance.vietstock.vn/PVY/tai-chinh.htm?tab=BCTT
BOT,UPCOM,CTCP BOT Cầu Thái Hà,Thai Ha Bridge BOT Joint Stock Company,STOCK,495.0,BOT Cầu Thái Hà,Công nghiệp,Vận tải,Hạ tầng giao thông,Industrials,Transportation,Transportation Infrastructure,59246800,EXPANDED,https://finance.vietstock.vn/BOT/ho-so-doanh-nghiep.htm,https://finance.vietstock.vn/BOT/tai-chinh.htm?tab=BCTT
DNN,UPCOM,CTCP Cấp nước Đà Nẵng,Da Nang Water Supply Joint Stock Company,STOCK,496.0,Cấp nước Đà Nẵng,Tiện ích,Tiện ích,Nước,Utilities,Utilities,Water Utilities,57964061,EXPANDED,https://finance.vietstock.vn/DNN/ho-so-doanh-nghiep.htm,https://finance.vietstock.vn/DNN/tai-chinh.htm?tab=BCTT
SCJ,UPCOM,CTCP Xi măng Sài Sơn,Sai Son Cement Joint Stock Company,STOCK,497.0,Xi măng Sài Sơn,Nguyên vật liệu,Nguyên vật liệu,Vật liệu xây dựng,Materials,Materials,Construction Materials,57839000,EXPANDED,https://finance.vietstock.vn/SCJ/ho-so-doanh-nghiep.htm,https://finance.vietstock.vn/SCJ/tai-chinh.htm?tab=BCTT
BII,UPCOM,CTCP Louis Land,Louis Land JSC,STOCK,498.0,Louis Land,Bất động sản,Bất động sản,Quản lý và phát triển bất động sản,Real Estate,Real Estate,Real Estate Management & Development,57680000,EXPANDED,https://finance.vietstock.vn/BII/ho-so-doanh-nghiep.htm,https://finance.vietstock.vn/BII/tai-chinh.htm?tab=BCTT
MCG,UPCOM,CTCP Năng lượng và Bất động sản MCG,MCG Energy and Real Estate JSC,STOCK,499.0,Năng lượng và Bất động sản MCG,Công nghiệp,Hàng hóa công nghiệp,Kỹ thuật xây dựng,Industrials,Capital Goods,Construction & Engineering,57510000,EXPANDED,https://finance.vietstock.vn/MCG/ho-so-doanh-nghiep.htm,https://finance.vietstock.vn/MCG/tai-chinh.htm?tab=BCTT
KSH,UPCOM,CTCP DAMAC GLS,DAMAC GLS JSC,STOCK,500.0,DAMAC GLS,Nguyên vật liệu,Nguyên vật liệu,Khai khoáng và luyện kim,Materials,Materials,Metals & Mining,57509675,EXPANDED,https://finance.vietstock.vn/KSH/ho-so-doanh-nghiep.htm,https://finance.vietstock.vn/KSH/tai-chinh.htm?tab=BCTT
KMR,HOSE,CTCP Mirae,Mirae JSC,STOCK,501.0,Mirae,Tiêu dùng không thiết yếu,Thời trang và hàng lâu bền,Thời trang và dệt may,Consumer Discretionary,Consumer Durables & Apparel,"Textiles, Apparel & Luxury Goods",56881443,EXPANDED,https://finance.vietstock.vn/KMR/ho-so-doanh-nghiep.htm,https://finance.vietstock.vn/KMR/tai-chinh.htm?tab=BCTT
NS2,UPCOM,CTCP Nước sạch Số 2 Hà Nội,Ha Noi Water Supply Number 2 JSC,STOCK,502.0,Nước sạch Số 2 Hà Nội,Tiện ích,Tiện ích,Nước,Utilities,Utilities,Water Utilities,56800000,EXPANDED,https://finance.vietstock.vn/NS2/ho-so-doanh-nghiep.htm,https://finance.vietstock.vn/NS2/tai-chinh.htm?tab=BCTT
DNA,UPCOM,CTCP Điện Nước An Giang,An Giang Power And Water Supply Joint Stock Company,STOCK,503.0,Điện Nước An Giang,Tiện ích,Tiện ích,Điện,Utilities,Utilities,Electric Utilities,56329567,EXPANDED,https://finance.vietstock.vn/DNA/ho-so-doanh-nghiep.htm,https://finance.vietstock.vn/DNA/tai-chinh.htm?tab=BCTT
PDN,HOSE,CTCP Cảng Đồng Nai,Dong Nai Port JSC,STOCK,504.0,Cảng Đồng Nai,Công nghiệp,Vận tải,Hạ tầng giao thông,Industrials,Transportation,Transportation Infrastructure,55565820,EXPANDED,https://finance.vietstock.vn/PDN/ho-so-doanh-nghiep.htm,https://finance.vietstock.vn/PDN/tai-chinh.htm?tab=BCTT
MDF,UPCOM,CTCP Gỗ MDF VRG - Quảng Trị,MDF VRG Quang Tri Wood JSC,STOCK,505.0,Gỗ MDF VRG - Quảng Trị,Nguyên vật liệu,Nguyên vật liệu,Gỗ và giấy,Materials,Materials,Paper & Forest Products,55113595,EXPANDED,https://finance.vietstock.vn/MDF/ho-so-doanh-nghiep.htm,https://finance.vietstock.vn/MDF/tai-chinh.htm?tab=BCTT
VVN,UPCOM,Tổng Công ty cổ phần Xây dựng Công nghiệp Việt Nam,Vietnam Industrial Construction Corporation,STOCK,506.0,Xây dựng Công nghiệp Việt Nam,Công nghiệp,Hàng hóa công nghiệp,Kỹ thuật xây dựng,Industrials,Capital Goods,Construction & Engineering,55000000,EXPANDED,https://finance.vietstock.vn/VVN/ho-so-doanh-nghiep.htm,https://finance.vietstock.vn/VVN/tai-chinh.htm?tab=BCTT
HLD,HNX,CTCP Đầu tư và Phát triển Bất động sản Hudland,Hudland Real Estate Investmnet and Development JSC,STOCK,507.0,Đầu tư và Phát triển Bất động sản Hudland,Bất động sản,Bất động sản,Quản lý và phát triển bất động sản,Real Estate,Real Estate,Real Estate Management & Development,54999961,EXPANDED,https://finance.vietstock.vn/HLD/ho-so-doanh-nghiep.htm,https://finance.vietstock.vn/HLD/tai-chinh.htm?tab=BCTT
SZG,UPCOM,CTCP Sonadezi Giang Điền,Sonadezi Giang Dien Joint Stock Company,STOCK,508.0,Sonadezi Giang Điền,Bất động sản,Bất động sản,Quản lý và phát triển bất động sản,Real Estate,Real Estate,Real Estate Management & Development,54898000,EXPANDED,https://finance.vietstock.vn/SZG/ho-so-doanh-nghiep.htm,https://finance.vietstock.vn/SZG/tai-chinh.htm?tab=BCTT
GPC,UPCOM,CTCP Tập đoàn Green+,Green Plus Joint Stock Corporation,STOCK,509.0,Green+,Tiêu dùng không thiết yếu,Thương mại hàng không thiết yếu,Nhà phân phối,Consumer Discretionary,Consumer Discre. Dist. & Retail,Distributors,54072143,EXPANDED,https://finance.vietstock.vn/GPC/ho-so-doanh-nghiep.htm,https://finance.vietstock.vn/GPC/tai-chinh.htm?tab=BCTT
PVR,UPCOM,CTCP Đầu tư PVR Hà Nội,Ha Noi PVR Investment Joint Stock Company,STOCK,510.0,Đầu tư PVR Hà Nội,Bất động sản,Bất động sản,Quản lý và phát triển bất động sản,Real Estate,Real Estate,Real Estate Management & Development,53100913,EXPANDED,https://finance.vietstock.vn/PVR/ho-so-doanh-nghiep.htm,https://finance.vietstock.vn/PVR/tai-chinh.htm?tab=BCTT
PSD,HNX,CTCP Dịch vụ Phân phối Tổng hợp Dầu khí,Petroleum General Distribution Services JSC,STOCK,511.0,Dịch vụ Phân phối Tổng hợp Dầu khí,Tiêu dùng không thiết yếu,Thương mại hàng không thiết yếu,Nhà phân phối,Consumer Discretionary,Consumer Discre. Dist. & Retail,Distributors,51827894,EXPANDED,https://finance.vietstock.vn/PSD/ho-so-doanh-nghiep.htm,https://finance.vietstock.vn/PSD/tai-chinh.htm?tab=BCTT
HKB,UPCOM,CTCP Nông nghiệp và Thực phẩm Hà Nội - Kinh Bắc,Ha Noi ? Kinh Bac Agriculture and Food JSC,STOCK,512.0,Nông nghiệp và Thực phẩm Hà Nội - Kinh Bắc,Tiêu dùng thiết yếu,"Thực phẩm, đồ uống và thuốc lá",Thực phẩm,Consumer Staples,"Food, Bev. & Tobacco",Food Products,51599999,EXPANDED,https://finance.vietstock.vn/HKB/ho-so-doanh-nghiep.htm,https://finance.vietstock.vn/HKB/tai-chinh.htm?tab=BCTT
LGL,HOSE,CTCP Đầu tư và Phát triển Đô thị Long Giang,Long Giang Investment & Urban Development JSC,STOCK,513.0,Đầu tư và Phát triển Đô thị Long Giang,Bất động sản,Bất động sản,Bất động sản đa dạng,Real Estate,Real Estate,Diversified Real Estate Activities,51500000,EXPANDED,https://finance.vietstock.vn/LGL/ho-so-doanh-nghiep.htm,https://finance.vietstock.vn/LGL/tai-chinh.htm?tab=BCTT
CIG,HOSE,CTCP COMA 18,COMA 18 Joint Stock Company,STOCK,514.0,COMA 18,Công nghiệp,Hàng hóa công nghiệp,Kỹ thuật xây dựng,Industrials,Capital Goods,Construction & Engineering,51039947,EXPANDED,https://finance.vietstock.vn/CIG/ho-so-doanh-nghiep.htm,https://finance.vietstock.vn/CIG/tai-chinh.htm?tab=BCTT
ACM,UPCOM,CTCP Tập đoàn Khoáng sản Á Cường,A Cuong Mineral Group JSC,STOCK,515.0,Khoáng sản Á Cường,Nguyên vật liệu,Nguyên vật liệu,Khai khoáng và luyện kim,Materials,Materials,Metals & Mining,51000000,EXPANDED,https://finance.vietstock.vn/ACM/ho-so-doanh-nghiep.htm,https://finance.vietstock.vn/ACM/tai-chinh.htm?tab=BCTT
TNT,HOSE,CTCP Tập đoàn TNT,TNT Group JSC,STOCK,516.0,TNT,Nguyên vật liệu,Nguyên vật liệu,Vật liệu xây dựng,Materials,Materials,Construction Materials,51000000,EXPANDED,https://finance.vietstock.vn/TNT/ho-so-doanh-nghiep.htm,https://finance.vietstock.vn/TNT/tai-chinh.htm?tab=BCTT
NQN,UPCOM,CTCP Nước sạch Quảng Ninh,Quang Ninh Clean Water JSC,STOCK,517.0,Nước sạch Quảng Ninh,Tiện ích,Tiện ích,Nước,Utilities,Utilities,Water Utilities,50831593,EXPANDED,https://finance.vietstock.vn/NQN/ho-so-doanh-nghiep.htm,https://finance.vietstock.vn/NQN/tai-chinh.htm?tab=BCTT
TTS,UPCOM,CTCP Cán Thép Thái Trung,Thai Trung Rooling JSC,STOCK,518.0,Cán Thép Thái Trung,Nguyên vật liệu,Nguyên vật liệu,Khai khoáng và luyện kim,Materials,Materials,Metals & Mining,50800000,EXPANDED,https://finance.vietstock.vn/TTS/ho-so-doanh-nghiep.htm,https://finance.vietstock.vn/TTS/tai-chinh.htm?tab=BCTT
DTE,UPCOM,CTCP Đầu tư Năng lượng Đại Trường Thành Holdings,Dai Truong Thanh Holdings Energy Investment JSC,STOCK,519.0,Đầu tư Năng lượng Đại Trường Thành Holdings,Tiện ích,Tiện ích,Phát điện độc lập và điện tái tạo,Utilities,Utilities,Independent Power and Renewable Electricity Producers,50725887,EXPANDED,https://finance.vietstock.vn/DTE/ho-so-doanh-nghiep.htm,https://finance.vietstock.vn/DTE/tai-chinh.htm?tab=BCTT
PHC,HOSE,CTCP Xây dựng Phục Hưng Holdings,Phuc Hung Holdings Construction JSC,STOCK,520.0,Xây dựng Phục Hưng Holdings,Công nghiệp,Hàng hóa công nghiệp,Kỹ thuật xây dựng,Industrials,Capital Goods,Construction & Engineering,50602094,EXPANDED,https://finance.vietstock.vn/PHC/ho-so-doanh-nghiep.htm,https://finance.vietstock.vn/PHC/tai-chinh.htm?tab=BCTT
WSS,HNX,CTCP Chứng khoán Phố Wall,Wall Street Securities Company,STOCK,521.0,Chứng khoán Phố Wall,Tài chính,Dịch vụ tài chính,Thị trường vốn,Financials,Financial Services,Capital Markets,50300000,EXPANDED,https://finance.vietstock.vn/WSS/ho-so-doanh-nghiep.htm,https://finance.vietstock.vn/WSS/tai-chinh.htm?tab=BCTT
ACL,HOSE,CTCP Xuất nhập khẩu Thủy sản Cửu Long An Giang,Cuu Long Fish Joint Stock Company,STOCK,522.0,Xuất nhập khẩu Thủy sản Cửu Long An Giang,Tiêu dùng thiết yếu,"Thực phẩm, đồ uống và thuốc lá",Thực phẩm,Consumer Staples,"Food, Bev. & Tobacco",Food Products,50159019,EXPANDED,https://finance.vietstock.vn/ACL/ho-so-doanh-nghiep.htm,https://finance.vietstock.vn/ACL/tai-chinh.htm?tab=BCTT
PCT,HNX,CTCP Vận tải biển Global Pacific,Global Pacific Shipping Joint Stock Company,STOCK,523.0,Vận tải biển Global Pacific,Công nghiệp,Vận tải,Vận tải biển,Industrials,Transportation,Marine Transportation,50035493,EXPANDED,https://finance.vietstock.vn/PCT/ho-so-doanh-nghiep.htm,https://finance.vietstock.vn/PCT/tai-chinh.htm?tab=BCTT
LHG,HOSE,CTCP Long Hậu,Long Hau Corporation,STOCK,524.0,Long Hậu,Bất động sản,Bất động sản,Quản lý và phát triển bất động sản,Real Estate,Real Estate,Real Estate Management & Development,50012010,EXPANDED,https://finance.vietstock.vn/LHG/ho-so-doanh-nghiep.htm,https://finance.vietstock.vn/LHG/tai-chinh.htm?tab=BCTT
BCA,UPCOM,CTCP B.C.H,B.C.H Joint Stock Company,STOCK,525.0,B.C.H,Nguyên vật liệu,Nguyên vật liệu,Khai khoáng và luyện kim,Materials,Materials,Metals & Mining,50000000,EXPANDED,https://finance.vietstock.vn/BCA/ho-so-doanh-nghiep.htm,https://finance.vietstock.vn/BCA/tai-chinh.htm?tab=BCTT
FTM,UPCOM,CTCP Đầu tư và Phát triển Đức Quân,Duc Quan Investment and Development Joint Stock Company,STOCK,526.0,Đầu tư và Phát triển Đức Quân,Tiêu dùng không thiết yếu,Thời trang và hàng lâu bền,Thời trang và dệt may,Consumer Discretionary,Consumer Durables & Apparel,"Textiles, Apparel & Luxury Goods",50000000,EXPANDED,https://finance.vietstock.vn/FTM/ho-so-doanh-nghiep.htm,https://finance.vietstock.vn/FTM/tai-chinh.htm?tab=BCTT
PFL,UPCOM,CTCP Dầu khí Đông Đô,Petroleum Dong Do Joint Stock Company,STOCK,527.0,Dầu khí Đông Đô,Công nghiệp,Hàng hóa công nghiệp,Phân phối hàng công nghiệp,Industrials,Capital Goods,Trading Companies & Distributors,50000000,EXPANDED,https://finance.vietstock.vn/PFL/ho-so-doanh-nghiep.htm,https://finance.vietstock.vn/PFL/tai-chinh.htm?tab=BCTT
PGS,HNX,CTCP Kinh doanh Khí Miền Nam,Southern Gas Trading Joint Stock Company,STOCK,528.0,Kinh doanh Khí Miền Nam,Tiện ích,Tiện ích,Gas sinh hoạt,Utilities,Utilities,Gas Utilities,50000000,EXPANDED,https://finance.vietstock.vn/PGS/ho-so-doanh-nghiep.htm,https://finance.vietstock.vn/PGS/tai-chinh.htm?tab=BCTT
PSB,UPCOM,CTCP Đầu tư Dầu khí Sao Mai - Bến Đình,Sao Mai - Ben Dinh Petroleum Investment JSC,STOCK,529.0,Đầu tư Dầu khí Sao Mai - Bến Đình,Năng lượng,Năng lượng,Thiết bị và dịch vụ năng lượng,Energy,Energy,Energy Equipment & Services,50000000,EXPANDED,https://finance.vietstock.vn/PSB/ho-so-doanh-nghiep.htm,https://finance.vietstock.vn/PSB/tai-chinh.htm?tab=BCTT
PVL,UPCOM,CTCP Đầu tư Nhà Đất Việt,Viet Property Investment Joint Stock Company,STOCK,530.0,Đầu tư Nhà Đất Việt,Bất động sản,Bất động sản,Quản lý và phát triển bất động sản,Real Estate,Real Estate,Real Estate Management & Development,50000000,EXPANDED,https://finance.vietstock.vn/PVL/ho-so-doanh-nghiep.htm,https://finance.vietstock.vn/PVL/tai-chinh.htm?tab=BCTT
VIT,HNX,CTCP Viglacera Tiên Sơn,Viglacera Tien Son Joint Stock Company,STOCK,531.0,Viglacera Tiên Sơn,Nguyên vật liệu,Nguyên vật liệu,Vật liệu xây dựng,Materials,Materials,Construction Materials,50000000,EXPANDED,https://finance.vietstock.vn/VIT/ho-so-doanh-nghiep.htm,https://finance.vietstock.vn/VIT/tai-chinh.htm?tab=BCTT
VRC,HOSE,CTCP Bất động sản và Đầu tư VRC,VRC Real Estate and Investment JSC,STOCK,532.0,Bất động sản và Đầu tư VRC,Bất động sản,Bất động sản,Quản lý và phát triển bất động sản,Real Estate,Real Estate,Real Estate Management & Development,50000000,EXPANDED,https://finance.vietstock.vn/VRC/ho-so-doanh-nghiep.htm,https://finance.vietstock.vn/VRC/tai-chinh.htm?tab=BCTT
SBG,HOSE,CTCP Tập đoàn Cơ khí Công nghệ cao Siba,Siba High-Tech Mechanical Group Joint Stock Company,STOCK,533.0,Cơ khí Công nghệ cao Siba,Công nghiệp,Hàng hóa công nghiệp,Máy móc công nghiệp,Industrials,Capital Goods,Machinery,49999963,EXPANDED,https://finance.vietstock.vn/SBG/ho-so-doanh-nghiep.htm,https://finance.vietstock.vn/SBG/tai-chinh.htm?tab=BCTT
PMW,UPCOM,CTCP Cấp nước Phú Mỹ,Phu My Water Supply Joint Stock Company,STOCK,534.0,Cấp nước Phú Mỹ,Tiện ích,Tiện ích,Nước,Utilities,Utilities,Water Utilities,49999832,EXPANDED,https://finance.vietstock.vn/PMW/ho-so-doanh-nghiep.htm,https://finance.vietstock.vn/PMW/tai-chinh.htm?tab=BCTT
ND2,UPCOM,CTCP Đầu tư và Phát triển Điện Miền Bắc 2,Northern Electricity Development & Investment JSC No.2,STOCK,535.0,Đầu tư và Phát triển Điện Miền Bắc 2,Tiện ích,Tiện ích,Phát điện độc lập và điện tái tạo,Utilities,Utilities,Independent Power and Renewable Electricity Producers,49993960,EXPANDED,https://finance.vietstock.vn/ND2/ho-so-doanh-nghiep.htm,https://finance.vietstock.vn/ND2/tai-chinh.htm?tab=BCTT
TNA,UPCOM,CTCP Thương mại Xuất nhập khẩu Thiên Nam,Thien Nam Trading Import Export JSC,STOCK,536.0,Thương mại Xuất nhập khẩu Thiên Nam,Tiêu dùng không thiết yếu,Thương mại hàng không thiết yếu,Nhà phân phối,Consumer Discretionary,Consumer Discre. Dist. & Retail,Distributors,49576264,EXPANDED,https://finance.vietstock.vn/TNA/ho-so-doanh-nghiep.htm,https://finance.vietstock.vn/TNA/tai-chinh.htm?tab=BCTT
KVC,UPCOM,CTCP Sản xuất Xuất nhập khẩu Inox Kim Vĩ,Kim Vi Inox Import Export Prodution Joint Stock Company,STOCK,537.0,Sản xuất Xuất nhập khẩu Inox Kim Vĩ,Nguyên vật liệu,Nguyên vật liệu,Khai khoáng và luyện kim,Materials,Materials,Metals & Mining,49500000,EXPANDED,https://finance.vietstock.vn/KVC/ho-so-doanh-nghiep.htm,https://finance.vietstock.vn/KVC/tai-chinh.htm?tab=BCTT
RDP,UPCOM,CTCP Rạng Đông Holding,Rang Dong Holding Plastic JSC,STOCK,538.0,Rạng Đông Holding,Nguyên vật liệu,Nguyên vật liệu,Bao bì và vật chứa,Materials,Materials,Containers & Packaging,49069803,EXPANDED,https://finance.vietstock.vn/RDP/ho-so-doanh-nghiep.htm,https://finance.vietstock.vn/RDP/tai-chinh.htm?tab=BCTT
NHA,HOSE,Tổng Công ty Đầu tư Phát triển Nhà và Đô thị Nam Hà Nội,Ha Noi South Housing and Urban Development Corporation,STOCK,539.0,Đầu tư Phát triển Nhà và Đô thị Nam Hà Nội,Bất động sản,Bất động sản,Quản lý và phát triển bất động sản,Real Estate,Real Estate,Real Estate Management & Development,48591709,EXPANDED,https://finance.vietstock.vn/NHA/ho-so-doanh-nghiep.htm,https://finance.vietstock.vn/NHA/tai-chinh.htm?tab=BCTT
PPI,UPCOM,CTCP Đầu tư và Phát triển Dự án Hạ tầng Thái Bình Dương,Pacific Infrastructure Project Development & Investment Corporation,STOCK,540.0,Đầu tư và Phát triển Dự án Hạ tầng Thái Bình Dương,Bất động sản,Bất động sản,Quản lý và phát triển bất động sản,Real Estate,Real Estate,Real Estate Management & Development,48290629,EXPANDED,https://finance.vietstock.vn/PPI/ho-so-doanh-nghiep.htm,https://finance.vietstock.vn/PPI/tai-chinh.htm?tab=BCTT
VAV,UPCOM,CTCP VIWACO,VIWACO Joint Stock Company,STOCK,541.0,VIWACO,Tiện ích,Tiện ích,Nước,Utilities,Utilities,Water Utilities,47999995,EXPANDED,https://finance.vietstock.vn/VAV/ho-so-doanh-nghiep.htm,https://finance.vietstock.vn/VAV/tai-chinh.htm?tab=BCTT
SFG,HOSE,CTCP Phân Bón Miền Nam,The Southern Fertilizer JSC,STOCK,542.0,Phân Bón Miền Nam,Nguyên vật liệu,Nguyên vật liệu,Hóa chất,Materials,Materials,Chemicals,47897333,EXPANDED,https://finance.vietstock.vn/SFG/ho-so-doanh-nghiep.htm,https://finance.vietstock.vn/SFG/tai-chinh.htm?tab=BCTT
GHC,UPCOM,CTCP Thủy điện Gia Lai,Gia Lai Hydropower JSC,STOCK,543.0,Thủy điện Gia Lai,Tiện ích,Tiện ích,Phát điện độc lập và điện tái tạo,Utilities,Utilities,Independent Power and Renewable Electricity Producers,47662500,EXPANDED,https://finance.vietstock.vn/GHC/ho-so-doanh-nghiep.htm,https://finance.vietstock.vn/GHC/tai-chinh.htm?tab=BCTT
DSD,UPCOM,CTCP DHC Suối Đôi,DHC Suoi Doi Corporation,STOCK,544.0,DHC Suối Đôi,Tiêu dùng không thiết yếu,Dịch vụ tiêu dùng,"Khách sạn, nhà hàng và giải trí",Consumer Discretionary,Consumer Services,"Hotels, Restaurants & Leisure",47100000,EXPANDED,https://finance.vietstock.vn/DSD/ho-so-doanh-nghiep.htm,https://finance.vietstock.vn/DSD/tai-chinh.htm?tab=BCTT
VLB,UPCOM,CTCP Xây dựng và Sản xuất Vật liệu xây dựng Biên Hòa,Bien Hoa Building Materials Production and Construction JSC,STOCK,545.0,Xây dựng và Sản xuất Vật liệu xây dựng Biên Hòa,Nguyên vật liệu,Nguyên vật liệu,Vật liệu xây dựng,Materials,Materials,Construction Materials,46921600,EXPANDED,https://finance.vietstock.vn/VLB/ho-so-doanh-nghiep.htm,https://finance.vietstock.vn/VLB/tai-chinh.htm?tab=BCTT
PMG,HOSE,CTCP Đầu tư và Sản xuất Petro Miền Trung,Petro Center Corporation,STOCK,546.0,Đầu tư và Sản xuất Petro Miền Trung,Tiện ích,Tiện ích,Gas sinh hoạt,Utilities,Utilities,Gas Utilities,46336278,EXPANDED,https://finance.vietstock.vn/PMG/ho-so-doanh-nghiep.htm,https://finance.vietstock.vn/PMG/tai-chinh.htm?tab=BCTT
FCM,HOSE,CTCP Bê tông Phan Vũ Hà Nam,Phan Vu Ha Nam Concrete Joint Stock Company,STOCK,547.0,Bê tông Phan Vũ Hà Nam,Nguyên vật liệu,Nguyên vật liệu,Vật liệu xây dựng,Materials,Materials,Construction Materials,46226626,EXPANDED,https://finance.vietstock.vn/FCM/ho-so-doanh-nghiep.htm,https://finance.vietstock.vn/FCM/tai-chinh.htm?tab=BCTT
L18,HNX,CTCP Đầu tư và Xây dựng Số 18,Investment And Construction JSC No.18,STOCK,548.0,Đầu tư và Xây dựng Số 18,Công nghiệp,Hàng hóa công nghiệp,Kỹ thuật xây dựng,Industrials,Capital Goods,Construction & Engineering,45739793,EXPANDED,https://finance.vietstock.vn/L18/ho-so-doanh-nghiep.htm,https://finance.vietstock.vn/L18/tai-chinh.htm?tab=BCTT
EIN,UPCOM,CTCP Đầu tư - Thương mại - Dịch vụ Điện Lực,Electricity Investment - Service - Trade Joint Stock Company,STOCK,549.0,Đầu tư - Thương mại - Dịch vụ Điện Lực,Tiêu dùng không thiết yếu,Dịch vụ tiêu dùng,"Khách sạn, nhà hàng và giải trí",Consumer Discretionary,Consumer Services,"Hotels, Restaurants & Leisure",45407161,EXPANDED,https://finance.vietstock.vn/EIN/ho-so-doanh-nghiep.htm,https://finance.vietstock.vn/EIN/tai-chinh.htm?tab=BCTT
VIG,HNX,CTCP Chứng khoán Đầu tư tài chính Việt Nam,Viet Nam Financial Investment Securities Corporation,STOCK,550.0,Chứng khoán Đầu tư tài chính Việt Nam,Tài chính,Dịch vụ tài chính,Thị trường vốn,Financials,Financial Services,Capital Markets,45133300,EXPANDED,https://finance.vietstock.vn/VIG/ho-so-doanh-nghiep.htm,https://finance.vietstock.vn/VIG/tai-chinh.htm?tab=BCTT
SBM,UPCOM,CTCP Đầu tư Phát triển Bắc Minh,Bac Minh Development Investment Joint Stock Company,STOCK,551.0,Đầu tư Phát triển Bắc Minh,Tiện ích,Tiện ích,Phát điện độc lập và điện tái tạo,Utilities,Utilities,Independent Power and Renewable Electricity Producers,45044953,EXPANDED,https://finance.vietstock.vn/SBM/ho-so-doanh-nghiep.htm,https://finance.vietstock.vn/SBM/tai-chinh.htm?tab=BCTT
AST,HOSE,CTCP Dịch vụ Hàng không Taseco,Taseco Air Services JSC,STOCK,552.0,Dịch vụ Hàng không Taseco,Công nghiệp,Vận tải,Vận tải và logistics hàng không,Industrials,Transportation,Air Freight & Logistics,45000000,EXPANDED,https://finance.vietstock.vn/AST/ho-so-doanh-nghiep.htm,https://finance.vietstock.vn/AST/tai-chinh.htm?tab=BCTT
BSL,UPCOM,CTCP Bia Sài Gòn - Sông Lam,SaiGon-SongLam Beer Joint Stock Company,STOCK,553.0,Bia Sài Gòn - Sông Lam,Tiêu dùng thiết yếu,"Thực phẩm, đồ uống và thuốc lá",Đồ uống,Consumer Staples,"Food, Bev. & Tobacco",Beverages,45000000,EXPANDED,https://finance.vietstock.vn/BSL/ho-so-doanh-nghiep.htm,https://finance.vietstock.vn/BSL/tai-chinh.htm?tab=BCTT
BSQ,UPCOM,CTCP Bia Sài Gòn - Quảng Ngãi,Sai Gon - Quang Ngai Beer JSC,STOCK,554.0,Bia Sài Gòn - Quảng Ngãi,Tiêu dùng thiết yếu,"Thực phẩm, đồ uống và thuốc lá",Đồ uống,Consumer Staples,"Food, Bev. & Tobacco",Beverages,45000000,EXPANDED,https://finance.vietstock.vn/BSQ/ho-so-doanh-nghiep.htm,https://finance.vietstock.vn/BSQ/tai-chinh.htm?tab=BCTT
ISH,UPCOM,CTCP Thủy điện Srok Phu Miêng IDICO,Idico Scrok Phu Mieng Hydro Power Joint Stock Company,STOCK,555.0,Thủy điện Srok Phu Miêng IDICO,Tiện ích,Tiện ích,Phát điện độc lập và điện tái tạo,Utilities,Utilities,Independent Power and Renewable Electricity Producers,45000000,EXPANDED,https://finance.vietstock.vn/ISH/ho-so-doanh-nghiep.htm,https://finance.vietstock.vn/ISH/tai-chinh.htm?tab=BCTT
RYG,HOSE,CTCP Sản xuất và Đầu tư Hoàng Gia,Royal Manufacture and Investment Joint Stock Company,STOCK,556.0,Sản xuất và Đầu tư Hoàng Gia,Nguyên vật liệu,Nguyên vật liệu,Vật liệu xây dựng,Materials,Materials,Construction Materials,45000000,EXPANDED,https://finance.vietstock.vn/RYG/ho-so-doanh-nghiep.htm,https://finance.vietstock.vn/RYG/tai-chinh.htm?tab=BCTT
TPP,HNX,CTCP Tân Phú Việt Nam,Tan Phu Viet Nam Joint Stock Company,STOCK,557.0,Tân Phú Việt Nam,Nguyên vật liệu,Nguyên vật liệu,Bao bì và vật chứa,Materials,Materials,Containers & Packaging,45000000,EXPANDED,https://finance.vietstock.vn/TPP/ho-so-doanh-nghiep.htm,https://finance.vietstock.vn/TPP/tai-chinh.htm?tab=BCTT
TVD,HNX,CTCP Than Vàng Danh - Vinacomin,Vinacomin - Vang Danh Coal JSC,STOCK,558.0,Than Vàng Danh - Vinacomin,Năng lượng,Năng lượng,Dầu khí,Energy,Energy,"Oil, Gas & Consumable Fuels",44962864,EXPANDED,https://finance.vietstock.vn/TVD/ho-so-doanh-nghiep.htm,https://finance.vietstock.vn/TVD/tai-chinh.htm?tab=BCTT
VGG,UPCOM,Tổng Công ty cổ phần May Việt Tiến,Viet Tien Garment Corporation,STOCK,559.0,May Việt Tiến,Tiêu dùng không thiết yếu,Thời trang và hàng lâu bền,Thời trang và dệt may,Consumer Discretionary,Consumer Durables & Apparel,"Textiles, Apparel & Luxury Goods",44100000,EXPANDED,https://finance.vietstock.vn/VGG/ho-so-doanh-nghiep.htm,https://finance.vietstock.vn/VGG/tai-chinh.htm?tab=BCTT
VEC,UPCOM,Tổng Công ty cổ phần Điện tử và Tin học Việt Nam,Vietnam Electronics and Informatics Joint Stock Corporation,STOCK,560.0,Điện tử và Tin học Việt Nam,Công nghệ thông tin,Phần cứng và thiết bị,Điện tử,Information Technology,Hardware,"Electronic Equipment, Instruments & Components",43800000,EXPANDED,https://finance.vietstock.vn/VEC/ho-so-doanh-nghiep.htm,https://finance.vietstock.vn/VEC/tai-chinh.htm?tab=BCTT
GTT,UPCOM,CTCP Thuận Thảo,Thuan Thao Corporation,STOCK,561.0,Thuận Thảo,Tiêu dùng không thiết yếu,Dịch vụ tiêu dùng,"Khách sạn, nhà hàng và giải trí",Consumer Discretionary,Consumer Services,"Hotels, Restaurants & Leisure",43503000,EXPANDED,https://finance.vietstock.vn/GTT/ho-so-doanh-nghiep.htm,https://finance.vietstock.vn/GTT/tai-chinh.htm?tab=BCTT
MHC,HOSE,CTCP MHC,MHC Joint Stock Company,STOCK,562.0,MHC,Công nghiệp,Vận tải,Vận tải biển,Industrials,Transportation,Marine Transportation,43476318,EXPANDED,https://finance.vietstock.vn/MHC/ho-so-doanh-nghiep.htm,https://finance.vietstock.vn/MHC/tai-chinh.htm?tab=BCTT
SJ1,HNX,CTCP Nông nghiệp Hùng Hậu,Hung Hau Agricultural Corporation,STOCK,563.0,Nông nghiệp Hùng Hậu,Tiêu dùng thiết yếu,"Thực phẩm, đồ uống và thuốc lá",Thực phẩm,Consumer Staples,"Food, Bev. & Tobacco",Food Products,43472716,EXPANDED,https://finance.vietstock.vn/SJ1/ho-so-doanh-nghiep.htm,https://finance.vietstock.vn/SJ1/tai-chinh.htm?tab=BCTT
AVF,UPCOM,CTCP Việt An,AnViFish Joint Stock Company,STOCK,564.0,Việt An,Tiêu dùng thiết yếu,"Thực phẩm, đồ uống và thuốc lá",Thực phẩm,Consumer Staples,"Food, Bev. & Tobacco",Food Products,43338000,EXPANDED,https://finance.vietstock.vn/AVF/ho-so-doanh-nghiep.htm,https://finance.vietstock.vn/AVF/tai-chinh.htm?tab=BCTT
SRA,HNX,CTCP Sara Việt Nam,Sara Vietnam JSC,STOCK,565.0,Sara Việt Nam,Chăm sóc sức khỏe,Thiết bị và dịch vụ chăm sóc sức khỏe,Thiết bị và vật tư chăm sóc sức khỏe,Health Care,Health Care Equip. & Services,Health Care Equipment & Supplies,43199974,EXPANDED,https://finance.vietstock.vn/SRA/ho-so-doanh-nghiep.htm,https://finance.vietstock.vn/SRA/tai-chinh.htm?tab=BCTT
CBI,UPCOM,CTCP Gang thép Cao Bằng,Cao Bang Cast Iron And Steel Joint Stock Company,STOCK,566.0,Gang thép Cao Bằng,Nguyên vật liệu,Nguyên vật liệu,Khai khoáng và luyện kim,Materials,Materials,Metals & Mining,43006366,EXPANDED,https://finance.vietstock.vn/CBI/ho-so-doanh-nghiep.htm,https://finance.vietstock.vn/CBI/tai-chinh.htm?tab=BCTT
DCF,UPCOM,CTCP Xây dựng và Thiết kế Số 1,Design And Construction Joint Stock Company No.1,STOCK,567.0,Xây dựng và Thiết kế Số 1,Công nghiệp,Hàng hóa công nghiệp,Kỹ thuật xây dựng,Industrials,Capital Goods,Construction & Engineering,42998891,EXPANDED,https://finance.vietstock.vn/DCF/ho-so-doanh-nghiep.htm,https://finance.vietstock.vn/DCF/tai-chinh.htm?tab=BCTT
CST,HNX,CTCP Than Cao Sơn - TKV,Cao Son Coal JSC,STOCK,568.0,Than Cao Sơn - TKV,Năng lượng,Năng lượng,Dầu khí,Energy,Energy,"Oil, Gas & Consumable Fuels",42846773,EXPANDED,https://finance.vietstock.vn/CST/ho-so-doanh-nghiep.htm,https://finance.vietstock.vn/CST/tai-chinh.htm?tab=BCTT
DVM,HNX,CTCP Dược liệu Việt Nam,Vietnam Medicinal Materials Joint Stock Company,STOCK,569.0,Dược liệu Việt Nam,Chăm sóc sức khỏe,"Dược phẩm, công nghệ sinh học và khoa học sự sống",Dược phẩm,Health Care,"Pharma., Bio. & Life Sciences",Pharmaceuticals,42779916,EXPANDED,https://finance.vietstock.vn/DVM/ho-so-doanh-nghiep.htm,https://finance.vietstock.vn/DVM/tai-chinh.htm?tab=BCTT
SDT,UPCOM,CTCP Sông Đà 10,Song Da No 10 JSC,STOCK,570.0,Sông Đà 10,Công nghiệp,Hàng hóa công nghiệp,Kỹ thuật xây dựng,Industrials,Capital Goods,Construction & Engineering,42732311,EXPANDED,https://finance.vietstock.vn/SDT/ho-so-doanh-nghiep.htm,https://finance.vietstock.vn/SDT/tai-chinh.htm?tab=BCTT
UNI,HNX,CTCP Đầu Tư Và Phát Triển Sao Mai Việt,Sao Mai Viet Investment And Development Joint Stock Company,STOCK,571.0,Đầu Tư Và Phát Triển Sao Mai Việt,Bất động sản,Bất động sản,Dịch vụ bất động sản,Real Estate,Real Estate,Real Estate Services,42617632,EXPANDED,https://finance.vietstock.vn/UNI/ho-so-doanh-nghiep.htm,https://finance.vietstock.vn/UNI/tai-chinh.htm?tab=BCTT
S4A,HOSE,CTCP Thủy điện Sê San 4A,Se San 4A Hydro Power JSC,STOCK,572.0,Thủy điện Sê San 4A,Tiện ích,Tiện ích,Điện,Utilities,Utilities,Electric Utilities,42200000,EXPANDED,https://finance.vietstock.vn/S4A/ho-so-doanh-nghiep.htm,https://finance.vietstock.vn/S4A/tai-chinh.htm?tab=BCTT
EVE,HOSE,CTCP Everpia,Everpia JSC,STOCK,573.0,Everpia,Tiêu dùng không thiết yếu,Thời trang và hàng lâu bền,Thời trang và dệt may,Consumer Discretionary,Consumer Durables & Apparel,"Textiles, Apparel & Luxury Goods",41979773,EXPANDED,https://finance.vietstock.vn/EVE/ho-so-doanh-nghiep.htm,https://finance.vietstock.vn/EVE/tai-chinh.htm?tab=BCTT
TTL,HNX,Tổng Công ty Thăng Long - CTCP,Thang Long Joint Stock Corporation,STOCK,574.0,Thăng Long - CTCP,Công nghiệp,Hàng hóa công nghiệp,Kỹ thuật xây dựng,Industrials,Capital Goods,Construction & Engineering,41908000,EXPANDED,https://finance.vietstock.vn/TTL/ho-so-doanh-nghiep.htm,https://finance.vietstock.vn/TTL/tai-chinh.htm?tab=BCTT
VFG,HOSE,CTCP Khử trùng Việt Nam,Viet Nam Fumigation Joint Stock Company,STOCK,575.0,Khử trùng Việt Nam,Nguyên vật liệu,Nguyên vật liệu,Hóa chất,Materials,Materials,Chemicals,41714614,EXPANDED,https://finance.vietstock.vn/VFG/ho-so-doanh-nghiep.htm,https://finance.vietstock.vn/VFG/tai-chinh.htm?tab=BCTT
TRA,HOSE,CTCP Traphaco,Traphaco Joint Stock Company,STOCK,576.0,Traphaco,Chăm sóc sức khỏe,"Dược phẩm, công nghệ sinh học và khoa học sự sống",Dược phẩm,Health Care,"Pharma., Bio. & Life Sciences",Pharmaceuticals,41453673,EXPANDED,https://finance.vietstock.vn/TRA/ho-so-doanh-nghiep.htm,https://finance.vietstock.vn/TRA/tai-chinh.htm?tab=BCTT
IDV,HNX,CTCP Phát triển Hạ tầng Vĩnh Phúc,Vinh Phuc Infrastructure Development JSC,STOCK,577.0,Phát triển Hạ tầng Vĩnh Phúc,Bất động sản,Bất động sản,Quản lý và phát triển bất động sản,Real Estate,Real Estate,Real Estate Management & Development,41236777,EXPANDED,https://finance.vietstock.vn/IDV/ho-so-doanh-nghiep.htm,https://finance.vietstock.vn/IDV/tai-chinh.htm?tab=BCTT
CSC,HNX,CTCP Tập đoàn COTANA,COTANA Group JSC,STOCK,578.0,COTANA,Bất động sản,Bất động sản,Quản lý và phát triển bất động sản,Real Estate,Real Estate,Real Estate Management & Development,41149264,EXPANDED,https://finance.vietstock.vn/CSC/ho-so-doanh-nghiep.htm,https://finance.vietstock.vn/CSC/tai-chinh.htm?tab=BCTT
VID,HOSE,CTCP Đầu tư Phát triển Thương mại Viễn Đông,Vien Dong Investment Development Trading Corporation,STOCK,579.0,Đầu tư Phát triển Thương mại Viễn Đông,Nguyên vật liệu,Nguyên vật liệu,Gỗ và giấy,Materials,Materials,Paper & Forest Products,40836069,EXPANDED,https://finance.vietstock.vn/VID/ho-so-doanh-nghiep.htm,https://finance.vietstock.vn/VID/tai-chinh.htm?tab=BCTT
NED,UPCOM,CTCP Đầu tư và Phát triển Điện Tây Bắc,North - West Electric Investment and Development JSC,STOCK,580.0,Đầu tư và Phát triển Điện Tây Bắc,Tiện ích,Tiện ích,Phát điện độc lập và điện tái tạo,Utilities,Utilities,Independent Power and Renewable Electricity Producers,40500000,EXPANDED,https://finance.vietstock.vn/NED/ho-so-doanh-nghiep.htm,https://finance.vietstock.vn/NED/tai-chinh.htm?tab=BCTT
TSA,UPCOM,CTCP Đầu tư và Xây lắp Trường Sơn,Truong Son Investment And Construction Joint Stock Company,STOCK,581.0,Đầu tư và Xây lắp Trường Sơn,Công nghiệp,Hàng hóa công nghiệp,Kỹ thuật xây dựng,Industrials,Capital Goods,Construction & Engineering,40424994,EXPANDED,https://finance.vietstock.vn/TSA/ho-so-doanh-nghiep.htm,https://finance.vietstock.vn/TSA/tai-chinh.htm?tab=BCTT
CCC,HOSE,CTCP Xây dựng CDC,CDC Construction Joint Stock Company,STOCK,582.0,Xây dựng CDC,Công nghiệp,Hàng hóa công nghiệp,Kỹ thuật xây dựng,Industrials,Capital Goods,Construction & Engineering,40250000,EXPANDED,https://finance.vietstock.vn/CCC/ho-so-doanh-nghiep.htm,https://finance.vietstock.vn/CCC/tai-chinh.htm?tab=BCTT
DVP,HOSE,CTCP Đầu tư và Phát triển Cảng Đình Vũ,Dinh Vu Port Investment and Development JSC,STOCK,583.0,Đầu tư và Phát triển Cảng Đình Vũ,Công nghiệp,Vận tải,Hạ tầng giao thông,Industrials,Transportation,Transportation Infrastructure,40000000,EXPANDED,https://finance.vietstock.vn/DVP/ho-so-doanh-nghiep.htm,https://finance.vietstock.vn/DVP/tai-chinh.htm?tab=BCTT
LBM,HOSE,CTCP Khoáng sản và Vật liệu Xây dựng Lâm Đồng,Lam Dong Minerals & Building Materials Joint Stock Company,STOCK,584.0,Khoáng sản và Vật liệu Xây dựng Lâm Đồng,Nguyên vật liệu,Nguyên vật liệu,Vật liệu xây dựng,Materials,Materials,Construction Materials,40000000,EXPANDED,https://finance.vietstock.vn/LBM/ho-so-doanh-nghiep.htm,https://finance.vietstock.vn/LBM/tai-chinh.htm?tab=BCTT
POS,UPCOM,CTCP Vận hành và Xây lắp PTSC,PTSC Offshore Services Joint Stock Company,STOCK,585.0,Vận hành và Xây lắp PTSC,Năng lượng,Năng lượng,Thiết bị và dịch vụ năng lượng,Energy,Energy,Energy Equipment & Services,40000000,EXPANDED,https://finance.vietstock.vn/POS/ho-so-doanh-nghiep.htm,https://finance.vietstock.vn/POS/tai-chinh.htm?tab=BCTT
PSN,UPCOM,CTCP Dịch Vụ Kỹ Thuật PTSC Thanh Hóa,PTSC Thanh Hoa Technical Services Company,STOCK,586.0,Dịch Vụ Kỹ Thuật PTSC Thanh Hóa,Công nghiệp,Vận tải,Hạ tầng giao thông,Industrials,Transportation,Transportation Infrastructure,40000000,EXPANDED,https://finance.vietstock.vn/PSN/ho-so-doanh-nghiep.htm,https://finance.vietstock.vn/PSN/tai-chinh.htm?tab=BCTT
PSP,UPCOM,CTCP Cảng Dịch vụ Dầu khí Đình Vũ,Dinh Vu Petroleum Service Port SJC,STOCK,587.0,Cảng Dịch vụ Dầu khí Đình Vũ,Công nghiệp,Vận tải,Hạ tầng giao thông,Industrials,Transportation,Transportation Infrastructure,40000000,EXPANDED,https://finance.vietstock.vn/PSP/ho-so-doanh-nghiep.htm,https://finance.vietstock.vn/PSP/tai-chinh.htm?tab=BCTT
PVG,HNX,CTCP Kinh doanh LPG Việt Nam,Petro VietNam LPG Joint Stock Company,STOCK,588.0,Kinh doanh LPG Việt Nam,Tiện ích,Tiện ích,Gas sinh hoạt,Utilities,Utilities,Gas Utilities,39998522,EXPANDED,https://finance.vietstock.vn/PVG/ho-so-doanh-nghiep.htm,https://finance.vietstock.vn/PVG/tai-chinh.htm?tab=BCTT
NTB,UPCOM,CTCP Đầu tư Xây dựng và Khai thác Công trình Giao thông 584,Transport Engineering Construction & Business Investment JSC 584,STOCK,589.0,Đầu tư Xây dựng và Khai thác Công trình Giao thông 584,Công nghiệp,Hàng hóa công nghiệp,Kỹ thuật xây dựng,Industrials,Capital Goods,Construction & Engineering,39779577,EXPANDED,https://finance.vietstock.vn/NTB/ho-so-doanh-nghiep.htm,https://finance.vietstock.vn/NTB/tai-chinh.htm?tab=BCTT
SSN,UPCOM,CTCP Xuất nhập khẩu Thủy sản Sài Gòn,Saigon SeaProducts Import - Export JSC,STOCK,590.0,Xuất nhập khẩu Thủy sản Sài Gòn,Bất động sản,Bất động sản,Bất động sản đa dạng,Real Estate,Real Estate,Diversified Real Estate Activities,39600000,EXPANDED,https://finance.vietstock.vn/SSN/ho-so-doanh-nghiep.htm,https://finance.vietstock.vn/SSN/tai-chinh.htm?tab=BCTT
PVM,UPCOM,CTCP Máy - Thiết bị Dầu khí,PetroVietNam Machinery - Technology JSC,STOCK,591.0,Máy - Thiết bị Dầu khí,Công nghiệp,Hàng hóa công nghiệp,Máy móc công nghiệp,Industrials,Capital Goods,Machinery,38638600,EXPANDED,https://finance.vietstock.vn/PVM/ho-so-doanh-nghiep.htm,https://finance.vietstock.vn/PVM/tai-chinh.htm?tab=BCTT
FDC,HOSE,CTCP Ngoại thương và Phát triển Đầu tư Thành phố Hồ Chí Minh,Foreign Trade Development & Investment Corporation of HCMC,STOCK,592.0,Ngoại thương và Phát triển Đầu tư Thành phố Hồ Chí Minh,Bất động sản,Bất động sản,Quản lý và phát triển bất động sản,Real Estate,Real Estate,Real Estate Management & Development,38629988,EXPANDED,https://finance.vietstock.vn/FDC/ho-so-doanh-nghiep.htm,https://finance.vietstock.vn/FDC/tai-chinh.htm?tab=BCTT
NAG,HNX,CTCP Tập đoàn Nagakawa,Nagakawa Group Joint Stock Company,STOCK,593.0,Nagakawa,Tiêu dùng không thiết yếu,Thời trang và hàng lâu bền,Hàng tiêu dùng lâu bền,Consumer Discretionary,Consumer Durables & Apparel,Household Durables,38620235,EXPANDED,https://finance.vietstock.vn/NAG/ho-so-doanh-nghiep.htm,https://finance.vietstock.vn/NAG/tai-chinh.htm?tab=BCTT
BDT,UPCOM,CTCP Xây lắp và Vật liệu Xây dựng Đồng Tháp,Dong Thap Building Materials & Contruction Joint Stock Company,STOCK,594.0,Xây lắp và Vật liệu Xây dựng Đồng Tháp,Nguyên vật liệu,Nguyên vật liệu,Vật liệu xây dựng,Materials,Materials,Construction Materials,38600000,EXPANDED,https://finance.vietstock.vn/BDT/ho-so-doanh-nghiep.htm,https://finance.vietstock.vn/BDT/tai-chinh.htm?tab=BCTT
HVX,HOSE,CTCP Xi măng VICEM Hải Vân,Vicem Hai Van Cement Joint Stock Company,STOCK,595.0,Xi măng VICEM Hải Vân,Nguyên vật liệu,Nguyên vật liệu,Vật liệu xây dựng,Materials,Materials,Construction Materials,38525250,EXPANDED,https://finance.vietstock.vn/HVX/ho-so-doanh-nghiep.htm,https://finance.vietstock.vn/HVX/tai-chinh.htm?tab=BCTT
PWS,UPCOM,CTCP Cấp thoát nước Phú Yên,Phu Yen Water Supply And Sewerage Joint Stock Company,STOCK,596.0,Cấp thoát nước Phú Yên,Tiện ích,Tiện ích,Nước,Utilities,Utilities,Water Utilities,38363579,EXPANDED,https://finance.vietstock.vn/PWS/ho-so-doanh-nghiep.htm,https://finance.vietstock.vn/PWS/tai-chinh.htm?tab=BCTT
ILB,HOSE,CTCP ICD Tân Cảng - Long Bình,ICD Tan Cang ? Long Binh JSC,STOCK,597.0,ICD Tân Cảng - Long Bình,Công nghiệp,Dịch vụ thương mại và chuyên nghiệp,Dịch vụ và thiết bị thương mại,Industrials,Comm. & Prof. Services,Commercial Services & Supplies,38199492,EXPANDED,https://finance.vietstock.vn/ILB/ho-so-doanh-nghiep.htm,https://finance.vietstock.vn/ILB/tai-chinh.htm?tab=BCTT
VHD,UPCOM,CTCP Đầu tư Phát triển Nhà và Đô Thị VINAHUD,VINAHUD Urban And Housing Development Invesment Joint Stock Company,STOCK,598.0,Đầu tư Phát triển Nhà và Đô Thị VINAHUD,Bất động sản,Bất động sản,Quản lý và phát triển bất động sản,Real Estate,Real Estate,Real Estate Management & Development,38000000,EXPANDED,https://finance.vietstock.vn/VHD/ho-so-doanh-nghiep.htm,https://finance.vietstock.vn/VHD/tai-chinh.htm?tab=BCTT
BCF,HNX,CTCP Thực phẩm Bích Chi,Bich Chi Food JSC,STOCK,599.0,Thực phẩm Bích Chi,Tiêu dùng thiết yếu,"Thực phẩm, đồ uống và thuốc lá",Thực phẩm,Consumer Staples,"Food, Bev. & Tobacco",Food Products,37964770,EXPANDED,https://finance.vietstock.vn/BCF/ho-so-doanh-nghiep.htm,https://finance.vietstock.vn/BCF/tai-chinh.htm?tab=BCTT
VAF,HOSE,CTCP Phân lân Nung chảy Văn Điển,Van Dien Fused Magnesium Phosphate Fertilizer JSC,STOCK,600.0,Phân lân Nung chảy Văn Điển,Nguyên vật liệu,Nguyên vật liệu,Hóa chất,Materials,Materials,Chemicals,37665348,EXPANDED,https://finance.vietstock.vn/VAF/ho-so-doanh-nghiep.htm,https://finance.vietstock.vn/VAF/tai-chinh.htm?tab=BCTT
BNW,UPCOM,CTCP Nước sạch Bắc Ninh,Bac Ninh Clean Water Joint Stock Company,STOCK,601.0,Nước sạch Bắc Ninh,Tiện ích,Tiện ích,Nước,Utilities,Utilities,Water Utilities,37549391,EXPANDED,https://finance.vietstock.vn/BNW/ho-so-doanh-nghiep.htm,https://finance.vietstock.vn/BNW/tai-chinh.htm?tab=BCTT
NAW,UPCOM,CTCP Cấp nước Nghệ An,Nghe An Water Supply Joint Stock Company,STOCK,602.0,Cấp nước Nghệ An,Tiện ích,Tiện ích,Nước,Utilities,Utilities,Water Utilities,37385983,EXPANDED,https://finance.vietstock.vn/NAW/ho-so-doanh-nghiep.htm,https://finance.vietstock.vn/NAW/tai-chinh.htm?tab=BCTT
TTH,HNX,CTCP Thương mại và Dịch vụ Tiến Thành,Tien Thanh Service and Trading Joint Stock Company,STOCK,603.0,Thương mại và Dịch vụ Tiến Thành,Tiêu dùng không thiết yếu,Thương mại hàng không thiết yếu,Nhà phân phối,Consumer Discretionary,Consumer Discre. Dist. & Retail,Distributors,37374846,EXPANDED,https://finance.vietstock.vn/TTH/ho-so-doanh-nghiep.htm,https://finance.vietstock.vn/TTH/tai-chinh.htm?tab=BCTT
PV2,HNX,CTCP Đầu tư PV2,PV2 Investment JSC,STOCK,604.0,Đầu tư PV2,Tài chính,Dịch vụ tài chính,Dịch vụ tài chính,Financials,Financial Services,Financial Services,37350000,EXPANDED,https://finance.vietstock.vn/PV2/ho-so-doanh-nghiep.htm,https://finance.vietstock.vn/PV2/tai-chinh.htm?tab=BCTT
TMT,HOSE,CTCP Ô tô TMT,TMT Motors Corporation,STOCK,605.0,Ô tô TMT,Tiêu dùng không thiết yếu,Xe và linh kiện,Xe,Consumer Discretionary,Automobiles & Components,Automobiles,37287680,EXPANDED,https://finance.vietstock.vn/TMT/ho-so-doanh-nghiep.htm,https://finance.vietstock.vn/TMT/tai-chinh.htm?tab=BCTT
NBC,HNX,CTCP Than Núi Béo - Vinacomin,Vinacomin - Nui Beo Coal JSC,STOCK,606.0,Than Núi Béo - Vinacomin,Năng lượng,Năng lượng,Dầu khí,Energy,Energy,"Oil, Gas & Consumable Fuels",36999124,EXPANDED,https://finance.vietstock.vn/NBC/ho-so-doanh-nghiep.htm,https://finance.vietstock.vn/NBC/tai-chinh.htm?tab=BCTT
HCD,HOSE,CTCP Đầu tư Sản xuất và Thương mại HCD,HCD Investment Producing and Trading Joint Stock Company,STOCK,607.0,Đầu tư Sản xuất và Thương mại HCD,Công nghiệp,Hàng hóa công nghiệp,Sản phẩm xây dựng,Industrials,Capital Goods,Building Products,36958816,EXPANDED,https://finance.vietstock.vn/HCD/ho-so-doanh-nghiep.htm,https://finance.vietstock.vn/HCD/tai-chinh.htm?tab=BCTT
TTN,UPCOM,CTCP Công nghệ & Truyền thông Việt Nam,Viet Nam Technology & Telecommunication JSC,STOCK,608.0,Công nghệ & Truyền thông Việt Nam,Dịch vụ truyền thông,Dịch vụ viễn thông,Dịch vụ viễn thông đa dạng,Communication Services,Telecommunication,Diversified Telecommunication Services,36727500,EXPANDED,https://finance.vietstock.vn/TTN/ho-so-doanh-nghiep.htm,https://finance.vietstock.vn/TTN/tai-chinh.htm?tab=BCTT
CVT,HOSE,CTCP CMC,CMC Joint Stock Company,STOCK,609.0,CMC,Nguyên vật liệu,Nguyên vật liệu,Vật liệu xây dựng,Materials,Materials,Construction Materials,36690887,EXPANDED,https://finance.vietstock.vn/CVT/ho-so-doanh-nghiep.htm,https://finance.vietstock.vn/CVT/tai-chinh.htm?tab=BCTT
EIC,UPCOM,CTCP EVN Quốc tế,EVN International Joint Stock Company,STOCK,610.0,EVN Quốc tế,Công nghiệp,Dịch vụ thương mại và chuyên nghiệp,Dịch vụ chuyên nghiệp,Industrials,Comm. & Prof. Services,Professional Services,36677145,EXPANDED,https://finance.vietstock.vn/EIC/ho-so-doanh-nghiep.htm,https://finance.vietstock.vn/EIC/tai-chinh.htm?tab=BCTT
CPI,UPCOM,CTCP Đầu tư Cảng Cái Lân,Cailan Port Investment Joint Stock Company,STOCK,611.0,Đầu tư Cảng Cái Lân,Công nghiệp,Vận tải,Hạ tầng giao thông,Industrials,Transportation,Transportation Infrastructure,36505000,EXPANDED,https://finance.vietstock.vn/CPI/ho-so-doanh-nghiep.htm,https://finance.vietstock.vn/CPI/tai-chinh.htm?tab=BCTT
KTC,UPCOM,CTCP Thương mại Kiên Giang,Kien Giang Trade and Tourism Company Limited,STOCK,612.0,Thương mại Kiên Giang,Tiêu dùng thiết yếu,"Thực phẩm, đồ uống và thuốc lá",Thực phẩm,Consumer Staples,"Food, Bev. & Tobacco",Food Products,36473833,EXPANDED,https://finance.vietstock.vn/KTC/ho-so-doanh-nghiep.htm,https://finance.vietstock.vn/KTC/tai-chinh.htm?tab=BCTT
C47,HOSE,CTCP Xây dựng 47,Construction Joint Stock Company 47,STOCK,613.0,Xây dựng 47,Công nghiệp,Hàng hóa công nghiệp,Kỹ thuật xây dựng,Industrials,Capital Goods,Construction & Engineering,36342269,EXPANDED,https://finance.vietstock.vn/C47/ho-so-doanh-nghiep.htm,https://finance.vietstock.vn/C47/tai-chinh.htm?tab=BCTT
HTG,HOSE,Tổng Công ty cổ phần Dệt may Hòa Thọ,Hoa Tho Textile & Garment Joint Stock Corporation,STOCK,614.0,Dệt may Hòa Thọ,Tiêu dùng không thiết yếu,Thời trang và hàng lâu bền,Thời trang và dệt may,Consumer Discretionary,Consumer Durables & Apparel,"Textiles, Apparel & Luxury Goods",36002708,EXPANDED,https://finance.vietstock.vn/HTG/ho-so-doanh-nghiep.htm,https://finance.vietstock.vn/HTG/tai-chinh.htm?tab=BCTT
ILS,UPCOM,CTCP Đầu tư Thương mại và Dịch vụ Quốc tế,International Investment Trade and Service Group Company,STOCK,615.0,Đầu tư Thương mại và Dịch vụ Quốc tế,Công nghiệp,Vận tải,Hạ tầng giao thông,Industrials,Transportation,Transportation Infrastructure,36000000,EXPANDED,https://finance.vietstock.vn/ILS/ho-so-doanh-nghiep.htm,https://finance.vietstock.vn/ILS/tai-chinh.htm?tab=BCTT
DHD,UPCOM,CTCP Dược Vật tư Y tế Hải Dương,Hai Duong Pharmaceutical Medical Material JSC,STOCK,616.0,Dược Vật tư Y tế Hải Dương,Chăm sóc sức khỏe,"Dược phẩm, công nghệ sinh học và khoa học sự sống",Dược phẩm,Health Care,"Pharma., Bio. & Life Sciences",Pharmaceuticals,35995929,EXPANDED,https://finance.vietstock.vn/DHD/ho-so-doanh-nghiep.htm,https://finance.vietstock.vn/DHD/tai-chinh.htm?tab=BCTT
VGV,UPCOM,Tổng Công ty Tư vấn Xây dựng Việt Nam - CTCP,VietNam National Construction Consultants Corporation - JSC,STOCK,617.0,Tư vấn Xây dựng Việt Nam - CTCP,Công nghiệp,Dịch vụ thương mại và chuyên nghiệp,Dịch vụ chuyên nghiệp,Industrials,Comm. & Prof. Services,Professional Services,35774448,EXPANDED,https://finance.vietstock.vn/VGV/ho-so-doanh-nghiep.htm,https://finance.vietstock.vn/VGV/tai-chinh.htm?tab=BCTT
SRF,HOSE,CTCP SEAREFICO,SEAREFICO CORPORATION,STOCK,618.0,SEAREFICO,Công nghiệp,Hàng hóa công nghiệp,Kỹ thuật xây dựng,Industrials,Capital Goods,Construction & Engineering,35566780,EXPANDED,https://finance.vietstock.vn/SRF/ho-so-doanh-nghiep.htm,https://finance.vietstock.vn/SRF/tai-chinh.htm?tab=BCTT
UXC,UPCOM,CTCP Chế biến Thủy sản Út Xi,Ut Xi Aquatic Products Processing Corporation,STOCK,619.0,Chế biến Thủy sản Út Xi,Tiêu dùng thiết yếu,"Thực phẩm, đồ uống và thuốc lá",Thực phẩm,Consumer Staples,"Food, Bev. & Tobacco",Food Products,35400000,EXPANDED,https://finance.vietstock.vn/UXC/ho-so-doanh-nghiep.htm,https://finance.vietstock.vn/UXC/tai-chinh.htm?tab=BCTT
CNG,HOSE,CTCP CNG Việt Nam,CNG Viet Nam Joint Stock Company,STOCK,620.0,CNG Việt Nam,Tiện ích,Tiện ích,Gas sinh hoạt,Utilities,Utilities,Gas Utilities,35099625,EXPANDED,https://finance.vietstock.vn/CNG/ho-so-doanh-nghiep.htm,https://finance.vietstock.vn/CNG/tai-chinh.htm?tab=BCTT
PSG,UPCOM,CTCP Đầu Tư và Xây lắp Dầu khí Sài Gòn,Petroleum Saigon Constrution And Investment JSC,STOCK,621.0,Đầu Tư và Xây lắp Dầu khí Sài Gòn,Bất động sản,Bất động sản,Bất động sản đa dạng,Real Estate,Real Estate,Diversified Real Estate Activities,35000000,EXPANDED,https://finance.vietstock.vn/PSG/ho-so-doanh-nghiep.htm,https://finance.vietstock.vn/PSG/tai-chinh.htm?tab=BCTT
UDC,UPCOM,CTCP Đầu tư Xây dựng UDCons,UDCons Construction Investment Corporation,STOCK,622.0,Đầu tư Xây dựng UDCons,Công nghiệp,Hàng hóa công nghiệp,Kỹ thuật xây dựng,Industrials,Capital Goods,Construction & Engineering,35000000,EXPANDED,https://finance.vietstock.vn/UDC/ho-so-doanh-nghiep.htm,https://finance.vietstock.vn/UDC/tai-chinh.htm?tab=BCTT
HHG,UPCOM,CTCP Hoàng Hà,Hoang Ha Joint Stock Company,STOCK,623.0,Hoàng Hà,Công nghiệp,Vận tải,Vận tải mặt đất,Industrials,Transportation,Ground Transportation,34896354,EXPANDED,https://finance.vietstock.vn/HHG/ho-so-doanh-nghiep.htm,https://finance.vietstock.vn/HHG/tai-chinh.htm?tab=BCTT
SD6,UPCOM,CTCP Sông Đà 6,Song Da 6 JSC,STOCK,624.0,Sông Đà 6,Công nghiệp,Hàng hóa công nghiệp,Kỹ thuật xây dựng,Industrials,Capital Goods,Construction & Engineering,34771611,EXPANDED,https://finance.vietstock.vn/SD6/ho-so-doanh-nghiep.htm,https://finance.vietstock.vn/SD6/tai-chinh.htm?tab=BCTT
DMC,HOSE,CTCP Xuất nhập khẩu Y Tế Domesco,Domesco Medical Import Export Joint Stock Corporation,STOCK,625.0,Xuất nhập khẩu Y Tế Domesco,Chăm sóc sức khỏe,"Dược phẩm, công nghệ sinh học và khoa học sự sống",Dược phẩm,Health Care,"Pharma., Bio. & Life Sciences",Pharmaceuticals,34727465,EXPANDED,https://finance.vietstock.vn/DMC/ho-so-doanh-nghiep.htm,https://finance.vietstock.vn/DMC/tai-chinh.htm?tab=BCTT
HLA,UPCOM,CTCP Hữu Liên Á Châu,Huu Lien Asia Corporation,STOCK,626.0,Hữu Liên Á Châu,Nguyên vật liệu,Nguyên vật liệu,Khai khoáng và luyện kim,Materials,Materials,Metals & Mining,34459293,EXPANDED,https://finance.vietstock.vn/HLA/ho-so-doanh-nghiep.htm,https://finance.vietstock.vn/HLA/tai-chinh.htm?tab=BCTT
DQC,HOSE,CTCP Tập đoàn Điện Quang,Dien Quang Group Joint Stock Company,STOCK,627.0,Điện Quang,Công nghiệp,Hàng hóa công nghiệp,Thiết bị điện,Industrials,Capital Goods,Electrical Equipment,34359416,EXPANDED,https://finance.vietstock.vn/DQC/ho-so-doanh-nghiep.htm,https://finance.vietstock.vn/DQC/tai-chinh.htm?tab=BCTT
NDW,UPCOM,CTCP Cấp nước Nam Định,Nam Dinh Water Supply Joint Stock Company,STOCK,628.0,Cấp nước Nam Định,Tiện ích,Tiện ích,Nước,Utilities,Utilities,Water Utilities,34311748,EXPANDED,https://finance.vietstock.vn/NDW/ho-so-doanh-nghiep.htm,https://finance.vietstock.vn/NDW/tai-chinh.htm?tab=BCTT
SD9,HNX,CTCP Sông Đà 9,Song Da No 9 Joint Stock Company,STOCK,629.0,Sông Đà 9,Tiện ích,Tiện ích,Phát điện độc lập và điện tái tạo,Utilities,Utilities,Independent Power and Renewable Electricity Producers,34234000,EXPANDED,https://finance.vietstock.vn/SD9/ho-so-doanh-nghiep.htm,https://finance.vietstock.vn/SD9/tai-chinh.htm?tab=BCTT
CLL,HOSE,CTCP Cảng Cát Lái,Cat Lai Port Joint Stock Company,STOCK,630.0,Cảng Cát Lái,Công nghiệp,Vận tải,Hạ tầng giao thông,Industrials,Transportation,Transportation Infrastructure,34000000,EXPANDED,https://finance.vietstock.vn/CLL/ho-so-doanh-nghiep.htm,https://finance.vietstock.vn/CLL/tai-chinh.htm?tab=BCTT
VFC,UPCOM,CTCP Vinafco,Vinafco Joint Stock Corporation,STOCK,631.0,Vinafco,Công nghiệp,Vận tải,Vận tải biển,Industrials,Transportation,Marine Transportation,34000000,EXPANDED,https://finance.vietstock.vn/VFC/ho-so-doanh-nghiep.htm,https://finance.vietstock.vn/VFC/tai-chinh.htm?tab=BCTT
VNA,UPCOM,CTCP Vận tải Biển Vinaship,Vinaship Joint Stock Company,STOCK,632.0,Vận tải Biển Vinaship,Công nghiệp,Vận tải,Vận tải biển,Industrials,Transportation,Marine Transportation,33999960,EXPANDED,https://finance.vietstock.vn/VNA/ho-so-doanh-nghiep.htm,https://finance.vietstock.vn/VNA/tai-chinh.htm?tab=BCTT
VUA,UPCOM,CTCP Chứng khoán Stanley Brothers,Stanley Brothers Securities Incorporation,STOCK,633.0,Chứng khoán Stanley Brothers,Tài chính,Dịch vụ tài chính,Thị trường vốn,Financials,Financial Services,Capital Markets,33900000,EXPANDED,https://finance.vietstock.vn/VUA/ho-so-doanh-nghiep.htm,https://finance.vietstock.vn/VUA/tai-chinh.htm?tab=BCTT
SGN,HOSE,CTCP Phục vụ Mặt đất Sài Gòn,Saigon Ground Services JSC,STOCK,634.0,Phục vụ Mặt đất Sài Gòn,Công nghiệp,Vận tải,Hạ tầng giao thông,Industrials,Transportation,Transportation Infrastructure,33581691,EXPANDED,https://finance.vietstock.vn/SGN/ho-so-doanh-nghiep.htm,https://finance.vietstock.vn/SGN/tai-chinh.htm?tab=BCTT
SHA,HOSE,CTCP Sơn Hà Sài Gòn,Son Ha Sai Gon Joint Stock Company,STOCK,635.0,Sơn Hà Sài Gòn,Công nghiệp,Hàng hóa công nghiệp,Máy móc công nghiệp,Industrials,Capital Goods,Machinery,33446675,EXPANDED,https://finance.vietstock.vn/SHA/ho-so-doanh-nghiep.htm,https://finance.vietstock.vn/SHA/tai-chinh.htm?tab=BCTT
PIC,HNX,CTCP Đầu tư Điện lực 3,PC3 - Investment Joint Stock Company,STOCK,636.0,Đầu tư Điện lực 3,Tiện ích,Tiện ích,Điện,Utilities,Utilities,Electric Utilities,33339891,EXPANDED,https://finance.vietstock.vn/PIC/ho-so-doanh-nghiep.htm,https://finance.vietstock.vn/PIC/tai-chinh.htm?tab=BCTT
GMC,UPCOM,CTCP Garmex Sài Gòn,Garmex Saigon Corporation,STOCK,637.0,Garmex Sài Gòn,Tiêu dùng không thiết yếu,Thời trang và hàng lâu bền,Thời trang và dệt may,Consumer Discretionary,Consumer Durables & Apparel,"Textiles, Apparel & Luxury Goods",33000259,EXPANDED,https://finance.vietstock.vn/GMC/ho-so-doanh-nghiep.htm,https://finance.vietstock.vn/GMC/tai-chinh.htm?tab=BCTT
HBS,HNX,CTCP Chứng khoán Hòa Bình,Hoa Binh Securities JSC,STOCK,638.0,Chứng khoán Hòa Bình,Tài chính,Dịch vụ tài chính,Thị trường vốn,Financials,Financial Services,Capital Markets,32999980,EXPANDED,https://finance.vietstock.vn/HBS/ho-so-doanh-nghiep.htm,https://finance.vietstock.vn/HBS/tai-chinh.htm?tab=BCTT
THN,UPCOM,CTCP Cấp nước Thanh Hóa,Thanh Hoa Water Supply JSC,STOCK,639.0,Cấp nước Thanh Hóa,Tiện ích,Tiện ích,Nước,Utilities,Utilities,Water Utilities,32995411,EXPANDED,https://finance.vietstock.vn/THN/ho-so-doanh-nghiep.htm,https://finance.vietstock.vn/THN/tai-chinh.htm?tab=BCTT
BT6,UPCOM,CTCP Beton 6,Beton 6 Corporation,STOCK,640.0,Beton 6,Nguyên vật liệu,Nguyên vật liệu,Vật liệu xây dựng,Materials,Materials,Construction Materials,32993550,EXPANDED,https://finance.vietstock.vn/BT6/ho-so-doanh-nghiep.htm,https://finance.vietstock.vn/BT6/tai-chinh.htm?tab=BCTT
APF,UPCOM,CTCP Nông sản Thực phẩm Quảng Ngãi,Quang Ngai Agricultural Products and Foodstuff JSC,STOCK,641.0,Nông sản Thực phẩm Quảng Ngãi,Tiêu dùng thiết yếu,"Thực phẩm, đồ uống và thuốc lá",Thực phẩm,Consumer Staples,"Food, Bev. & Tobacco",Food Products,32747339,EXPANDED,https://finance.vietstock.vn/APF/ho-so-doanh-nghiep.htm,https://finance.vietstock.vn/APF/tai-chinh.htm?tab=BCTT
TBD,UPCOM,Tổng Công ty Thiết bị Điện Đông Anh - CTCP,Dong Anh Electrical Equiment Corporation - Joint Stock Company,STOCK,642.0,Thiết bị Điện Đông Anh - CTCP,Công nghiệp,Hàng hóa công nghiệp,Thiết bị điện,Industrials,Capital Goods,Electrical Equipment,32486392,EXPANDED,https://finance.vietstock.vn/TBD/ho-so-doanh-nghiep.htm,https://finance.vietstock.vn/TBD/tai-chinh.htm?tab=BCTT
DTP,UPCOM,CTCP Dược phẩm CPC1 Hà Nội,Ha Noi CPC1 Pharmaceutical Joint Stock Company,STOCK,643.0,Dược phẩm CPC1 Hà Nội,Chăm sóc sức khỏe,"Dược phẩm, công nghệ sinh học và khoa học sự sống",Dược phẩm,Health Care,"Pharma., Bio. & Life Sciences",Pharmaceuticals,32458084,EXPANDED,https://finance.vietstock.vn/DTP/ho-so-doanh-nghiep.htm,https://finance.vietstock.vn/DTP/tai-chinh.htm?tab=BCTT
CMP,UPCOM,CTCP Cảng Chân Mây,Chanmay Port Joint Stock Company,STOCK,644.0,Cảng Chân Mây,Công nghiệp,Vận tải,Hạ tầng giao thông,Industrials,Transportation,Transportation Infrastructure,32405415,EXPANDED,https://finance.vietstock.vn/CMP/ho-so-doanh-nghiep.htm,https://finance.vietstock.vn/CMP/tai-chinh.htm?tab=BCTT
PTC,HOSE,CTCP Đầu Tư Icapital,Icapital Investment Joint Stock Company,STOCK,645.0,Đầu Tư Icapital,Tiện ích,Tiện ích,Phát điện độc lập và điện tái tạo,Utilities,Utilities,Independent Power and Renewable Electricity Producers,32307324,EXPANDED,https://finance.vietstock.vn/PTC/ho-so-doanh-nghiep.htm,https://finance.vietstock.vn/PTC/tai-chinh.htm?tab=BCTT
ICT,HOSE,CTCP Viễn thông - Tin học Bưu điện,Joint Stock Company For Telecom & Informatics,STOCK,646.0,Viễn thông - Tin học Bưu điện,Dịch vụ truyền thông,Dịch vụ viễn thông,Dịch vụ viễn thông đa dạng,Communication Services,Telecommunication,Diversified Telecommunication Services,32185000,EXPANDED,https://finance.vietstock.vn/ICT/ho-so-doanh-nghiep.htm,https://finance.vietstock.vn/ICT/tai-chinh.htm?tab=BCTT
GCF,UPCOM,CTCP Thực phẩm G.C,G.C Food Joint Stock Company,STOCK,647.0,Thực phẩm G.C,Tiêu dùng thiết yếu,"Thực phẩm, đồ uống và thuốc lá",Thực phẩm,Consumer Staples,"Food, Bev. & Tobacco",Food Products,32179999,EXPANDED,https://finance.vietstock.vn/GCF/ho-so-doanh-nghiep.htm,https://finance.vietstock.vn/GCF/tai-chinh.htm?tab=BCTT
RCC,UPCOM,CTCP Tổng Công ty Công trình Đường sắt,Railway Construction Corporation Joint Stock Company,STOCK,648.0,Công trình Đường sắt,Công nghiệp,Hàng hóa công nghiệp,Kỹ thuật xây dựng,Industrials,Capital Goods,Construction & Engineering,32064749,EXPANDED,https://finance.vietstock.vn/RCC/ho-so-doanh-nghiep.htm,https://finance.vietstock.vn/RCC/tai-chinh.htm?tab=BCTT
PTM,UPCOM,CTCP Sản xuất Thương mại và Dịch vụ Ô tô PTM,"PTM Automobile Service, Trading And Manufacturing Joint Stock Company",STOCK,649.0,Sản xuất Thương mại và Dịch vụ Ô tô PTM,Tiêu dùng không thiết yếu,Thương mại hàng không thiết yếu,Nhà phân phối,Consumer Discretionary,Consumer Discre. Dist. & Retail,Distributors,32000000,EXPANDED,https://finance.vietstock.vn/PTM/ho-so-doanh-nghiep.htm,https://finance.vietstock.vn/PTM/tai-chinh.htm?tab=BCTT
SEB,HNX,CTCP Đầu tư và Phát triển Điện Miền Trung,Mien Trung Power Investment & Development JSC,STOCK,650.0,Đầu tư và Phát triển Điện Miền Trung,Tiện ích,Tiện ích,Phát điện độc lập và điện tái tạo,Utilities,Utilities,Independent Power and Renewable Electricity Producers,31999969,EXPANDED,https://finance.vietstock.vn/SEB/ho-so-doanh-nghiep.htm,https://finance.vietstock.vn/SEB/tai-chinh.htm?tab=BCTT
HDW,UPCOM,CTCP Kinh doanh Nước sạch Hải Dương,Hai Duong Water Joint Stock Company,STOCK,651.0,Kinh doanh Nước sạch Hải Dương,Tiện ích,Tiện ích,Nước,Utilities,Utilities,Water Utilities,31882470,EXPANDED,https://finance.vietstock.vn/HDW/ho-so-doanh-nghiep.htm,https://finance.vietstock.vn/HDW/tai-chinh.htm?tab=BCTT
ITQ,HNX,CTCP Tập đoàn Thiên Quang,Thien Quang Group JSC,STOCK,652.0,Thiên Quang,Nguyên vật liệu,Nguyên vật liệu,Khai khoáng và luyện kim,Materials,Materials,Metals & Mining,31843305,EXPANDED,https://finance.vietstock.vn/ITQ/ho-so-doanh-nghiep.htm,https://finance.vietstock.vn/ITQ/tai-chinh.htm?tab=BCTT
M10,UPCOM,Tổng Công ty May 10 - CTCP,Garmant 10 Corporation - Joint Stock Company,STOCK,653.0,May 10 - CTCP,Tiêu dùng không thiết yếu,Thời trang và hàng lâu bền,Thời trang và dệt may,Consumer Discretionary,Consumer Durables & Apparel,"Textiles, Apparel & Luxury Goods",31751000,EXPANDED,https://finance.vietstock.vn/M10/ho-so-doanh-nghiep.htm,https://finance.vietstock.vn/M10/tai-chinh.htm?tab=BCTT
VNF,HNX,CTCP Vinafreight,Vinafreight Joint Stock Company,STOCK,654.0,Vinafreight,Công nghiệp,Vận tải,Vận tải và logistics hàng không,Industrials,Transportation,Air Freight & Logistics,31715880,EXPANDED,https://finance.vietstock.vn/VNF/ho-so-doanh-nghiep.htm,https://finance.vietstock.vn/VNF/tai-chinh.htm?tab=BCTT
CDO,UPCOM,CTCP Tư vấn Thiết kế và Phát triển Đô thị,Consultancy Design & Urban Development JSC,STOCK,655.0,Tư vấn Thiết kế và Phát triển Đô thị,Công nghiệp,Hàng hóa công nghiệp,Kỹ thuật xây dựng,Industrials,Capital Goods,Construction & Engineering,31504975,EXPANDED,https://finance.vietstock.vn/CDO/ho-so-doanh-nghiep.htm,https://finance.vietstock.vn/CDO/tai-chinh.htm?tab=BCTT
GKM,HNX,CTCP GKM Holdings,GKM Holdings Joint Stock Company,STOCK,656.0,GKM Holdings,Nguyên vật liệu,Nguyên vật liệu,Vật liệu xây dựng,Materials,Materials,Construction Materials,31434237,EXPANDED,https://finance.vietstock.vn/GKM/ho-so-doanh-nghiep.htm,https://finance.vietstock.vn/GKM/tai-chinh.htm?tab=BCTT
TCO,HOSE,CTCP TCO Holdings,TCO Holdings joint Stock Company,STOCK,657.0,TCO Holdings,Tiêu dùng thiết yếu,"Thực phẩm, đồ uống và thuốc lá",Thực phẩm,Consumer Staples,"Food, Bev. & Tobacco",Food Products,31320622,EXPANDED,https://finance.vietstock.vn/TCO/ho-so-doanh-nghiep.htm,https://finance.vietstock.vn/TCO/tai-chinh.htm?tab=BCTT
BNA,HNX,CTCP Tập đoàn Đầu tư Bảo Ngọc,Bao Ngoc Investment Group Joint Stock Company,STOCK,658.0,Đầu tư Bảo Ngọc,Tiêu dùng thiết yếu,"Thực phẩm, đồ uống và thuốc lá",Thực phẩm,Consumer Staples,"Food, Bev. & Tobacco",Food Products,31249394,EXPANDED,https://finance.vietstock.vn/BNA/ho-so-doanh-nghiep.htm,https://finance.vietstock.vn/BNA/tai-chinh.htm?tab=BCTT
THG,HOSE,CTCP Đầu tư và Xây dựng Tiền Giang,Tien Giang Investment And Construction JSC,STOCK,659.0,Đầu tư và Xây dựng Tiền Giang,Nguyên vật liệu,Nguyên vật liệu,Vật liệu xây dựng,Materials,Materials,Construction Materials,31129907,EXPANDED,https://finance.vietstock.vn/THG/ho-so-doanh-nghiep.htm,https://finance.vietstock.vn/THG/tai-chinh.htm?tab=BCTT
DPS,UPCOM,CTCP Đầu tư Phát triển Sóc Sơn,Soc Son Development Investment Joint Stock Company,STOCK,660.0,Đầu tư Phát triển Sóc Sơn,Tiêu dùng không thiết yếu,Thương mại hàng không thiết yếu,Nhà phân phối,Consumer Discretionary,Consumer Discre. Dist. & Retail,Distributors,31085257,EXPANDED,https://finance.vietstock.vn/DPS/ho-so-doanh-nghiep.htm,https://finance.vietstock.vn/DPS/tai-chinh.htm?tab=BCTT
CKD,UPCOM,CTCP Cơ khí Đông Anh LICOGI,Dong Anh Licogi Mechanical Joint Stock Company,STOCK,661.0,Cơ khí Đông Anh LICOGI,Nguyên vật liệu,Nguyên vật liệu,Khai khoáng và luyện kim,Materials,Materials,Metals & Mining,31000000,EXPANDED,https://finance.vietstock.vn/CKD/ho-so-doanh-nghiep.htm,https://finance.vietstock.vn/CKD/tai-chinh.htm?tab=BCTT
ICN,UPCOM,CTCP Đầu tư Xây dựng Dầu khí IDICO,IDICO Investment Construction Oil and Natural Gas JSC,STOCK,662.0,Đầu tư Xây dựng Dầu khí IDICO,Công nghiệp,Hàng hóa công nghiệp,Kỹ thuật xây dựng,Industrials,Capital Goods,Construction & Engineering,30599923,EXPANDED,https://finance.vietstock.vn/ICN/ho-so-doanh-nghiep.htm,https://finance.vietstock.vn/ICN/tai-chinh.htm?tab=BCTT
SCI,HNX,CTCP SCI E&C,SCI E&C Joint Stock Company,STOCK,663.0,SCI E&C,Công nghiệp,Hàng hóa công nghiệp,Kỹ thuật xây dựng,Industrials,Capital Goods,Construction & Engineering,30491409,EXPANDED,https://finance.vietstock.vn/SCI/ho-so-doanh-nghiep.htm,https://finance.vietstock.vn/SCI/tai-chinh.htm?tab=BCTT
D2D,HOSE,CTCP Phát triển Đô thị Công nghiệp số 2,Industrial Urban Development JSC No. 2,STOCK,664.0,Phát triển Đô thị Công nghiệp số 2,Bất động sản,Bất động sản,Quản lý và phát triển bất động sản,Real Estate,Real Estate,Real Estate Management & Development,30304758,EXPANDED,https://finance.vietstock.vn/D2D/ho-so-doanh-nghiep.htm,https://finance.vietstock.vn/D2D/tai-chinh.htm?tab=BCTT
HUB,HOSE,CTCP Xây lắp Thừa Thiên Huế,Thua Thien Hue Construction Joint Stock Corporation,STOCK,665.0,Xây lắp Thừa Thiên Huế,Nguyên vật liệu,Nguyên vật liệu,Vật liệu xây dựng,Materials,Materials,Construction Materials,30242878,EXPANDED,https://finance.vietstock.vn/HUB/ho-so-doanh-nghiep.htm,https://finance.vietstock.vn/HUB/tai-chinh.htm?tab=BCTT
HRC,HOSE,CTCP Cao su Hòa Bình,Hoa Binh Rubber Joint Stock Company,STOCK,666.0,Cao su Hòa Bình,Nguyên vật liệu,Nguyên vật liệu,Hóa chất,Materials,Materials,Chemicals,30206622,EXPANDED,https://finance.vietstock.vn/HRC/ho-so-doanh-nghiep.htm,https://finance.vietstock.vn/HRC/tai-chinh.htm?tab=BCTT
TCL,HOSE,CTCP Đại lý Giao nhận Vận tải Xếp dỡ Tân Cảng,Tan Cang Logistics & Stevedoring Joint Stock Company,STOCK,667.0,Đại lý Giao nhận Vận tải Xếp dỡ Tân Cảng,Công nghiệp,Vận tải,Hạ tầng giao thông,Industrials,Transportation,Transportation Infrastructure,30158436,EXPANDED,https://finance.vietstock.vn/TCL/ho-so-doanh-nghiep.htm,https://finance.vietstock.vn/TCL/tai-chinh.htm?tab=BCTT
DSG,UPCOM,CTCP Kính Đáp Cầu,Dap Cau Sheet Glass JSC,STOCK,668.0,Kính Đáp Cầu,Công nghiệp,Hàng hóa công nghiệp,Sản phẩm xây dựng,Industrials,Capital Goods,Building Products,30000000,EXPANDED,https://finance.vietstock.vn/DSG/ho-so-doanh-nghiep.htm,https://finance.vietstock.vn/DSG/tai-chinh.htm?tab=BCTT
HNF,UPCOM,CTCP Thực phẩm Hữu Nghị,Huu Nghi Food Joint Stock Company,STOCK,669.0,Thực phẩm Hữu Nghị,Tiêu dùng thiết yếu,"Thực phẩm, đồ uống và thuốc lá",Thực phẩm,Consumer Staples,"Food, Bev. & Tobacco",Food Products,30000000,EXPANDED,https://finance.vietstock.vn/HNF/ho-so-doanh-nghiep.htm,https://finance.vietstock.vn/HNF/tai-chinh.htm?tab=BCTT
KSQ,UPCOM,CTCP CNC Capital Việt Nam,CNC Capital Vietnam JSC,STOCK,670.0,CNC Capital Việt Nam,Nguyên vật liệu,Nguyên vật liệu,Vật liệu xây dựng,Materials,Materials,Construction Materials,30000000,EXPANDED,https://finance.vietstock.vn/KSQ/ho-so-doanh-nghiep.htm,https://finance.vietstock.vn/KSQ/tai-chinh.htm?tab=BCTT
PQN,UPCOM,CTCP Dịch vụ Dầu khí Quảng Ngãi PTSC,PTSC Quang Ngai Joint Stock Company,STOCK,671.0,Dịch vụ Dầu khí Quảng Ngãi PTSC,Công nghiệp,Hàng hóa công nghiệp,Kỹ thuật xây dựng,Industrials,Capital Goods,Construction & Engineering,30000000,EXPANDED,https://finance.vietstock.vn/PQN/ho-so-doanh-nghiep.htm,https://finance.vietstock.vn/PQN/tai-chinh.htm?tab=BCTT
PVV,UPCOM,CTCP Vinaconex 39,Vinaconex 39 JSC,STOCK,672.0,Vinaconex 39,Công nghiệp,Hàng hóa công nghiệp,Kỹ thuật xây dựng,Industrials,Capital Goods,Construction & Engineering,30000000,EXPANDED,https://finance.vietstock.vn/PVV/ho-so-doanh-nghiep.htm,https://finance.vietstock.vn/PVV/tai-chinh.htm?tab=BCTT
PXI,UPCOM,CTCP Xây dựng Công nghiệp và Dân dụng Dầu khí,Petroleum Industrial & Civil Construction JSC,STOCK,673.0,Xây dựng Công nghiệp và Dân dụng Dầu khí,Công nghiệp,Hàng hóa công nghiệp,Kỹ thuật xây dựng,Industrials,Capital Goods,Construction & Engineering,30000000,EXPANDED,https://finance.vietstock.vn/PXI/ho-so-doanh-nghiep.htm,https://finance.vietstock.vn/PXI/tai-chinh.htm?tab=BCTT
SZB,HNX,CTCP Sonadezi Long Bình,Sonadezi Long Binh Joint Stock Company,STOCK,674.0,Sonadezi Long Bình,Bất động sản,Bất động sản,Quản lý và phát triển bất động sản,Real Estate,Real Estate,Real Estate Management & Development,30000000,EXPANDED,https://finance.vietstock.vn/SZB/ho-so-doanh-nghiep.htm,https://finance.vietstock.vn/SZB/tai-chinh.htm?tab=BCTT
SZE,UPCOM,CTCP Môi trường Sonadezi,Sonadezi Environment Joint Stock Company,STOCK,675.0,Môi trường Sonadezi,Tiện ích,Tiện ích,Tiện tích tổng hợp,Utilities,Utilities,Multi-Utilities,30000000,EXPANDED,https://finance.vietstock.vn/SZE/ho-so-doanh-nghiep.htm,https://finance.vietstock.vn/SZE/tai-chinh.htm?tab=BCTT
TDF,UPCOM,CTCP Trung Đô,TRUNG DO JOINT STOCK COMPANY,STOCK,676.0,Trung Đô,Nguyên vật liệu,Nguyên vật liệu,Vật liệu xây dựng,Materials,Materials,Construction Materials,30000000,EXPANDED,https://finance.vietstock.vn/TDF/ho-so-doanh-nghiep.htm,https://finance.vietstock.vn/TDF/tai-chinh.htm?tab=BCTT
TIX,HOSE,CTCP Sản xuất Kinh doanh Xuất nhập khẩu Dịch vụ và Đầu tư Tân Bình,Tan Binh Import Export Joint Stock Corporation,STOCK,677.0,Sản xuất Kinh doanh Xuất nhập khẩu Dịch vụ và Đầu tư Tân Bình,Bất động sản,Bất động sản,Quản lý và phát triển bất động sản,Real Estate,Real Estate,Real Estate Management & Development,30000000,EXPANDED,https://finance.vietstock.vn/TIX/ho-so-doanh-nghiep.htm,https://finance.vietstock.vn/TIX/tai-chinh.htm?tab=BCTT
TRC,HOSE,CTCP Cao su Tây Ninh,Tay Ninh Rubber Joint Stock Company,STOCK,678.0,Cao su Tây Ninh,Nguyên vật liệu,Nguyên vật liệu,Hóa chất,Materials,Materials,Chemicals,30000000,EXPANDED,https://finance.vietstock.vn/TRC/ho-so-doanh-nghiep.htm,https://finance.vietstock.vn/TRC/tai-chinh.htm?tab=BCTT
SMB,HOSE,CTCP Bia Sài Gòn - Miền Trung,Sai Gon - Mien Trung Beer JSC,STOCK,679.0,Bia Sài Gòn - Miền Trung,Tiêu dùng thiết yếu,"Thực phẩm, đồ uống và thuốc lá",Đồ uống,Consumer Staples,"Food, Bev. & Tobacco",Beverages,29846648,EXPANDED,https://finance.vietstock.vn/SMB/ho-so-doanh-nghiep.htm,https://finance.vietstock.vn/SMB/tai-chinh.htm?tab=BCTT
FCS,UPCOM,CTCP Lương thực Thành phố Hồ Chí Minh,Ho Chi Minh City Food JSC,STOCK,680.0,Lương thực Thành phố Hồ Chí Minh,Tiêu dùng thiết yếu,"Thực phẩm, đồ uống và thuốc lá",Thực phẩm,Consumer Staples,"Food, Bev. & Tobacco",Food Products,29450000,EXPANDED,https://finance.vietstock.vn/FCS/ho-so-doanh-nghiep.htm,https://finance.vietstock.vn/FCS/tai-chinh.htm?tab=BCTT
NBT,UPCOM,CTCP Cấp thoát nước Bến Tre,Ben Tre Water Supply and Sewerage JSC,STOCK,681.0,Cấp thoát nước Bến Tre,Tiện ích,Tiện ích,Nước,Utilities,Utilities,Water Utilities,29400000,EXPANDED,https://finance.vietstock.vn/NBT/ho-so-doanh-nghiep.htm,https://finance.vietstock.vn/NBT/tai-chinh.htm?tab=BCTT
GGG,UPCOM,CTCP Ô tô Giải Phóng,Giai Phong Motor Joint Stock Company,STOCK,682.0,Ô tô Giải Phóng,Tiêu dùng không thiết yếu,Xe và linh kiện,Xe,Consumer Discretionary,Automobiles & Components,Automobiles,29388589,EXPANDED,https://finance.vietstock.vn/GGG/ho-so-doanh-nghiep.htm,https://finance.vietstock.vn/GGG/tai-chinh.htm?tab=BCTT
VNZ,UPCOM,CTCP VNG,VNG CORPORATION,STOCK,683.0,VNG,Dịch vụ truyền thông,Truyền thông và giải trí,Giải trí,Communication Services,Media & Entertainment,Entertainment,29376974,EXPANDED,https://finance.vietstock.vn/VNZ/ho-so-doanh-nghiep.htm,https://finance.vietstock.vn/VNZ/tai-chinh.htm?tab=BCTT
SVG,UPCOM,CTCP Hơi Kỹ nghệ Que hàn,Industrial Gas and Welding Electrode Joint Stock Company,STOCK,684.0,Hơi Kỹ nghệ Que hàn,Nguyên vật liệu,Nguyên vật liệu,Hóa chất,Materials,Materials,Chemicals,29350000,EXPANDED,https://finance.vietstock.vn/SVG/ho-so-doanh-nghiep.htm,https://finance.vietstock.vn/SVG/tai-chinh.htm?tab=BCTT
VTR,UPCOM,CTCP Du lịch Vietravel,Vietravel Tourism Joint Stock Company,STOCK,685.0,Du lịch Vietravel,Tiêu dùng không thiết yếu,Dịch vụ tiêu dùng,"Khách sạn, nhà hàng và giải trí",Consumer Discretionary,Consumer Services,"Hotels, Restaurants & Leisure",29239090,EXPANDED,https://finance.vietstock.vn/VTR/ho-so-doanh-nghiep.htm,https://finance.vietstock.vn/VTR/tai-chinh.htm?tab=BCTT
HAC,UPCOM,CTCP Chứng khoán Hải Phòng,Hai Phong Securities Joint Stock Company,STOCK,686.0,Chứng khoán Hải Phòng,Tài chính,Dịch vụ tài chính,Thị trường vốn,Financials,Financial Services,Capital Markets,29181096,EXPANDED,https://finance.vietstock.vn/HAC/ho-so-doanh-nghiep.htm,https://finance.vietstock.vn/HAC/tai-chinh.htm?tab=BCTT
SZL,HOSE,CTCP Sonadezi Long Thành,Sonadezi Long Thanh Shareholding Company,STOCK,687.0,Sonadezi Long Thành,Bất động sản,Bất động sản,Quản lý và phát triển bất động sản,Real Estate,Real Estate,Real Estate Management & Development,29114840,EXPANDED,https://finance.vietstock.vn/SZL/ho-so-doanh-nghiep.htm,https://finance.vietstock.vn/SZL/tai-chinh.htm?tab=BCTT
VLW,UPCOM,CTCP Cấp nước Vĩnh Long,Vinh Long Water Supply Joint Stock Company Limited,STOCK,688.0,Cấp nước Vĩnh Long,Tiện ích,Tiện ích,Nước,Utilities,Utilities,Water Utilities,28900000,EXPANDED,https://finance.vietstock.vn/VLW/ho-so-doanh-nghiep.htm,https://finance.vietstock.vn/VLW/tai-chinh.htm?tab=BCTT
RIC,UPCOM,CTCP Quốc tế Hoàng Gia,The Royal International Corporation,STOCK,689.0,Quốc tế Hoàng Gia,Tiêu dùng không thiết yếu,Dịch vụ tiêu dùng,"Khách sạn, nhà hàng và giải trí",Consumer Discretionary,Consumer Services,"Hotels, Restaurants & Leisure",28708169,EXPANDED,https://finance.vietstock.vn/RIC/ho-so-doanh-nghiep.htm,https://finance.vietstock.vn/RIC/tai-chinh.htm?tab=BCTT
KHW,UPCOM,CTCP Cấp thoát nước Khánh Hòa,Khanh Hoa Water Supply And Sewerage JSC,STOCK,690.0,Cấp thoát nước Khánh Hòa,Tiện ích,Tiện ích,Nước,Utilities,Utilities,Water Utilities,28599996,EXPANDED,https://finance.vietstock.vn/KHW/ho-so-doanh-nghiep.htm,https://finance.vietstock.vn/KHW/tai-chinh.htm?tab=BCTT
GSM,UPCOM,CTCP Thủy điện Hương Sơn,Huong Son Hydro Power Joint Stocks Company,STOCK,691.0,Thủy điện Hương Sơn,Tiện ích,Tiện ích,Phát điện độc lập và điện tái tạo,Utilities,Utilities,Independent Power and Renewable Electricity Producers,28562000,EXPANDED,https://finance.vietstock.vn/GSM/ho-so-doanh-nghiep.htm,https://finance.vietstock.vn/GSM/tai-chinh.htm?tab=BCTT
GTS,UPCOM,CTCP Công trình Giao thông Sài Gòn,SaiGon Traffic Construction Joint Stock Company,STOCK,692.0,Công trình Giao thông Sài Gòn,Công nghiệp,Hàng hóa công nghiệp,Kỹ thuật xây dựng,Industrials,Capital Goods,Construction & Engineering,28499764,EXPANDED,https://finance.vietstock.vn/GTS/ho-so-doanh-nghiep.htm,https://finance.vietstock.vn/GTS/tai-chinh.htm?tab=BCTT
TTE,HOSE,CTCP Đầu tư Năng lượng Trường Thịnh,Truong Thinh Energy Investment Joint Stock Company,STOCK,693.0,Đầu tư Năng lượng Trường Thịnh,Tiện ích,Tiện ích,Phát điện độc lập và điện tái tạo,Utilities,Utilities,Independent Power and Renewable Electricity Producers,28490400,EXPANDED,https://finance.vietstock.vn/TTE/ho-so-doanh-nghiep.htm,https://finance.vietstock.vn/TTE/tai-chinh.htm?tab=BCTT
CCT,UPCOM,CTCP Cảng Cần Thơ,CanTho Port Joint Stock Company,STOCK,694.0,Cảng Cần Thơ,Công nghiệp,Vận tải,Hạ tầng giao thông,Industrials,Transportation,Transportation Infrastructure,28480000,EXPANDED,https://finance.vietstock.vn/CCT/ho-so-doanh-nghiep.htm,https://finance.vietstock.vn/CCT/tai-chinh.htm?tab=BCTT
CHS,UPCOM,CTCP Chiếu sáng Công cộng Thành phố Hồ Chí Minh,HOCHIMINH CITY PUBLIC LIGHTING JSC,STOCK,695.0,Chiếu sáng Công cộng Thành phố Hồ Chí Minh,Công nghiệp,Hàng hóa công nghiệp,Kỹ thuật xây dựng,Industrials,Capital Goods,Construction & Engineering,28400000,EXPANDED,https://finance.vietstock.vn/CHS/ho-so-doanh-nghiep.htm,https://finance.vietstock.vn/CHS/tai-chinh.htm?tab=BCTT
AGF,UPCOM,CTCP Xuất nhập khẩu Thủy sản An Giang,Angiang Fisheries Import Export JSC,STOCK,696.0,Xuất nhập khẩu Thủy sản An Giang,Tiêu dùng thiết yếu,"Thực phẩm, đồ uống và thuốc lá",Thực phẩm,Consumer Staples,"Food, Bev. & Tobacco",Food Products,28109743,EXPANDED,https://finance.vietstock.vn/AGF/ho-so-doanh-nghiep.htm,https://finance.vietstock.vn/AGF/tai-chinh.htm?tab=BCTT
PXC,UPCOM,CTCP Phát triển Đô thị Dầu khí,PetroVietnam Urban Development JSC,STOCK,697.0,Phát triển Đô thị Dầu khí,Công nghiệp,Hàng hóa công nghiệp,Kỹ thuật xây dựng,Industrials,Capital Goods,Construction & Engineering,28068900,EXPANDED,https://finance.vietstock.vn/PXC/ho-so-doanh-nghiep.htm,https://finance.vietstock.vn/PXC/tai-chinh.htm?tab=BCTT
SRC,HOSE,CTCP Cao su Sao Vàng,Sao Vang Rubber Joint Stock Company,STOCK,698.0,Cao su Sao Vàng,Tiêu dùng không thiết yếu,Xe và linh kiện,Linh kiện xe,Consumer Discretionary,Automobiles & Components,Automobile Components,28065765,EXPANDED,https://finance.vietstock.vn/SRC/ho-so-doanh-nghiep.htm,https://finance.vietstock.vn/SRC/tai-chinh.htm?tab=BCTT
CTW,UPCOM,CTCP Cấp thoát nước Cần Thơ,Can Tho Water Supply - Sewerage JSC,STOCK,699.0,Cấp thoát nước Cần Thơ,Tiện ích,Tiện ích,Nước,Utilities,Utilities,Water Utilities,28000000,EXPANDED,https://finance.vietstock.vn/CTW/ho-so-doanh-nghiep.htm,https://finance.vietstock.vn/CTW/tai-chinh.htm?tab=BCTT
DVG,UPCOM,CTCP Đại Việt Group DVG,Dai Viet DVG Group Joint Stock Company,STOCK,700.0,Đại Việt Group DVG,Nguyên vật liệu,Nguyên vật liệu,Hóa chất,Materials,Materials,Chemicals,28000000,EXPANDED,https://finance.vietstock.vn/DVG/ho-so-doanh-nghiep.htm,https://finance.vietstock.vn/DVG/tai-chinh.htm?tab=BCTT
SVD,HOSE,CTCP Đầu tư & Thương mại Vũ Đăng,Vu Dang Investment & Trading JSC,STOCK,701.0,Đầu tư & Thương mại Vũ Đăng,Tiêu dùng không thiết yếu,Thời trang và hàng lâu bền,Thời trang và dệt may,Consumer Discretionary,Consumer Durables & Apparel,"Textiles, Apparel & Luxury Goods",27605908,EXPANDED,https://finance.vietstock.vn/SVD/ho-so-doanh-nghiep.htm,https://finance.vietstock.vn/SVD/tai-chinh.htm?tab=BCTT
HDA,HNX,CTCP Hãng sơn Đông Á,Dong A Paint Joint Stock Company,STOCK,702.0,Hãng sơn Đông Á,Nguyên vật liệu,Nguyên vật liệu,Hóa chất,Materials,Materials,Chemicals,27599967,EXPANDED,https://finance.vietstock.vn/HDA/ho-so-doanh-nghiep.htm,https://finance.vietstock.vn/HDA/tai-chinh.htm?tab=BCTT
NHP,UPCOM,CTCP Sản xuất Xuất nhập khẩu NHP,NHP Production Import - Export JSC,STOCK,703.0,Sản xuất Xuất nhập khẩu NHP,Nguyên vật liệu,Nguyên vật liệu,Hóa chất,Materials,Materials,Chemicals,27576490,EXPANDED,https://finance.vietstock.vn/NHP/ho-so-doanh-nghiep.htm,https://finance.vietstock.vn/NHP/tai-chinh.htm?tab=BCTT
PIS,UPCOM,Tổng Công ty Pisico Bình Định - CTCP,PISICO Binh Dinh Corporation JSC,STOCK,704.0,Pisico Bình Định - CTCP,Nguyên vật liệu,Nguyên vật liệu,Gỗ và giấy,Materials,Materials,Paper & Forest Products,27500000,EXPANDED,https://finance.vietstock.vn/PIS/ho-so-doanh-nghiep.htm,https://finance.vietstock.vn/PIS/tai-chinh.htm?tab=BCTT
HVT,HNX,CTCP Hóa chất Việt Trì,Viet Tri Chemical Joint Stock Company,STOCK,705.0,Hóa chất Việt Trì,Nguyên vật liệu,Nguyên vật liệu,Hóa chất,Materials,Materials,Chemicals,27470046,EXPANDED,https://finance.vietstock.vn/HVT/ho-so-doanh-nghiep.htm,https://finance.vietstock.vn/HVT/tai-chinh.htm?tab=BCTT
SBV,HOSE,CTCP Siam Brothers Việt Nam,Siam Brothers Vietnam JSC,STOCK,706.0,Siam Brothers Việt Nam,Tiêu dùng không thiết yếu,Thời trang và hàng lâu bền,Hàng tiêu dùng lâu bền,Consumer Discretionary,Consumer Durables & Apparel,Household Durables,27366476,EXPANDED,https://finance.vietstock.vn/SBV/ho-so-doanh-nghiep.htm,https://finance.vietstock.vn/SBV/tai-chinh.htm?tab=BCTT
LAI,UPCOM,CTCP Đầu Tư Xây dựng Long An IDICO,IDICO Long An Investment Construction Joint Stock Company,STOCK,707.0,Đầu Tư Xây dựng Long An IDICO,Bất động sản,Bất động sản,Bất động sản đa dạng,Real Estate,Real Estate,Diversified Real Estate Activities,27359969,EXPANDED,https://finance.vietstock.vn/LAI/ho-so-doanh-nghiep.htm,https://finance.vietstock.vn/LAI/tai-chinh.htm?tab=BCTT
HMC,HOSE,CTCP Kim khí Thành phố Hồ Chí Minh - VNSTEEL,VNSTEEL - HOCHIMINH CITY METAL CORPORATION,STOCK,708.0,Kim khí Thành phố Hồ Chí Minh - VNSTEEL,Nguyên vật liệu,Nguyên vật liệu,Khai khoáng và luyện kim,Materials,Materials,Metals & Mining,27299999,EXPANDED,https://finance.vietstock.vn/HMC/ho-so-doanh-nghiep.htm,https://finance.vietstock.vn/HMC/tai-chinh.htm?tab=BCTT
TGG,UPCOM,CTCP The Golden Group,The Golden Group Joint Stock Company,STOCK,709.0,The Golden Group,Tiêu dùng thiết yếu,Thương mại hàng thiết yếu,Thương mại hàng thiết yếu,Consumer Staples,Consumer Staples Dist. & Retail,Consumer Staples Distribution & Retail,27299990,EXPANDED,https://finance.vietstock.vn/TGG/ho-so-doanh-nghiep.htm,https://finance.vietstock.vn/TGG/tai-chinh.htm?tab=BCTT
DCT,UPCOM,CTCP Tấm lợp Vật liệu Xây dựng Đồng Nai,Dong Nai Roofsheet And Construction Material JSC,STOCK,710.0,Tấm lợp Vật liệu Xây dựng Đồng Nai,Nguyên vật liệu,Nguyên vật liệu,Vật liệu xây dựng,Materials,Materials,Construction Materials,27223647,EXPANDED,https://finance.vietstock.vn/DCT/ho-so-doanh-nghiep.htm,https://finance.vietstock.vn/DCT/tai-chinh.htm?tab=BCTT
XDH,UPCOM,CTCP Đầu tư Xây dựng Dân dụng Hà Nội,Ha Noi Civil Construction Investment JSC,STOCK,711.0,Đầu tư Xây dựng Dân dụng Hà Nội,Bất động sản,Bất động sản,Quản lý và phát triển bất động sản,Real Estate,Real Estate,Real Estate Management & Development,27026907,EXPANDED,https://finance.vietstock.vn/XDH/ho-so-doanh-nghiep.htm,https://finance.vietstock.vn/XDH/tai-chinh.htm?tab=BCTT
SHG,UPCOM,Tổng Công ty cổ phần Sông Hồng,Song Hong Joint Stock Corporation,STOCK,712.0,Sông Hồng,Công nghiệp,Hàng hóa công nghiệp,Kỹ thuật xây dựng,Industrials,Capital Goods,Construction & Engineering,27000000,EXPANDED,https://finance.vietstock.vn/SHG/ho-so-doanh-nghiep.htm,https://finance.vietstock.vn/SHG/tai-chinh.htm?tab=BCTT
TV1,UPCOM,CTCP Tư vấn Xây dựng Điện 1,Power Engineering Consulting Joint Stock Company 1,STOCK,713.0,Tư vấn Xây dựng Điện 1,Công nghiệp,Dịch vụ thương mại và chuyên nghiệp,Dịch vụ chuyên nghiệp,Industrials,Comm. & Prof. Services,Professional Services,26691319,EXPANDED,https://finance.vietstock.vn/TV1/ho-so-doanh-nghiep.htm,https://finance.vietstock.vn/TV1/tai-chinh.htm?tab=BCTT
AGP,UPCOM,CTCP Dược phẩm Agimexpharm,Agimexpharm Pharmaceutical JSC,STOCK,714.0,Dược phẩm Agimexpharm,Chăm sóc sức khỏe,"Dược phẩm, công nghệ sinh học và khoa học sự sống",Dược phẩm,Health Care,"Pharma., Bio. & Life Sciences",Pharmaceuticals,26615268,EXPANDED,https://finance.vietstock.vn/AGP/ho-so-doanh-nghiep.htm,https://finance.vietstock.vn/AGP/tai-chinh.htm?tab=BCTT
DIC,UPCOM,CTCP Đầu tư và Thương mại DIC,DIC Investment & Trading Joint Stock Company,STOCK,715.0,Đầu tư và Thương mại DIC,Nguyên vật liệu,Nguyên vật liệu,Vật liệu xây dựng,Materials,Materials,Construction Materials,26585840,EXPANDED,https://finance.vietstock.vn/DIC/ho-so-doanh-nghiep.htm,https://finance.vietstock.vn/DIC/tai-chinh.htm?tab=BCTT
VCF,HOSE,CTCP Vinacafé Biên Hòa,Vinacaf? Bienhoa Joint Stock Company,STOCK,716.0,Vinacafé Biên Hòa,Tiêu dùng thiết yếu,"Thực phẩm, đồ uống và thuốc lá",Thực phẩm,Consumer Staples,"Food, Bev. & Tobacco",Food Products,26579135,EXPANDED,https://finance.vietstock.vn/VCF/ho-so-doanh-nghiep.htm,https://finance.vietstock.vn/VCF/tai-chinh.htm?tab=BCTT
VCX,UPCOM,CTCP Xi măng Yên Bình,Yen Binh Cement JSC,STOCK,717.0,Xi măng Yên Bình,Nguyên vật liệu,Nguyên vật liệu,Vật liệu xây dựng,Materials,Materials,Construction Materials,26530000,EXPANDED,https://finance.vietstock.vn/VCX/ho-so-doanh-nghiep.htm,https://finance.vietstock.vn/VCX/tai-chinh.htm?tab=BCTT
ITS,UPCOM,CTCP Đầu tư Thương mại và Dịch vụ - Vinacomin,"Vinacomin - Investment, Trading and Service JSC",STOCK,718.0,Đầu tư Thương mại và Dịch vụ - Vinacomin,Năng lượng,Năng lượng,Dầu khí,Energy,Energy,"Oil, Gas & Consumable Fuels",26459924,EXPANDED,https://finance.vietstock.vn/ITS/ho-so-doanh-nghiep.htm,https://finance.vietstock.vn/ITS/tai-chinh.htm?tab=BCTT
SAV,HOSE,CTCP Hợp tác Kinh tế và Xuất nhập khẩu Savimex,Savimex Corporation,STOCK,719.0,Hợp tác Kinh tế và Xuất nhập khẩu Savimex,Tiêu dùng không thiết yếu,Thời trang và hàng lâu bền,Hàng tiêu dùng lâu bền,Consumer Discretionary,Consumer Durables & Apparel,Household Durables,26429240,EXPANDED,https://finance.vietstock.vn/SAV/ho-so-doanh-nghiep.htm,https://finance.vietstock.vn/SAV/tai-chinh.htm?tab=BCTT
ITD,HOSE,CTCP Công nghệ ITD,ITD Technology Corporation,STOCK,720.0,Công nghệ ITD,Công nghệ thông tin,Phần mềm và dịch vụ,Dịch vụ CNTT,Information Technology,Software,IT Services,26244995,EXPANDED,https://finance.vietstock.vn/ITD/ho-so-doanh-nghiep.htm,https://finance.vietstock.vn/ITD/tai-chinh.htm?tab=BCTT
CLC,HOSE,CTCP Cát Lợi,Cat Loi Joint Stock Company,STOCK,721.0,Cát Lợi,Tiêu dùng thiết yếu,"Thực phẩm, đồ uống và thuốc lá",Thuốc lá,Consumer Staples,"Food, Bev. & Tobacco",Tobacco,26207583,EXPANDED,https://finance.vietstock.vn/CLC/ho-so-doanh-nghiep.htm,https://finance.vietstock.vn/CLC/tai-chinh.htm?tab=BCTT
SDA,HNX,CTCP Simco Sông Đà,Simco Song Da JSC,STOCK,722.0,Simco Sông Đà,Công nghiệp,Dịch vụ thương mại và chuyên nghiệp,Dịch vụ chuyên nghiệp,Industrials,Comm. & Prof. Services,Professional Services,26206158,EXPANDED,https://finance.vietstock.vn/SDA/ho-so-doanh-nghiep.htm,https://finance.vietstock.vn/SDA/tai-chinh.htm?tab=BCTT
NCT,HOSE,CTCP Dịch vụ Hàng hóa Nội Bài,Noi Bai Cargo Terminal Service Joint Stock Company,STOCK,723.0,Dịch vụ Hàng hóa Nội Bài,Công nghiệp,Vận tải,Hạ tầng giao thông,Industrials,Transportation,Transportation Infrastructure,26166940,EXPANDED,https://finance.vietstock.vn/NCT/ho-so-doanh-nghiep.htm,https://finance.vietstock.vn/NCT/tai-chinh.htm?tab=BCTT
VMC,HNX,CTCP Vimeco,Vimeco JSC,STOCK,724.0,Vimeco,Công nghiệp,Hàng hóa công nghiệp,Kỹ thuật xây dựng,Industrials,Capital Goods,Construction & Engineering,26134132,EXPANDED,https://finance.vietstock.vn/VMC/ho-so-doanh-nghiep.htm,https://finance.vietstock.vn/VMC/tai-chinh.htm?tab=BCTT
LEC,UPCOM,CTCP Bất động sản Điện lực Miền Trung,Central Power Real Estate Joint Stock Company,STOCK,725.0,Bất động sản Điện lực Miền Trung,Tiêu dùng không thiết yếu,Thời trang và hàng lâu bền,Hàng tiêu dùng lâu bền,Consumer Discretionary,Consumer Durables & Apparel,Household Durables,26100000,EXPANDED,https://finance.vietstock.vn/LEC/ho-so-doanh-nghiep.htm,https://finance.vietstock.vn/LEC/tai-chinh.htm?tab=BCTT
SFI,HOSE,CTCP Đại lý Vận tải SAFI,Sea & Air Freight International,STOCK,726.0,Đại lý Vận tải SAFI,Công nghiệp,Vận tải,Hạ tầng giao thông,Industrials,Transportation,Transportation Infrastructure,26042046,EXPANDED,https://finance.vietstock.vn/SFI/ho-so-doanh-nghiep.htm,https://finance.vietstock.vn/SFI/tai-chinh.htm?tab=BCTT
SD5,HNX,CTCP Sông Đà 5,Song Da No 5 JSC,STOCK,727.0,Sông Đà 5,Công nghiệp,Hàng hóa công nghiệp,Kỹ thuật xây dựng,Industrials,Capital Goods,Construction & Engineering,25999848,EXPANDED,https://finance.vietstock.vn/SD5/ho-so-doanh-nghiep.htm,https://finance.vietstock.vn/SD5/tai-chinh.htm?tab=BCTT
DWS,UPCOM,CTCP Cấp nước và Môi trường đô thị Đồng Tháp,Dong Thap Water Supply & Urban Environment Joint Stock Company,STOCK,728.0,Cấp nước và Môi trường đô thị Đồng Tháp,Tiện ích,Tiện ích,Nước,Utilities,Utilities,Water Utilities,25918130,EXPANDED,https://finance.vietstock.vn/DWS/ho-so-doanh-nghiep.htm,https://finance.vietstock.vn/DWS/tai-chinh.htm?tab=BCTT
VRG,UPCOM,CTCP Phát triển Đô thị và Khu công nghiệp Cao su Việt Nam,Viet Nam Rubber Industrial Zone and Urban Development JSC,STOCK,729.0,Phát triển Đô thị và Khu công nghiệp Cao su Việt Nam,Bất động sản,Bất động sản,Quản lý và phát triển bất động sản,Real Estate,Real Estate,Real Estate Management & Development,25894868,EXPANDED,https://finance.vietstock.vn/VRG/ho-so-doanh-nghiep.htm,https://finance.vietstock.vn/VRG/tai-chinh.htm?tab=BCTT
ST8,HOSE,CTCP Tập đoàn ST8,ST8 Holdings Joint Stock Company,STOCK,730.0,ST8,Tiêu dùng không thiết yếu,Thương mại hàng không thiết yếu,Nhà phân phối,Consumer Discretionary,Consumer Discre. Dist. & Retail,Distributors,25720902,EXPANDED,https://finance.vietstock.vn/ST8/ho-so-doanh-nghiep.htm,https://finance.vietstock.vn/ST8/tai-chinh.htm?tab=BCTT
LMH,UPCOM,CTCP Quốc Tế Holding,Quoc Te Holding Joint Stock Company,STOCK,731.0,Quốc Tế Holding,Tiêu dùng không thiết yếu,Thương mại hàng không thiết yếu,Nhà phân phối,Consumer Discretionary,Consumer Discre. Dist. & Retail,Distributors,25629995,EXPANDED,https://finance.vietstock.vn/LMH/ho-so-doanh-nghiep.htm,https://finance.vietstock.vn/LMH/tai-chinh.htm?tab=BCTT
MKP,UPCOM,CTCP Hoá - Dược phẩm Mekophar,Mekophar Chemical Pharmaceutical Joint Stock Company,STOCK,732.0,Hoá - Dược phẩm Mekophar,Chăm sóc sức khỏe,"Dược phẩm, công nghệ sinh học và khoa học sự sống",Dược phẩm,Health Care,"Pharma., Bio. & Life Sciences",Pharmaceuticals,25545867,EXPANDED,https://finance.vietstock.vn/MKP/ho-so-doanh-nghiep.htm,https://finance.vietstock.vn/MKP/tai-chinh.htm?tab=BCTT
VIN,UPCOM,CTCP Giao nhận Kho vận Ngoại Thương Việt Nam,Vinatrans International Freight Forwarders JSC,STOCK,733.0,Giao nhận Kho vận Ngoại Thương Việt Nam,Công nghiệp,Vận tải,Hạ tầng giao thông,Industrials,Transportation,Transportation Infrastructure,25500000,EXPANDED,https://finance.vietstock.vn/VIN/ho-so-doanh-nghiep.htm,https://finance.vietstock.vn/VIN/tai-chinh.htm?tab=BCTT
CMS,HNX,CTCP Tập Đoàn CMH Việt Nam,CMH Viet Nam Group Joint Stock Company,STOCK,734.0,CMH Việt Nam,Công nghiệp,Hàng hóa công nghiệp,Kỹ thuật xây dựng,Industrials,Capital Goods,Construction & Engineering,25452500,EXPANDED,https://finance.vietstock.vn/CMS/ho-so-doanh-nghiep.htm,https://finance.vietstock.vn/CMS/tai-chinh.htm?tab=BCTT
KGM,UPCOM,CTCP Xuất nhập khẩu Kiên Giang,Kien Giang Import & Export Joint Stock Company,STOCK,735.0,Xuất nhập khẩu Kiên Giang,Tiêu dùng thiết yếu,"Thực phẩm, đồ uống và thuốc lá",Thực phẩm,Consumer Staples,"Food, Bev. & Tobacco",Food Products,25430000,EXPANDED,https://finance.vietstock.vn/KGM/ho-so-doanh-nghiep.htm,https://finance.vietstock.vn/KGM/tai-chinh.htm?tab=BCTT
HLC,HNX,CTCP Than Hà Lầm - Vinacomin,Vinacomin - Ha Lam Coal JSC,STOCK,736.0,Than Hà Lầm - Vinacomin,Năng lượng,Năng lượng,Dầu khí,Energy,Energy,"Oil, Gas & Consumable Fuels",25415199,EXPANDED,https://finance.vietstock.vn/HLC/ho-so-doanh-nghiep.htm,https://finance.vietstock.vn/HLC/tai-chinh.htm?tab=BCTT
PCH,HNX,CTCP Nhựa Picomat,Picomat Plastic Joint Stock Company,STOCK,737.0,Nhựa Picomat,Nguyên vật liệu,Nguyên vật liệu,Hóa chất,Materials,Materials,Chemicals,25409893,EXPANDED,https://finance.vietstock.vn/PCH/ho-so-doanh-nghiep.htm,https://finance.vietstock.vn/PCH/tai-chinh.htm?tab=BCTT
TOP,UPCOM,CTCP Phân phối Top One,Top One Allot Joint Stock Company,STOCK,738.0,Phân phối Top One,Tiêu dùng không thiết yếu,Thương mại hàng không thiết yếu,Nhà phân phối,Consumer Discretionary,Consumer Discre. Dist. & Retail,Distributors,25350000,EXPANDED,https://finance.vietstock.vn/TOP/ho-so-doanh-nghiep.htm,https://finance.vietstock.vn/TOP/tai-chinh.htm?tab=BCTT
BTH,UPCOM,CTCP Chế tạo Biến thế và Vật liệu Điện Hà Nội,Ha Noi Transformer Manufacturing And Electric Material Joint Stock Company,STOCK,739.0,Chế tạo Biến thế và Vật liệu Điện Hà Nội,Công nghiệp,Hàng hóa công nghiệp,Thiết bị điện,Industrials,Capital Goods,Electrical Equipment,25000000,EXPANDED,https://finance.vietstock.vn/BTH/ho-so-doanh-nghiep.htm,https://finance.vietstock.vn/BTH/tai-chinh.htm?tab=BCTT
BTV,UPCOM,CTCP Dịch vụ Du lịch Bến Thành,BenThanh Tourist Service Corporation,STOCK,740.0,Dịch vụ Du lịch Bến Thành,Tiêu dùng không thiết yếu,Dịch vụ tiêu dùng,"Khách sạn, nhà hàng và giải trí",Consumer Discretionary,Consumer Services,"Hotels, Restaurants & Leisure",25000000,EXPANDED,https://finance.vietstock.vn/BTV/ho-so-doanh-nghiep.htm,https://finance.vietstock.vn/BTV/tai-chinh.htm?tab=BCTT
CQT,UPCOM,CTCP Xi măng Quán Triều VVMI,VVMI QUAN TRIEU CEMENT JSC,STOCK,741.0,Xi măng Quán Triều VVMI,Nguyên vật liệu,Nguyên vật liệu,Vật liệu xây dựng,Materials,Materials,Construction Materials,25000000,EXPANDED,https://finance.vietstock.vn/CQT/ho-so-doanh-nghiep.htm,https://finance.vietstock.vn/CQT/tai-chinh.htm?tab=BCTT
PAT,UPCOM,CTCP Phốt Pho Apatit Việt Nam,Vietnam Apatite ? Phosphorus Joint Stock Company,STOCK,742.0,Phốt Pho Apatit Việt Nam,Nguyên vật liệu,Nguyên vật liệu,Hóa chất,Materials,Materials,Chemicals,25000000,EXPANDED,https://finance.vietstock.vn/PAT/ho-so-doanh-nghiep.htm,https://finance.vietstock.vn/PAT/tai-chinh.htm?tab=BCTT
PVE,UPCOM,Tổng Công ty Tư vấn thiết kế Dầu khí - CTCP,PetroVietnam Engineering Consultancy JSC,STOCK,743.0,Tư vấn thiết kế Dầu khí - CTCP,Công nghiệp,Dịch vụ thương mại và chuyên nghiệp,Dịch vụ chuyên nghiệp,Industrials,Comm. & Prof. Services,Professional Services,25000000,EXPANDED,https://finance.vietstock.vn/PVE/ho-so-doanh-nghiep.htm,https://finance.vietstock.vn/PVE/tai-chinh.htm?tab=BCTT
VHL,HNX,CTCP Viglacera Hạ Long,Viglacera Ha Long JSC,STOCK,744.0,Viglacera Hạ Long,Nguyên vật liệu,Nguyên vật liệu,Vật liệu xây dựng,Materials,Materials,Construction Materials,25000000,EXPANDED,https://finance.vietstock.vn/VHL/ho-so-doanh-nghiep.htm,https://finance.vietstock.vn/VHL/tai-chinh.htm?tab=BCTT
GDT,HOSE,CTCP Chế biến Gỗ Đức Thành,Duc Thanh Wood Processing Joint Stock Company,STOCK,745.0,Chế biến Gỗ Đức Thành,Tiêu dùng không thiết yếu,Thời trang và hàng lâu bền,Hàng tiêu dùng lâu bền,Consumer Discretionary,Consumer Durables & Apparel,Household Durables,24957501,EXPANDED,https://finance.vietstock.vn/GDT/ho-so-doanh-nghiep.htm,https://finance.vietstock.vn/GDT/tai-chinh.htm?tab=BCTT
HTI,HOSE,CTCP Đầu tư Phát triển Hạ tầng IDICO,IDICO Infrastructure Development Investment Joint Stock Company,STOCK,746.0,Đầu tư Phát triển Hạ tầng IDICO,Công nghiệp,Vận tải,Hạ tầng giao thông,Industrials,Transportation,Transportation Infrastructure,24949200,EXPANDED,https://finance.vietstock.vn/HTI/ho-so-doanh-nghiep.htm,https://finance.vietstock.vn/HTI/tai-chinh.htm?tab=BCTT
PJT,HOSE,CTCP Vận tải Xăng dầu Đường Thủy Petrolimex,Petrolimex Joint Stock Tanker Company,STOCK,747.0,Vận tải Xăng dầu Đường Thủy Petrolimex,Năng lượng,Năng lượng,Dầu khí,Energy,Energy,"Oil, Gas & Consumable Fuels",24882785,EXPANDED,https://finance.vietstock.vn/PJT/ho-so-doanh-nghiep.htm,https://finance.vietstock.vn/PJT/tai-chinh.htm?tab=BCTT
BDG,UPCOM,CTCP May mặc Bình Dương,Protrade Garment Joint Stock Company,STOCK,748.0,May mặc Bình Dương,Tiêu dùng không thiết yếu,Thời trang và hàng lâu bền,Thời trang và dệt may,Consumer Discretionary,Consumer Durables & Apparel,"Textiles, Apparel & Luxury Goods",24799920,EXPANDED,https://finance.vietstock.vn/BDG/ho-so-doanh-nghiep.htm,https://finance.vietstock.vn/BDG/tai-chinh.htm?tab=BCTT
FID,HNX,CTCP Đầu tư và Phát triển Doanh nghiệp Việt Nam,Vietnam Enterprise Investment And Development JSC,STOCK,749.0,Đầu tư và Phát triển Doanh nghiệp Việt Nam,Tiêu dùng không thiết yếu,Thương mại hàng không thiết yếu,Nhà phân phối,Consumer Discretionary,Consumer Discre. Dist. & Retail,Distributors,24715958,EXPANDED,https://finance.vietstock.vn/FID/ho-so-doanh-nghiep.htm,https://finance.vietstock.vn/FID/tai-chinh.htm?tab=BCTT
LCM,UPCOM,CTCP Khai thác và Chế biến khoáng sản Lào Cai,Lao Cai Mineral Exploitation & Processing JSC,STOCK,750.0,Khai thác và Chế biến khoáng sản Lào Cai,Nguyên vật liệu,Nguyên vật liệu,Khai khoáng và luyện kim,Materials,Materials,Metals & Mining,24633000,EXPANDED,https://finance.vietstock.vn/LCM/ho-so-doanh-nghiep.htm,https://finance.vietstock.vn/LCM/tai-chinh.htm?tab=BCTT
THT,HNX,CTCP Than Hà Tu - Vinacomin,Vinacomin - Ha Tu Coal JSC,STOCK,751.0,Than Hà Tu - Vinacomin,Năng lượng,Năng lượng,Dầu khí,Energy,Energy,"Oil, Gas & Consumable Fuels",24569052,EXPANDED,https://finance.vietstock.vn/THT/ho-so-doanh-nghiep.htm,https://finance.vietstock.vn/THT/tai-chinh.htm?tab=BCTT
CCR,HNX,CTCP Cảng Cam Ranh,Cam Ranh Port Joint Stock Company,STOCK,752.0,Cảng Cam Ranh,Công nghiệp,Vận tải,Hạ tầng giao thông,Industrials,Transportation,Transportation Infrastructure,24501817,EXPANDED,https://finance.vietstock.vn/CCR/ho-so-doanh-nghiep.htm,https://finance.vietstock.vn/CCR/tai-chinh.htm?tab=BCTT
VPS,HOSE,CTCP Thuốc sát trùng Việt Nam,Vietnam Pesticide Joint Stock Company,STOCK,753.0,Thuốc sát trùng Việt Nam,Nguyên vật liệu,Nguyên vật liệu,Hóa chất,Materials,Materials,Chemicals,24460792,EXPANDED,https://finance.vietstock.vn/VPS/ho-so-doanh-nghiep.htm,https://finance.vietstock.vn/VPS/tai-chinh.htm?tab=BCTT
TDG,HOSE,CTCP Đầu tư TDG Global,TDG Global Investment Joint Stock Company,STOCK,754.0,Đầu tư TDG Global,Tiện ích,Tiện ích,Gas sinh hoạt,Utilities,Utilities,Gas Utilities,24211190,EXPANDED,https://finance.vietstock.vn/TDG/ho-so-doanh-nghiep.htm,https://finance.vietstock.vn/TDG/tai-chinh.htm?tab=BCTT
BMV,UPCOM,CTCP Bột mỳ Vinafood 1,Vinafood 1 Flour Joint Stock Company,STOCK,755.0,Bột mỳ Vinafood 1,Tiêu dùng thiết yếu,"Thực phẩm, đồ uống và thuốc lá",Thực phẩm,Consumer Staples,"Food, Bev. & Tobacco",Food Products,24200000,EXPANDED,https://finance.vietstock.vn/BMV/ho-so-doanh-nghiep.htm,https://finance.vietstock.vn/BMV/tai-chinh.htm?tab=BCTT
SJE,HNX,CTCP Sông Đà 11,Song Da No 11 JSC,STOCK,756.0,Sông Đà 11,Công nghiệp,Hàng hóa công nghiệp,Kỹ thuật xây dựng,Industrials,Capital Goods,Construction & Engineering,24168711,EXPANDED,https://finance.vietstock.vn/SJE/ho-so-doanh-nghiep.htm,https://finance.vietstock.vn/SJE/tai-chinh.htm?tab=BCTT
NHT,HOSE,CTCP Sản xuất và Thương mại Nam Hoa,Nam Hoa Trading & Production Corporation,STOCK,757.0,Sản xuất và Thương mại Nam Hoa,Nguyên vật liệu,Nguyên vật liệu,Gỗ và giấy,Materials,Materials,Paper & Forest Products,24028169,EXPANDED,https://finance.vietstock.vn/NHT/ho-so-doanh-nghiep.htm,https://finance.vietstock.vn/NHT/tai-chinh.htm?tab=BCTT
MH3,UPCOM,CTCP Khu Công nghiệp Cao su Bình Long,Binh Long Rubber Industrial Park Corporation,STOCK,758.0,Khu Công nghiệp Cao su Bình Long,Bất động sản,Bất động sản,Quản lý và phát triển bất động sản,Real Estate,Real Estate,Real Estate Management & Development,24000000,EXPANDED,https://finance.vietstock.vn/MH3/ho-so-doanh-nghiep.htm,https://finance.vietstock.vn/MH3/tai-chinh.htm?tab=BCTT
NO1,HOSE,CTCP Tập đoàn 911,911 Group Joint Stock Company,STOCK,759.0,911,Công nghiệp,Hàng hóa công nghiệp,Phân phối hàng công nghiệp,Industrials,Capital Goods,Trading Companies & Distributors,24000000,EXPANDED,https://finance.vietstock.vn/NO1/ho-so-doanh-nghiep.htm,https://finance.vietstock.vn/NO1/tai-chinh.htm?tab=BCTT
VCC,HNX,CTCP Vinaconex 25,Vinaconex 25 Joint Stock Company,STOCK,760.0,Vinaconex 25,Công nghiệp,Hàng hóa công nghiệp,Kỹ thuật xây dựng,Industrials,Capital Goods,Construction & Engineering,24000000,EXPANDED,https://finance.vietstock.vn/VCC/ho-so-doanh-nghiep.htm,https://finance.vietstock.vn/VCC/tai-chinh.htm?tab=BCTT
VTD,UPCOM,CTCP Vietourist Holdings,Vietourist Holdings Joint Stock Company,STOCK,761.0,Vietourist Holdings,Tiêu dùng không thiết yếu,Dịch vụ tiêu dùng,"Khách sạn, nhà hàng và giải trí",Consumer Discretionary,Consumer Services,"Hotels, Restaurants & Leisure",24000000,EXPANDED,https://finance.vietstock.vn/VTD/ho-so-doanh-nghiep.htm,https://finance.vietstock.vn/VTD/tai-chinh.htm?tab=BCTT
NTC,UPCOM,CTCP Khu Công nghiệp Nam Tân Uyên,Nam Tan Uyen Joint Stock Company,STOCK,762.0,Khu Công nghiệp Nam Tân Uyên,Bất động sản,Bất động sản,Quản lý và phát triển bất động sản,Real Estate,Real Estate,Real Estate Management & Development,23999980,EXPANDED,https://finance.vietstock.vn/NTC/ho-so-doanh-nghiep.htm,https://finance.vietstock.vn/NTC/tai-chinh.htm?tab=BCTT
TDT,HNX,CTCP Đầu tư và Phát triển TDT,TDT Investment and Development Joint Stock Company,STOCK,763.0,Đầu tư và Phát triển TDT,Tiêu dùng không thiết yếu,Thời trang và hàng lâu bền,Thời trang và dệt may,Consumer Discretionary,Consumer Durables & Apparel,"Textiles, Apparel & Luxury Goods",23896534,EXPANDED,https://finance.vietstock.vn/TDT/ho-so-doanh-nghiep.htm,https://finance.vietstock.vn/TDT/tai-chinh.htm?tab=BCTT
TCK,UPCOM,Tổng Công ty Cơ khí Xây dựng - CTCP,Construction Machinery Corporation - JSC,STOCK,764.0,Cơ khí Xây dựng - CTCP,Công nghiệp,Hàng hóa công nghiệp,Máy móc công nghiệp,Industrials,Capital Goods,Machinery,23850000,EXPANDED,https://finance.vietstock.vn/TCK/ho-so-doanh-nghiep.htm,https://finance.vietstock.vn/TCK/tai-chinh.htm?tab=BCTT
HNI,UPCOM,CTCP May Hữu Nghị,Huu Nghi Garment Joint Stock Company,STOCK,765.0,May Hữu Nghị,Tiêu dùng không thiết yếu,Thời trang và hàng lâu bền,Thời trang và dệt may,Consumer Discretionary,Consumer Durables & Apparel,"Textiles, Apparel & Luxury Goods",23778900,EXPANDED,https://finance.vietstock.vn/HNI/ho-so-doanh-nghiep.htm,https://finance.vietstock.vn/HNI/tai-chinh.htm?tab=BCTT
TNV,UPCOM,CTCP Thống Nhất Hà Nội,Thong Nhat Ha Noi Joint Stock Company,STOCK,766.0,Thống Nhất Hà Nội,Tiêu dùng không thiết yếu,Thời trang và hàng lâu bền,Sản phẩm giải trí,Consumer Discretionary,Consumer Durables & Apparel,Leisure Products,23700000,EXPANDED,https://finance.vietstock.vn/TNV/ho-so-doanh-nghiep.htm,https://finance.vietstock.vn/TNV/tai-chinh.htm?tab=BCTT
CPA,UPCOM,CTCP Cà phê Phước An,PhuocAn Coffee Joint Stock Company,STOCK,767.0,Cà phê Phước An,Tiêu dùng thiết yếu,"Thực phẩm, đồ uống và thuốc lá",Thực phẩm,Consumer Staples,"Food, Bev. & Tobacco",Food Products,23627990,EXPANDED,https://finance.vietstock.vn/CPA/ho-so-doanh-nghiep.htm,https://finance.vietstock.vn/CPA/tai-chinh.htm?tab=BCTT
HTE,UPCOM,CTCP Đầu tư Kinh doanh Điện lực Thành phố Hồ Chí Minh,Ho Chi Minh City Electric Power Trading Investment Corporation,STOCK,768.0,Đầu tư Kinh doanh Điện lực Thành phố Hồ Chí Minh,Công nghiệp,Hàng hóa công nghiệp,Kỹ thuật xây dựng,Industrials,Capital Goods,Construction & Engineering,23608165,EXPANDED,https://finance.vietstock.vn/HTE/ho-so-doanh-nghiep.htm,https://finance.vietstock.vn/HTE/tai-chinh.htm?tab=BCTT
RAL,HOSE,CTCP Bóng đèn Phích nước Rạng Đông,Rangdong Light Source And Vacuum Flask JSC,STOCK,769.0,Bóng đèn Phích nước Rạng Đông,Công nghiệp,Hàng hóa công nghiệp,Thiết bị điện,Industrials,Capital Goods,Electrical Equipment,23547419,EXPANDED,https://finance.vietstock.vn/RAL/ho-so-doanh-nghiep.htm,https://finance.vietstock.vn/RAL/tai-chinh.htm?tab=BCTT
NTT,UPCOM,CTCP Dệt - May Nha Trang,Nha Trang Textile Garment Joint Stock Company,STOCK,770.0,Dệt - May Nha Trang,Tiêu dùng không thiết yếu,Thời trang và hàng lâu bền,Thời trang và dệt may,Consumer Discretionary,Consumer Durables & Apparel,"Textiles, Apparel & Luxury Goods",23500000,EXPANDED,https://finance.vietstock.vn/NTT/ho-so-doanh-nghiep.htm,https://finance.vietstock.vn/NTT/tai-chinh.htm?tab=BCTT
BKC,HNX,CTCP Khoáng sản Bắc Kạn,Bac Kan Mineral Joint Stock Corporation,STOCK,771.0,Khoáng sản Bắc Kạn,Nguyên vật liệu,Nguyên vật liệu,Khai khoáng và luyện kim,Materials,Materials,Metals & Mining,23475456,EXPANDED,https://finance.vietstock.vn/BKC/ho-so-doanh-nghiep.htm,https://finance.vietstock.vn/BKC/tai-chinh.htm?tab=BCTT
ADP,HOSE,CTCP Sơn Á Đông,A Dong Paint JSC,STOCK,772.0,Sơn Á Đông,Nguyên vật liệu,Nguyên vật liệu,Hóa chất,Materials,Materials,Chemicals,23039850,EXPANDED,https://finance.vietstock.vn/ADP/ho-so-doanh-nghiep.htm,https://finance.vietstock.vn/ADP/tai-chinh.htm?tab=BCTT
SKV,UPCOM,CTCP Nước giải khát Yến sào Khánh Hòa,Khanh Hoa Salanganest Nest Soft Drink Joint Stock Company,STOCK,773.0,Nước giải khát Yến sào Khánh Hòa,Tiêu dùng thiết yếu,"Thực phẩm, đồ uống và thuốc lá",Đồ uống,Consumer Staples,"Food, Bev. & Tobacco",Beverages,23000000,EXPANDED,https://finance.vietstock.vn/SKV/ho-so-doanh-nghiep.htm,https://finance.vietstock.vn/SKV/tai-chinh.htm?tab=BCTT
MAC,HNX,CTCP Tập đoàn Macstar,Macstar Group Corporation,STOCK,774.0,Macstar,Công nghiệp,Vận tải,Hạ tầng giao thông,Industrials,Transportation,Transportation Infrastructure,22709408,EXPANDED,https://finance.vietstock.vn/MAC/ho-so-doanh-nghiep.htm,https://finance.vietstock.vn/MAC/tai-chinh.htm?tab=BCTT
TPC,HOSE,CTCP Nhựa Tân Đại Hưng,Tan Dai Hung Plastic Joint Stock Company,STOCK,775.0,Nhựa Tân Đại Hưng,Nguyên vật liệu,Nguyên vật liệu,Bao bì và vật chứa,Materials,Materials,Containers & Packaging,22516956,EXPANDED,https://finance.vietstock.vn/TPC/ho-so-doanh-nghiep.htm,https://finance.vietstock.vn/TPC/tai-chinh.htm?tab=BCTT
NET,HNX,CTCP Bột giặt NET,NET Detergent Joint Stock Company,STOCK,776.0,Bột giặt NET,Tiêu dùng thiết yếu,Sản phẩm chăm sóc cá nhân và gia đình,Sản phẩm chăm sóc gia đình,Consumer Staples,Household & Personal Products,Household Products,22398374,EXPANDED,https://finance.vietstock.vn/NET/ho-so-doanh-nghiep.htm,https://finance.vietstock.vn/NET/tai-chinh.htm?tab=BCTT
VDP,HOSE,CTCP Dược phẩm Trung ương VIDIPHA,Vidipha Central Pharmaceutical Joint Stock Company,STOCK,777.0,Dược phẩm Trung ương VIDIPHA,Chăm sóc sức khỏe,"Dược phẩm, công nghệ sinh học và khoa học sự sống",Dược phẩm,Health Care,"Pharma., Bio. & Life Sciences",Pharmaceuticals,22083392,EXPANDED,https://finance.vietstock.vn/VDP/ho-so-doanh-nghiep.htm,https://finance.vietstock.vn/VDP/tai-chinh.htm?tab=BCTT
NNC,HOSE,CTCP Đá Núi Nhỏ,Nui Nho Stone JSC,STOCK,778.0,Đá Núi Nhỏ,Nguyên vật liệu,Nguyên vật liệu,Vật liệu xây dựng,Materials,Materials,Construction Materials,21920000,EXPANDED,https://finance.vietstock.vn/NNC/ho-so-doanh-nghiep.htm,https://finance.vietstock.vn/NNC/tai-chinh.htm?tab=BCTT
PVA,UPCOM,CTCP Tổng Công ty Xây lắp Dầu khí Nghệ An,PetroVietnam - Nghe An Construction JSC,STOCK,779.0,Xây lắp Dầu khí Nghệ An,Công nghiệp,Hàng hóa công nghiệp,Kỹ thuật xây dựng,Industrials,Capital Goods,Construction & Engineering,21846000,EXPANDED,https://finance.vietstock.vn/PVA/ho-so-doanh-nghiep.htm,https://finance.vietstock.vn/PVA/tai-chinh.htm?tab=BCTT
CEN,UPCOM,CTCP CENCON Việt Nam,Cencon Vietnam JSC,STOCK,780.0,CENCON Việt Nam,Tiêu dùng không thiết yếu,Thương mại hàng không thiết yếu,Nhà phân phối,Consumer Discretionary,Consumer Discre. Dist. & Retail,Distributors,21712440,EXPANDED,https://finance.vietstock.vn/CEN/ho-so-doanh-nghiep.htm,https://finance.vietstock.vn/CEN/tai-chinh.htm?tab=BCTT
THP,UPCOM,CTCP Thủy sản và Thương mại Thuận Phước,Thuan Phuoc Seafoods & Trading Corporation,STOCK,781.0,Thủy sản và Thương mại Thuận Phước,Tiêu dùng thiết yếu,"Thực phẩm, đồ uống và thuốc lá",Thực phẩm,Consumer Staples,"Food, Bev. & Tobacco",Food Products,21611185,EXPANDED,https://finance.vietstock.vn/THP/ho-so-doanh-nghiep.htm,https://finance.vietstock.vn/THP/tai-chinh.htm?tab=BCTT
PVB,HNX,CTCP Bọc ống Dầu khí Việt Nam,PetroViet Nam Coating JSC,STOCK,782.0,Bọc ống Dầu khí Việt Nam,Năng lượng,Năng lượng,Thiết bị và dịch vụ năng lượng,Energy,Energy,Energy Equipment & Services,21599998,EXPANDED,https://finance.vietstock.vn/PVB/ho-so-doanh-nghiep.htm,https://finance.vietstock.vn/PVB/tai-chinh.htm?tab=BCTT
NAP,HNX,CTCP Cảng Nghệ Tĩnh,Nghetinh Port Holding Joint Stock Company,STOCK,783.0,Cảng Nghệ Tĩnh,Công nghiệp,Vận tải,Hạ tầng giao thông,Industrials,Transportation,Transportation Infrastructure,21517200,EXPANDED,https://finance.vietstock.vn/NAP/ho-so-doanh-nghiep.htm,https://finance.vietstock.vn/NAP/tai-chinh.htm?tab=BCTT
VHF,UPCOM,CTCP Xây dựng và Chế biến Lương thực Vĩnh Hà,Vinh Ha Food Processing and Construction JSC,STOCK,784.0,Xây dựng và Chế biến Lương thực Vĩnh Hà,Tiêu dùng thiết yếu,Thương mại hàng thiết yếu,Thương mại hàng thiết yếu,Consumer Staples,Consumer Staples Dist. & Retail,Consumer Staples Distribution & Retail,21500000,EXPANDED,https://finance.vietstock.vn/VHF/ho-so-doanh-nghiep.htm,https://finance.vietstock.vn/VHF/tai-chinh.htm?tab=BCTT
DP3,HNX,CTCP Dược phẩm Trung ương 3,Central Phamaceutical Joint Stock Company No3,STOCK,785.0,Dược phẩm Trung ương 3,Chăm sóc sức khỏe,"Dược phẩm, công nghệ sinh học và khoa học sự sống",Dược phẩm,Health Care,"Pharma., Bio. & Life Sciences",Pharmaceuticals,21499933,EXPANDED,https://finance.vietstock.vn/DP3/ho-so-doanh-nghiep.htm,https://finance.vietstock.vn/DP3/tai-chinh.htm?tab=BCTT
MDC,HNX,CTCP Than Mông Dương - Vinacomin,Vinacomin - Mong Duong Coal JSC,STOCK,786.0,Than Mông Dương - Vinacomin,Năng lượng,Năng lượng,Dầu khí,Energy,Energy,"Oil, Gas & Consumable Fuels",21418346,EXPANDED,https://finance.vietstock.vn/MDC/ho-so-doanh-nghiep.htm,https://finance.vietstock.vn/MDC/tai-chinh.htm?tab=BCTT
ADG,HOSE,CTCP Clever Group,Clever Group Corporation,STOCK,787.0,Clever Group,Dịch vụ truyền thông,Truyền thông và giải trí,Truyền thông,Communication Services,Media & Entertainment,Media,21380521,EXPANDED,https://finance.vietstock.vn/ADG/ho-so-doanh-nghiep.htm,https://finance.vietstock.vn/ADG/tai-chinh.htm?tab=BCTT
CLG,UPCOM,CTCP Đầu tư và Phát triển Nhà đất COTEC,Cotec Invesment & Land-House Development JSC,STOCK,788.0,Đầu tư và Phát triển Nhà đất COTEC,Công nghiệp,Hàng hóa công nghiệp,Kỹ thuật xây dựng,Industrials,Capital Goods,Construction & Engineering,21150000,EXPANDED,https://finance.vietstock.vn/CLG/ho-so-doanh-nghiep.htm,https://finance.vietstock.vn/CLG/tai-chinh.htm?tab=BCTT
XHC,UPCOM,CTCP Xuân Hòa Việt Nam,Xuan Hoa Viet Nam JSC,STOCK,789.0,Xuân Hòa Việt Nam,Nguyên vật liệu,Nguyên vật liệu,Gỗ và giấy,Materials,Materials,Paper & Forest Products,21096500,EXPANDED,https://finance.vietstock.vn/XHC/ho-so-doanh-nghiep.htm,https://finance.vietstock.vn/XHC/tai-chinh.htm?tab=BCTT
HIO,UPCOM,CTCP Helio Energy,Helio Energy Joint Stock Company,STOCK,790.0,Helio Energy,Tiện ích,Tiện ích,Phát điện độc lập và điện tái tạo,Utilities,Utilities,Independent Power and Renewable Electricity Producers,21000000,EXPANDED,https://finance.vietstock.vn/HIO/ho-so-doanh-nghiep.htm,https://finance.vietstock.vn/HIO/tai-chinh.htm?tab=BCTT
PVH,UPCOM,CTCP Xây lắp Dầu khí Thanh Hóa,Thanh Hoa Petroleum Construction JSC,STOCK,791.0,Xây lắp Dầu khí Thanh Hóa,Công nghiệp,Hàng hóa công nghiệp,Kỹ thuật xây dựng,Industrials,Capital Goods,Construction & Engineering,21000000,EXPANDED,https://finance.vietstock.vn/PVH/ho-so-doanh-nghiep.htm,https://finance.vietstock.vn/PVH/tai-chinh.htm?tab=BCTT
TVT,HOSE,Tổng Công ty Việt Thắng - CTCP,Viet Thang Corporation,STOCK,792.0,Việt Thắng - CTCP,Tiêu dùng không thiết yếu,Thời trang và hàng lâu bền,Thời trang và dệt may,Consumer Discretionary,Consumer Durables & Apparel,"Textiles, Apparel & Luxury Goods",21000000,EXPANDED,https://finance.vietstock.vn/TVT/ho-so-doanh-nghiep.htm,https://finance.vietstock.vn/TVT/tai-chinh.htm?tab=BCTT
HJS,HNX,CTCP Thủy điện Nậm Mu,Nam Mu Hydropower JSC,STOCK,793.0,Thủy điện Nậm Mu,Tiện ích,Tiện ích,Phát điện độc lập và điện tái tạo,Utilities,Utilities,Independent Power and Renewable Electricity Producers,20999900,EXPANDED,https://finance.vietstock.vn/HJS/ho-so-doanh-nghiep.htm,https://finance.vietstock.vn/HJS/tai-chinh.htm?tab=BCTT
VNC,HNX,CTCP Tập đoàn Vinacontrol,Vinacontrol Group Corporation,STOCK,794.0,Vinacontrol,Công nghiệp,Dịch vụ thương mại và chuyên nghiệp,Dịch vụ chuyên nghiệp,Industrials,Comm. & Prof. Services,Professional Services,20999511,EXPANDED,https://finance.vietstock.vn/VNC/ho-so-doanh-nghiep.htm,https://finance.vietstock.vn/VNC/tai-chinh.htm?tab=BCTT
EMS,UPCOM,Tổng Công ty Chuyển phát nhanh Bưu Điện - CTCP,VNPost Express Joint Stock Company,STOCK,795.0,Chuyển phát nhanh Bưu Điện - CTCP,Công nghiệp,Vận tải,Vận tải và logistics hàng không,Industrials,Transportation,Air Freight & Logistics,20999440,EXPANDED,https://finance.vietstock.vn/EMS/ho-so-doanh-nghiep.htm,https://finance.vietstock.vn/EMS/tai-chinh.htm?tab=BCTT
DP1,UPCOM,CTCP Dược phẩm Trung ương CPC1,Central Pharmaceutical Company No.1 JSC,STOCK,796.0,Dược phẩm Trung ương CPC1,Chăm sóc sức khỏe,Thiết bị và dịch vụ chăm sóc sức khỏe,Thương mại và dịch vụ chăm sóc sức khỏe,Health Care,Health Care Equip. & Services,Health Care Providers & Services,20979000,EXPANDED,https://finance.vietstock.vn/DP1/ho-so-doanh-nghiep.htm,https://finance.vietstock.vn/DP1/tai-chinh.htm?tab=BCTT
VTX,UPCOM,CTCP Vận tải Đa Phương Thức Vietranstimex,Vietranstimex MultiModal Transport Holding Company,STOCK,797.0,Vận tải Đa Phương Thức Vietranstimex,Công nghiệp,Vận tải,Vận tải mặt đất,Industrials,Transportation,Ground Transportation,20972321,EXPANDED,https://finance.vietstock.vn/VTX/ho-so-doanh-nghiep.htm,https://finance.vietstock.vn/VTX/tai-chinh.htm?tab=BCTT
DAN,UPCOM,CTCP Dược Danapha,Danapha Pharmaceutical Joint Stock Company,STOCK,798.0,Dược Danapha,Chăm sóc sức khỏe,"Dược phẩm, công nghệ sinh học và khoa học sự sống",Dược phẩm,Health Care,"Pharma., Bio. & Life Sciences",Pharmaceuticals,20938000,EXPANDED,https://finance.vietstock.vn/DAN/ho-so-doanh-nghiep.htm,https://finance.vietstock.vn/DAN/tai-chinh.htm?tab=BCTT
ING,UPCOM,CTCP Đầu tư và Phát triển Xây dựng,The Investment & Construction Development Corporation,STOCK,799.0,Đầu tư và Phát triển Xây dựng,Bất động sản,Bất động sản,Quản lý và phát triển bất động sản,Real Estate,Real Estate,Real Estate Management & Development,20809702,EXPANDED,https://finance.vietstock.vn/ING/ho-so-doanh-nghiep.htm,https://finance.vietstock.vn/ING/tai-chinh.htm?tab=BCTT
SP2,UPCOM,CTCP Thủy điện Sử Pán 2,Su Pan 2 Hydroprwer JSC,STOCK,800.0,Thủy điện Sử Pán 2,Tiện ích,Tiện ích,Phát điện độc lập và điện tái tạo,Utilities,Utilities,Independent Power and Renewable Electricity Producers,20746000,EXPANDED,https://finance.vietstock.vn/SP2/ho-so-doanh-nghiep.htm,https://finance.vietstock.vn/SP2/tai-chinh.htm?tab=BCTT
