symbol,website_group,financial_model,period,year,quarter,report_data_id,consolidated,audit_status,total_assets_bil_vnd,total_assets_bil_vnd_source,equity_bil_vnd,equity_bil_vnd_source,eps_vnd,eps_vnd_source,bvps_vnd,bvps_vnd_source,pe,pe_source,pb,pb_source,roea_pct,roea_pct_source,roaa_pct,roaa_pct_source,income_bil_vnd,income_bil_vnd_source,gross_profit_bil_vnd,gross_profit_bil_vnd_source,pbt_bil_vnd,pbt_bil_vnd_source,net_profit_bil_vnd,net_profit_bil_vnd_source,parent_net_profit_bil_vnd,parent_net_profit_bil_vnd_source,liabilities_bil_vnd,liabilities_bil_vnd_source,gross_margin_pct,gross_margin_pct_source,net_margin_pct,net_margin_pct_source,debt_assets_pct,debt_assets_pct_source,debt_equity_pct,debt_equity_pct_source,_metric_warnings,income_qoq_pct,income_yoy_pct,profit_qoq_pct,profit_yoy_pct,freshness_status,data_status,missing_core_fields,_quality_missing,error_message,production_ready
AAM,Thực phẩm & đồ uống,NORMAL,2026Q2,2026,Q2,290944,False,Chưa kiểm toán,210.0,Tổng cộng tài sản,204.0,Vốn chủ sở hữu,506.23,Thu nhập trên mỗi cổ phần của 4 quý gần nhất (EPS),19505.0,Giá trị sổ sách của cổ phiếu (BVPS),13.43,Chỉ số giá thị trường trên thu nhập (P/E),0.35,Chỉ số giá thị trường trên giá trị sổ sách (P/B),1.68,Tỷ suất lợi nhuận trên vốn chủ sở hữu bình quân (ROEA),1.63,Tỷ suất sinh lợi trên tổng tài sản bình quân (ROAA),17.0,Doanh thu thuần về bán hàng và cung cấp dịch vụ,2.0,Lợi nhuận gộp về bán hàng và cung cấp dịch vụ,4.0,Tổng lợi nhuận kế toán trước thuế,3.0,Lợi nhuận sau thuế thu nhập doanh nghiệp,3.0,Lợi nhuận sau thuế của cổ đông Công ty mẹ,6.0,Nợ phải trả,10.89,Tỷ suất lợi nhuận gộp biên,20.19,Tỷ suất sinh lợi trên doanh thu thuần,3.09,Tỷ số Nợ trên Tổng tài sản,,,,-48.484848484848484,-73.4375,50.0,200.0,CURRENT,COMPLETE,,,,YES
AAT,Dệt may,NORMAL,2026Q2,2026,Q2,295217,True,Chưa kiểm toán,1485.0,Tổng cộng tài sản,761.0,Vốn chủ sở hữu,94.83,Thu nhập trên mỗi cổ phần của 4 quý gần nhất (EPS),10748.0,Giá trị sổ sách của cổ phiếu (BVPS),29.0,Chỉ số giá thị trường trên thu nhập (P/E),0.26,Chỉ số giá thị trường trên giá trị sổ sách (P/B),-1.19,Tỷ suất lợi nhuận trên vốn chủ sở hữu bình quân (ROEA),-0.6,Tỷ suất sinh lợi trên tổng tài sản bình quân (ROAA),237.0,Doanh thu thuần về bán hàng và cung cấp dịch vụ,17.0,Lợi nhuận gộp về bán hàng và cung cấp dịch vụ,-11.0,Tổng lợi nhuận kế toán trước thuế,-10.0,Lợi nhuận sau thuế thu nhập doanh nghiệp,-9.0,Lợi nhuận sau thuế của cổ đông Công ty mẹ,724.0,Nợ phải trả,7.37,Tỷ suất lợi nhuận gộp biên,-4.04,Tỷ suất sinh lợi trên doanh thu thuần,48.74,Tỷ số Nợ trên Tổng tài sản,57.47,Tỷ số Nợ vay trên Vốn chủ sở hữu,,0.8510638297872353,32.402234636871505,,-200.0,CURRENT,COMPLETE,,,,YES
ABI,Bảo hiểm,INSURANCE,2026Q2,2026,Q2,292284,False,Chưa kiểm toán,5151.0,Tổng cộng tài sản,1871.0,Vốn chủ sở hữu,3108.06,Thu nhập trên mỗi cổ phần của 4 quý gần nhất (EPS),18461.21,Giá trị sổ sách của cổ phiếu (BVPS),6.21,Chỉ số giá thị trường trên thu nhập (P/E),1.93,Chỉ số giá thị trường trên giá trị sổ sách (P/B),8.59,Tỷ suất lợi nhuận trên vốn chủ sở hữu bình quân (ROEA),1.73,Tỷ suất sinh lợi trên tổng tài sản bình quân (ROAA),673.0,Doanh thu thuần hoạt động kinh doanh bảo hiểm,225.0,Lợi nhuận gộp hoạt động kinh doanh bảo hiểm,109.0,Tổng lợi nhuận kế toán,87.0,Lợi nhuận sau thuế thu nhập doanh nghiệp,87.0,Lợi nhuận sau thuế của cổ đông Công ty mẹ,3280.0,Nợ phải trả,,,,,,,,,,7.852564102564097,5.4858934169278895,-8.421052631578952,33.84615384615384,CURRENT,COMPLETE,,,,YES
ACG,Gỗ & Giấy,NORMAL,2026Q2,2026,Q2,292800,True,Chưa kiểm toán,8350.0,Tổng cộng tài sản,4851.0,Vốn chủ sở hữu,3483.07,Thu nhập trên mỗi cổ phần của 4 quý gần nhất (EPS),32171.0,Giá trị sổ sách của cổ phiếu (BVPS),9.91,Chỉ số giá thị trường trên thu nhập (P/E),1.07,Chỉ số giá thị trường trên giá trị sổ sách (P/B),2.78,Tỷ suất lợi nhuận trên vốn chủ sở hữu bình quân (ROEA),1.73,Tỷ suất sinh lợi trên tổng tài sản bình quân (ROAA),1239.0,Doanh thu thuần về bán hàng và cung cấp dịch vụ,353.0,Lợi nhuận gộp về bán hàng và cung cấp dịch vụ,166.0,Tổng lợi nhuận kế toán trước thuế,131.0,Lợi nhuận sau thuế thu nhập doanh nghiệp,132.0,Lợi nhuận sau thuế của cổ đông Công ty mẹ,3499.0,Nợ phải trả,28.45,Tỷ suất lợi nhuận gộp biên,10.54,Tỷ suất sinh lợi trên doanh thu thuần,41.91,Tỷ số Nợ trên Tổng tài sản,44.3,Tỷ số Nợ vay trên Vốn chủ sở hữu,,11.621621621621614,28.928199791883458,17.85714285714286,-4.347826086956519,CURRENT,COMPLETE,,,,YES
ACL,Thực phẩm & đồ uống,NORMAL,2026Q2,2026,Q2,292689,True,Chưa kiểm toán,1641.0,Tổng cộng tài sản,834.0,Vốn chủ sở hữu,994.64,Thu nhập trên mỗi cổ phần của 4 quý gần nhất (EPS),16637.0,Giá trị sổ sách của cổ phiếu (BVPS),12.62,Chỉ số giá thị trường trên thu nhập (P/E),0.75,Chỉ số giá thị trường trên giá trị sổ sách (P/B),2.06,Tỷ suất lợi nhuận trên vốn chủ sở hữu bình quân (ROEA),1.05,Tỷ suất sinh lợi trên tổng tài sản bình quân (ROAA),514.0,Doanh thu thuần về bán hàng và cung cấp dịch vụ,84.0,Lợi nhuận gộp về bán hàng và cung cấp dịch vụ,19.0,Tổng lợi nhuận kế toán trước thuế,17.0,Lợi nhuận sau thuế thu nhập doanh nghiệp,17.0,Lợi nhuận sau thuế của cổ đông Công ty mẹ,806.0,Nợ phải trả,16.32,Tỷ suất lợi nhuận gộp biên,3.3,Tỷ suất sinh lợi trên doanh thu thuần,49.14,Tỷ số Nợ trên Tổng tài sản,72.26,Tỷ số Nợ vay trên Vốn chủ sở hữu,,20.09345794392523,-11.531841652323582,466.6666666666667,183.33333333333334,CURRENT,COMPLETE,,,,YES
ACM,Kim loại & Khoáng sản,NORMAL,2026Q2,2026,Q2,294594,False,Chưa kiểm toán,530.0,Tổng cộng tài sản,318.0,Vốn chủ sở hữu,-191.16,Thu nhập trên mỗi cổ phần của 4 quý gần nhất (EPS),6239.0,Giá trị sổ sách của cổ phiếu (BVPS),-2.62,Chỉ số giá thị trường trên thu nhập (P/E),0.08,Chỉ số giá thị trường trên giá trị sổ sách (P/B),-1.55,Tỷ suất lợi nhuận trên vốn chủ sở hữu bình quân (ROEA),-0.93,Tỷ suất sinh lợi trên tổng tài sản bình quân (ROAA),,,,,-2.0,Tổng lợi nhuận kế toán trước thuế,-2.0,Lợi nhuận sau thuế thu nhập doanh nghiệp,-2.0,Lợi nhuận sau thuế của cổ đông Công ty mẹ,212.0,Nợ phải trả,,,,,40.01,Tỷ số Nợ trên Tổng tài sản,24.67,Tỷ số Nợ vay trên Vốn chủ sở hữu,,,,,0.0,CURRENT,PARTIAL,income_bil_vnd,,,REVIEW
ADG,Truyền thông,NORMAL,2026Q2,2026,Q2,293417,True,Chưa kiểm toán,558.0,Tổng cộng tài sản,419.0,Vốn chủ sở hữu,1082.03,Thu nhập trên mỗi cổ phần của 4 quý gần nhất (EPS),19604.0,Giá trị sổ sách của cổ phiếu (BVPS),7.81,Chỉ số giá thị trường trên thu nhập (P/E),0.43,Chỉ số giá thị trường trên giá trị sổ sách (P/B),0.63,Tỷ suất lợi nhuận trên vốn chủ sở hữu bình quân (ROEA),0.48,Tỷ suất sinh lợi trên tổng tài sản bình quân (ROAA),143.0,Doanh thu thuần về bán hàng và cung cấp dịch vụ,21.0,Lợi nhuận gộp về bán hàng và cung cấp dịch vụ,5.0,Tổng lợi nhuận kế toán trước thuế,4.0,Lợi nhuận sau thuế thu nhập doanh nghiệp,3.0,Lợi nhuận sau thuế của cổ đông Công ty mẹ,139.0,Nợ phải trả,14.72,Tỷ suất lợi nhuận gộp biên,2.46,Tỷ suất sinh lợi trên doanh thu thuần,24.95,Tỷ số Nợ trên Tổng tài sản,14.69,Tỷ số Nợ vay trên Vốn chủ sở hữu,,27.67857142857142,25.43859649122806,,-40.0,CURRENT,COMPLETE,,,,YES
ADP,Hóa chất,NORMAL,2026Q2,2026,Q2,291627,False,Chưa kiểm toán,344.0,Tổng cộng tài sản,262.0,Vốn chủ sở hữu,3024.78,Thu nhập trên mỗi cổ phần của 4 quý gần nhất (EPS),11357.0,Giá trị sổ sách của cổ phiếu (BVPS),7.6,Chỉ số giá thị trường trên thu nhập (P/E),2.03,Chỉ số giá thị trường trên giá trị sổ sách (P/B),8.12,Tỷ suất lợi nhuận trên vốn chủ sở hữu bình quân (ROEA),6.42,Tỷ suất sinh lợi trên tổng tài sản bình quân (ROAA),147.0,Doanh thu thuần về bán hàng và cung cấp dịch vụ,37.0,Lợi nhuận gộp về bán hàng và cung cấp dịch vụ,28.0,Tổng lợi nhuận kế toán trước thuế,22.0,Lợi nhuận sau thuế thu nhập doanh nghiệp,22.0,Lợi nhuận sau thuế của cổ đông Công ty mẹ,82.0,Nợ phải trả,25.03,Tỷ suất lợi nhuận gộp biên,15.0,Tỷ suất sinh lợi trên doanh thu thuần,23.83,Tỷ số Nợ trên Tổng tài sản,,,,-4.545454545454541,-16.47727272727273,37.5,-4.347826086956519,CURRENT,COMPLETE,,,,YES
ADS,Dệt may,NORMAL,2026Q2,2026,Q2,292904,True,Chưa kiểm toán,2665.0,Tổng cộng tài sản,1099.0,Vốn chủ sở hữu,1296.82,Thu nhập trên mỗi cổ phần của 4 quý gần nhất (EPS),14391.0,Giá trị sổ sách của cổ phiếu (BVPS),7.13,Chỉ số giá thị trường trên thu nhập (P/E),0.64,Chỉ số giá thị trường trên giá trị sổ sách (P/B),2.3,Tỷ suất lợi nhuận trên vốn chủ sở hữu bình quân (ROEA),0.96,Tỷ suất sinh lợi trên tổng tài sản bình quân (ROAA),620.0,Doanh thu thuần về bán hàng và cung cấp dịch vụ,63.0,Lợi nhuận gộp về bán hàng và cung cấp dịch vụ,31.0,Tổng lợi nhuận kế toán trước thuế,25.0,Lợi nhuận sau thuế thu nhập doanh nghiệp,25.0,Lợi nhuận sau thuế của cổ đông Công ty mẹ,1566.0,Nợ phải trả,10.22,Tỷ suất lợi nhuận gộp biên,4.1,Tỷ suất sinh lợi trên doanh thu thuần,58.75,Tỷ số Nợ trên Tổng tài sản,104.14,Tỷ số Nợ vay trên Vốn chủ sở hữu,,51.96078431372548,39.01345291479821,78.57142857142858,-10.71428571428571,CURRENT,COMPLETE,,,,YES
AGF,Thực phẩm & đồ uống,NORMAL,2026Q2,2026,Q2,291816,False,Chưa kiểm toán,249.0,Tổng cộng tài sản,-204.0,Vốn chủ sở hữu,-467.7,Thu nhập trên mỗi cổ phần của 4 quý gần nhất (EPS),-7243.0,Giá trị sổ sách của cổ phiếu (BVPS),-4.06,Chỉ số giá thị trường trên thu nhập (P/E),-0.26,Chỉ số giá thị trường trên giá trị sổ sách (P/B),3.67,Tỷ suất lợi nhuận trên vốn chủ sở hữu bình quân (ROEA),-3.08,Tỷ suất sinh lợi trên tổng tài sản bình quân (ROAA),115.0,Doanh thu thuần về bán hàng và cung cấp dịch vụ,5.0,Lợi nhuận gộp về bán hàng và cung cấp dịch vụ,-7.0,Tổng lợi nhuận kế toán trước thuế,-7.0,Lợi nhuận sau thuế thu nhập doanh nghiệp,-7.0,Lợi nhuận sau thuế của cổ đông Công ty mẹ,453.0,Nợ phải trả,4.37,Tỷ suất lợi nhuận gộp biên,-6.41,Tỷ suất sinh lợi trên doanh thu thuần,181.67,Tỷ số Nợ trên Tổng tài sản,-169.4,Tỷ số Nợ vay trên Vốn chủ sở hữu,,19.791666666666675,-2.5423728813559365,-41.666666666666664,-800.0,CURRENT,COMPLETE,,,,YES
AGP,Dược & Y tế,NORMAL,2026Q2,2026,Q2,290963,False,Chưa kiểm toán,1448.0,Tổng cộng tài sản,606.0,Vốn chủ sở hữu,1907.61,Thu nhập trên mỗi cổ phần của 4 quý gần nhất (EPS),16911.0,Giá trị sổ sách của cổ phiếu (BVPS),17.82,Chỉ số giá thị trường trên thu nhập (P/E),2.01,Chỉ số giá thị trường trên giá trị sổ sách (P/B),2.23,Tỷ suất lợi nhuận trên vốn chủ sở hữu bình quân (ROEA),0.93,Tỷ suất sinh lợi trên tổng tài sản bình quân (ROAA),244.0,Doanh thu thuần về bán hàng và cung cấp dịch vụ,70.0,Lợi nhuận gộp về bán hàng và cung cấp dịch vụ,16.0,Tổng lợi nhuận kế toán trước thuế,13.0,Lợi nhuận sau thuế thu nhập doanh nghiệp,13.0,Lợi nhuận sau thuế của cổ đông Công ty mẹ,843.0,Nợ phải trả,28.61,Tỷ suất lợi nhuận gộp biên,5.37,Tỷ suất sinh lợi trên doanh thu thuần,58.19,Tỷ số Nợ trên Tổng tài sản,108.59,Tỷ số Nợ vay trên Vốn chủ sở hữu,,17.307692307692314,17.87439613526569,-7.14285714285714,8.333333333333325,CURRENT,COMPLETE,,,,YES
AIC,Bảo hiểm,INSURANCE,2026Q2,2026,Q2,294108,False,Chưa kiểm toán,6690.0,Tổng cộng tài sản,1151.0,Vốn chủ sở hữu,151.31,Thu nhập trên mỗi cổ phần của 4 quý gần nhất (EPS),11505.12,Giá trị sổ sách của cổ phiếu (BVPS),58.16,Chỉ số giá thị trường trên thu nhập (P/E),0.88,Chỉ số giá thị trường trên giá trị sổ sách (P/B),0.09,Tỷ suất lợi nhuận trên vốn chủ sở hữu bình quân (ROEA),0.01,Tỷ suất sinh lợi trên tổng tài sản bình quân (ROAA),946.0,Doanh thu thuần hoạt động kinh doanh bảo hiểm,102.0,Lợi nhuận gộp hoạt động kinh doanh bảo hiểm,10.0,Tổng lợi nhuận kế toán,1.0,Lợi nhuận sau thuế thu nhập doanh nghiệp,1.0,Lợi nhuận sau thuế của cổ đông Công ty mẹ,5539.0,Nợ phải trả,,,,,,,,,,6.5315315315315425,53.82113821138213,-88.88888888888889,-93.75,CURRENT,COMPLETE,,,,YES
ALV,Xây dựng,NORMAL,2019Q1,2019,Q1,150923,False,Chưa kiểm toán,97.0,Tổng cộng tài sản,64.0,Vốn chủ sở hữu,-233.3,Thu nhập trên mỗi cổ phần của 4 quý gần nhất (EPS),11280.1,Giá trị sổ sách của cổ phiếu (BVPS),-71.88,Chỉ số giá thị trường trên thu nhập (P/E),0.3,Chỉ số giá thị trường trên giá trị sổ sách (P/B),-0.42,Tỷ suất lợi nhuận trên vốn chủ sở hữu bình quân (ROEA),-0.28,Tỷ suất sinh lợi trên tổng tài sản bình quân (ROAA),0.0,Tỷ suất sinh lợi trên doanh thu thuần,0.0,Tỷ suất lợi nhuận gộp biên,0.0,Tổng lợi nhuận kế toán trước thuế,0.0,Lợi nhuận sau thuế thu nhập doanh nghiệp,0.0,Lợi nhuận sau thuế của cổ đông Công ty mẹ,33.0,Nợ phải trả,0.0,Tỷ suất lợi nhuận gộp biên,0.0,Tỷ suất sinh lợi trên doanh thu thuần,33.99,Tỷ số Nợ trên Tổng tài sản,17.33,Tỷ số Nợ vay trên Vốn chủ sở hữu,,,-100.0,,-100.0,STALE,COMPLETE,,,,REVIEW
AME,Thương mại & Phân phối,NORMAL,2026Q2,2026,Q2,294106,True,Chưa kiểm toán,3957.0,Tổng cộng tài sản,933.0,Vốn chủ sở hữu,525.76,Thu nhập trên mỗi cổ phần của 4 quý gần nhất (EPS),14311.0,Giá trị sổ sách của cổ phiếu (BVPS),12.93,Chỉ số giá thị trường trên thu nhập (P/E),0.48,Chỉ số giá thị trường trên giá trị sổ sách (P/B),1.11,Tỷ suất lợi nhuận trên vốn chủ sở hữu bình quân (ROEA),0.26,Tỷ suất sinh lợi trên tổng tài sản bình quân (ROAA),1159.0,Doanh thu thuần về bán hàng và cung cấp dịch vụ,70.0,Lợi nhuận gộp về bán hàng và cung cấp dịch vụ,13.0,Tổng lợi nhuận kế toán trước thuế,10.0,Lợi nhuận sau thuế thu nhập doanh nghiệp,10.0,Lợi nhuận sau thuế của cổ đông Công ty mẹ,3024.0,Nợ phải trả,6.05,Tỷ suất lợi nhuận gộp biên,0.89,Tỷ suất sinh lợi trên doanh thu thuần,76.42,Tỷ số Nợ trên Tổng tài sản,200.5,Tỷ số Nợ vay trên Vốn chủ sở hữu,,-20.5620287868403,-8.451816745655606,900.0,-37.5,CURRENT,COMPLETE,,,,YES
AMS,Máy móc & Thiết bị,NORMAL,2026Q2,2026,Q2,294693,True,Chưa kiểm toán,4654.0,Tổng cộng tài sản,914.0,Vốn chủ sở hữu,1437.32,Thu nhập trên mỗi cổ phần của 4 quý gần nhất (EPS),15241.0,Giá trị sổ sách của cổ phiếu (BVPS),5.15,Chỉ số giá thị trường trên thu nhập (P/E),0.49,Chỉ số giá thị trường trên giá trị sổ sách (P/B),3.9,Tỷ suất lợi nhuận trên vốn chủ sở hữu bình quân (ROEA),0.77,Tỷ suất sinh lợi trên tổng tài sản bình quân (ROAA),920.0,Doanh thu thuần về bán hàng và cung cấp dịch vụ,115.0,Lợi nhuận gộp về bán hàng và cung cấp dịch vụ,47.0,Tổng lợi nhuận kế toán trước thuế,35.0,Lợi nhuận sau thuế thu nhập doanh nghiệp,35.0,Lợi nhuận sau thuế của cổ đông Công ty mẹ,3739.0,Nợ phải trả,12.51,Tỷ suất lợi nhuận gộp biên,3.8,Tỷ suất sinh lợi trên doanh thu thuần,80.35,Tỷ số Nợ trên Tổng tài sản,264.07,Tỷ số Nợ vay trên Vốn chủ sở hữu,,32.94797687861271,-13.28934967012253,105.88235294117645,66.66666666666667,CURRENT,COMPLETE,,,,YES
APF,Thực phẩm & đồ uống,NORMAL,2026Q2,2026,Q2,292511,True,Chưa kiểm toán,2714.0,Tổng cộng tài sản,1321.0,Vốn chủ sở hữu,7468.33,Thu nhập trên mỗi cổ phần của 4 quý gần nhất (EPS),36681.0,Giá trị sổ sách của cổ phiếu (BVPS),6.35,Chỉ số giá thị trường trên thu nhập (P/E),1.29,Chỉ số giá thị trường trên giá trị sổ sách (P/B),5.71,Tỷ suất lợi nhuận trên vốn chủ sở hữu bình quân (ROEA),2.28,Tỷ suất sinh lợi trên tổng tài sản bình quân (ROAA),1548.0,Doanh thu thuần về bán hàng và cung cấp dịch vụ,231.0,Lợi nhuận gộp về bán hàng và cung cấp dịch vụ,83.0,Tổng lợi nhuận kế toán trước thuế,81.0,Lợi nhuận sau thuế thu nhập doanh nghiệp,75.0,Lợi nhuận sau thuế của cổ đông Công ty mẹ,1393.0,Nợ phải trả,14.94,Tỷ suất lợi nhuận gộp biên,5.24,Tỷ suất sinh lợi trên doanh thu thuần,51.31,Tỷ số Nợ trên Tổng tài sản,92.04,Tỷ số Nợ vay trên Vốn chủ sở hữu,,-36.60933660933661,6.245710363761159,-16.666666666666664,212.5,CURRENT,COMPLETE,,,,YES
ASG,Cảng & Logistics,NORMAL,2026Q2,2026,Q2,293212,True,Chưa kiểm toán,3976.0,Tổng cộng tài sản,2237.0,Vốn chủ sở hữu,1406.89,Thu nhập trên mỗi cổ phần của 4 quý gần nhất (EPS),24642.0,Giá trị sổ sách của cổ phiếu (BVPS),11.8,Chỉ số giá thị trường trên thu nhập (P/E),0.67,Chỉ số giá thị trường trên giá trị sổ sách (P/B),1.52,Tỷ suất lợi nhuận trên vốn chủ sở hữu bình quân (ROEA),0.88,Tỷ suất sinh lợi trên tổng tài sản bình quân (ROAA),735.0,Doanh thu thuần về bán hàng và cung cấp dịch vụ,132.0,Lợi nhuận gộp về bán hàng và cung cấp dịch vụ,56.0,Tổng lợi nhuận kế toán trước thuế,44.0,Lợi nhuận sau thuế thu nhập doanh nghiệp,34.0,Lợi nhuận sau thuế của cổ đông Công ty mẹ,1739.0,Nợ phải trả,17.91,Tỷ suất lợi nhuận gộp biên,6.01,Tỷ suất sinh lợi trên doanh thu thuần,43.73,Tỷ số Nợ trên Tổng tài sản,44.72,Tỷ số Nợ vay trên Vốn chủ sở hữu,,11.195158850226928,35.608856088560884,-30.612244897959183,70.0,CURRENT,COMPLETE,,,,YES
AST,Cảng & Logistics,NORMAL,2026Q2,2026,Q2,293353,True,Chưa kiểm toán,1144.0,Tổng cộng tài sản,845.0,Vốn chủ sở hữu,6909.81,Thu nhập trên mỗi cổ phần của 4 quý gần nhất (EPS),18775.0,Giá trị sổ sách của cổ phiếu (BVPS),10.72,Chỉ số giá thị trường trên thu nhập (P/E),3.95,Chỉ số giá thị trường trên giá trị sổ sách (P/B),9.28,Tỷ suất lợi nhuận trên vốn chủ sở hữu bình quân (ROEA),6.96,Tỷ suất sinh lợi trên tổng tài sản bình quân (ROAA),479.0,Doanh thu thuần về bán hàng và cung cấp dịch vụ,306.0,Lợi nhuận gộp về bán hàng và cung cấp dịch vụ,112.0,Tổng lợi nhuận kế toán trước thuế,92.0,Lợi nhuận sau thuế thu nhập doanh nghiệp,77.0,Lợi nhuận sau thuế của cổ đông Công ty mẹ,300.0,Nợ phải trả,63.84,Tỷ suất lợi nhuận gộp biên,19.28,Tỷ suất sinh lợi trên doanh thu thuần,26.17,Tỷ số Nợ trên Tổng tài sản,4.78,Tỷ số Nợ vay trên Vốn chủ sở hữu,,-13.848920863309356,21.57360406091371,-23.762376237623762,22.222222222222232,CURRENT,COMPLETE,,,,YES
AVC,Điện,NORMAL,2026Q2,2026,Q2,291994,False,Chưa kiểm toán,1333.0,Tổng cộng tài sản,1282.0,Vốn chủ sở hữu,3631.61,Thu nhập trên mỗi cổ phần của 4 quý gần nhất (EPS),17084.0,Giá trị sổ sách của cổ phiếu (BVPS),11.43,Chỉ số giá thị trường trên thu nhập (P/E),2.43,Chỉ số giá thị trường trên giá trị sổ sách (P/B),3.73,Tỷ suất lợi nhuận trên vốn chủ sở hữu bình quân (ROEA),3.59,Tỷ suất sinh lợi trên tổng tài sản bình quân (ROAA),135.0,Doanh thu thuần về bán hàng và cung cấp dịch vụ,56.0,Lợi nhuận gộp về bán hàng và cung cấp dịch vụ,57.0,Tổng lợi nhuận kế toán trước thuế,47.0,Lợi nhuận sau thuế thu nhập doanh nghiệp,47.0,Lợi nhuận sau thuế của cổ đông Công ty mẹ,51.0,Nợ phải trả,41.45,Tỷ suất lợi nhuận gộp biên,35.06,Tỷ suất sinh lợi trên doanh thu thuần,3.85,Tỷ số Nợ trên Tổng tài sản,,,,4.651162790697683,-7.534246575342463,-6.000000000000005,4.444444444444451,CURRENT,COMPLETE,,,,YES
BCA,Kim loại & Khoáng sản,NORMAL,2026Q2,2026,Q2,294253,True,Chưa kiểm toán,3370.0,Tổng cộng tài sản,964.0,Vốn chủ sở hữu,621.07,Thu nhập trên mỗi cổ phần của 4 quý gần nhất (EPS),19283.0,Giá trị sổ sách của cổ phiếu (BVPS),33.49,Chỉ số giá thị trường trên thu nhập (P/E),1.08,Chỉ số giá thị trường trên giá trị sổ sách (P/B),0.91,Tỷ suất lợi nhuận trên vốn chủ sở hữu bình quân (ROEA),0.25,Tỷ suất sinh lợi trên tổng tài sản bình quân (ROAA),1793.0,Doanh thu thuần về bán hàng và cung cấp dịch vụ,66.0,Lợi nhuận gộp về bán hàng và cung cấp dịch vụ,14.0,Tổng lợi nhuận kế toán trước thuế,9.0,Lợi nhuận sau thuế thu nhập doanh nghiệp,9.0,Lợi nhuận sau thuế của cổ đông Công ty mẹ,2406.0,Nợ phải trả,3.66,Tỷ suất lợi nhuận gộp biên,0.49,Tỷ suất sinh lợi trên doanh thu thuần,71.39,Tỷ số Nợ trên Tổng tài sản,185.68,Tỷ số Nợ vay trên Vốn chủ sở hữu,,-3.6539494895217572,46.12876935615322,80.0,-1000.0,CURRENT,COMPLETE,,,,YES
BCC,Vật liệu xây dựng,NORMAL,2026Q2,2026,Q2,294031,True,Chưa kiểm toán,3575.0,Tổng cộng tài sản,1800.0,Vốn chủ sở hữu,207.8,Thu nhập trên mỗi cổ phần của 4 quý gần nhất (EPS),14613.0,Giá trị sổ sách của cổ phiếu (BVPS),33.69,Chỉ số giá thị trường trên thu nhập (P/E),0.48,Chỉ số giá thị trường trên giá trị sổ sách (P/B),0.61,Tỷ suất lợi nhuận trên vốn chủ sở hữu bình quân (ROEA),0.31,Tỷ suất sinh lợi trên tổng tài sản bình quân (ROAA),1116.0,Doanh thu thuần về bán hàng và cung cấp dịch vụ,112.0,Lợi nhuận gộp về bán hàng và cung cấp dịch vụ,10.0,Tổng lợi nhuận kế toán trước thuế,10.0,Lợi nhuận sau thuế thu nhập doanh nghiệp,11.0,Lợi nhuận sau thuế của cổ đông Công ty mẹ,1774.0,Nợ phải trả,10.05,Tỷ suất lợi nhuận gộp biên,0.88,Tỷ suất sinh lợi trên doanh thu thuần,49.63,Tỷ số Nợ trên Tổng tài sản,33.25,Tỷ số Nợ vay trên Vốn chủ sở hữu,,27.542857142857137,4.788732394366191,-210.0,-82.8125,CURRENT,COMPLETE,,,,YES
BCF,Thực phẩm & đồ uống,NORMAL,2026Q2,2026,Q2,292665,True,Chưa kiểm toán,745.0,Tổng cộng tài sản,471.0,Vốn chủ sở hữu,2534.38,Thu nhập trên mỗi cổ phần của 4 quý gần nhất (EPS),12417.0,Giá trị sổ sách của cổ phiếu (BVPS),16.18,Chỉ số giá thị trường trên thu nhập (P/E),3.3,Chỉ số giá thị trường trên giá trị sổ sách (P/B),3.15,Tỷ suất lợi nhuận trên vốn chủ sở hữu bình quân (ROEA),2.0,Tỷ suất sinh lợi trên tổng tài sản bình quân (ROAA),214.0,Doanh thu thuần về bán hàng và cung cấp dịch vụ,53.0,Lợi nhuận gộp về bán hàng và cung cấp dịch vụ,22.0,Tổng lợi nhuận kế toán trước thuế,15.0,Lợi nhuận sau thuế thu nhập doanh nghiệp,15.0,Lợi nhuận sau thuế của cổ đông Công ty mẹ,273.0,Nợ phải trả,24.84,Tỷ suất lợi nhuận gộp biên,6.81,Tỷ suất sinh lợi trên doanh thu thuần,36.71,Tỷ số Nợ trên Tổng tài sản,44.41,Tỷ số Nợ vay trên Vốn chủ sở hữu,,18.88888888888889,8.629441624365475,-31.818181818181824,-55.88235294117647,CURRENT,COMPLETE,,,,YES
BDG,Dệt may,NORMAL,2026Q2,2026,Q2,293110,True,Chưa kiểm toán,1145.0,Tổng cộng tài sản,721.0,Vốn chủ sở hữu,3699.87,Thu nhập trên mỗi cổ phần của 4 quý gần nhất (EPS),29085.0,Giá trị sổ sách của cổ phiếu (BVPS),10.54,Chỉ số giá thị trường trên thu nhập (P/E),1.34,Chỉ số giá thị trường trên giá trị sổ sách (P/B),0.46,Tỷ suất lợi nhuận trên vốn chủ sở hữu bình quân (ROEA),0.3,Tỷ suất sinh lợi trên tổng tài sản bình quân (ROAA),363.0,Doanh thu thuần về bán hàng và cung cấp dịch vụ,40.0,Lợi nhuận gộp về bán hàng và cung cấp dịch vụ,4.0,Tổng lợi nhuận kế toán trước thuế,2.0,Lợi nhuận sau thuế thu nhập doanh nghiệp,3.0,Lợi nhuận sau thuế của cổ đông Công ty mẹ,424.0,Nợ phải trả,11.04,Tỷ suất lợi nhuận gộp biên,0.49,Tỷ suất sinh lợi trên doanh thu thuần,37.01,Tỷ số Nợ trên Tổng tài sản,28.95,Tỷ số Nợ vay trên Vốn chủ sở hữu,,0.5540166204986097,-21.42857142857143,-75.0,-91.89189189189189,CURRENT,COMPLETE,,,,YES
BDT,Vật liệu xây dựng,NORMAL,2026Q2,2026,Q2,294334,True,Chưa kiểm toán,1092.0,Tổng cộng tài sản,561.0,Vốn chủ sở hữu,509.79,Thu nhập trên mỗi cổ phần của 4 quý gần nhất (EPS),14545.0,Giá trị sổ sách của cổ phiếu (BVPS),18.05,Chỉ số giá thị trường trên thu nhập (P/E),0.63,Chỉ số giá thị trường trên giá trị sổ sách (P/B),0.95,Tỷ suất lợi nhuận trên vốn chủ sở hữu bình quân (ROEA),0.49,Tỷ suất sinh lợi trên tổng tài sản bình quân (ROAA),75.0,Doanh thu thuần về bán hàng và cung cấp dịch vụ,26.0,Lợi nhuận gộp về bán hàng và cung cấp dịch vụ,7.0,Tổng lợi nhuận kế toán trước thuế,6.0,Lợi nhuận sau thuế thu nhập doanh nghiệp,5.0,Lợi nhuận sau thuế của cổ đông Công ty mẹ,531.0,Nợ phải trả,35.34,Tỷ suất lợi nhuận gộp biên,7.63,Tỷ suất sinh lợi trên doanh thu thuần,48.6,Tỷ số Nợ trên Tổng tài sản,17.91,Tỷ số Nợ vay trên Vốn chủ sở hữu,,38.888888888888886,56.25,66.66666666666667,-16.666666666666664,CURRENT,COMPLETE,,,,YES
BGE,Điện,NORMAL,2026Q1,2026,Q1,292432,True,Chưa kiểm toán,18343.0,Tổng cộng tài sản,9089.0,Vốn chủ sở hữu,119.72,Thu nhập trên mỗi cổ phần của 4 quý gần nhất (EPS),12450.0,Giá trị sổ sách của cổ phiếu (BVPS),27.56,Chỉ số giá thị trường trên thu nhập (P/E),0.27,Chỉ số giá thị trường trên giá trị sổ sách (P/B),0.62,Tỷ suất lợi nhuận trên vốn chủ sở hữu bình quân (ROEA),0.31,Tỷ suất sinh lợi trên tổng tài sản bình quân (ROAA),340.0,Doanh thu thuần về bán hàng và cung cấp dịch vụ,177.0,Lợi nhuận gộp về bán hàng và cung cấp dịch vụ,97.0,Tổng lợi nhuận kế toán trước thuế,92.0,Lợi nhuận sau thuế thu nhập doanh nghiệp,56.0,Lợi nhuận sau thuế của cổ đông Công ty mẹ,9255.0,Nợ phải trả,52.2,Tỷ suất lợi nhuận gộp biên,27.17,Tỷ suất sinh lợi trên doanh thu thuần,50.45,Tỷ số Nợ trên Tổng tài sản,74.13,Tỷ số Nợ vay trên Vốn chủ sở hữu,,51.78571428571428,14.864864864864868,-473.3333333333333,1300.0,LAGGING,COMPLETE,,,,REVIEW
BHA,Điện,NORMAL,2026Q2,2026,Q2,292010,False,Chưa kiểm toán,1351.0,Tổng cộng tài sản,961.0,Vốn chủ sở hữu,2456.92,Thu nhập trên mỗi cổ phần của 4 quý gần nhất (EPS),14556.0,Giá trị sổ sách của cổ phiếu (BVPS),8.95,Chỉ số giá thị trường trên thu nhập (P/E),1.51,Chỉ số giá thị trường trên giá trị sổ sách (P/B),-0.04,Tỷ suất lợi nhuận trên vốn chủ sở hữu bình quân (ROEA),-0.03,Tỷ suất sinh lợi trên tổng tài sản bình quân (ROAA),40.0,Doanh thu thuần về bán hàng và cung cấp dịch vụ,10.0,Lợi nhuận gộp về bán hàng và cung cấp dịch vụ,0.0,Tổng lợi nhuận kế toán trước thuế,0.0,Lợi nhuận sau thuế thu nhập doanh nghiệp,0.0,Lợi nhuận sau thuế của cổ đông Công ty mẹ,391.0,Nợ phải trả,26.19,Tỷ suất lợi nhuận gộp biên,-1.09,Tỷ suất sinh lợi trên doanh thu thuần,28.9,Tỷ số Nợ trên Tổng tài sản,27.81,Tỷ số Nợ vay trên Vốn chủ sở hữu,,5.263157894736836,-18.36734693877551,-100.0,-100.0,CURRENT,COMPLETE,,,,YES
BHI,Bảo hiểm,INSURANCE,2026Q2,2026,Q2,293341,True,Chưa kiểm toán,4737.0,Tổng cộng tài sản,1229.0,Vốn chủ sở hữu,227.92,Thu nhập trên mỗi cổ phần của 4 quý gần nhất (EPS),12288.65,Giá trị sổ sách của cổ phiếu (BVPS),31.59,Chỉ số giá thị trường trên thu nhập (P/E),0.72,Chỉ số giá thị trường trên giá trị sổ sách (P/B),-0.28,Tỷ suất lợi nhuận trên vốn chủ sở hữu bình quân (ROEA),0.05,Tỷ suất sinh lợi trên tổng tài sản bình quân (ROAA),757.0,Doanh thu thuần hoạt động kinh doanh bảo hiểm,3.0,Lợi nhuận gộp hoạt động kinh doanh bảo hiểm,-3.0,Tổng lợi nhuận kế toán,-3.0,Lợi nhuận sau thuế thu nhập doanh nghiệp,2.0,Lợi nhuận sau thuế của cổ đông Công ty mẹ,3508.0,Nợ phải trả,,,,,,,,,,55.76131687242798,1.338688085676032,-92.0,-93.10344827586206,CURRENT,COMPLETE,,,,YES
BHN,Thực phẩm & đồ uống,NORMAL,2026Q2,2026,Q2,292679,True,Soát xét,8027.0,Tổng cộng tài sản,5538.0,Vốn chủ sở hữu,2555.05,Thu nhập trên mỗi cổ phần của 4 quý gần nhất (EPS),23889.0,Giá trị sổ sách của cổ phiếu (BVPS),11.7,Chỉ số giá thị trường trên thu nhập (P/E),1.25,Chỉ số giá thị trường trên giá trị sổ sách (P/B),4.04,Tỷ suất lợi nhuận trên vốn chủ sở hữu bình quân (ROEA),2.92,Tỷ suất sinh lợi trên tổng tài sản bình quân (ROAA),2835.0,Doanh thu thuần về bán hàng và cung cấp dịch vụ,895.0,Lợi nhuận gộp về bán hàng và cung cấp dịch vụ,296.0,Tổng lợi nhuận kế toán trước thuế,240.0,Lợi nhuận sau thuế thu nhập doanh nghiệp,222.0,Lợi nhuận sau thuế của cổ đông Công ty mẹ,2489.0,Nợ phải trả,31.57,Tỷ suất lợi nhuận gộp biên,8.47,Tỷ suất sinh lợi trên doanh thu thuần,31.01,Tỷ số Nợ trên Tổng tài sản,,,,46.89119170984455,20.331069609507637,188.3116883116883,55.244755244755254,CURRENT,COMPLETE,,,,YES
BIC,Bảo hiểm,INSURANCE,2026Q2,2026,Q2,292744,True,Chưa kiểm toán,10091.0,Tổng cộng tài sản,3556.0,Vốn chủ sở hữu,2428.59,Thu nhập trên mỗi cổ phần của 4 quý gần nhất (EPS),17599.04,Giá trị sổ sách của cổ phiếu (BVPS),9.8,Chỉ số giá thị trường trên thu nhập (P/E),2.38,Chỉ số giá thị trường trên giá trị sổ sách (P/B),6.46,Tỷ suất lợi nhuận trên vốn chủ sở hữu bình quân (ROEA),1.27,Tỷ suất sinh lợi trên tổng tài sản bình quân (ROAA),1128.0,Doanh thu thuần hoạt động kinh doanh bảo hiểm,270.0,Lợi nhuận gộp hoạt động kinh doanh bảo hiểm,170.0,Tổng lợi nhuận kế toán,131.0,Lợi nhuận sau thuế thu nhập doanh nghiệp,128.0,Lợi nhuận sau thuế của cổ đông Công ty mẹ,6535.0,Nợ phải trả,,,,,,,,,,-0.79155672823219,0.6244424620874156,47.12643678160919,-25.581395348837212,CURRENT,COMPLETE,,,,YES
BKC,Kim loại & Khoáng sản,NORMAL,2026Q2,2026,Q2,293385,True,Chưa kiểm toán,588.0,Tổng cộng tài sản,357.0,Vốn chủ sở hữu,4431.94,Thu nhập trên mỗi cổ phần của 4 quý gần nhất (EPS),15207.0,Giá trị sổ sách của cổ phiếu (BVPS),4.49,Chỉ số giá thị trường trên thu nhập (P/E),1.31,Chỉ số giá thị trường trên giá trị sổ sách (P/B),3.08,Tỷ suất lợi nhuận trên vốn chủ sở hữu bình quân (ROEA),1.86,Tỷ suất sinh lợi trên tổng tài sản bình quân (ROAA),74.0,Doanh thu thuần về bán hàng và cung cấp dịch vụ,20.0,Lợi nhuận gộp về bán hàng và cung cấp dịch vụ,14.0,Tổng lợi nhuận kế toán trước thuế,11.0,Lợi nhuận sau thuế thu nhập doanh nghiệp,11.0,Lợi nhuận sau thuế của cổ đông Công ty mẹ,231.0,Nợ phải trả,26.74,Tỷ suất lợi nhuận gộp biên,14.57,Tỷ suất sinh lợi trên doanh thu thuần,39.26,Tỷ số Nợ trên Tổng tài sản,43.33,Tỷ số Nợ vay trên Vốn chủ sở hữu,,0.0,-24.489795918367353,-8.333333333333337,0.0,CURRENT,COMPLETE,,,,YES
BLI,Bảo hiểm,INSURANCE,2026Q2,2026,Q2,291830,False,Chưa kiểm toán,2833.0,Tổng cộng tài sản,953.0,Vốn chủ sở hữu,432.28,Thu nhập trên mỗi cổ phần của 4 quý gần nhất (EPS),15886.88,Giá trị sổ sách của cổ phiếu (BVPS),18.51,Chỉ số giá thị trường trên thu nhập (P/E),0.8,Chỉ số giá thị trường trên giá trị sổ sách (P/B),3.68,Tỷ suất lợi nhuận trên vốn chủ sở hữu bình quân (ROEA),0.78,Tỷ suất sinh lợi trên tổng tài sản bình quân (ROAA),340.0,Doanh thu thuần hoạt động kinh doanh bảo hiểm,89.0,Lợi nhuận gộp hoạt động kinh doanh bảo hiểm,32.0,Tổng lợi nhuận kế toán,22.0,Lợi nhuận sau thuế thu nhập doanh nghiệp,22.0,Lợi nhuận sau thuế của cổ đông Công ty mẹ,1880.0,Nợ phải trả,,,,,,,,,,8.280254777070063,7.2555205047318605,266.66666666666663,2100.0,CURRENT,COMPLETE,,,,YES
BMI,Bảo hiểm,INSURANCE,2026Q2,2026,Q2,293272,False,Chưa kiểm toán,8500.0,Tổng cộng tài sản,3087.0,Vốn chủ sở hữu,2069.66,Thu nhập trên mỗi cổ phần của 4 quý gần nhất (EPS),20504.97,Giá trị sổ sách của cổ phiếu (BVPS),6.89,Chỉ số giá thị trường trên thu nhập (P/E),1.43,Chỉ số giá thị trường trên giá trị sổ sách (P/B),8.41,Tỷ suất lợi nhuận trên vốn chủ sở hữu bình quân (ROEA),1.51,Tỷ suất sinh lợi trên tổng tài sản bình quân (ROAA),1482.0,Doanh thu thuần hoạt động kinh doanh bảo hiểm,159.0,Lợi nhuận gộp hoạt động kinh doanh bảo hiểm,151.0,Tổng lợi nhuận kế toán,127.0,Lợi nhuận sau thuế thu nhập doanh nghiệp,127.0,Lợi nhuận sau thuế của cổ đông Công ty mẹ,5413.0,Nợ phải trả,,,,,,,,,,8.970588235294109,9.777777777777775,126.78571428571428,56.790123456790134,CURRENT,COMPLETE,,,,YES
BMJ,Vật liệu xây dựng,NORMAL,2026Q2,2026,Q2,294272,True,Chưa kiểm toán,1897.0,Tổng cộng tài sản,1343.0,Vốn chủ sở hữu,994.42,Thu nhập trên mỗi cổ phần của 4 quý gần nhất (EPS),12787.0,Giá trị sổ sách của cổ phiếu (BVPS),12.07,Chỉ số giá thị trường trên thu nhập (P/E),0.94,Chỉ số giá thị trường trên giá trị sổ sách (P/B),2.41,Tỷ suất lợi nhuận trên vốn chủ sở hữu bình quân (ROEA),1.75,Tỷ suất sinh lợi trên tổng tài sản bình quân (ROAA),297.0,Doanh thu thuần về bán hàng và cung cấp dịch vụ,58.0,Lợi nhuận gộp về bán hàng và cung cấp dịch vụ,42.0,Tổng lợi nhuận kế toán trước thuế,33.0,Lợi nhuận sau thuế thu nhập doanh nghiệp,33.0,Lợi nhuận sau thuế của cổ đông Công ty mẹ,554.0,Nợ phải trả,19.65,Tỷ suất lợi nhuận gộp biên,11.12,Tỷ suất sinh lợi trên doanh thu thuần,29.22,Tỷ số Nợ trên Tổng tài sản,24.78,Tỷ số Nợ vay trên Vốn chủ sở hữu,,125.0,47.76119402985075,200.0,37.5,CURRENT,COMPLETE,,,,YES
BMP,Hóa chất,NORMAL,2026Q2,2026,Q2,291179,True,Chưa kiểm toán,3355.0,Tổng cộng tài sản,2852.0,Vốn chủ sở hữu,15673.77,Thu nhập trên mỗi cổ phần của 4 quý gần nhất (EPS),34839.0,Giá trị sổ sách của cổ phiếu (BVPS),9.76,Chỉ số giá thị trường trên thu nhập (P/E),4.39,Chỉ số giá thị trường trên giá trị sổ sách (P/B),12.17,Tỷ suất lợi nhuận trên vốn chủ sở hữu bình quân (ROEA),10.24,Tỷ suất sinh lợi trên tổng tài sản bình quân (ROAA),1320.0,Doanh thu thuần về bán hàng và cung cấp dịch vụ,617.0,Lợi nhuận gộp về bán hàng và cung cấp dịch vụ,459.0,Tổng lợi nhuận kế toán trước thuế,367.0,Lợi nhuận sau thuế thu nhập doanh nghiệp,367.0,Lợi nhuận sau thuế của cổ đông Công ty mẹ,503.0,Nợ phải trả,46.73,Tỷ suất lợi nhuận gộp biên,27.83,Tỷ suất sinh lợi trên doanh thu thuần,15.0,Tỷ số Nợ trên Tổng tài sản,1.92,Tỷ số Nợ vay trên Vốn chủ sở hữu,,-9.402882635552501,0.917431192660545,20.723684210526304,11.212121212121207,CURRENT,COMPLETE,,,,YES
BMV,Thực phẩm & đồ uống,NORMAL,2026Q2,2026,Q2,291828,False,Chưa kiểm toán,672.0,Tổng cộng tài sản,251.0,Vốn chủ sở hữu,276.07,Thu nhập trên mỗi cổ phần của 4 quý gần nhất (EPS),10384.0,Giá trị sổ sách của cổ phiếu (BVPS),10.87,Chỉ số giá thị trường trên thu nhập (P/E),0.29,Chỉ số giá thị trường trên giá trị sổ sách (P/B),1.49,Tỷ suất lợi nhuận trên vốn chủ sở hữu bình quân (ROEA),0.63,Tỷ suất sinh lợi trên tổng tài sản bình quân (ROAA),151.0,Doanh thu thuần về bán hàng và cung cấp dịch vụ,17.0,Lợi nhuận gộp về bán hàng và cung cấp dịch vụ,5.0,Tổng lợi nhuận kế toán trước thuế,4.0,Lợi nhuận sau thuế thu nhập doanh nghiệp,4.0,Lợi nhuận sau thuế của cổ đông Công ty mẹ,421.0,Nợ phải trả,11.35,Tỷ suất lợi nhuận gộp biên,2.48,Tỷ suất sinh lợi trên doanh thu thuần,62.61,Tỷ số Nợ trên Tổng tài sản,115.9,Tỷ số Nợ vay trên Vốn chủ sở hữu,,-5.625000000000002,-1.3071895424836555,300.0,300.0,CURRENT,COMPLETE,,,,YES
BNA,Thực phẩm & đồ uống,NORMAL,2026Q2,2026,Q2,294183,True,Chưa kiểm toán,1704.0,Tổng cộng tài sản,570.0,Vốn chủ sở hữu,2034.5,Thu nhập trên mỗi cổ phần của 4 quý gần nhất (EPS),18250.0,Giá trị sổ sách của cổ phiếu (BVPS),2.26,Chỉ số giá thị trường trên thu nhập (P/E),0.25,Chỉ số giá thị trường trên giá trị sổ sách (P/B),-1.48,Tỷ suất lợi nhuận trên vốn chủ sở hữu bình quân (ROEA),-0.5,Tỷ suất sinh lợi trên tổng tài sản bình quân (ROAA),145.0,Doanh thu thuần về bán hàng và cung cấp dịch vụ,25.0,Lợi nhuận gộp về bán hàng và cung cấp dịch vụ,-8.0,Tổng lợi nhuận kế toán trước thuế,-9.0,Lợi nhuận sau thuế thu nhập doanh nghiệp,-9.0,Lợi nhuận sau thuế của cổ đông Công ty mẹ,1134.0,Nợ phải trả,17.01,Tỷ suất lợi nhuận gộp biên,-6.12,Tỷ suất sinh lợi trên doanh thu thuần,66.54,Tỷ số Nợ trên Tổng tài sản,128.66,Tỷ số Nợ vay trên Vốn chủ sở hữu,,-28.21782178217822,-68.40958605664488,-325.0,-43.75,CURRENT,COMPLETE,,,,YES
BNW,Nước,NORMAL,2026Q2,2026,Q2,291759,False,Chưa kiểm toán,969.0,Tổng cộng tài sản,411.0,Vốn chủ sở hữu,1215.3,Thu nhập trên mỗi cổ phần của 4 quý gần nhất (EPS),10941.0,Giá trị sổ sách của cổ phiếu (BVPS),15.63,Chỉ số giá thị trường trên thu nhập (P/E),1.74,Chỉ số giá thị trường trên giá trị sổ sách (P/B),5.1,Tỷ suất lợi nhuận trên vốn chủ sở hữu bình quân (ROEA),2.15,Tỷ suất sinh lợi trên tổng tài sản bình quân (ROAA),90.0,Doanh thu thuần về bán hàng và cung cấp dịch vụ,33.0,Lợi nhuận gộp về bán hàng và cung cấp dịch vụ,24.0,Tổng lợi nhuận kế toán trước thuế,21.0,Lợi nhuận sau thuế thu nhập doanh nghiệp,21.0,Lợi nhuận sau thuế của cổ đông Công ty mẹ,558.0,Nợ phải trả,37.12,Tỷ suất lợi nhuận gộp biên,22.93,Tỷ suất sinh lợi trên doanh thu thuần,57.61,Tỷ số Nợ trên Tổng tài sản,77.08,Tỷ số Nợ vay trên Vốn chủ sở hữu,,19.999999999999996,19.999999999999996,110.00000000000001,90.90909090909092,CURRENT,COMPLETE,,,,YES
BOT,Cảng & Logistics,NORMAL,2026Q2,2026,Q2,291767,False,Chưa kiểm toán,1804.0,Tổng cộng tài sản,-45.0,Vốn chủ sở hữu,-1711.82,Thu nhập trên mỗi cổ phần của 4 quý gần nhất (EPS),-767.0,Giá trị sổ sách của cổ phiếu (BVPS),-0.99,Chỉ số giá thị trường trên thu nhập (P/E),-2.22,Chỉ số giá thị trường trên giá trị sổ sách (P/B),37.84,Tỷ suất lợi nhuận trên vốn chủ sở hữu bình quân (ROEA),-0.8,Tỷ suất sinh lợi trên tổng tài sản bình quân (ROAA),18.0,Doanh thu thuần về bán hàng và cung cấp dịch vụ,12.0,Lợi nhuận gộp về bán hàng và cung cấp dịch vụ,-14.0,Tổng lợi nhuận kế toán trước thuế,-14.0,Lợi nhuận sau thuế thu nhập doanh nghiệp,-14.0,Lợi nhuận sau thuế của cổ đông Công ty mẹ,1849.0,Nợ phải trả,67.54,Tỷ suất lợi nhuận gộp biên,-79.33,Tỷ suất sinh lợi trên doanh thu thuần,102.52,Tỷ số Nợ trên Tổng tài sản,-2147.33,Tỷ số Nợ vay trên Vốn chủ sở hữu,,-14.28571428571429,5.882352941176472,16.666666666666675,-6.666666666666665,CURRENT,COMPLETE,,,,YES
BRR,Hóa chất,NORMAL,2026Q2,2026,Q2,292324,False,Chưa kiểm toán,1784.0,Tổng cộng tài sản,1487.0,Vốn chủ sở hữu,2063.46,Thu nhập trên mỗi cổ phần của 4 quý gần nhất (EPS),13221.0,Giá trị sổ sách của cổ phiếu (BVPS),9.26,Chỉ số giá thị trường trên thu nhập (P/E),1.44,Chỉ số giá thị trường trên giá trị sổ sách (P/B),5.62,Tỷ suất lợi nhuận trên vốn chủ sở hữu bình quân (ROEA),4.89,Tỷ suất sinh lợi trên tổng tài sản bình quân (ROAA),125.0,Doanh thu thuần về bán hàng và cung cấp dịch vụ,25.0,Lợi nhuận gộp về bán hàng và cung cấp dịch vụ,104.0,Tổng lợi nhuận kế toán trước thuế,84.0,Lợi nhuận sau thuế thu nhập doanh nghiệp,84.0,Lợi nhuận sau thuế của cổ đông Công ty mẹ,296.0,Nợ phải trả,20.32,Tỷ suất lợi nhuận gộp biên,67.55,Tỷ suất sinh lợi trên doanh thu thuần,16.61,Tỷ số Nợ trên Tổng tài sản,,,,7.758620689655182,45.34883720930232,366.6666666666667,104.8780487804878,CURRENT,COMPLETE,,,,YES
BSA,Điện,NORMAL,2026Q2,2026,Q2,291814,False,Chưa kiểm toán,1089.0,Tổng cộng tài sản,984.0,Vốn chủ sở hữu,1967.21,Thu nhập trên mỗi cổ phần của 4 quý gần nhất (EPS),14726.0,Giá trị sổ sách của cổ phiếu (BVPS),10.07,Chỉ số giá thị trường trên thu nhập (P/E),1.34,Chỉ số giá thị trường trên giá trị sổ sách (P/B),0.5,Tỷ suất lợi nhuận trên vốn chủ sở hữu bình quân (ROEA),0.45,Tỷ suất sinh lợi trên tổng tài sản bình quân (ROAA),36.0,Doanh thu thuần về bán hàng và cung cấp dịch vụ,10.0,Lợi nhuận gộp về bán hàng và cung cấp dịch vụ,5.0,Tổng lợi nhuận kế toán trước thuế,5.0,Lợi nhuận sau thuế thu nhập doanh nghiệp,5.0,Lợi nhuận sau thuế của cổ đông Công ty mẹ,104.0,Nợ phải trả,28.43,Tỷ suất lợi nhuận gộp biên,13.72,Tỷ suất sinh lợi trên doanh thu thuần,9.56,Tỷ số Nợ trên Tổng tài sản,8.5,Tỷ số Nợ vay trên Vốn chủ sở hữu,,-25.0,-43.75,-68.75,-88.37209302325581,CURRENT,COMPLETE,,,,YES
BSG,Cảng & Logistics,NORMAL,2026Q2,2026,Q2,292045,False,Chưa kiểm toán,450.0,Tổng cộng tài sản,348.0,Vốn chủ sở hữu,-634.24,Thu nhập trên mỗi cổ phần của 4 quý gần nhất (EPS),5799.0,Giá trị sổ sách của cổ phiếu (BVPS),-16.56,Chỉ số giá thị trường trên thu nhập (P/E),1.81,Chỉ số giá thị trường trên giá trị sổ sách (P/B),-5.58,Tỷ suất lợi nhuận trên vốn chủ sở hữu bình quân (ROEA),-4.31,Tỷ suất sinh lợi trên tổng tài sản bình quân (ROAA),81.0,Doanh thu thuần về bán hàng và cung cấp dịch vụ,-13.0,Lợi nhuận gộp về bán hàng và cung cấp dịch vụ,-20.0,Tổng lợi nhuận kế toán trước thuế,-20.0,Lợi nhuận sau thuế thu nhập doanh nghiệp,-20.0,Lợi nhuận sau thuế của cổ đông Công ty mẹ,102.0,Nợ phải trả,-15.65,Tỷ suất lợi nhuận gộp biên,-24.6,Tỷ suất sinh lợi trên doanh thu thuần,22.71,Tỷ số Nợ trên Tổng tài sản,,,,-8.98876404494382,-30.17241379310345,81.81818181818181,-350.0,CURRENT,COMPLETE,,,,YES
BSL,Thực phẩm & đồ uống,NORMAL,2026Q2,2026,Q2,290962,False,Chưa kiểm toán,706.0,Tổng cộng tài sản,532.0,Vốn chủ sở hữu,1982.63,Thu nhập trên mỗi cổ phần của 4 quý gần nhất (EPS),11831.0,Giá trị sổ sách của cổ phiếu (BVPS),6.36,Chỉ số giá thị trường trên thu nhập (P/E),1.07,Chỉ số giá thị trường trên giá trị sổ sách (P/B),5.77,Tỷ suất lợi nhuận trên vốn chủ sở hữu bình quân (ROEA),4.47,Tỷ suất sinh lợi trên tổng tài sản bình quân (ROAA),259.0,Doanh thu thuần về bán hàng và cung cấp dịch vụ,36.0,Lợi nhuận gộp về bán hàng và cung cấp dịch vụ,38.0,Tổng lợi nhuận kế toán trước thuế,31.0,Lợi nhuận sau thuế thu nhập doanh nghiệp,31.0,Lợi nhuận sau thuế của cổ đông Công ty mẹ,174.0,Nợ phải trả,14.03,Tỷ suất lợi nhuận gộp biên,11.88,Tỷ suất sinh lợi trên doanh thu thuần,24.58,Tỷ số Nợ trên Tổng tài sản,,,,23.33333333333334,9.745762711864403,40.90909090909092,244.44444444444446,CURRENT,COMPLETE,,,,YES
BSQ,Thực phẩm & đồ uống,NORMAL,2026Q2,2026,Q2,291673,False,Chưa kiểm toán,1206.0,Tổng cộng tài sản,855.0,Vốn chủ sở hữu,2699.78,Thu nhập trên mỗi cổ phần của 4 quý gần nhất (EPS),19007.0,Giá trị sổ sách của cổ phiếu (BVPS),6.85,Chỉ số giá thị trường trên thu nhập (P/E),0.97,Chỉ số giá thị trường trên giá trị sổ sách (P/B),3.52,Tỷ suất lợi nhuận trên vốn chủ sở hữu bình quân (ROEA),2.64,Tỷ suất sinh lợi trên tổng tài sản bình quân (ROAA),445.0,Doanh thu thuần về bán hàng và cung cấp dịch vụ,47.0,Lợi nhuận gộp về bán hàng và cung cấp dịch vụ,39.0,Tổng lợi nhuận kế toán trước thuế,31.0,Lợi nhuận sau thuế thu nhập doanh nghiệp,31.0,Lợi nhuận sau thuế của cổ đông Công ty mẹ,351.0,Nợ phải trả,10.49,Tỷ suất lợi nhuận gộp biên,6.93,Tỷ suất sinh lợi trên doanh thu thuần,29.07,Tỷ số Nợ trên Tổng tài sản,17.01,Tỷ số Nợ vay trên Vốn chủ sở hữu,,7.487922705314021,10.148514851485157,-3.125,138.46153846153845,CURRENT,COMPLETE,,,,YES
BTH,Thiết bị điện,NORMAL,2026Q2,2026,Q2,291242,False,Chưa kiểm toán,670.0,Tổng cộng tài sản,563.0,Vốn chủ sở hữu,9803.68,Thu nhập trên mỗi cổ phần của 4 quý gần nhất (EPS),22511.0,Giá trị sổ sách của cổ phiếu (BVPS),2.24,Chỉ số giá thị trường trên thu nhập (P/E),0.98,Chỉ số giá thị trường trên giá trị sổ sách (P/B),9.42,Tỷ suất lợi nhuận trên vốn chủ sở hữu bình quân (ROEA),7.54,Tỷ suất sinh lợi trên tổng tài sản bình quân (ROAA),46.0,Doanh thu thuần về bán hàng và cung cấp dịch vụ,36.0,Lợi nhuận gộp về bán hàng và cung cấp dịch vụ,63.0,Tổng lợi nhuận kế toán trước thuế,51.0,Lợi nhuận sau thuế thu nhập doanh nghiệp,51.0,Lợi nhuận sau thuế của cổ đông Công ty mẹ,107.0,Nợ phải trả,78.06,Tỷ suất lợi nhuận gộp biên,110.46,Tỷ suất sinh lợi trên doanh thu thuần,15.99,Tỷ số Nợ trên Tổng tài sản,,,,14.999999999999991,819.9999999999999,75.86206896551724,409.99999999999994,CURRENT,COMPLETE,,,,YES
BTP,Điện,NORMAL,2026Q2,2026,Q2,291236,False,Chưa kiểm toán,1215.0,Tổng cộng tài sản,1092.0,Vốn chủ sở hữu,1056.5,Thu nhập trên mỗi cổ phần của 4 quý gần nhất (EPS),18052.0,Giá trị sổ sách của cổ phiếu (BVPS),7.83,Chỉ số giá thị trường trên thu nhập (P/E),0.46,Chỉ số giá thị trường trên giá trị sổ sách (P/B),0.67,Tỷ suất lợi nhuận trên vốn chủ sở hữu bình quân (ROEA),0.61,Tỷ suất sinh lợi trên tổng tài sản bình quân (ROAA),82.0,Doanh thu thuần về bán hàng và cung cấp dịch vụ,13.0,Lợi nhuận gộp về bán hàng và cung cấp dịch vụ,8.0,Tổng lợi nhuận kế toán trước thuế,7.0,Lợi nhuận sau thuế thu nhập doanh nghiệp,7.0,Lợi nhuận sau thuế của cổ đông Công ty mẹ,123.0,Nợ phải trả,15.44,Tỷ suất lợi nhuận gộp biên,9.0,Tỷ suất sinh lợi trên doanh thu thuần,10.1,Tỷ số Nợ trên Tổng tài sản,6.08,Tỷ số Nợ vay trên Vốn chủ sở hữu,,49.09090909090909,24.242424242424242,-73.07692307692308,,CURRENT,COMPLETE,,,,YES
BTS,Vật liệu xây dựng,NORMAL,2026Q2,2026,Q2,291872,False,Chưa kiểm toán,3050.0,Tổng cộng tài sản,1112.0,Vốn chủ sở hữu,500.52,Thu nhập trên mỗi cổ phần của 4 quý gần nhất (EPS),9001.0,Giá trị sổ sách của cổ phiếu (BVPS),10.19,Chỉ số giá thị trường trên thu nhập (P/E),0.57,Chỉ số giá thị trường trên giá trị sổ sách (P/B),1.0,Tỷ suất lợi nhuận trên vốn chủ sở hữu bình quân (ROEA),0.35,Tỷ suất sinh lợi trên tổng tài sản bình quân (ROAA),749.0,Doanh thu thuần về bán hàng và cung cấp dịch vụ,66.0,Lợi nhuận gộp về bán hàng và cung cấp dịch vụ,11.0,Tổng lợi nhuận kế toán trước thuế,11.0,Lợi nhuận sau thuế thu nhập doanh nghiệp,11.0,Lợi nhuận sau thuế của cổ đông Công ty mẹ,1938.0,Nợ phải trả,8.79,Tỷ suất lợi nhuận gộp biên,1.48,Tỷ suất sinh lợi trên doanh thu thuần,63.54,Tỷ số Nợ trên Tổng tài sản,92.01,Tỷ số Nợ vay trên Vốn chủ sở hữu,,23.190789473684205,11.458333333333325,266.66666666666663,-8.333333333333337,CURRENT,COMPLETE,,,,YES
BTV,Du lịch & Giải trí,NORMAL,2026Q2,2026,Q2,294336,True,Chưa kiểm toán,644.0,Tổng cộng tài sản,274.0,Vốn chủ sở hữu,1180.89,Thu nhập trên mỗi cổ phần của 4 quý gần nhất (EPS),10966.0,Giá trị sổ sách của cổ phiếu (BVPS),13.97,Chỉ số giá thị trường trên thu nhập (P/E),1.5,Chỉ số giá thị trường trên giá trị sổ sách (P/B),4.23,Tỷ suất lợi nhuận trên vốn chủ sở hữu bình quân (ROEA),1.98,Tỷ suất sinh lợi trên tổng tài sản bình quân (ROAA),290.0,Doanh thu thuần về bán hàng và cung cấp dịch vụ,45.0,Lợi nhuận gộp về bán hàng và cung cấp dịch vụ,14.0,Tổng lợi nhuận kế toán trước thuế,11.0,Lợi nhuận sau thuế thu nhập doanh nghiệp,11.0,Lợi nhuận sau thuế của cổ đông Công ty mẹ,371.0,Nợ phải trả,15.57,Tỷ suất lợi nhuận gộp biên,3.91,Tỷ suất sinh lợi trên doanh thu thuần,57.53,Tỷ số Nợ trên Tổng tài sản,40.21,Tỷ số Nợ vay trên Vốn chủ sở hữu,,62.92134831460674,-1.3605442176870763,1000.0,22.222222222222232,CURRENT,COMPLETE,,,,YES
BTW,Nước,NORMAL,2026Q2,2026,Q2,291564,False,Chưa kiểm toán,409.0,Tổng cộng tài sản,252.0,Vốn chủ sở hữu,4885.29,Thu nhập trên mỗi cổ phần của 4 quý gần nhất (EPS),26967.0,Giá trị sổ sách của cổ phiếu (BVPS),15.41,Chỉ số giá thị trường trên thu nhập (P/E),2.79,Chỉ số giá thị trường trên giá trị sổ sách (P/B),3.98,Tỷ suất lợi nhuận trên vốn chủ sở hữu bình quân (ROEA),2.79,Tỷ suất sinh lợi trên tổng tài sản bình quân (ROAA),142.0,Doanh thu thuần về bán hàng và cung cấp dịch vụ,51.0,Lợi nhuận gộp về bán hàng và cung cấp dịch vụ,13.0,Tổng lợi nhuận kế toán trước thuế,11.0,Lợi nhuận sau thuế thu nhập doanh nghiệp,11.0,Lợi nhuận sau thuế của cổ đông Công ty mẹ,157.0,Nợ phải trả,35.69,Tỷ suất lợi nhuận gộp biên,7.51,Tỷ suất sinh lợi trên doanh thu thuần,38.36,Tỷ số Nợ trên Tổng tài sản,1.52,Tỷ số Nợ vay trên Vốn chủ sở hữu,,3.649635036496357,1.4285714285714235,-26.66666666666667,22.222222222222232,CURRENT,COMPLETE,,,,YES
BVL,Bất động sản,NORMAL,2026Q2,2026,Q2,293970,True,Chưa kiểm toán,2928.0,Tổng cộng tài sản,1637.0,Vốn chủ sở hữu,1296.4,Thu nhập trên mỗi cổ phần của 4 quý gần nhất (EPS),15257.0,Giá trị sổ sách của cổ phiếu (BVPS),10.95,Chỉ số giá thị trường trên thu nhập (P/E),0.93,Chỉ số giá thị trường trên giá trị sổ sách (P/B),1.79,Tỷ suất lợi nhuận trên vốn chủ sở hữu bình quân (ROEA),1.04,Tỷ suất sinh lợi trên tổng tài sản bình quân (ROAA),144.0,Doanh thu thuần về bán hàng và cung cấp dịch vụ,58.0,Lợi nhuận gộp về bán hàng và cung cấp dịch vụ,41.0,Tổng lợi nhuận kế toán trước thuế,33.0,Lợi nhuận sau thuế thu nhập doanh nghiệp,29.0,Lợi nhuận sau thuế của cổ đông Công ty mẹ,1291.0,Nợ phải trả,40.19,Tỷ suất lợi nhuận gộp biên,23.19,Tỷ suất sinh lợi trên doanh thu thuần,44.09,Tỷ số Nợ trên Tổng tài sản,32.07,Tỷ số Nợ vay trên Vốn chủ sở hữu,,46.93877551020409,-71.98443579766537,61.111111111111114,-74.33628318584071,CURRENT,COMPLETE,,,,YES
BWS,Nước,NORMAL,2026Q2,2026,Q2,294578,False,Chưa kiểm toán,1301.0,Tổng cộng tài sản,1210.0,Vốn chủ sở hữu,2607.54,Thu nhập trên mỗi cổ phần của 4 quý gần nhất (EPS),12103.0,Giá trị sổ sách của cổ phiếu (BVPS),13.04,Chỉ số giá thị trường trên thu nhập (P/E),2.81,Chỉ số giá thị trường trên giá trị sổ sách (P/B),5.9,Tỷ suất lợi nhuận trên vốn chủ sở hữu bình quân (ROEA),5.5,Tỷ suất sinh lợi trên tổng tài sản bình quân (ROAA),226.0,Doanh thu thuần về bán hàng và cung cấp dịch vụ,124.0,Lợi nhuận gộp về bán hàng và cung cấp dịch vụ,78.0,Tổng lợi nhuận kế toán trước thuế,70.0,Lợi nhuận sau thuế thu nhập doanh nghiệp,70.0,Lợi nhuận sau thuế của cổ đông Công ty mẹ,91.0,Nợ phải trả,54.89,Tỷ suất lợi nhuận gộp biên,30.87,Tỷ suất sinh lợi trên doanh thu thuần,6.96,Tỷ số Nợ trên Tổng tài sản,0.79,Tỷ số Nợ vay trên Vốn chủ sở hữu,,17.098445595854916,18.324607329842934,12.903225806451623,-2.777777777777779,CURRENT,COMPLETE,,,,YES
C32,Vật liệu xây dựng,NORMAL,2026Q2,2026,Q2,292916,True,Chưa kiểm toán,784.0,Tổng cộng tài sản,528.0,Vốn chủ sở hữu,2763.65,Thu nhập trên mỗi cổ phần của 4 quý gần nhất (EPS),17569.0,Giá trị sổ sách của cổ phiếu (BVPS),5.39,Chỉ số giá thị trường trên thu nhập (P/E),0.85,Chỉ số giá thị trường trên giá trị sổ sách (P/B),0.89,Tỷ suất lợi nhuận trên vốn chủ sở hữu bình quân (ROEA),0.62,Tỷ suất sinh lợi trên tổng tài sản bình quân (ROAA),100.0,Doanh thu thuần về bán hàng và cung cấp dịch vụ,19.0,Lợi nhuận gộp về bán hàng và cung cấp dịch vụ,12.0,Tổng lợi nhuận kế toán trước thuế,5.0,Lợi nhuận sau thuế thu nhập doanh nghiệp,5.0,Lợi nhuận sau thuế của cổ đông Công ty mẹ,256.0,Nợ phải trả,18.97,Tỷ suất lợi nhuận gộp biên,4.92,Tỷ suất sinh lợi trên doanh thu thuần,32.65,Tỷ số Nợ trên Tổng tài sản,37.2,Tỷ số Nợ vay trên Vốn chủ sở hữu,,1.0101010101010166,-21.875,-50.0,-183.33333333333334,CURRENT,COMPLETE,,,,YES
C47,Xây dựng,NORMAL,2026Q2,2026,Q2,292491,True,Chưa kiểm toán,1928.0,Tổng cộng tài sản,493.0,Vốn chủ sở hữu,1866.79,Thu nhập trên mỗi cổ phần của 4 quý gần nhất (EPS),13563.0,Giá trị sổ sách của cổ phiếu (BVPS),4.98,Chỉ số giá thị trường trên thu nhập (P/E),0.69,Chỉ số giá thị trường trên giá trị sổ sách (P/B),5.38,Tỷ suất lợi nhuận trên vốn chủ sở hữu bình quân (ROEA),1.47,Tỷ suất sinh lợi trên tổng tài sản bình quân (ROAA),436.0,Doanh thu thuần về bán hàng và cung cấp dịch vụ,68.0,Lợi nhuận gộp về bán hàng và cung cấp dịch vụ,38.0,Tổng lợi nhuận kế toán trước thuế,26.0,Lợi nhuận sau thuế thu nhập doanh nghiệp,27.0,Lợi nhuận sau thuế của cổ đông Công ty mẹ,1435.0,Nợ phải trả,15.59,Tỷ suất lợi nhuận gộp biên,5.94,Tỷ suất sinh lợi trên doanh thu thuần,74.44,Tỷ số Nợ trên Tổng tài sản,126.71,Tỷ số Nợ vay trên Vốn chủ sở hữu,,0.22988505747125743,-10.838445807770958,68.75,58.823529411764696,CURRENT,COMPLETE,,,,YES
CBI,Kim loại & Khoáng sản,NORMAL,2026Q2,2026,Q2,292089,False,Chưa kiểm toán,1553.0,Tổng cộng tài sản,51.0,Vốn chủ sở hữu,-998.04,Thu nhập trên mỗi cổ phần của 4 quý gần nhất (EPS),1193.0,Giá trị sổ sách của cổ phiếu (BVPS),-11.82,Chỉ số giá thị trường trên thu nhập (P/E),9.89,Chỉ số giá thị trường trên giá trị sổ sách (P/B),61.57,Tỷ suất lợi nhuận trên vốn chủ sở hữu bình quân (ROEA),1.5,Tỷ suất sinh lợi trên tổng tài sản bình quân (ROAA),706.0,Doanh thu thuần về bán hàng và cung cấp dịch vụ,63.0,Lợi nhuận gộp về bán hàng và cung cấp dịch vụ,25.0,Tổng lợi nhuận kế toán trước thuế,24.0,Lợi nhuận sau thuế thu nhập doanh nghiệp,24.0,Lợi nhuận sau thuế của cổ đông Công ty mẹ,1502.0,Nợ phải trả,8.96,Tỷ suất lợi nhuận gộp biên,3.42,Tỷ suất sinh lợi trên doanh thu thuần,96.7,Tỷ số Nợ trên Tổng tài sản,884.2,Tỷ số Nợ vay trên Vốn chủ sở hữu,,82.42894056847545,33.20754716981131,-153.33333333333331,-126.08695652173914,CURRENT,COMPLETE,,,,YES
CC1,Xây dựng,NORMAL,2026Q2,2026,Q2,294484,True,Chưa kiểm toán,20287.0,Tổng cộng tài sản,4548.0,Vốn chủ sở hữu,693.48,Thu nhập trên mỗi cổ phần của 4 quý gần nhất (EPS),11429.0,Giá trị sổ sách của cổ phiếu (BVPS),49.75,Chỉ số giá thị trường trên thu nhập (P/E),3.02,Chỉ số giá thị trường trên giá trị sổ sách (P/B),1.51,Tỷ suất lợi nhuận trên vốn chủ sở hữu bình quân (ROEA),0.35,Tỷ suất sinh lợi trên tổng tài sản bình quân (ROAA),4110.0,Doanh thu thuần về bán hàng và cung cấp dịch vụ,-94.0,Lợi nhuận gộp về bán hàng và cung cấp dịch vụ,99.0,Tổng lợi nhuận kế toán trước thuế,70.0,Lợi nhuận sau thuế thu nhập doanh nghiệp,68.0,Lợi nhuận sau thuế của cổ đông Công ty mẹ,15740.0,Nợ phải trả,-2.28,Tỷ suất lợi nhuận gộp biên,1.7,Tỷ suất sinh lợi trên doanh thu thuần,77.58,Tỷ số Nợ trên Tổng tài sản,138.47,Tỷ số Nợ vay trên Vốn chủ sở hữu,,74.5964316057774,20.989108036502802,580.0,142.85714285714283,CURRENT,COMPLETE,,,,YES
CCC,Xây dựng,NORMAL,2026Q1,2026,Q1,291529,False,Chưa kiểm toán,2845.0,Tổng cộng tài sản,628.0,Vốn chủ sở hữu,983.65,Thu nhập trên mỗi cổ phần của 4 quý gần nhất (EPS),15308.0,Giá trị sổ sách của cổ phiếu (BVPS),7.72,Chỉ số giá thị trường trên thu nhập (P/E),0.5,Chỉ số giá thị trường trên giá trị sổ sách (P/B),1.41,Tỷ suất lợi nhuận trên vốn chủ sở hữu bình quân (ROEA),0.32,Tỷ suất sinh lợi trên tổng tài sản bình quân (ROAA),516.0,Doanh thu thuần về bán hàng và cung cấp dịch vụ,27.0,Lợi nhuận gộp về bán hàng và cung cấp dịch vụ,11.0,Tổng lợi nhuận kế toán trước thuế,9.0,Lợi nhuận sau thuế thu nhập doanh nghiệp,9.0,Lợi nhuận sau thuế của cổ đông Công ty mẹ,2216.0,Nợ phải trả,5.26,Tỷ suất lợi nhuận gộp biên,1.71,Tỷ suất sinh lợi trên doanh thu thuần,77.91,Tỷ số Nợ trên Tổng tài sản,127.72,Tỷ số Nợ vay trên Vốn chủ sở hữu,,-26.70454545454546,-7.692307692307687,-18.181818181818176,-18.181818181818176,LAGGING,COMPLETE,,,,REVIEW
CCL,Bất động sản,NORMAL,2026Q2,2026,Q2,291496,False,Chưa kiểm toán,1251.0,Tổng cộng tài sản,728.0,Vốn chủ sở hữu,168.58,Thu nhập trên mỗi cổ phần của 4 quý gần nhất (EPS),12213.0,Giá trị sổ sách của cổ phiếu (BVPS),24.56,Chỉ số giá thị trường trên thu nhập (P/E),0.34,Chỉ số giá thị trường trên giá trị sổ sách (P/B),0.07,Tỷ suất lợi nhuận trên vốn chủ sở hữu bình quân (ROEA),0.04,Tỷ suất sinh lợi trên tổng tài sản bình quân (ROAA),65.0,Doanh thu thuần về bán hàng và cung cấp dịch vụ,10.0,Lợi nhuận gộp về bán hàng và cung cấp dịch vụ,1.0,Tổng lợi nhuận kế toán trước thuế,1.0,Lợi nhuận sau thuế thu nhập doanh nghiệp,1.0,Lợi nhuận sau thuế của cổ đông Công ty mẹ,523.0,Nợ phải trả,15.94,Tỷ suất lợi nhuận gộp biên,0.83,Tỷ suất sinh lợi trên doanh thu thuần,41.82,Tỷ số Nợ trên Tổng tài sản,59.17,Tỷ số Nợ vay trên Vốn chủ sở hữu,,-5.797101449275366,-50.75757575757576,-87.5,-91.66666666666666,CURRENT,COMPLETE,,,,YES
CCR,Cảng & Logistics,NORMAL,2026Q2,2026,Q2,292766,True,Chưa kiểm toán,390.0,Tổng cộng tài sản,292.0,Vốn chủ sở hữu,1715.42,Thu nhập trên mỗi cổ phần của 4 quý gần nhất (EPS),11953.0,Giá trị sổ sách của cổ phiếu (BVPS),7.93,Chỉ số giá thị trường trên thu nhập (P/E),1.14,Chỉ số giá thị trường trên giá trị sổ sách (P/B),4.47,Tỷ suất lợi nhuận trên vốn chủ sở hữu bình quân (ROEA),3.52,Tỷ suất sinh lợi trên tổng tài sản bình quân (ROAA),114.0,Doanh thu thuần về bán hàng và cung cấp dịch vụ,32.0,Lợi nhuận gộp về bán hàng và cung cấp dịch vụ,17.0,Tổng lợi nhuận kế toán trước thuế,14.0,Lợi nhuận sau thuế thu nhập doanh nghiệp,13.0,Lợi nhuận sau thuế của cổ đông Công ty mẹ,98.0,Nợ phải trả,27.83,Tỷ suất lợi nhuận gộp biên,11.91,Tỷ suất sinh lợi trên doanh thu thuần,25.12,Tỷ số Nợ trên Tổng tài sản,2.24,Tỷ số Nợ vay trên Vốn chủ sở hữu,,21.27659574468086,93.22033898305084,18.181818181818187,160.0,CURRENT,COMPLETE,,,,YES
CDN,Cảng & Logistics,NORMAL,2026Q2,2026,Q2,292988,True,Chưa kiểm toán,3060.0,Tổng cộng tài sản,2257.0,Vốn chủ sở hữu,4289.11,Thu nhập trên mỗi cổ phần của 4 quý gần nhất (EPS),22802.0,Giá trị sổ sách của cổ phiếu (BVPS),6.3,Chỉ số giá thị trường trên thu nhập (P/E),1.18,Chỉ số giá thị trường trên giá trị sổ sách (P/B),4.81,Tỷ suất lợi nhuận trên vốn chủ sở hữu bình quân (ROEA),3.62,Tỷ suất sinh lợi trên tổng tài sản bình quân (ROAA),505.0,Doanh thu thuần về bán hàng và cung cấp dịch vụ,188.0,Lợi nhuận gộp về bán hàng và cung cấp dịch vụ,138.0,Tổng lợi nhuận kế toán trước thuế,110.0,Lợi nhuận sau thuế thu nhập doanh nghiệp,109.0,Lợi nhuận sau thuế của cổ đông Công ty mẹ,803.0,Nợ phải trả,37.32,Tỷ suất lợi nhuận gộp biên,21.76,Tỷ suất sinh lợi trên doanh thu thuần,26.24,Tỷ số Nợ trên Tổng tài sản,20.89,Tỷ số Nợ vay trên Vốn chủ sở hữu,,0.3976143141153132,22.871046228710455,-15.503875968992254,12.371134020618557,CURRENT,COMPLETE,,,,YES
CDO,Xây dựng,NORMAL,2026Q2,2026,Q2,292312,True,Chưa kiểm toán,232.0,Tổng cộng tài sản,212.0,Vốn chủ sở hữu,75.14,Thu nhập trên mỗi cổ phần của 4 quý gần nhất (EPS),6727.0,Giá trị sổ sách của cổ phiếu (BVPS),18.63,Chỉ số giá thị trường trên thu nhập (P/E),0.21,Chỉ số giá thị trường trên giá trị sổ sách (P/B),0.12,Tỷ suất lợi nhuận trên vốn chủ sở hữu bình quân (ROEA),0.11,Tỷ suất sinh lợi trên tổng tài sản bình quân (ROAA),7.0,Doanh thu thuần về bán hàng và cung cấp dịch vụ,1.0,Lợi nhuận gộp về bán hàng và cung cấp dịch vụ,0.0,Tổng lợi nhuận kế toán trước thuế,0.0,Lợi nhuận sau thuế thu nhập doanh nghiệp,0.0,Lợi nhuận sau thuế của cổ đông Công ty mẹ,20.0,Nợ phải trả,10.82,Tỷ suất lợi nhuận gộp biên,4.42,Tỷ suất sinh lợi trên doanh thu thuần,8.63,Tỷ số Nợ trên Tổng tài sản,,,,0.0,16.666666666666675,,,CURRENT,COMPLETE,,,,YES
CDR,Xây dựng,NORMAL,,,,,,,,,,,,,,,,,,,,,,,,,,,,,,,,,,,,,,,,,,,,,,,,NO_DATA,NO_FINANCIAL_DATA,income_bil_vnd|pbt_bil_vnd|net_profit_bil_vnd|total_assets_bil_vnd|equity_bil_vnd,,Không có kỳ báo cáo hợp lệ sau khi chặn kỳ tương lai,NO
CEN,Thương mại & Phân phối,NORMAL,2026Q2,2026,Q2,292276,False,Chưa kiểm toán,223.0,Tổng cộng tài sản,219.0,Vốn chủ sở hữu,19.11,Thu nhập trên mỗi cổ phần của 4 quý gần nhất (EPS),10093.0,Giá trị sổ sách của cổ phiếu (BVPS),88.96,Chỉ số giá thị trường trên thu nhập (P/E),0.17,Chỉ số giá thị trường trên giá trị sổ sách (P/B),0.02,Tỷ suất lợi nhuận trên vốn chủ sở hữu bình quân (ROEA),0.01,Tỷ suất sinh lợi trên tổng tài sản bình quân (ROAA),6.0,Doanh thu thuần về bán hàng và cung cấp dịch vụ,1.0,Lợi nhuận gộp về bán hàng và cung cấp dịch vụ,0.0,Tổng lợi nhuận kế toán trước thuế,0.0,Lợi nhuận sau thuế thu nhập doanh nghiệp,0.0,Lợi nhuận sau thuế của cổ đông Công ty mẹ,4.0,Nợ phải trả,9.76,Tỷ suất lợi nhuận gộp biên,0.53,Tỷ suất sinh lợi trên doanh thu thuần,1.87,Tỷ số Nợ trên Tổng tài sản,,,,-57.14285714285714,-66.66666666666667,,,CURRENT,COMPLETE,,,,YES
CHP,Điện,NORMAL,2026Q2,2026,Q2,291395,False,Chưa kiểm toán,2479.0,Tổng cộng tài sản,2049.0,Vốn chủ sở hữu,2337.75,Thu nhập trên mỗi cổ phần của 4 quý gần nhất (EPS),12998.0,Giá trị sổ sách của cổ phiếu (BVPS),11.89,Chỉ số giá thị trường trên thu nhập (P/E),2.14,Chỉ số giá thị trường trên giá trị sổ sách (P/B),1.36,Tỷ suất lợi nhuận trên vốn chủ sở hữu bình quân (ROEA),1.12,Tỷ suất sinh lợi trên tổng tài sản bình quân (ROAA),123.0,Doanh thu thuần về bán hàng và cung cấp dịch vụ,41.0,Lợi nhuận gộp về bán hàng và cung cấp dịch vụ,31.0,Tổng lợi nhuận kế toán trước thuế,28.0,Lợi nhuận sau thuế thu nhập doanh nghiệp,28.0,Lợi nhuận sau thuế của cổ đông Công ty mẹ,430.0,Nợ phải trả,33.14,Tỷ suất lợi nhuận gộp biên,22.59,Tỷ suất sinh lợi trên doanh thu thuần,17.35,Tỷ số Nợ trên Tổng tài sản,16.92,Tỷ số Nợ vay trên Vốn chủ sở hữu,,-38.19095477386934,-48.10126582278481,-69.23076923076923,-73.33333333333334,CURRENT,COMPLETE,,,,YES
CHS,Xây dựng,NORMAL,2026Q2,2026,Q2,292091,False,Chưa kiểm toán,417.0,Tổng cộng tài sản,327.0,Vốn chủ sở hữu,1074.11,Thu nhập trên mỗi cổ phần của 4 quý gần nhất (EPS),11514.0,Giá trị sổ sách của cổ phiếu (BVPS),10.43,Chỉ số giá thị trường trên thu nhập (P/E),0.97,Chỉ số giá thị trường trên giá trị sổ sách (P/B),3.17,Tỷ suất lợi nhuận trên vốn chủ sở hữu bình quân (ROEA),2.46,Tỷ suất sinh lợi trên tổng tài sản bình quân (ROAA),107.0,Doanh thu thuần về bán hàng và cung cấp dịch vụ,30.0,Lợi nhuận gộp về bán hàng và cung cấp dịch vụ,13.0,Tổng lợi nhuận kế toán trước thuế,10.0,Lợi nhuận sau thuế thu nhập doanh nghiệp,10.0,Lợi nhuận sau thuế của cổ đông Công ty mẹ,90.0,Nợ phải trả,28.03,Tỷ suất lợi nhuận gộp biên,9.71,Tỷ suất sinh lợi trên doanh thu thuần,21.66,Tỷ số Nợ trên Tổng tài sản,,,,181.57894736842107,-40.88397790055248,150.0,42.85714285714286,CURRENT,COMPLETE,,,,YES
CIG,Xây dựng,NORMAL,2026Q2,2026,Q2,293148,True,Chưa kiểm toán,2742.0,Tổng cộng tài sản,428.0,Vốn chủ sở hữu,2637.96,Thu nhập trên mỗi cổ phần của 4 quý gần nhất (EPS),8386.0,Giá trị sổ sách của cổ phiếu (BVPS),2.57,Chỉ số giá thị trường trên thu nhập (P/E),0.81,Chỉ số giá thị trường trên giá trị sổ sách (P/B),9.56,Tỷ suất lợi nhuận trên vốn chủ sở hữu bình quân (ROEA),1.52,Tỷ suất sinh lợi trên tổng tài sản bình quân (ROAA),198.0,Doanh thu thuần về bán hàng và cung cấp dịch vụ,36.0,Lợi nhuận gộp về bán hàng và cung cấp dịch vụ,39.0,Tổng lợi nhuận kế toán trước thuế,39.0,Lợi nhuận sau thuế thu nhập doanh nghiệp,39.0,Lợi nhuận sau thuế của cổ đông Công ty mẹ,2314.0,Nợ phải trả,18.04,Tỷ suất lợi nhuận gộp biên,19.9,Tỷ suất sinh lợi trên doanh thu thuần,84.39,Tỷ số Nợ trên Tổng tài sản,5.19,Tỷ số Nợ vay trên Vốn chủ sở hữu,,1064.7058823529412,-31.25,,5.405405405405395,CURRENT,COMPLETE,,,,YES
CKD,Kim loại & Khoáng sản,NORMAL,2026Q2,2026,Q2,293126,False,Chưa kiểm toán,1614.0,Tổng cộng tài sản,548.0,Vốn chủ sở hữu,3835.77,Thu nhập trên mỗi cổ phần của 4 quý gần nhất (EPS),17670.0,Giá trị sổ sách của cổ phiếu (BVPS),6.0,Chỉ số giá thị trường trên thu nhập (P/E),1.3,Chỉ số giá thị trường trên giá trị sổ sách (P/B),1.93,Tỷ suất lợi nhuận trên vốn chủ sở hữu bình quân (ROEA),0.69,Tỷ suất sinh lợi trên tổng tài sản bình quân (ROAA),276.0,Doanh thu thuần về bán hàng và cung cấp dịch vụ,35.0,Lợi nhuận gộp về bán hàng và cung cấp dịch vụ,14.0,Tổng lợi nhuận kế toán trước thuế,11.0,Lợi nhuận sau thuế thu nhập doanh nghiệp,11.0,Lợi nhuận sau thuế của cổ đông Công ty mẹ,1067.0,Nợ phải trả,12.52,Tỷ suất lợi nhuận gộp biên,3.95,Tỷ suất sinh lợi trên doanh thu thuần,66.07,Tỷ số Nợ trên Tổng tài sản,126.37,Tỷ số Nợ vay trên Vốn chủ sở hữu,,46.808510638297875,23.76681614349776,450.0,-8.333333333333337,CURRENT,COMPLETE,,,,YES
CKG,Bất động sản,NORMAL,2026Q2,2026,Q2,293006,True,Chưa kiểm toán,5033.0,Tổng cộng tài sản,2046.0,Vốn chủ sở hữu,566.83,Thu nhập trên mỗi cổ phần của 4 quý gần nhất (EPS),12646.0,Giá trị sổ sách của cổ phiếu (BVPS),11.91,Chỉ số giá thị trường trên thu nhập (P/E),0.53,Chỉ số giá thị trường trên giá trị sổ sách (P/B),1.2,Tỷ suất lợi nhuận trên vốn chủ sở hữu bình quân (ROEA),0.49,Tỷ suất sinh lợi trên tổng tài sản bình quân (ROAA),234.0,Doanh thu thuần về bán hàng và cung cấp dịch vụ,87.0,Lợi nhuận gộp về bán hàng và cung cấp dịch vụ,35.0,Tổng lợi nhuận kế toán trước thuế,27.0,Lợi nhuận sau thuế thu nhập doanh nghiệp,24.0,Lợi nhuận sau thuế của cổ đông Công ty mẹ,2987.0,Nợ phải trả,37.31,Tỷ suất lợi nhuận gộp biên,11.72,Tỷ suất sinh lợi trên doanh thu thuần,59.35,Tỷ số Nợ trên Tổng tài sản,94.69,Tỷ số Nợ vay trên Vốn chủ sở hữu,,181.9277108433735,50.0,242.85714285714283,242.85714285714283,CURRENT,COMPLETE,,,,YES
CLC,Thực phẩm & đồ uống,NORMAL,2026Q2,2026,Q2,291196,False,Chưa kiểm toán,1894.0,Tổng cộng tài sản,931.0,Vốn chủ sở hữu,7654.14,Thu nhập trên mỗi cổ phần của 4 quý gần nhất (EPS),35510.0,Giá trị sổ sách của cổ phiếu (BVPS),7.15,Chỉ số giá thị trường trên thu nhập (P/E),1.54,Chỉ số giá thị trường trên giá trị sổ sách (P/B),6.51,Tỷ suất lợi nhuận trên vốn chủ sở hữu bình quân (ROEA),3.16,Tỷ suất sinh lợi trên tổng tài sản bình quân (ROAA),1147.0,Doanh thu thuần về bán hàng và cung cấp dịch vụ,136.0,Lợi nhuận gộp về bán hàng và cung cấp dịch vụ,77.0,Tổng lợi nhuận kế toán trước thuế,61.0,Lợi nhuận sau thuế thu nhập doanh nghiệp,61.0,Lợi nhuận sau thuế của cổ đông Công ty mẹ,963.0,Nợ phải trả,11.89,Tỷ suất lợi nhuận gộp biên,5.36,Tỷ suất sinh lợi trên doanh thu thuần,50.87,Tỷ số Nợ trên Tổng tài sản,46.95,Tỷ số Nợ vay trên Vốn chủ sở hữu,,10.928433268858795,6.996268656716409,74.28571428571429,60.52631578947369,CURRENT,COMPLETE,,,,YES
CLL,Cảng & Logistics,NORMAL,2026Q2,2026,Q2,292647,True,Chưa kiểm toán,768.0,Tổng cộng tài sản,590.0,Vốn chủ sở hữu,2887.66,Thu nhập trên mỗi cổ phần của 4 quý gần nhất (EPS),17349.0,Giá trị sổ sách của cổ phiếu (BVPS),10.48,Chỉ số giá thị trường trên thu nhập (P/E),1.74,Chỉ số giá thị trường trên giá trị sổ sách (P/B),3.52,Tỷ suất lợi nhuận trên vốn chủ sở hữu bình quân (ROEA),2.94,Tỷ suất sinh lợi trên tổng tài sản bình quân (ROAA),95.0,Doanh thu thuần về bán hàng và cung cấp dịch vụ,39.0,Lợi nhuận gộp về bán hàng và cung cấp dịch vụ,29.0,Tổng lợi nhuận kế toán trước thuế,23.0,Lợi nhuận sau thuế thu nhập doanh nghiệp,22.0,Lợi nhuận sau thuế của cổ đông Công ty mẹ,178.0,Nợ phải trả,41.1,Tỷ suất lợi nhuận gộp biên,24.16,Tỷ suất sinh lợi trên doanh thu thuần,23.16,Tỷ số Nợ trên Tổng tài sản,2.61,Tỷ số Nợ vay trên Vốn chủ sở hữu,,7.954545454545459,-25.196850393700785,-21.42857142857143,-12.0,CURRENT,COMPLETE,,,,YES
CLX,Thương mại & Phân phối,NORMAL,2026Q2,2026,Q2,294496,True,Chưa kiểm toán,2550.0,Tổng cộng tài sản,1942.0,Vốn chủ sở hữu,2622.21,Thu nhập trên mỗi cổ phần của 4 quý gần nhất (EPS),22425.0,Giá trị sổ sách của cổ phiếu (BVPS),5.61,Chỉ số giá thị trường trên thu nhập (P/E),0.66,Chỉ số giá thị trường trên giá trị sổ sách (P/B),3.28,Tỷ suất lợi nhuận trên vốn chủ sở hữu bình quân (ROEA),2.53,Tỷ suất sinh lợi trên tổng tài sản bình quân (ROAA),156.0,Doanh thu thuần về bán hàng và cung cấp dịch vụ,42.0,Lợi nhuận gộp về bán hàng và cung cấp dịch vụ,70.0,Tổng lợi nhuận kế toán trước thuế,64.0,Lợi nhuận sau thuế thu nhập doanh nghiệp,64.0,Lợi nhuận sau thuế của cổ đông Công ty mẹ,608.0,Nợ phải trả,26.95,Tỷ suất lợi nhuận gộp biên,40.97,Tỷ suất sinh lợi trên doanh thu thuần,23.83,Tỷ số Nợ trên Tổng tài sản,0.63,Tỷ số Nợ vay trên Vốn chủ sở hữu,,12.230215827338121,26.82926829268293,16.36363636363636,16.36363636363636,CURRENT,COMPLETE,,,,YES
CMM,Thực phẩm & đồ uống,NORMAL,2026Q2,2026,Q2,294036,True,Chưa kiểm toán,4262.0,Tổng cộng tài sản,1216.0,Vốn chủ sở hữu,1201.15,Thu nhập trên mỗi cổ phần của 4 quý gần nhất (EPS),12421.0,Giá trị sổ sách của cổ phiếu (BVPS),16.15,Chỉ số giá thị trường trên thu nhập (P/E),1.56,Chỉ số giá thị trường trên giá trị sổ sách (P/B),1.43,Tỷ suất lợi nhuận trên vốn chủ sở hữu bình quân (ROEA),0.41,Tỷ suất sinh lợi trên tổng tài sản bình quân (ROAA),1124.0,Doanh thu thuần về bán hàng và cung cấp dịch vụ,132.0,Lợi nhuận gộp về bán hàng và cung cấp dịch vụ,20.0,Tổng lợi nhuận kế toán trước thuế,17.0,Lợi nhuận sau thuế thu nhập doanh nghiệp,17.0,Lợi nhuận sau thuế của cổ đông Công ty mẹ,3046.0,Nợ phải trả,11.71,Tỷ suất lợi nhuận gộp biên,1.56,Tỷ suất sinh lợi trên doanh thu thuần,71.47,Tỷ số Nợ trên Tổng tài sản,206.37,Tỷ số Nợ vay trên Vốn chủ sở hữu,,114.09523809523812,36.242424242424235,-22.72727272727273,-54.054054054054056,CURRENT,COMPLETE,,,,YES
CMN,Thực phẩm & đồ uống,NORMAL,2025Q2,2025,Q2,288209,False,Chưa kiểm toán,286.0,Tổng cộng tài sản,160.0,Vốn chủ sở hữu,1186.95,Thu nhập trên mỗi cổ phần của 4 quý gần nhất (EPS),33358.0,Giá trị sổ sách của cổ phiếu (BVPS),46.42,Chỉ số giá thị trường trên thu nhập (P/E),1.65,Chỉ số giá thị trường trên giá trị sổ sách (P/B),7.12,Tỷ suất lợi nhuận trên vốn chủ sở hữu bình quân (ROEA),3.98,Tỷ suất sinh lợi trên tổng tài sản bình quân (ROAA),196.0,Doanh thu thuần về bán hàng và cung cấp dịch vụ,52.0,Lợi nhuận gộp về bán hàng và cung cấp dịch vụ,7.0,Tổng lợi nhuận kế toán trước thuế,6.0,Lợi nhuận sau thuế thu nhập doanh nghiệp,6.0,Lợi nhuận sau thuế của cổ đông Công ty mẹ,126.0,Nợ phải trả,26.6,Tỷ suất lợi nhuận gộp biên,2.91,Tỷ suất sinh lợi trên doanh thu thuần,44.07,Tỷ số Nợ trên Tổng tài sản,,,,,,,,STALE,COMPLETE,,,,REVIEW
CMS,Xây dựng,NORMAL,2026Q2,2026,Q2,292914,True,Chưa kiểm toán,633.0,Tổng cộng tài sản,297.0,Vốn chủ sở hữu,1110.56,Thu nhập trên mỗi cổ phần của 4 quý gần nhất (EPS),11687.0,Giá trị sổ sách của cổ phiếu (BVPS),6.39,Chỉ số giá thị trường trên thu nhập (P/E),0.61,Chỉ số giá thị trường trên giá trị sổ sách (P/B),-0.2,Tỷ suất lợi nhuận trên vốn chủ sở hữu bình quân (ROEA),-0.09,Tỷ suất sinh lợi trên tổng tài sản bình quân (ROAA),93.0,Doanh thu thuần về bán hàng và cung cấp dịch vụ,3.0,Lợi nhuận gộp về bán hàng và cung cấp dịch vụ,-1.0,Tổng lợi nhuận kế toán trước thuế,-1.0,Lợi nhuận sau thuế thu nhập doanh nghiệp,-1.0,Lợi nhuận sau thuế của cổ đông Công ty mẹ,336.0,Nợ phải trả,3.5,Tỷ suất lợi nhuận gộp biên,-0.57,Tỷ suất sinh lợi trên doanh thu thuần,53.02,Tỷ số Nợ trên Tổng tài sản,68.05,Tỷ số Nợ vay trên Vốn chủ sở hữu,,34.78260869565217,17.721518987341778,-133.33333333333331,-200.0,CURRENT,COMPLETE,,,,YES
CMX,Thực phẩm & đồ uống,NORMAL,2026Q2,2026,Q2,293144,True,Chưa kiểm toán,5171.0,Tổng cộng tài sản,1815.0,Vốn chủ sở hữu,1079.85,Thu nhập trên mỗi cổ phần của 4 quý gần nhất (EPS),17813.0,Giá trị sổ sách của cổ phiếu (BVPS),5.24,Chỉ số giá thị trường trên thu nhập (P/E),0.32,Chỉ số giá thị trường trên giá trị sổ sách (P/B),1.04,Tỷ suất lợi nhuận trên vốn chủ sở hữu bình quân (ROEA),0.37,Tỷ suất sinh lợi trên tổng tài sản bình quân (ROAA),1082.0,Doanh thu thuần về bán hàng và cung cấp dịch vụ,165.0,Lợi nhuận gộp về bán hàng và cung cấp dịch vụ,31.0,Tổng lợi nhuận kế toán trước thuế,25.0,Lợi nhuận sau thuế thu nhập doanh nghiệp,19.0,Lợi nhuận sau thuế của cổ đông Công ty mẹ,3356.0,Nợ phải trả,15.25,Tỷ suất lợi nhuận gộp biên,2.33,Tỷ suất sinh lợi trên doanh thu thuần,64.9,Tỷ số Nợ trên Tổng tài sản,147.19,Tỷ số Nợ vay trên Vốn chủ sở hữu,,22.259887005649716,10.520939734422875,-32.14285714285714,-20.833333333333336,CURRENT,COMPLETE,,,,YES
CNG,Dầu khí,NORMAL,2026Q2,2026,Q2,291194,False,Chưa kiểm toán,2053.0,Tổng cộng tài sản,633.0,Vốn chủ sở hữu,2247.58,Thu nhập trên mỗi cổ phần của 4 quý gần nhất (EPS),18043.0,Giá trị sổ sách của cổ phiếu (BVPS),9.39,Chỉ số giá thị trường trên thu nhập (P/E),1.17,Chỉ số giá thị trường trên giá trị sổ sách (P/B),6.87,Tỷ suất lợi nhuận trên vốn chủ sở hữu bình quân (ROEA),2.44,Tỷ suất sinh lợi trên tổng tài sản bình quân (ROAA),1836.0,Doanh thu thuần về bán hàng và cung cấp dịch vụ,152.0,Lợi nhuận gộp về bán hàng và cung cấp dịch vụ,55.0,Tổng lợi nhuận kế toán trước thuế,44.0,Lợi nhuận sau thuế thu nhập doanh nghiệp,44.0,Lợi nhuận sau thuế của cổ đông Công ty mẹ,1419.0,Nợ phải trả,8.26,Tỷ suất lợi nhuận gộp biên,2.38,Tỷ suất sinh lợi trên doanh thu thuần,69.15,Tỷ số Nợ trên Tổng tài sản,11.08,Tỷ số Nợ vay trên Vốn chủ sở hữu,,54.02684563758389,67.67123287671232,1000.0,18.918918918918926,CURRENT,COMPLETE,,,,YES
CNT,Bất động sản,NORMAL,2026Q2,2026,Q2,294598,True,Chưa kiểm toán,791.0,Tổng cộng tài sản,701.0,Vốn chủ sở hữu,12.21,Thu nhập trên mỗi cổ phần của 4 quý gần nhất (EPS),10720.0,Giá trị sổ sách của cổ phiếu (BVPS),532.43,Chỉ số giá thị trường trên thu nhập (P/E),0.61,Chỉ số giá thị trường trên giá trị sổ sách (P/B),-0.07,Tỷ suất lợi nhuận trên vốn chủ sở hữu bình quân (ROEA),-0.06,Tỷ suất sinh lợi trên tổng tài sản bình quân (ROAA),1.0,Doanh thu thuần về bán hàng và cung cấp dịch vụ,0.0,Lợi nhuận gộp về bán hàng và cung cấp dịch vụ,0.0,Tổng lợi nhuận kế toán trước thuế,0.0,Lợi nhuận sau thuế thu nhập doanh nghiệp,0.0,Lợi nhuận sau thuế của cổ đông Công ty mẹ,90.0,Nợ phải trả,8.01,Tỷ suất lợi nhuận gộp biên,-32.72,Tỷ suất sinh lợi trên doanh thu thuần,11.37,Tỷ số Nợ trên Tổng tài sản,5.0,Tỷ số Nợ vay trên Vốn chủ sở hữu,,0.0,-91.66666666666666,-100.0,,CURRENT,COMPLETE,,,,YES
CPA,Thực phẩm & đồ uống,NORMAL,2026Q2,2026,Q2,292067,False,Chưa kiểm toán,92.0,Tổng cộng tài sản,31.0,Vốn chủ sở hữu,-198.94,Thu nhập trên mỗi cổ phần của 4 quý gần nhất (EPS),1297.0,Giá trị sổ sách của cổ phiếu (BVPS),-44.24,Chỉ số giá thị trường trên thu nhập (P/E),6.78,Chỉ số giá thị trường trên giá trị sổ sách (P/B),-1.5,Tỷ suất lợi nhuận trên vốn chủ sở hữu bình quân (ROEA),-0.5,Tỷ suất sinh lợi trên tổng tài sản bình quân (ROAA),4.0,Doanh thu thuần về bán hàng và cung cấp dịch vụ,1.0,Lợi nhuận gộp về bán hàng và cung cấp dịch vụ,0.0,Tổng lợi nhuận kế toán trước thuế,0.0,Lợi nhuận sau thuế thu nhập doanh nghiệp,0.0,Lợi nhuận sau thuế của cổ đông Công ty mẹ,62.0,Nợ phải trả,15.41,Tỷ suất lợi nhuận gộp biên,-10.35,Tỷ suất sinh lợi trên doanh thu thuần,66.76,Tỷ số Nợ trên Tổng tài sản,104.41,Tỷ số Nợ vay trên Vốn chủ sở hữu,,33.33333333333333,0.0,,,CURRENT,COMPLETE,,,,YES
CPI,Cảng & Logistics,NORMAL,2026Q2,2026,Q2,292236,False,Chưa kiểm toán,64.0,Tổng cộng tài sản,-21.0,Vốn chủ sở hữu,71.89,Thu nhập trên mỗi cổ phần của 4 quý gần nhất (EPS),-574.0,Giá trị sổ sách của cổ phiếu (BVPS),83.46,Chỉ số giá thị trường trên thu nhập (P/E),-10.46,Chỉ số giá thị trường trên giá trị sổ sách (P/B),-3.89,Tỷ suất lợi nhuận trên vốn chủ sở hữu bình quân (ROEA),1.21,Tỷ suất sinh lợi trên tổng tài sản bình quân (ROAA),25.0,Doanh thu thuần về bán hàng và cung cấp dịch vụ,2.0,Lợi nhuận gộp về bán hàng và cung cấp dịch vụ,1.0,Tổng lợi nhuận kế toán trước thuế,1.0,Lợi nhuận sau thuế thu nhập doanh nghiệp,1.0,Lợi nhuận sau thuế của cổ đông Công ty mẹ,85.0,Nợ phải trả,7.73,Tỷ suất lợi nhuận gộp biên,3.3,Tỷ suất sinh lợi trên doanh thu thuần,132.6,Tỷ số Nợ trên Tổng tài sản,,,,-43.18181818181818,66.66666666666667,0.0,0.0,CURRENT,COMPLETE,,,,YES
CQN,Cảng & Logistics,NORMAL,2026Q2,2026,Q2,292391,False,Chưa kiểm toán,1288.0,Tổng cộng tài sản,1039.0,Vốn chủ sở hữu,2036.35,Thu nhập trên mỗi cổ phần của 4 quý gần nhất (EPS),13848.0,Giá trị sổ sách của cổ phiếu (BVPS),15.03,Chỉ số giá thị trường trên thu nhập (P/E),2.21,Chỉ số giá thị trường trên giá trị sổ sách (P/B),5.9,Tỷ suất lợi nhuận trên vốn chủ sở hữu bình quân (ROEA),4.86,Tỷ suất sinh lợi trên tổng tài sản bình quân (ROAA),235.0,Doanh thu thuần về bán hàng và cung cấp dịch vụ,81.0,Lợi nhuận gộp về bán hàng và cung cấp dịch vụ,78.0,Tổng lợi nhuận kế toán trước thuế,62.0,Lợi nhuận sau thuế thu nhập doanh nghiệp,62.0,Lợi nhuận sau thuế của cổ đông Công ty mẹ,248.0,Nợ phải trả,34.58,Tỷ suất lợi nhuận gộp biên,26.41,Tỷ suất sinh lợi trên doanh thu thuần,19.29,Tỷ số Nợ trên Tổng tài sản,,,,9.81308411214954,41.56626506024097,40.90909090909092,19.23076923076923,CURRENT,COMPLETE,,,,YES
CQT,Vật liệu xây dựng,NORMAL,2026Q2,2026,Q2,292158,False,Chưa kiểm toán,469.0,Tổng cộng tài sản,253.0,Vốn chủ sở hữu,251.75,Thu nhập trên mỗi cổ phần của 4 quý gần nhất (EPS),10139.0,Giá trị sổ sách của cổ phiếu (BVPS),27.01,Chỉ số giá thị trường trên thu nhập (P/E),0.67,Chỉ số giá thị trường trên giá trị sổ sách (P/B),0.93,Tỷ suất lợi nhuận trên vốn chủ sở hữu bình quân (ROEA),0.54,Tỷ suất sinh lợi trên tổng tài sản bình quân (ROAA),146.0,Doanh thu thuần về bán hàng và cung cấp dịch vụ,14.0,Lợi nhuận gộp về bán hàng và cung cấp dịch vụ,3.0,Tổng lợi nhuận kế toán trước thuế,2.0,Lợi nhuận sau thuế thu nhập doanh nghiệp,2.0,Lợi nhuận sau thuế của cổ đông Công ty mẹ,216.0,Nợ phải trả,9.68,Tỷ suất lợi nhuận gộp biên,1.65,Tỷ suất sinh lợi trên doanh thu thuần,45.99,Tỷ số Nợ trên Tổng tài sản,40.79,Tỷ số Nợ vay trên Vốn chủ sở hữu,,-4.575163398692805,-10.429447852760731,100.0,-77.77777777777779,CURRENT,COMPLETE,,,,YES
CSC,Bất động sản,NORMAL,2026Q2,2026,Q2,293812,True,Chưa kiểm toán,2199.0,Tổng cộng tài sản,918.0,Vốn chủ sở hữu,1107.17,Thu nhập trên mỗi cổ phần của 4 quý gần nhất (EPS),22317.0,Giá trị sổ sách của cổ phiếu (BVPS),11.2,Chỉ số giá thị trường trên thu nhập (P/E),0.56,Chỉ số giá thị trường trên giá trị sổ sách (P/B),0.36,Tỷ suất lợi nhuận trên vốn chủ sở hữu bình quân (ROEA),0.15,Tỷ suất sinh lợi trên tổng tài sản bình quân (ROAA),121.0,Doanh thu thuần về bán hàng và cung cấp dịch vụ,24.0,Lợi nhuận gộp về bán hàng và cung cấp dịch vụ,6.0,Tổng lợi nhuận kế toán trước thuế,5.0,Lợi nhuận sau thuế thu nhập doanh nghiệp,3.0,Lợi nhuận sau thuế của cổ đông Công ty mẹ,1280.0,Nợ phải trả,19.52,Tỷ suất lợi nhuận gộp biên,3.82,Tỷ suất sinh lợi trên doanh thu thuần,58.23,Tỷ số Nợ trên Tổng tài sản,52.13,Tỷ số Nợ vay trên Vốn chủ sở hữu,,49.382716049382715,-51.6,200.0,-50.0,CURRENT,COMPLETE,,,,YES
CST,Dầu khí,NORMAL,2026Q2,2026,Q2,291623,False,Chưa kiểm toán,2795.0,Tổng cộng tài sản,966.0,Vốn chủ sở hữu,1752.58,Thu nhập trên mỗi cổ phần của 4 quý gần nhất (EPS),22538.0,Giá trị sổ sách của cổ phiếu (BVPS),6.28,Chỉ số giá thị trường trên thu nhập (P/E),0.49,Chỉ số giá thị trường trên giá trị sổ sách (P/B),0.96,Tỷ suất lợi nhuận trên vốn chủ sở hữu bình quân (ROEA),0.34,Tỷ suất sinh lợi trên tổng tài sản bình quân (ROAA),2215.0,Doanh thu thuần về bán hàng và cung cấp dịch vụ,47.0,Lợi nhuận gộp về bán hàng và cung cấp dịch vụ,13.0,Tổng lợi nhuận kế toán trước thuế,10.0,Lợi nhuận sau thuế thu nhập doanh nghiệp,10.0,Lợi nhuận sau thuế của cổ đông Công ty mẹ,1829.0,Nợ phải trả,2.14,Tỷ suất lợi nhuận gộp biên,0.44,Tỷ suất sinh lợi trên doanh thu thuần,65.45,Tỷ số Nợ trên Tổng tài sản,21.17,Tỷ số Nợ vay trên Vốn chủ sở hữu,,-4.195501730103802,-4.525862068965514,-9.090909090909093,-37.5,CURRENT,COMPLETE,,,,YES
CTW,Nước,NORMAL,2026Q2,2026,Q2,294034,True,Chưa kiểm toán,972.0,Tổng cộng tài sản,637.0,Vốn chủ sở hữu,2493.53,Thu nhập trên mỗi cổ phần của 4 quý gần nhất (EPS),22762.0,Giá trị sổ sách của cổ phiếu (BVPS),10.03,Chỉ số giá thị trường trên thu nhập (P/E),1.1,Chỉ số giá thị trường trên giá trị sổ sách (P/B),3.1,Tỷ suất lợi nhuận trên vốn chủ sở hữu bình quân (ROEA),2.05,Tỷ suất sinh lợi trên tổng tài sản bình quân (ROAA),119.0,Doanh thu thuần về bán hàng và cung cấp dịch vụ,64.0,Lợi nhuận gộp về bán hàng và cung cấp dịch vụ,30.0,Tổng lợi nhuận kế toán trước thuế,24.0,Lợi nhuận sau thuế thu nhập doanh nghiệp,20.0,Lợi nhuận sau thuế của cổ đông Công ty mẹ,335.0,Nợ phải trả,54.03,Tỷ suất lợi nhuận gộp biên,19.82,Tỷ suất sinh lợi trên doanh thu thuần,34.42,Tỷ số Nợ trên Tổng tài sản,39.21,Tỷ số Nợ vay trên Vốn chủ sở hữu,,8.18181818181818,-0.8333333333333304,0.0,-4.761904761904767,CURRENT,COMPLETE,,,,YES
CTX,Bất động sản,NORMAL,2026Q2,2026,Q2,293478,True,Chưa kiểm toán,2287.0,Tổng cộng tài sản,1240.0,Vốn chủ sở hữu,2495.57,Thu nhập trên mỗi cổ phần của 4 quý gần nhất (EPS),12353.0,Giá trị sổ sách của cổ phiếu (BVPS),2.2,Chỉ số giá thị trường trên thu nhập (P/E),0.45,Chỉ số giá thị trường trên giá trị sổ sách (P/B),0.54,Tỷ suất lợi nhuận trên vốn chủ sở hữu bình quân (ROEA),0.29,Tỷ suất sinh lợi trên tổng tài sản bình quân (ROAA),37.0,Doanh thu thuần về bán hàng và cung cấp dịch vụ,15.0,Lợi nhuận gộp về bán hàng và cung cấp dịch vụ,8.0,Tổng lợi nhuận kế toán trước thuế,7.0,Lợi nhuận sau thuế thu nhập doanh nghiệp,7.0,Lợi nhuận sau thuế của cổ đông Công ty mẹ,1047.0,Nợ phải trả,40.42,Tỷ suất lợi nhuận gộp biên,18.25,Tỷ suất sinh lợi trên doanh thu thuần,45.76,Tỷ số Nợ trên Tổng tài sản,8.06,Tỷ số Nợ vay trên Vốn chủ sở hữu,,-11.904761904761907,-11.904761904761907,-36.36363636363637,-800.0,CURRENT,COMPLETE,,,,YES
CVT,Vật liệu xây dựng,NORMAL,2026Q2,2026,Q2,293383,True,Chưa kiểm toán,3291.0,Tổng cộng tài sản,1048.0,Vốn chủ sở hữu,1333.01,Thu nhập trên mỗi cổ phần của 4 quý gần nhất (EPS),28555.0,Giá trị sổ sách của cổ phiếu (BVPS),20.44,Chỉ số giá thị trường trên thu nhập (P/E),0.95,Chỉ số giá thị trường trên giá trị sổ sách (P/B),1.53,Tỷ suất lợi nhuận trên vốn chủ sở hữu bình quân (ROEA),0.49,Tỷ suất sinh lợi trên tổng tài sản bình quân (ROAA),543.0,Doanh thu thuần về bán hàng và cung cấp dịch vụ,73.0,Lợi nhuận gộp về bán hàng và cung cấp dịch vụ,22.0,Tổng lợi nhuận kế toán trước thuế,16.0,Lợi nhuận sau thuế thu nhập doanh nghiệp,16.0,Lợi nhuận sau thuế của cổ đông Công ty mẹ,2243.0,Nợ phải trả,13.4,Tỷ suất lợi nhuận gộp biên,2.94,Tỷ suất sinh lợi trên doanh thu thuần,68.17,Tỷ số Nợ trên Tổng tài sản,142.98,Tỷ số Nợ vay trên Vốn chủ sở hữu,,-8.73949579831933,-8.431703204047214,33.33333333333333,-27.27272727272727,CURRENT,COMPLETE,,,,YES
D2D,Bất động sản,NORMAL,2026Q2,2026,Q2,291474,False,Chưa kiểm toán,1416.0,Tổng cộng tài sản,724.0,Vốn chủ sở hữu,1116.25,Thu nhập trên mỗi cổ phần của 4 quý gần nhất (EPS),23930.0,Giá trị sổ sách của cổ phiếu (BVPS),27.86,Chỉ số giá thị trường trên thu nhập (P/E),1.3,Chỉ số giá thị trường trên giá trị sổ sách (P/B),0.35,Tỷ suất lợi nhuận trên vốn chủ sở hữu bình quân (ROEA),0.18,Tỷ suất sinh lợi trên tổng tài sản bình quân (ROAA),42.0,Doanh thu thuần về bán hàng và cung cấp dịch vụ,14.0,Lợi nhuận gộp về bán hàng và cung cấp dịch vụ,3.0,Tổng lợi nhuận kế toán trước thuế,3.0,Lợi nhuận sau thuế thu nhập doanh nghiệp,3.0,Lợi nhuận sau thuế của cổ đông Công ty mẹ,692.0,Nợ phải trả,34.38,Tỷ suất lợi nhuận gộp biên,6.08,Tỷ suất sinh lợi trên doanh thu thuần,48.87,Tỷ số Nợ trên Tổng tài sản,,,,-4.545454545454541,-92.3913043478261,-40.0,-98.55072463768117,CURRENT,COMPLETE,,,,YES
DAH,Du lịch & Giải trí,NORMAL,2026Q2,2026,Q2,291779,False,Chưa kiểm toán,980.0,Tổng cộng tài sản,852.0,Vốn chủ sở hữu,-783.19,Thu nhập trên mỗi cổ phần của 4 quý gần nhất (EPS),10117.0,Giá trị sổ sách của cổ phiếu (BVPS),-4.07,Chỉ số giá thị trường trên thu nhập (P/E),0.32,Chỉ số giá thị trường trên giá trị sổ sách (P/B),0.17,Tỷ suất lợi nhuận trên vốn chủ sở hữu bình quân (ROEA),0.15,Tỷ suất sinh lợi trên tổng tài sản bình quân (ROAA),12.0,Doanh thu thuần về bán hàng và cung cấp dịch vụ,-2.0,Lợi nhuận gộp về bán hàng và cung cấp dịch vụ,1.0,Tổng lợi nhuận kế toán trước thuế,1.0,Lợi nhuận sau thuế thu nhập doanh nghiệp,1.0,Lợi nhuận sau thuế của cổ đông Công ty mẹ,128.0,Nợ phải trả,-14.56,Tỷ suất lợi nhuận gộp biên,11.9,Tỷ suất sinh lợi trên doanh thu thuần,13.05,Tỷ số Nợ trên Tổng tài sản,14.11,Tỷ số Nợ vay trên Vốn chủ sở hữu,,19.999999999999996,-14.28571428571429,-200.0,-200.0,CURRENT,COMPLETE,,,,YES
DAN,Dược & Y tế,NORMAL,2026Q2,2026,Q2,292244,False,Chưa kiểm toán,2114.0,Tổng cộng tài sản,921.0,Vốn chủ sở hữu,6222.81,Thu nhập trên mỗi cổ phần của 4 quý gần nhất (EPS),44005.0,Giá trị sổ sách của cổ phiếu (BVPS),4.87,Chỉ số giá thị trường trên thu nhập (P/E),0.69,Chỉ số giá thị trường trên giá trị sổ sách (P/B),4.09,Tỷ suất lợi nhuận trên vốn chủ sở hữu bình quân (ROEA),1.73,Tỷ suất sinh lợi trên tổng tài sản bình quân (ROAA),191.0,Doanh thu thuần về bán hàng và cung cấp dịch vụ,101.0,Lợi nhuận gộp về bán hàng và cung cấp dịch vụ,46.0,Tổng lợi nhuận kế toán trước thuế,37.0,Lợi nhuận sau thuế thu nhập doanh nghiệp,37.0,Lợi nhuận sau thuế của cổ đông Công ty mẹ,1193.0,Nợ phải trả,52.7,Tỷ suất lợi nhuận gộp biên,19.3,Tỷ suất sinh lợi trên doanh thu thuần,56.42,Tỷ số Nợ trên Tổng tài sản,75.49,Tỷ số Nợ vay trên Vốn chủ sở hữu,,41.481481481481474,23.225806451612897,8.823529411764696,362.5,CURRENT,COMPLETE,,,,YES
DAT,Thực phẩm & đồ uống,NORMAL,2026Q2,2026,Q2,291430,False,Chưa kiểm toán,1428.0,Tổng cộng tài sản,1021.0,Vốn chủ sở hữu,1450.9,Thu nhập trên mỗi cổ phần của 4 quý gần nhất (EPS),14745.0,Giá trị sổ sách của cổ phiếu (BVPS),5.69,Chỉ số giá thị trường trên thu nhập (P/E),0.56,Chỉ số giá thị trường trên giá trị sổ sách (P/B),4.02,Tỷ suất lợi nhuận trên vốn chủ sở hữu bình quân (ROEA),2.51,Tỷ suất sinh lợi trên tổng tài sản bình quân (ROAA),993.0,Doanh thu thuần về bán hàng và cung cấp dịch vụ,48.0,Lợi nhuận gộp về bán hàng và cung cấp dịch vụ,45.0,Tổng lợi nhuận kế toán trước thuế,40.0,Lợi nhuận sau thuế thu nhập doanh nghiệp,40.0,Lợi nhuận sau thuế của cổ đông Công ty mẹ,407.0,Nợ phải trả,4.85,Tỷ suất lợi nhuận gộp biên,4.04,Tỷ suất sinh lợi trên doanh thu thuần,28.5,Tỷ số Nợ trên Tổng tài sản,36.04,Tỷ số Nợ vay trên Vốn chủ sở hữu,,54.67289719626167,40.056417489421726,122.22222222222223,135.29411764705884,CURRENT,COMPLETE,,,,YES
DBD,Dược & Y tế,NORMAL,2026Q2,2026,Q2,292507,True,Chưa kiểm toán,2810.0,Tổng cộng tài sản,1737.0,Vốn chủ sở hữu,3064.51,Thu nhập trên mỗi cổ phần của 4 quý gần nhất (EPS),18383.0,Giá trị sổ sách của cổ phiếu (BVPS),16.97,Chỉ số giá thị trường trên thu nhập (P/E),2.83,Chỉ số giá thị trường trên giá trị sổ sách (P/B),5.02,Tỷ suất lợi nhuận trên vốn chủ sở hữu bình quân (ROEA),3.24,Tỷ suất sinh lợi trên tổng tài sản bình quân (ROAA),472.0,Doanh thu thuần về bán hàng và cung cấp dịch vụ,225.0,Lợi nhuận gộp về bán hàng và cung cấp dịch vụ,108.0,Tổng lợi nhuận kế toán trước thuế,89.0,Lợi nhuận sau thuế thu nhập doanh nghiệp,89.0,Lợi nhuận sau thuế của cổ đông Công ty mẹ,1073.0,Nợ phải trả,47.78,Tỷ suất lợi nhuận gộp biên,18.91,Tỷ suất sinh lợi trên doanh thu thuần,38.18,Tỷ số Nợ trên Tổng tài sản,14.8,Tỷ số Nợ vay trên Vốn chủ sở hữu,,5.35714285714286,-0.6315789473684164,11.250000000000004,-1.1111111111111072,CURRENT,COMPLETE,,,,YES
DC2,Xây dựng,NORMAL,2026Q2,2026,Q2,291548,False,Chưa kiểm toán,393.0,Tổng cộng tài sản,122.0,Vốn chủ sở hữu,379.77,Thu nhập trên mỗi cổ phần của 4 quý gần nhất (EPS),10762.0,Giá trị sổ sách của cổ phiếu (BVPS),16.85,Chỉ số giá thị trường trên thu nhập (P/E),0.59,Chỉ số giá thị trường trên giá trị sổ sách (P/B),1.26,Tỷ suất lợi nhuận trên vốn chủ sở hữu bình quân (ROEA),0.37,Tỷ suất sinh lợi trên tổng tài sản bình quân (ROAA),81.0,Doanh thu thuần về bán hàng và cung cấp dịch vụ,11.0,Lợi nhuận gộp về bán hàng và cung cấp dịch vụ,3.0,Tổng lợi nhuận kế toán trước thuế,2.0,Lợi nhuận sau thuế thu nhập doanh nghiệp,2.0,Lợi nhuận sau thuế của cổ đông Công ty mẹ,272.0,Nợ phải trả,13.65,Tỷ suất lợi nhuận gộp biên,1.91,Tỷ suất sinh lợi trên doanh thu thuần,69.08,Tỷ số Nợ trên Tổng tài sản,163.27,Tỷ số Nợ vay trên Vốn chủ sở hữu,,50.0,32.78688524590163,100.0,100.0,CURRENT,COMPLETE,,,,YES
DCF,Xây dựng,NORMAL,2026Q2,2026,Q2,294298,True,Chưa kiểm toán,1991.0,Tổng cộng tài sản,681.0,Vốn chủ sở hữu,1605.79,Thu nhập trên mỗi cổ phần của 4 quý gần nhất (EPS),11467.0,Giá trị sổ sách của cổ phiếu (BVPS),19.99,Chỉ số giá thị trường trên thu nhập (P/E),2.8,Chỉ số giá thị trường trên giá trị sổ sách (P/B),3.56,Tỷ suất lợi nhuận trên vốn chủ sở hữu bình quân (ROEA),1.29,Tỷ suất sinh lợi trên tổng tài sản bình quân (ROAA),599.0,Doanh thu thuần về bán hàng và cung cấp dịch vụ,56.0,Lợi nhuận gộp về bán hàng và cung cấp dịch vụ,30.0,Tổng lợi nhuận kế toán trước thuế,24.0,Lợi nhuận sau thuế thu nhập doanh nghiệp,24.0,Lợi nhuận sau thuế của cổ đông Công ty mẹ,1310.0,Nợ phải trả,9.28,Tỷ suất lợi nhuận gộp biên,3.98,Tỷ suất sinh lợi trên doanh thu thuần,65.8,Tỷ số Nợ trên Tổng tài sản,100.74,Tỷ số Nợ vay trên Vốn chủ sở hữu,,20.766129032258075,32.229580573951445,71.42857142857142,19.999999999999996,CURRENT,COMPLETE,,,,YES
DCS,Gỗ & Giấy,NORMAL,2026Q2,2026,Q2,295027,False,Chưa kiểm toán,26.0,Tổng cộng tài sản,4.0,Vốn chủ sở hữu,66.35,Thu nhập trên mỗi cổ phần của 4 quý gần nhất (EPS),67.0,Giá trị sổ sách của cổ phiếu (BVPS),10.55,Chỉ số giá thị trường trên thu nhập (P/E),10.47,Chỉ số giá thị trường trên giá trị sổ sách (P/B),-0.79,Tỷ suất lợi nhuận trên vốn chủ sở hữu bình quân (ROEA),-0.27,Tỷ suất sinh lợi trên tổng tài sản bình quân (ROAA),1.0,Doanh thu thuần về bán hàng và cung cấp dịch vụ,0.0,Lợi nhuận gộp về bán hàng và cung cấp dịch vụ,0.0,Tổng lợi nhuận kế toán trước thuế,0.0,Lợi nhuận sau thuế thu nhập doanh nghiệp,0.0,Lợi nhuận sau thuế của cổ đông Công ty mẹ,22.0,Nợ phải trả,24.11,Tỷ suất lợi nhuận gộp biên,-9.32,Tỷ suất sinh lợi trên doanh thu thuần,84.24,Tỷ số Nợ trên Tổng tài sản,308.34,Tỷ số Nợ vay trên Vốn chủ sở hữu,,0.0,,-100.0,-100.0,CURRENT,COMPLETE,,,,YES
DCT,Vật liệu xây dựng,NORMAL,2026Q2,2026,Q2,291836,False,Chưa kiểm toán,787.0,Tổng cộng tài sản,-589.0,Vốn chủ sở hữu,-2279.91,Thu nhập trên mỗi cổ phần của 4 quý gần nhất (EPS),-21660.0,Giá trị sổ sách của cổ phiếu (BVPS),-0.22,Chỉ số giá thị trường trên thu nhập (P/E),-0.02,Chỉ số giá thị trường trên giá trị sổ sách (P/B),2.18,Tỷ suất lợi nhuận trên vốn chủ sở hữu bình quân (ROEA),-1.61,Tỷ suất sinh lợi trên tổng tài sản bình quân (ROAA),168.0,Doanh thu thuần về bán hàng và cung cấp dịch vụ,-5.0,Lợi nhuận gộp về bán hàng và cung cấp dịch vụ,-13.0,Tổng lợi nhuận kế toán trước thuế,-13.0,Lợi nhuận sau thuế thu nhập doanh nghiệp,-13.0,Lợi nhuận sau thuế của cổ đông Công ty mẹ,1376.0,Nợ phải trả,-2.76,Tỷ suất lợi nhuận gộp biên,-7.57,Tỷ suất sinh lợi trên doanh thu thuần,174.85,Tỷ số Nợ trên Tổng tài sản,-78.19,Tỷ số Nợ vay trên Vốn chủ sở hữu,,28.244274809160295,100.0,-27.77777777777778,-7.14285714285714,CURRENT,COMPLETE,,,,YES
DFF,Xây dựng,NORMAL,2026Q2,2026,Q2,292376,False,Chưa kiểm toán,2270.0,Tổng cộng tài sản,-442.0,Vốn chủ sở hữu,-7091.62,Thu nhập trên mỗi cổ phần của 4 quý gần nhất (EPS),-5522.0,Giá trị sổ sách của cổ phiếu (BVPS),-0.07,Chỉ số giá thị trường trên thu nhập (P/E),-0.09,Chỉ số giá thị trường trên giá trị sổ sách (P/B),26.94,Tỷ suất lợi nhuận trên vốn chủ sở hữu bình quân (ROEA),-4.47,Tỷ suất sinh lợi trên tổng tài sản bình quân (ROAA),69.0,Doanh thu thuần về bán hàng và cung cấp dịch vụ,26.0,Lợi nhuận gộp về bán hàng và cung cấp dịch vụ,-105.0,Tổng lợi nhuận kế toán trước thuế,-105.0,Lợi nhuận sau thuế thu nhập doanh nghiệp,-105.0,Lợi nhuận sau thuế của cổ đông Công ty mẹ,2712.0,Nợ phải trả,37.23,Tỷ suất lợi nhuận gộp biên,-151.19,Tỷ suất sinh lợi trên doanh thu thuần,119.46,Tỷ số Nợ trên Tổng tài sản,-320.86,Tỷ số Nợ vay trên Vốn chủ sở hữu,,305.88235294117646,56.81818181818181,128.26086956521738,-48.275862068965516,CURRENT,COMPLETE,,,,YES
DGT,Vật liệu xây dựng,NORMAL,2026Q2,2026,Q2,294780,True,Chưa kiểm toán,1689.0,Tổng cộng tài sản,999.0,Vốn chủ sở hữu,116.1,Thu nhập trên mỗi cổ phần của 4 quý gần nhất (EPS),12644.0,Giá trị sổ sách của cổ phiếu (BVPS),33.59,Chỉ số giá thị trường trên thu nhập (P/E),0.31,Chỉ số giá thị trường trên giá trị sổ sách (P/B),0.78,Tỷ suất lợi nhuận trên vốn chủ sở hữu bình quân (ROEA),0.45,Tỷ suất sinh lợi trên tổng tài sản bình quân (ROAA),197.0,Doanh thu thuần về bán hàng và cung cấp dịch vụ,11.0,Lợi nhuận gộp về bán hàng và cung cấp dịch vụ,10.0,Tổng lợi nhuận kế toán trước thuế,8.0,Lợi nhuận sau thuế thu nhập doanh nghiệp,8.0,Lợi nhuận sau thuế của cổ đông Công ty mẹ,690.0,Nợ phải trả,5.58,Tỷ suất lợi nhuận gộp biên,3.96,Tỷ suất sinh lợi trên doanh thu thuần,40.85,Tỷ số Nợ trên Tổng tài sản,26.64,Tỷ số Nợ vay trên Vốn chủ sở hữu,,39.71631205673758,61.475409836065566,,-214.28571428571428,CURRENT,COMPLETE,,,,YES
DHA,Vật liệu xây dựng,NORMAL,2026Q2,2026,Q2,292683,True,Chưa kiểm toán,590.0,Tổng cộng tài sản,530.0,Vốn chủ sở hữu,7215.04,Thu nhập trên mỗi cổ phần của 4 quý gần nhất (EPS),36027.0,Giá trị sổ sách của cổ phiếu (BVPS),7.04,Chỉ số giá thị trường trên thu nhập (P/E),1.41,Chỉ số giá thị trường trên giá trị sổ sách (P/B),5.15,Tỷ suất lợi nhuận trên vốn chủ sở hữu bình quân (ROEA),4.7,Tỷ suất sinh lợi trên tổng tài sản bình quân (ROAA),121.0,Doanh thu thuần về bán hàng và cung cấp dịch vụ,45.0,Lợi nhuận gộp về bán hàng và cung cấp dịch vụ,35.0,Tổng lợi nhuận kế toán trước thuế,27.0,Lợi nhuận sau thuế thu nhập doanh nghiệp,27.0,Lợi nhuận sau thuế của cổ đông Công ty mẹ,60.0,Nợ phải trả,37.03,Tỷ suất lợi nhuận gộp biên,22.18,Tỷ suất sinh lợi trên doanh thu thuần,10.1,Tỷ số Nợ trên Tổng tài sản,,,,19.8019801980198,0.0,3.8461538461538547,-15.625,CURRENT,COMPLETE,,,,YES
DHD,Dược & Y tế,NORMAL,2026Q2,2026,Q2,292437,True,Chưa kiểm toán,1009.0,Tổng cộng tài sản,529.0,Vốn chủ sở hữu,1693.68,Thu nhập trên mỗi cổ phần của 4 quý gần nhất (EPS),10889.0,Giá trị sổ sách của cổ phiếu (BVPS),16.53,Chỉ số giá thị trường trên thu nhập (P/E),2.57,Chỉ số giá thị trường trên giá trị sổ sách (P/B),3.01,Tỷ suất lợi nhuận trên vốn chủ sở hữu bình quân (ROEA),1.56,Tỷ suất sinh lợi trên tổng tài sản bình quân (ROAA),173.0,Doanh thu thuần về bán hàng và cung cấp dịch vụ,66.0,Lợi nhuận gộp về bán hàng và cung cấp dịch vụ,20.0,Tổng lợi nhuận kế toán trước thuế,16.0,Lợi nhuận sau thuế thu nhập doanh nghiệp,16.0,Lợi nhuận sau thuế của cổ đông Công ty mẹ,480.0,Nợ phải trả,38.07,Tỷ suất lợi nhuận gộp biên,9.13,Tỷ suất sinh lợi trên doanh thu thuần,47.58,Tỷ số Nợ trên Tổng tài sản,57.33,Tỷ số Nợ vay trên Vốn chủ sở hữu,,-9.895833333333337,6.790123456790131,-5.882352941176472,33.33333333333333,CURRENT,COMPLETE,,,,YES
DHG,Dược & Y tế,NORMAL,2026Q2,2026,Q2,291472,False,Chưa kiểm toán,5005.0,Tổng cộng tài sản,3419.0,Vốn chủ sở hữu,7715.61,Thu nhập trên mỗi cổ phần của 4 quý gần nhất (EPS),26147.0,Giá trị sổ sách của cổ phiếu (BVPS),12.08,Chỉ số giá thị trường trên thu nhập (P/E),3.56,Chỉ số giá thị trường trên giá trị sổ sách (P/B),7.6,Tỷ suất lợi nhuận trên vốn chủ sở hữu bình quân (ROEA),5.83,Tỷ suất sinh lợi trên tổng tài sản bình quân (ROAA),1363.0,Doanh thu thuần về bán hàng và cung cấp dịch vụ,708.0,Lợi nhuận gộp về bán hàng và cung cấp dịch vụ,358.0,Tổng lợi nhuận kế toán trước thuế,299.0,Lợi nhuận sau thuế thu nhập doanh nghiệp,299.0,Lợi nhuận sau thuế của cổ đông Công ty mẹ,1587.0,Nợ phải trả,51.92,Tỷ suất lợi nhuận gộp biên,21.91,Tỷ suất sinh lợi trên doanh thu thuần,31.7,Tỷ số Nợ trên Tổng tài sản,,,,13.772954924874782,15.118243243243246,-5.379746835443033,26.160337552742607,CURRENT,COMPLETE,,,,YES
DHT,Dược & Y tế,NORMAL,2026Q2,2026,Q2,292746,True,Chưa kiểm toán,1723.0,Tổng cộng tài sản,1131.0,Vốn chủ sở hữu,459.68,Thu nhập trên mỗi cổ phần của 4 quý gần nhất (EPS),12487.0,Giá trị sổ sách của cổ phiếu (BVPS),141.4,Chỉ số giá thị trường trên thu nhập (P/E),5.21,Chỉ số giá thị trường trên giá trị sổ sách (P/B),1.06,Tỷ suất lợi nhuận trên vốn chủ sở hữu bình quân (ROEA),0.68,Tỷ suất sinh lợi trên tổng tài sản bình quân (ROAA),576.0,Doanh thu thuần về bán hàng và cung cấp dịch vụ,51.0,Lợi nhuận gộp về bán hàng và cung cấp dịch vụ,15.0,Tổng lợi nhuận kế toán trước thuế,11.0,Lợi nhuận sau thuế thu nhập doanh nghiệp,12.0,Lợi nhuận sau thuế của cổ đông Công ty mẹ,592.0,Nợ phải trả,8.91,Tỷ suất lợi nhuận gộp biên,1.98,Tỷ suất sinh lợi trên doanh thu thuần,34.37,Tỷ số Nợ trên Tổng tài sản,21.55,Tỷ số Nợ vay trên Vốn chủ sở hữu,,1.2302284710017597,0.34843205574912606,33.33333333333333,-7.692307692307687,CURRENT,COMPLETE,,,,YES
DIC,Xây dựng,NORMAL,2026Q2,2026,Q2,295290,True,Chưa kiểm toán,1074.0,Tổng cộng tài sản,-62.0,Vốn chủ sở hữu,62.54,Thu nhập trên mỗi cổ phần của 4 quý gần nhất (EPS),-2386.0,Giá trị sổ sách của cổ phiếu (BVPS),14.39,Chỉ số giá thị trường trên thu nhập (P/E),-0.38,Chỉ số giá thị trường trên giá trị sổ sách (P/B),-1.26,Tỷ suất lợi nhuận trên vốn chủ sở hữu bình quân (ROEA),0.07,Tỷ suất sinh lợi trên tổng tài sản bình quân (ROAA),67.0,Doanh thu thuần về bán hàng và cung cấp dịch vụ,56.0,Lợi nhuận gộp về bán hàng và cung cấp dịch vụ,1.0,Tổng lợi nhuận kế toán trước thuế,1.0,Lợi nhuận sau thuế thu nhập doanh nghiệp,1.0,Lợi nhuận sau thuế của cổ đông Công ty mẹ,1136.0,Nợ phải trả,83.7,Tỷ suất lợi nhuận gộp biên,0.95,Tỷ suất sinh lợi trên doanh thu thuần,105.8,Tỷ số Nợ trên Tổng tài sản,-908.7,Tỷ số Nợ vay trên Vốn chủ sở hữu,,1575.0,1016.6666666666666,0.0,-50.0,CURRENT,COMPLETE,,,,YES
DL1,Điện,NORMAL,2026Q2,2026,Q2,293389,True,Chưa kiểm toán,3293.0,Tổng cộng tài sản,2092.0,Vốn chủ sở hữu,520.83,Thu nhập trên mỗi cổ phần của 4 quý gần nhất (EPS),11582.0,Giá trị sổ sách của cổ phiếu (BVPS),9.6,Chỉ số giá thị trường trên thu nhập (P/E),0.43,Chỉ số giá thị trường trên giá trị sổ sách (P/B),1.75,Tỷ suất lợi nhuận trên vốn chủ sở hữu bình quân (ROEA),1.09,Tỷ suất sinh lợi trên tổng tài sản bình quân (ROAA),237.0,Doanh thu thuần về bán hàng và cung cấp dịch vụ,103.0,Lợi nhuận gộp về bán hàng và cung cấp dịch vụ,56.0,Tổng lợi nhuận kế toán trước thuế,49.0,Lợi nhuận sau thuế thu nhập doanh nghiệp,36.0,Lợi nhuận sau thuế của cổ đông Công ty mẹ,1201.0,Nợ phải trả,43.49,Tỷ suất lợi nhuận gộp biên,20.67,Tỷ suất sinh lợi trên doanh thu thuần,36.48,Tỷ số Nợ trên Tổng tài sản,41.05,Tỷ số Nợ vay trên Vốn chủ sở hữu,,8.715596330275233,-12.222222222222223,0.0,3500.0,CURRENT,COMPLETE,,,,YES
DMC,Dược & Y tế,NORMAL,2026Q2,2026,Q2,291393,False,Chưa kiểm toán,1971.0,Tổng cộng tài sản,1676.0,Vốn chủ sở hữu,6587.01,Thu nhập trên mỗi cổ phần của 4 quý gần nhất (EPS),48251.0,Giá trị sổ sách của cổ phiếu (BVPS),8.96,Chỉ số giá thị trường trên thu nhập (P/E),1.22,Chỉ số giá thị trường trên giá trị sổ sách (P/B),3.31,Tỷ suất lợi nhuận trên vốn chủ sở hữu bình quân (ROEA),2.89,Tỷ suất sinh lợi trên tổng tài sản bình quân (ROAA),519.0,Doanh thu thuần về bán hàng và cung cấp dịch vụ,108.0,Lợi nhuận gộp về bán hàng và cung cấp dịch vụ,71.0,Tổng lợi nhuận kế toán trước thuế,57.0,Lợi nhuận sau thuế thu nhập doanh nghiệp,57.0,Lợi nhuận sau thuế của cổ đông Công ty mẹ,296.0,Nợ phải trả,20.74,Tỷ suất lợi nhuận gộp biên,10.89,Tỷ suất sinh lợi trên doanh thu thuần,15.0,Tỷ số Nợ trên Tổng tài sản,,,,-0.19230769230769162,1.764705882352935,7.547169811320753,78.125,CURRENT,COMPLETE,,,,YES
DMX,Bán lẻ,NORMAL,2026Q2,2026,Q2,294687,True,Chưa kiểm toán,75886.0,Tổng cộng tài sản,22677.0,Vốn chủ sở hữu,4427.73,Thu nhập trên mỗi cổ phần của 4 quý gần nhất (EPS),20591.0,Giá trị sổ sách của cổ phiếu (BVPS),,,,,12.45,Tỷ suất lợi nhuận trên vốn chủ sở hữu bình quân (ROEA),3.99,Tỷ suất sinh lợi trên tổng tài sản bình quân (ROAA),32738.0,Doanh thu thuần về bán hàng và cung cấp dịch vụ,6906.0,Lợi nhuận gộp về bán hàng và cung cấp dịch vụ,3318.0,Tổng lợi nhuận kế toán trước thuế,2658.0,Lợi nhuận sau thuế thu nhập doanh nghiệp,2658.0,Lợi nhuận sau thuế của cổ đông Công ty mẹ,53209.0,Nợ phải trả,21.1,Tỷ suất lợi nhuận gộp biên,8.12,Tỷ suất sinh lợi trên doanh thu thuần,70.12,Tỷ số Nợ trên Tổng tài sản,98.8,Tỷ số Nợ vay trên Vốn chủ sở hữu,,0.6022985680044224,,19.783686345200536,,CURRENT,COMPLETE,,pb,,YES
DNA,Điện,NORMAL,2026Q2,2026,Q2,293783,False,Chưa kiểm toán,1718.0,Tổng cộng tài sản,856.0,Vốn chủ sở hữu,2983.33,Thu nhập trên mỗi cổ phần của 4 quý gần nhất (EPS),15199.0,Giá trị sổ sách của cổ phiếu (BVPS),8.08,Chỉ số giá thị trường trên thu nhập (P/E),1.59,Chỉ số giá thị trường trên giá trị sổ sách (P/B),7.83,Tỷ suất lợi nhuận trên vốn chủ sở hữu bình quân (ROEA),4.14,Tỷ suất sinh lợi trên tổng tài sản bình quân (ROAA),841.0,Doanh thu thuần về bán hàng và cung cấp dịch vụ,177.0,Lợi nhuận gộp về bán hàng và cung cấp dịch vụ,86.0,Tổng lợi nhuận kế toán trước thuế,69.0,Lợi nhuận sau thuế thu nhập doanh nghiệp,69.0,Lợi nhuận sau thuế của cổ đông Công ty mẹ,862.0,Nợ phải trả,21.03,Tỷ suất lợi nhuận gộp biên,8.16,Tỷ suất sinh lợi trên doanh thu thuần,50.16,Tỷ số Nợ trên Tổng tài sản,36.21,Tỷ số Nợ vay trên Vốn chủ sở hữu,,23.31378299120235,10.512483574244413,109.09090909090908,37.999999999999986,CURRENT,COMPLETE,,,,YES
DNH,Điện,NORMAL,2026Q2,2026,Q2,292472,True,Chưa kiểm toán,7039.0,Tổng cộng tài sản,5558.0,Vốn chủ sở hữu,2782.12,Thu nhập trên mỗi cổ phần của 4 quý gần nhất (EPS),13158.0,Giá trị sổ sách của cổ phiếu (BVPS),17.61,Chỉ số giá thị trường trên thu nhập (P/E),3.72,Chỉ số giá thị trường trên giá trị sổ sách (P/B),6.79,Tỷ suất lợi nhuận trên vốn chủ sở hữu bình quân (ROEA),5.36,Tỷ suất sinh lợi trên tổng tài sản bình quân (ROAA),692.0,Doanh thu thuần về bán hàng và cung cấp dịch vụ,440.0,Lợi nhuận gộp về bán hàng và cung cấp dịch vụ,458.0,Tổng lợi nhuận kế toán trước thuế,373.0,Lợi nhuận sau thuế thu nhập doanh nghiệp,373.0,Lợi nhuận sau thuế của cổ đông Công ty mẹ,1481.0,Nợ phải trả,63.55,Tỷ suất lợi nhuận gộp biên,53.98,Tỷ suất sinh lợi trên doanh thu thuần,21.04,Tỷ số Nợ trên Tổng tài sản,21.87,Tỷ số Nợ vay trên Vốn chủ sở hữu,,18.290598290598293,9.84126984126985,27.73972602739727,50.40322580645162,CURRENT,COMPLETE,,,,YES
DNM,Dược & Y tế,NORMAL,2023Q2,2023,Q2,232084,False,Chưa kiểm toán,332.0,Tổng cộng tài sản,4.0,Vốn chủ sở hữu,-7440.51,Thu nhập trên mỗi cổ phần của 4 quý gần nhất (EPS),515.0,Giá trị sổ sách của cổ phiếu (BVPS),-2.46,Chỉ số giá thị trường trên thu nhập (P/E),35.52,Chỉ số giá thị trường trên giá trị sổ sách (P/B),-118.25,Tỷ suất lợi nhuận trên vốn chủ sở hữu bình quân (ROEA),-4.07,Tỷ suất sinh lợi trên tổng tài sản bình quân (ROAA),70.0,Doanh thu thuần về bán hàng và cung cấp dịch vụ,5.0,Lợi nhuận gộp về bán hàng và cung cấp dịch vụ,-14.0,Tổng lợi nhuận kế toán trước thuế,-14.0,Lợi nhuận sau thuế thu nhập doanh nghiệp,-14.0,Lợi nhuận sau thuế của cổ đông Công ty mẹ,327.0,Nợ phải trả,7.61,Tỷ suất lợi nhuận gộp biên,-20.49,Tỷ suất sinh lợi trên doanh thu thuần,98.64,Tỷ số Nợ trên Tổng tài sản,7406.79,Tỷ số Nợ vay trên Vốn chủ sở hữu,,39.99999999999999,34.61538461538463,-41.666666666666664,366.6666666666667,STALE,COMPLETE,,,,REVIEW
DNN,Nước,NORMAL,2026Q2,2026,Q2,294486,True,Chưa kiểm toán,1578.0,Tổng cộng tài sản,937.0,Vốn chủ sở hữu,4695.68,Thu nhập trên mỗi cổ phần của 4 quý gần nhất (EPS),16160.0,Giá trị sổ sách của cổ phiếu (BVPS),1.49,Chỉ số giá thị trường trên thu nhập (P/E),0.43,Chỉ số giá thị trường trên giá trị sổ sách (P/B),8.23,Tỷ suất lợi nhuận trên vốn chủ sở hữu bình quân (ROEA),4.95,Tỷ suất sinh lợi trên tổng tài sản bình quân (ROAA),223.0,Doanh thu thuần về bán hàng và cung cấp dịch vụ,96.0,Lợi nhuận gộp về bán hàng và cung cấp dịch vụ,88.0,Tổng lợi nhuận kế toán trước thuế,78.0,Lợi nhuận sau thuế thu nhập doanh nghiệp,78.0,Lợi nhuận sau thuế của cổ đông Công ty mẹ,641.0,Nợ phải trả,42.91,Tỷ suất lợi nhuận gộp biên,34.86,Tỷ suất sinh lợi trên doanh thu thuần,40.64,Tỷ số Nợ trên Tổng tài sản,39.35,Tỷ số Nợ vay trên Vốn chủ sở hữu,,17.989417989418,10.396039603960405,32.20338983050848,25.806451612903224,CURRENT,COMPLETE,,,,YES
DNP,Hóa chất,NORMAL,2026Q2,2026,Q2,293487,True,Chưa kiểm toán,19865.0,Tổng cộng tài sản,6514.0,Vốn chủ sở hữu,1589.34,Thu nhập trên mỗi cổ phần của 4 quý gần nhất (EPS),46207.0,Giá trị sổ sách của cổ phiếu (BVPS),13.4,Chỉ số giá thị trường trên thu nhập (P/E),0.46,Chỉ số giá thị trường trên giá trị sổ sách (P/B),1.4,Tỷ suất lợi nhuận trên vốn chủ sở hữu bình quân (ROEA),0.47,Tỷ suất sinh lợi trên tổng tài sản bình quân (ROAA),2723.0,Doanh thu thuần về bán hàng và cung cấp dịch vụ,552.0,Lợi nhuận gộp về bán hàng và cung cấp dịch vụ,169.0,Tổng lợi nhuận kế toán trước thuế,124.0,Lợi nhuận sau thuế thu nhập doanh nghiệp,91.0,Lợi nhuận sau thuế của cổ đông Công ty mẹ,13352.0,Nợ phải trả,20.27,Tỷ suất lợi nhuận gộp biên,4.57,Tỷ suất sinh lợi trên doanh thu thuần,67.21,Tỷ số Nợ trên Tổng tài sản,143.63,Tỷ số Nợ vay trên Vốn chủ sở hữu,,3.9312977099236646,3.654358583936057,295.65217391304344,203.33333333333331,CURRENT,COMPLETE,,,,YES
DNW,Nước,NORMAL,2026Q2,2026,Q2,292930,True,Chưa kiểm toán,3512.0,Tổng cộng tài sản,2634.0,Vốn chủ sở hữu,2774.94,Thu nhập trên mỗi cổ phần của 4 quý gần nhất (EPS),21949.0,Giá trị sổ sách của cổ phiếu (BVPS),11.86,Chỉ số giá thị trường trên thu nhập (P/E),1.5,Chỉ số giá thị trường trên giá trị sổ sách (P/B),3.66,Tỷ suất lợi nhuận trên vốn chủ sở hữu bình quân (ROEA),2.75,Tỷ suất sinh lợi trên tổng tài sản bình quân (ROAA),361.0,Doanh thu thuần về bán hàng và cung cấp dịch vụ,136.0,Lợi nhuận gộp về bán hàng và cung cấp dịch vụ,112.0,Tổng lợi nhuận kế toán trước thuế,100.0,Lợi nhuận sau thuế thu nhập doanh nghiệp,95.0,Lợi nhuận sau thuế của cổ đông Công ty mẹ,878.0,Nợ phải trả,37.6,Tỷ suất lợi nhuận gộp biên,27.61,Tỷ suất sinh lợi trên doanh thu thuần,25.0,Tỷ số Nợ trên Tổng tài sản,24.38,Tỷ số Nợ vay trên Vốn chủ sở hữu,,9.393939393939398,5.555555555555558,18.75,179.41176470588235,CURRENT,COMPLETE,,,,YES
DP1,Dược & Y tế,NORMAL,2026Q2,2026,Q2,292336,False,Chưa kiểm toán,1797.0,Tổng cộng tài sản,588.0,Vốn chủ sở hữu,6001.03,Thu nhập trên mỗi cổ phần của 4 quý gần nhất (EPS),28051.0,Giá trị sổ sách của cổ phiếu (BVPS),4.85,Chỉ số giá thị trường trên thu nhập (P/E),1.04,Chỉ số giá thị trường trên giá trị sổ sách (P/B),7.4,Tỷ suất lợi nhuận trên vốn chủ sở hữu bình quân (ROEA),2.4,Tỷ suất sinh lợi trên tổng tài sản bình quân (ROAA),677.0,Doanh thu thuần về bán hàng và cung cấp dịch vụ,101.0,Lợi nhuận gộp về bán hàng và cung cấp dịch vụ,57.0,Tổng lợi nhuận kế toán trước thuế,44.0,Lợi nhuận sau thuế thu nhập doanh nghiệp,44.0,Lợi nhuận sau thuế của cổ đông Công ty mẹ,1209.0,Nợ phải trả,14.9,Tỷ suất lợi nhuận gộp biên,6.56,Tỷ suất sinh lợi trên doanh thu thuần,67.26,Tỷ số Nợ trên Tổng tài sản,71.1,Tỷ số Nợ vay trên Vốn chủ sở hữu,,18.980667838312826,23.540145985401463,100.0,100.0,CURRENT,COMPLETE,,,,YES
DP3,Dược & Y tế,NORMAL,2026Q2,2026,Q2,291934,False,Chưa kiểm toán,767.0,Tổng cộng tài sản,598.0,Vốn chủ sở hữu,7974.61,Thu nhập trên mỗi cổ phần của 4 quý gần nhất (EPS),27828.0,Giá trị sổ sách của cổ phiếu (BVPS),7.96,Chỉ số giá thị trường trên thu nhập (P/E),2.28,Chỉ số giá thị trường trên giá trị sổ sách (P/B),6.28,Tỷ suất lợi nhuận trên vốn chủ sở hữu bình quân (ROEA),5.0,Tỷ suất sinh lợi trên tổng tài sản bình quân (ROAA),129.0,Doanh thu thuần về bán hàng và cung cấp dịch vụ,82.0,Lợi nhuận gộp về bán hàng và cung cấp dịch vụ,49.0,Tổng lợi nhuận kế toán trước thuế,39.0,Lợi nhuận sau thuế thu nhập doanh nghiệp,39.0,Lợi nhuận sau thuế của cổ đông Công ty mẹ,169.0,Nợ phải trả,63.51,Tỷ suất lợi nhuận gộp biên,30.35,Tỷ suất sinh lợi trên doanh thu thuần,22.0,Tỷ số Nợ trên Tổng tài sản,3.65,Tỷ số Nợ vay trên Vốn chủ sở hữu,,-4.444444444444439,37.23404255319149,11.428571428571432,21.875,CURRENT,COMPLETE,,,,YES
DPR,Hóa chất,NORMAL,2026Q2,2026,Q2,292554,True,Chưa kiểm toán,4873.0,Tổng cộng tài sản,3548.0,Vốn chủ sở hữu,4426.52,Thu nhập trên mỗi cổ phần của 4 quý gần nhất (EPS),40832.0,Giá trị sổ sách của cổ phiếu (BVPS),8.77,Chỉ số giá thị trường trên thu nhập (P/E),0.95,Chỉ số giá thị trường trên giá trị sổ sách (P/B),2.34,Tỷ suất lợi nhuận trên vốn chủ sở hữu bình quân (ROEA),1.71,Tỷ suất sinh lợi trên tổng tài sản bình quân (ROAA),280.0,Doanh thu thuần về bán hàng và cung cấp dịch vụ,113.0,Lợi nhuận gộp về bán hàng và cung cấp dịch vụ,126.0,Tổng lợi nhuận kế toán trước thuế,100.0,Lợi nhuận sau thuế thu nhập doanh nghiệp,82.0,Lợi nhuận sau thuế của cổ đông Công ty mẹ,1326.0,Nợ phải trả,40.41,Tỷ suất lợi nhuận gộp biên,35.58,Tỷ suất sinh lợi trên doanh thu thuần,27.2,Tỷ số Nợ trên Tổng tài sản,,,,-26.121372031662272,20.171673819742498,-21.904761904761905,12.328767123287676,CURRENT,COMPLETE,,,,YES
DQC,Thiết bị điện,NORMAL,2026Q2,2026,Q2,293426,True,Chưa kiểm toán,1166.0,Tổng cộng tài sản,784.0,Vốn chủ sở hữu,576.06,Thu nhập trên mỗi cổ phần của 4 quý gần nhất (EPS),28445.0,Giá trị sổ sách của cổ phiếu (BVPS),16.49,Chỉ số giá thị trường trên thu nhập (P/E),0.33,Chỉ số giá thị trường trên giá trị sổ sách (P/B),0.52,Tỷ suất lợi nhuận trên vốn chủ sở hữu bình quân (ROEA),0.35,Tỷ suất sinh lợi trên tổng tài sản bình quân (ROAA),286.0,Doanh thu thuần về bán hàng và cung cấp dịch vụ,67.0,Lợi nhuận gộp về bán hàng và cung cấp dịch vụ,5.0,Tổng lợi nhuận kế toán trước thuế,4.0,Lợi nhuận sau thuế thu nhập doanh nghiệp,4.0,Lợi nhuận sau thuế của cổ đông Công ty mẹ,382.0,Nợ phải trả,23.29,Tỷ suất lợi nhuận gộp biên,1.51,Tỷ suất sinh lợi trên doanh thu thuần,32.79,Tỷ số Nợ trên Tổng tài sản,13.97,Tỷ số Nợ vay trên Vốn chủ sở hữu,,2.508960573476693,54.59459459459459,-60.0,0.0,CURRENT,COMPLETE,,,,YES
DRH,Xây dựng,NORMAL,2026Q2,2026,Q2,292740,True,Chưa kiểm toán,4453.0,Tổng cộng tài sản,1285.0,Vốn chủ sở hữu,222.16,Thu nhập trên mỗi cổ phần của 4 quý gần nhất (EPS),10387.0,Giá trị sổ sách của cổ phiếu (BVPS),9.0,Chỉ số giá thị trường trên thu nhập (P/E),0.19,Chỉ số giá thị trường trên giá trị sổ sách (P/B),-1.05,Tỷ suất lợi nhuận trên vốn chủ sở hữu bình quân (ROEA),-0.31,Tỷ suất sinh lợi trên tổng tài sản bình quân (ROAA),1.0,Doanh thu thuần về bán hàng và cung cấp dịch vụ,-1.0,Lợi nhuận gộp về bán hàng và cung cấp dịch vụ,-13.0,Tổng lợi nhuận kế toán trước thuế,-14.0,Lợi nhuận sau thuế thu nhập doanh nghiệp,-14.0,Lợi nhuận sau thuế của cổ đông Công ty mẹ,3168.0,Nợ phải trả,-85.5,Tỷ suất lợi nhuận gộp biên,-1425.44,Tỷ suất sinh lợi trên doanh thu thuần,71.15,Tỷ số Nợ trên Tổng tài sản,58.62,Tỷ số Nợ vay trên Vốn chủ sở hữu,,0.0,0.0,-43.99999999999999,-43.99999999999999,CURRENT,COMPLETE,,,,YES
DSC,Chứng khoán,SECURITIES,2026Q2,2026,Q2,291480,False,Chưa kiểm toán,7454.0,Tổng cộng tài sản,3108.0,Vốn chủ sở hữu,1022.05,Thu nhập trên mỗi cổ phần của 4 quý gần nhất (EPS),11162.12,Giá trị sổ sách của cổ phiếu (BVPS),12.62,Chỉ số giá thị trường trên thu nhập (P/E),1.16,Chỉ số giá thị trường trên giá trị sổ sách (P/B),0.52,Tỷ suất lợi nhuận trên vốn chủ sở hữu bình quân (ROEA),0.22,Tỷ suất sinh lợi trên tổng tài sản bình quân (ROAA),148.0,Doanh thu thuần về hoạt động kinh doanh,,,20.0,Tổng lợi nhuận kế toán trước thuế,16.0,Lợi nhuận sau thuế TNDN,16.0,Lợi nhuận sau thuế của cổ đông Công ty mẹ,4345.0,Nợ phải trả,,,,,,,,,,-19.12568306010929,16.535433070866134,-72.41379310344827,-64.44444444444444,CURRENT,COMPLETE,,,,YES
DSD,Du lịch & Giải trí,NORMAL,2026Q2,2026,Q2,294296,True,Chưa kiểm toán,816.0,Tổng cộng tài sản,615.0,Vốn chủ sở hữu,264.34,Thu nhập trên mỗi cổ phần của 4 quý gần nhất (EPS),10537.0,Giá trị sổ sách của cổ phiếu (BVPS),67.72,Chỉ số giá thị trường trên thu nhập (P/E),1.7,Chỉ số giá thị trường trên giá trị sổ sách (P/B),4.76,Tỷ suất lợi nhuận trên vốn chủ sở hữu bình quân (ROEA),3.56,Tỷ suất sinh lợi trên tổng tài sản bình quân (ROAA),79.0,Doanh thu thuần về bán hàng và cung cấp dịch vụ,38.0,Lợi nhuận gộp về bán hàng và cung cấp dịch vụ,29.0,Tổng lợi nhuận kế toán trước thuế,29.0,Lợi nhuận sau thuế thu nhập doanh nghiệp,29.0,Lợi nhuận sau thuế của cổ đông Công ty mẹ,201.0,Nợ phải trả,47.83,Tỷ suất lợi nhuận gộp biên,36.04,Tỷ suất sinh lợi trên doanh thu thuần,24.6,Tỷ số Nợ trên Tổng tài sản,26.45,Tỷ số Nợ vay trên Vốn chủ sở hữu,,216.0,3.9473684210526327,-281.25,-9.375,CURRENT,COMPLETE,,,,YES
DSG,Xây dựng,NORMAL,2026Q2,2026,Q2,294490,True,Chưa kiểm toán,95.0,Tổng cộng tài sản,-10.0,Vốn chủ sở hữu,-88.92,Thu nhập trên mỗi cổ phần của 4 quý gần nhất (EPS),-343.0,Giá trị sổ sách của cổ phiếu (BVPS),-76.48,Chỉ số giá thị trường trên thu nhập (P/E),-19.82,Chỉ số giá thị trường trên giá trị sổ sách (P/B),14.28,Tỷ suất lợi nhuận trên vốn chủ sở hữu bình quân (ROEA),-1.42,Tỷ suất sinh lợi trên tổng tài sản bình quân (ROAA),9.0,Doanh thu thuần về bán hàng và cung cấp dịch vụ,2.0,Lợi nhuận gộp về bán hàng và cung cấp dịch vụ,-1.0,Tổng lợi nhuận kế toán trước thuế,-1.0,Lợi nhuận sau thuế thu nhập doanh nghiệp,-1.0,Lợi nhuận sau thuế của cổ đông Công ty mẹ,106.0,Nợ phải trả,25.87,Tỷ suất lợi nhuận gộp biên,-14.69,Tỷ suất sinh lợi trên doanh thu thuần,110.8,Tỷ số Nợ trên Tổng tài sản,-97.59,Tỷ số Nợ vay trên Vốn chủ sở hữu,,12.5,-30.76923076923077,-50.0,0.0,CURRENT,COMPLETE,,,,YES
DSP,Du lịch & Giải trí,NORMAL,2026Q2,2026,Q2,292338,False,Chưa kiểm toán,908.0,Tổng cộng tài sản,855.0,Vốn chủ sở hữu,-451.67,Thu nhập trên mỗi cổ phần của 4 quý gần nhất (EPS),7202.0,Giá trị sổ sách của cổ phiếu (BVPS),-28.34,Chỉ số giá thị trường trên thu nhập (P/E),1.78,Chỉ số giá thị trường trên giá trị sổ sách (P/B),-0.69,Tỷ suất lợi nhuận trên vốn chủ sở hữu bình quân (ROEA),-0.65,Tỷ suất sinh lợi trên tổng tài sản bình quân (ROAA),47.0,Doanh thu thuần về bán hàng và cung cấp dịch vụ,-15.0,Lợi nhuận gộp về bán hàng và cung cấp dịch vụ,-6.0,Tổng lợi nhuận kế toán trước thuế,-6.0,Lợi nhuận sau thuế thu nhập doanh nghiệp,-6.0,Lợi nhuận sau thuế của cổ đông Công ty mẹ,53.0,Nợ phải trả,-31.56,Tỷ suất lợi nhuận gộp biên,-12.8,Tỷ suất sinh lợi trên doanh thu thuần,5.87,Tỷ số Nợ trên Tổng tài sản,,,,-6.000000000000005,6.818181818181812,-14.28571428571429,-33.333333333333336,CURRENT,COMPLETE,,,,YES
DTI,Bất động sản,NORMAL,2026Q2,2026,Q2,292220,False,Chưa kiểm toán,351.0,Tổng cộng tài sản,136.0,Vốn chủ sở hữu,14.73,Thu nhập trên mỗi cổ phần của 4 quý gần nhất (EPS),10087.0,Giá trị sổ sách của cổ phiếu (BVPS),135.77,Chỉ số giá thị trường trên thu nhập (P/E),0.2,Chỉ số giá thị trường trên giá trị sổ sách (P/B),0.06,Tỷ suất lợi nhuận trên vốn chủ sở hữu bình quân (ROEA),0.02,Tỷ suất sinh lợi trên tổng tài sản bình quân (ROAA),128.0,Doanh thu thuần về bán hàng và cung cấp dịch vụ,0.0,Lợi nhuận gộp về bán hàng và cung cấp dịch vụ,0.0,Tổng lợi nhuận kế toán trước thuế,0.0,Lợi nhuận sau thuế thu nhập doanh nghiệp,0.0,Lợi nhuận sau thuế của cổ đông Công ty mẹ,215.0,Nợ phải trả,0.21,Tỷ suất lợi nhuận gộp biên,0.06,Tỷ suất sinh lợi trên doanh thu thuần,61.22,Tỷ số Nợ trên Tổng tài sản,123.16,Tỷ số Nợ vay trên Vốn chủ sở hữu,,-18.9873417721519,-25.14619883040936,,,CURRENT,COMPLETE,,,,YES
DTK,Điện,NORMAL,2026Q2,2026,Q2,293489,True,Chưa kiểm toán,16605.0,Tổng cộng tài sản,9075.0,Vốn chủ sở hữu,1243.56,Thu nhập trên mỗi cổ phần của 4 quý gần nhất (EPS),13292.0,Giá trị sổ sách của cổ phiếu (BVPS),8.93,Chỉ số giá thị trường trên thu nhập (P/E),0.84,Chỉ số giá thị trường trên giá trị sổ sách (P/B),3.66,Tỷ suất lợi nhuận trên vốn chủ sở hữu bình quân (ROEA),2.03,Tỷ suất sinh lợi trên tổng tài sản bình quân (ROAA),4053.0,Doanh thu thuần về bán hàng và cung cấp dịch vụ,460.0,Lợi nhuận gộp về bán hàng và cung cấp dịch vụ,405.0,Tổng lợi nhuận kế toán trước thuế,331.0,Lợi nhuận sau thuế thu nhập doanh nghiệp,334.0,Lợi nhuận sau thuế của cổ đông Công ty mẹ,7529.0,Nợ phải trả,11.35,Tỷ suất lợi nhuận gộp biên,8.16,Tỷ suất sinh lợi trên doanh thu thuần,45.34,Tỷ số Nợ trên Tổng tài sản,37.33,Tỷ số Nợ vay trên Vốn chủ sở hữu,,9.748172217709183,5.767223382045938,-23.04147465437788,3.4055727554179516,CURRENT,COMPLETE,,,,YES
DTL,Kim loại & Khoáng sản,NORMAL,2026Q2,2026,Q2,293046,True,Chưa kiểm toán,1805.0,Tổng cộng tài sản,553.0,Vốn chủ sở hữu,-1455.31,Thu nhập trên mỗi cổ phần của 4 quý gần nhất (EPS),9122.0,Giá trị sổ sách của cổ phiếu (BVPS),-6.6,Chỉ số giá thị trường trên thu nhập (P/E),1.05,Chỉ số giá thị trường trên giá trị sổ sách (P/B),-4.27,Tỷ suất lợi nhuận trên vốn chủ sở hữu bình quân (ROEA),-1.32,Tỷ suất sinh lợi trên tổng tài sản bình quân (ROAA),585.0,Doanh thu thuần về bán hàng và cung cấp dịch vụ,8.0,Lợi nhuận gộp về bán hàng và cung cấp dịch vụ,-24.0,Tổng lợi nhuận kế toán trước thuế,-24.0,Lợi nhuận sau thuế thu nhập doanh nghiệp,-24.0,Lợi nhuận sau thuế của cổ đông Công ty mẹ,1251.0,Nợ phải trả,1.4,Tỷ suất lợi nhuận gộp biên,-4.14,Tỷ suất sinh lợi trên doanh thu thuần,69.35,Tỷ số Nợ trên Tổng tài sản,171.42,Tỷ số Nợ vay trên Vốn chủ sở hữu,,93.06930693069306,-3.3057851239669422,60.00000000000001,-7.692307692307687,CURRENT,COMPLETE,,,,YES
DTP,Dược & Y tế,NORMAL,2026Q2,2026,Q2,292224,False,Chưa kiểm toán,1649.0,Tổng cộng tài sản,1249.0,Vốn chủ sở hữu,8519.35,Thu nhập trên mỗi cổ phần của 4 quý gần nhất (EPS),38495.0,Giá trị sổ sách của cổ phiếu (BVPS),9.07,Chỉ số giá thị trường trên thu nhập (P/E),2.01,Chỉ số giá thị trường trên giá trị sổ sách (P/B),4.65,Tỷ suất lợi nhuận trên vốn chủ sở hữu bình quân (ROEA),3.62,Tỷ suất sinh lợi trên tổng tài sản bình quân (ROAA),463.0,Doanh thu thuần về bán hàng và cung cấp dịch vụ,223.0,Lợi nhuận gộp về bán hàng và cung cấp dịch vụ,63.0,Tổng lợi nhuận kế toán trước thuế,58.0,Lợi nhuận sau thuế thu nhập doanh nghiệp,58.0,Lợi nhuận sau thuế của cổ đông Công ty mẹ,399.0,Nợ phải trả,48.23,Tỷ suất lợi nhuận gộp biên,12.58,Tỷ suất sinh lợi trên doanh thu thuần,24.23,Tỷ số Nợ trên Tổng tài sản,10.24,Tỷ số Nợ vay trên Vốn chủ sở hữu,,12.378640776699035,17.51269035532994,5.454545454545445,-27.500000000000004,CURRENT,COMPLETE,,,,YES
DVG,Hóa chất,NORMAL,2026Q2,2026,Q2,293818,True,Chưa kiểm toán,343.0,Tổng cộng tài sản,341.0,Vốn chủ sở hữu,-33.32,Thu nhập trên mỗi cổ phần của 4 quý gần nhất (EPS),12168.0,Giá trị sổ sách của cổ phiếu (BVPS),-27.01,Chỉ số giá thị trường trên thu nhập (P/E),0.07,Chỉ số giá thị trường trên giá trị sổ sách (P/B),0.04,Tỷ suất lợi nhuận trên vốn chủ sở hữu bình quân (ROEA),0.04,Tỷ suất sinh lợi trên tổng tài sản bình quân (ROAA),21.0,Doanh thu thuần về bán hàng và cung cấp dịch vụ,1.0,Lợi nhuận gộp về bán hàng và cung cấp dịch vụ,0.0,Tổng lợi nhuận kế toán trước thuế,0.0,Lợi nhuận sau thuế thu nhập doanh nghiệp,0.0,Lợi nhuận sau thuế của cổ đông Công ty mẹ,3.0,Nợ phải trả,4.37,Tỷ suất lợi nhuận gộp biên,0.65,Tỷ suất sinh lợi trên doanh thu thuần,0.78,Tỷ số Nợ trên Tổng tài sản,,,,-47.5,-61.81818181818181,,,CURRENT,COMPLETE,,,,YES
DVM,Dược & Y tế,NORMAL,2026Q2,2026,Q2,292035,False,Chưa kiểm toán,1364.0,Tổng cộng tài sản,777.0,Vốn chủ sở hữu,413.25,Thu nhập trên mỗi cổ phần của 4 quý gần nhất (EPS),16508.0,Giá trị sổ sách của cổ phiếu (BVPS),15.24,Chỉ số giá thị trường trên thu nhập (P/E),0.38,Chỉ số giá thị trường trên giá trị sổ sách (P/B),0.08,Tỷ suất lợi nhuận trên vốn chủ sở hữu bình quân (ROEA),0.04,Tỷ suất sinh lợi trên tổng tài sản bình quân (ROAA),11.0,Doanh thu thuần về bán hàng và cung cấp dịch vụ,-1.0,Lợi nhuận gộp về bán hàng và cung cấp dịch vụ,1.0,Tổng lợi nhuận kế toán trước thuế,1.0,Lợi nhuận sau thuế thu nhập doanh nghiệp,1.0,Lợi nhuận sau thuế của cổ đông Công ty mẹ,587.0,Nợ phải trả,-5.82,Tỷ suất lợi nhuận gộp biên,5.82,Tỷ suất sinh lợi trên doanh thu thuần,43.05,Tỷ số Nợ trên Tổng tài sản,61.87,Tỷ số Nợ vay trên Vốn chủ sở hữu,,-77.55102040816327,-97.08994708994709,,-93.33333333333333,CURRENT,COMPLETE,,,,YES
DVN,Dược & Y tế,NORMAL,2026Q2,2026,Q2,294300,True,Chưa kiểm toán,7865.0,Tổng cộng tài sản,4043.0,Vốn chủ sở hữu,2813.78,Thu nhập trên mỗi cổ phần của 4 quý gần nhất (EPS),17058.0,Giá trị sổ sách của cổ phiếu (BVPS),7.18,Chỉ số giá thị trường trên thu nhập (P/E),1.18,Chỉ số giá thị trường trên giá trị sổ sách (P/B),2.94,Tỷ suất lợi nhuận trên vốn chủ sở hữu bình quân (ROEA),1.55,Tỷ suất sinh lợi trên tổng tài sản bình quân (ROAA),1436.0,Doanh thu thuần về bán hàng và cung cấp dịch vụ,173.0,Lợi nhuận gộp về bán hàng và cung cấp dịch vụ,155.0,Tổng lợi nhuận kế toán trước thuế,139.0,Lợi nhuận sau thuế thu nhập doanh nghiệp,121.0,Lợi nhuận sau thuế của cổ đông Công ty mẹ,3822.0,Nợ phải trả,12.07,Tỷ suất lợi nhuận gộp biên,9.69,Tỷ suất sinh lợi trên doanh thu thuần,48.6,Tỷ số Nợ trên Tổng tài sản,38.77,Tỷ số Nợ vay trên Vốn chủ sở hữu,,16.087308003233638,2.6447462473195182,-14.7887323943662,-14.184397163120565,CURRENT,COMPLETE,,,,YES
DVP,Cảng & Logistics,NORMAL,2026Q2,2026,Q2,291661,False,Chưa kiểm toán,1494.0,Tổng cộng tài sản,1265.0,Vốn chủ sở hữu,9108.93,Thu nhập trên mỗi cổ phần của 4 quý gần nhất (EPS),31628.0,Giá trị sổ sách của cổ phiếu (BVPS),7.81,Chỉ số giá thị trường trên thu nhập (P/E),2.25,Chỉ số giá thị trường trên giá trị sổ sách (P/B),6.86,Tỷ suất lợi nhuận trên vốn chủ sở hữu bình quân (ROEA),6.22,Tỷ suất sinh lợi trên tổng tài sản bình quân (ROAA),182.0,Doanh thu thuần về bán hàng và cung cấp dịch vụ,104.0,Lợi nhuận gộp về bán hàng và cung cấp dịch vụ,120.0,Tổng lợi nhuận kế toán trước thuế,96.0,Lợi nhuận sau thuế thu nhập doanh nghiệp,96.0,Lợi nhuận sau thuế của cổ đông Công ty mẹ,229.0,Nợ phải trả,57.38,Tỷ suất lợi nhuận gộp biên,52.66,Tỷ suất sinh lợi trên doanh thu thuần,15.3,Tỷ số Nợ trên Tổng tài sản,,,,18.954248366013072,22.972972972972983,54.83870967741935,43.28358208955223,CURRENT,COMPLETE,,,,YES
DWS,Nước,NORMAL,2026Q2,2026,Q2,292380,False,Chưa kiểm toán,1107.0,Tổng cộng tài sản,387.0,Vốn chủ sở hữu,2441.45,Thu nhập trên mỗi cổ phần của 4 quý gần nhất (EPS),14940.0,Giá trị sổ sách của cổ phiếu (BVPS),5.41,Chỉ số giá thị trường trên thu nhập (P/E),0.88,Chỉ số giá thị trường trên giá trị sổ sách (P/B),5.33,Tỷ suất lợi nhuận trên vốn chủ sở hữu bình quân (ROEA),1.93,Tỷ suất sinh lợi trên tổng tài sản bình quân (ROAA),139.0,Doanh thu thuần về bán hàng và cung cấp dịch vụ,48.0,Lợi nhuận gộp về bán hàng và cung cấp dịch vụ,23.0,Tổng lợi nhuận kế toán trước thuế,21.0,Lợi nhuận sau thuế thu nhập doanh nghiệp,21.0,Lợi nhuận sau thuế của cổ đông Công ty mẹ,720.0,Nợ phải trả,34.72,Tỷ suất lợi nhuận gộp biên,15.06,Tỷ suất sinh lợi trên doanh thu thuần,65.02,Tỷ số Nợ trên Tổng tài sản,29.05,Tỷ số Nợ vay trên Vốn chủ sở hữu,,13.934426229508201,12.096774193548377,61.53846153846154,16.666666666666675,CURRENT,COMPLETE,,,,YES
EFI,Dịch vụ công nghiệp,NORMAL,2016Q1,2016,Q1,87485,True,Chưa kiểm toán,166.0,Tổng cộng tài sản,164.0,Vốn chủ sở hữu,570.7,Thu nhập trên mỗi cổ phần của 4 quý gần nhất (EPS),15037.1,Giá trị sổ sách của cổ phiếu (BVPS),14.19,Chỉ số giá thị trường trên thu nhập (P/E),0.0,Chỉ số giá thị trường trên giá trị sổ sách (P/B),0.26,Tỷ suất lợi nhuận trên vốn chủ sở hữu bình quân (ROEA),0.25,Tỷ suất sinh lợi trên tổng tài sản bình quân (ROAA),4.0,Doanh thu thuần về bán hàng và cung cấp dịch vụ,0.0,Lợi nhuận gộp về bán hàng và cung cấp dịch vụ,1.0,Tổng lợi nhuận kế toán trước thuế,0.0,Lợi nhuận sau thuế thu nhập doanh nghiệp,0.0,Lợi nhuận sau thuế của cổ đông Công ty mẹ,2.0,Nợ phải trả,0.96,Tỷ suất lợi nhuận gộp biên,11.92,Tỷ suất sinh lợi trên doanh thu thuần,1.15,Tỷ số Nợ trên Tổng tài sản,0.0,Tỷ số Nợ vay trên Vốn chủ sở hữu,,33.33333333333333,33.33333333333333,-100.0,-100.0,STALE,COMPLETE,,,,REVIEW
EIC,Dịch vụ công nghiệp,NORMAL,2026Q2,2026,Q2,292228,False,Chưa kiểm toán,471.0,Tổng cộng tài sản,421.0,Vốn chủ sở hữu,857.18,Thu nhập trên mỗi cổ phần của 4 quý gần nhất (EPS),11481.0,Giá trị sổ sách của cổ phiếu (BVPS),22.17,Chỉ số giá thị trường trên thu nhập (P/E),1.65,Chỉ số giá thị trường trên giá trị sổ sách (P/B),4.44,Tỷ suất lợi nhuận trên vốn chủ sở hữu bình quân (ROEA),4.15,Tỷ suất sinh lợi trên tổng tài sản bình quân (ROAA),0.0,Doanh thu thuần về bán hàng và cung cấp dịch vụ,0.0,Lợi nhuận gộp về bán hàng và cung cấp dịch vụ,19.0,Tổng lợi nhuận kế toán trước thuế,19.0,Lợi nhuận sau thuế thu nhập doanh nghiệp,19.0,Lợi nhuận sau thuế của cổ đông Công ty mẹ,50.0,Nợ phải trả,63.33,Tỷ suất lợi nhuận gộp biên,6954.93,Tỷ suất sinh lợi trên doanh thu thuần,10.55,Tỷ số Nợ trên Tổng tài sản,,,,-100.0,-100.0,,-54.761904761904766,CURRENT,COMPLETE,,,,YES
EIN,Du lịch & Giải trí,NORMAL,2026Q2,2026,Q2,294274,True,Chưa kiểm toán,1150.0,Tổng cộng tài sản,215.0,Vốn chủ sở hữu,-1993.08,Thu nhập trên mỗi cổ phần của 4 quý gần nhất (EPS),4734.0,Giá trị sổ sách của cổ phiếu (BVPS),-1.0,Chỉ số giá thị trường trên thu nhập (P/E),0.42,Chỉ số giá thị trường trên giá trị sổ sách (P/B),-13.99,Tỷ suất lợi nhuận trên vốn chủ sở hữu bình quân (ROEA),-2.75,Tỷ suất sinh lợi trên tổng tài sản bình quân (ROAA),29.0,Doanh thu thuần về bán hàng và cung cấp dịch vụ,14.0,Lợi nhuận gộp về bán hàng và cung cấp dịch vụ,-30.0,Tổng lợi nhuận kế toán trước thuế,-32.0,Lợi nhuận sau thuế thu nhập doanh nghiệp,-32.0,Lợi nhuận sau thuế của cổ đông Công ty mẹ,935.0,Nợ phải trả,49.81,Tỷ suất lợi nhuận gộp biên,-113.02,Tỷ suất sinh lợi trên doanh thu thuần,81.3,Tỷ số Nợ trên Tổng tài sản,77.97,Tỷ số Nợ vay trên Vốn chủ sở hữu,,2800.0,,-3300.0,700.0,CURRENT,COMPLETE,,,,YES
EMS,Cảng & Logistics,NORMAL,2026Q2,2026,Q2,294338,False,Chưa kiểm toán,862.0,Tổng cộng tài sản,340.0,Vốn chủ sở hữu,4300.48,Thu nhập trên mỗi cổ phần của 4 quý gần nhất (EPS),16214.0,Giá trị sổ sách của cổ phiếu (BVPS),4.3,Chỉ số giá thị trường trên thu nhập (P/E),1.14,Chỉ số giá thị trường trên giá trị sổ sách (P/B),7.57,Tỷ suất lợi nhuận trên vốn chủ sở hữu bình quân (ROEA),3.12,Tỷ suất sinh lợi trên tổng tài sản bình quân (ROAA),595.0,Doanh thu thuần về bán hàng và cung cấp dịch vụ,73.0,Lợi nhuận gộp về bán hàng và cung cấp dịch vụ,33.0,Tổng lợi nhuận kế toán trước thuế,26.0,Lợi nhuận sau thuế thu nhập doanh nghiệp,26.0,Lợi nhuận sau thuế của cổ đông Công ty mẹ,521.0,Nợ phải trả,12.32,Tỷ suất lợi nhuận gộp biên,4.38,Tỷ suất sinh lợi trên doanh thu thuần,60.48,Tỷ số Nợ trên Tổng tài sản,,,,23.70062370062369,22.68041237113403,73.33333333333334,160.0,CURRENT,COMPLETE,,,,YES
EVE,Dệt may,NORMAL,2026Q2,2026,Q2,293000,True,Chưa kiểm toán,1256.0,Tổng cộng tài sản,932.0,Vốn chủ sở hữu,897.1,Thu nhập trên mỗi cổ phần của 4 quý gần nhất (EPS),22195.0,Giá trị sổ sách của cổ phiếu (BVPS),9.65,Chỉ số giá thị trường trên thu nhập (P/E),0.39,Chỉ số giá thị trường trên giá trị sổ sách (P/B),1.13,Tỷ suất lợi nhuận trên vốn chủ sở hữu bình quân (ROEA),0.85,Tỷ suất sinh lợi trên tổng tài sản bình quân (ROAA),192.0,Doanh thu thuần về bán hàng và cung cấp dịch vụ,70.0,Lợi nhuận gộp về bán hàng và cung cấp dịch vụ,16.0,Tổng lợi nhuận kế toán trước thuế,11.0,Lợi nhuận sau thuế thu nhập doanh nghiệp,11.0,Lợi nhuận sau thuế của cổ đông Công ty mẹ,324.0,Nợ phải trả,36.66,Tỷ suất lợi nhuận gộp biên,5.72,Tỷ suất sinh lợi trên doanh thu thuần,25.8,Tỷ số Nợ trên Tổng tài sản,24.82,Tỷ số Nợ vay trên Vốn chủ sở hữu,,26.315789473684205,0.0,1000.0,-15.384615384615385,CURRENT,COMPLETE,,,,YES
FCM,Vật liệu xây dựng,NORMAL,2026Q2,2026,Q2,292958,True,Chưa kiểm toán,648.0,Tổng cộng tài sản,547.0,Vốn chủ sở hữu,380.03,Thu nhập trên mỗi cổ phần của 4 quý gần nhất (EPS),11825.0,Giá trị sổ sách của cổ phiếu (BVPS),8.55,Chỉ số giá thị trường trên thu nhập (P/E),0.27,Chỉ số giá thị trường trên giá trị sổ sách (P/B),0.6,Tỷ suất lợi nhuận trên vốn chủ sở hữu bình quân (ROEA),0.52,Tỷ suất sinh lợi trên tổng tài sản bình quân (ROAA),145.0,Doanh thu thuần về bán hàng và cung cấp dịch vụ,7.0,Lợi nhuận gộp về bán hàng và cung cấp dịch vụ,4.0,Tổng lợi nhuận kế toán trước thuế,3.0,Lợi nhuận sau thuế thu nhập doanh nghiệp,3.0,Lợi nhuận sau thuế của cổ đông Công ty mẹ,102.0,Nợ phải trả,4.72,Tỷ suất lợi nhuận gộp biên,2.26,Tỷ suất sinh lợi trên doanh thu thuần,15.69,Tỷ số Nợ trên Tổng tài sản,,,,18.852459016393453,25.0,-25.0,-25.0,CURRENT,COMPLETE,,,,YES
FCS,Thương mại & Phân phối,NORMAL,2026Q2,2026,Q2,292214,False,Chưa kiểm toán,699.0,Tổng cộng tài sản,66.0,Vốn chủ sở hữu,382.81,Thu nhập trên mỗi cổ phần của 4 quý gần nhất (EPS),2232.0,Giá trị sổ sách của cổ phiếu (BVPS),17.5,Chỉ số giá thị trường trên thu nhập (P/E),3.0,Chỉ số giá thị trường trên giá trị sổ sách (P/B),8.34,Tỷ suất lợi nhuận trên vốn chủ sở hữu bình quân (ROEA),0.75,Tỷ suất sinh lợi trên tổng tài sản bình quân (ROAA),89.0,Doanh thu thuần về bán hàng và cung cấp dịch vụ,17.0,Lợi nhuận gộp về bán hàng và cung cấp dịch vụ,5.0,Tổng lợi nhuận kế toán trước thuế,5.0,Lợi nhuận sau thuế thu nhập doanh nghiệp,5.0,Lợi nhuận sau thuế của cổ đông Công ty mẹ,633.0,Nợ phải trả,18.59,Tỷ suất lợi nhuận gộp biên,5.92,Tỷ suất sinh lợi trên doanh thu thuần,90.59,Tỷ số Nợ trên Tổng tài sản,1.37,Tỷ số Nợ vay trên Vốn chủ sở hữu,,11.250000000000004,21.91780821917808,-600.0,-200.0,CURRENT,COMPLETE,,,,YES
FDC,Bất động sản,NORMAL,2026Q2,2026,Q2,291558,False,Chưa kiểm toán,1050.0,Tổng cộng tài sản,674.0,Vốn chủ sở hữu,5250.06,Thu nhập trên mỗi cổ phần của 4 quý gần nhất (EPS),17459.0,Giá trị sổ sách của cổ phiếu (BVPS),3.62,Chỉ số giá thị trường trên thu nhập (P/E),1.09,Chỉ số giá thị trường trên giá trị sổ sách (P/B),0.6,Tỷ suất lợi nhuận trên vốn chủ sở hữu bình quân (ROEA),0.39,Tỷ suất sinh lợi trên tổng tài sản bình quân (ROAA),18.0,Doanh thu thuần về bán hàng và cung cấp dịch vụ,13.0,Lợi nhuận gộp về bán hàng và cung cấp dịch vụ,5.0,Tổng lợi nhuận kế toán trước thuế,4.0,Lợi nhuận sau thuế thu nhập doanh nghiệp,4.0,Lợi nhuận sau thuế của cổ đông Công ty mẹ,376.0,Nợ phải trả,72.05,Tỷ suất lợi nhuận gộp biên,22.41,Tỷ suất sinh lợi trên doanh thu thuần,35.78,Tỷ số Nợ trên Tổng tài sản,7.86,Tỷ số Nợ vay trên Vốn chủ sở hữu,,0.0,-5.263157894736848,-42.85714285714286,-63.63636363636363,CURRENT,COMPLETE,,,,YES
FIC,Vật liệu xây dựng,NORMAL,2026Q2,2026,Q2,294580,True,Chưa kiểm toán,2674.0,Tổng cộng tài sản,1674.0,Vốn chủ sở hữu,1103.91,Thu nhập trên mỗi cổ phần của 4 quý gần nhất (EPS),13179.0,Giá trị sổ sách của cổ phiếu (BVPS),16.58,Chỉ số giá thị trường trên thu nhập (P/E),1.39,Chỉ số giá thị trường trên giá trị sổ sách (P/B),4.0,Tỷ suất lợi nhuận trên vốn chủ sở hữu bình quân (ROEA),2.46,Tỷ suất sinh lợi trên tổng tài sản bình quân (ROAA),217.0,Doanh thu thuần về bán hàng và cung cấp dịch vụ,66.0,Lợi nhuận gộp về bán hàng và cung cấp dịch vụ,86.0,Tổng lợi nhuận kế toán trước thuế,78.0,Lợi nhuận sau thuế thu nhập doanh nghiệp,67.0,Lợi nhuận sau thuế của cổ đông Công ty mẹ,1000.0,Nợ phải trả,30.22,Tỷ suất lợi nhuận gộp biên,36.01,Tỷ suất sinh lợi trên doanh thu thuần,37.41,Tỷ số Nợ trên Tổng tài sản,38.85,Tỷ số Nợ vay trên Vốn chủ sở hữu,,-3.125,-36.549707602339176,294.11764705882354,28.846153846153854,CURRENT,COMPLETE,,,,YES
FID,Thương mại & Phân phối,NORMAL,2026Q2,2026,Q2,292112,False,Chưa kiểm toán,168.0,Tổng cộng tài sản,156.0,Vốn chủ sở hữu,-1760.29,Thu nhập trên mỗi cổ phần của 4 quý gần nhất (EPS),6314.0,Giá trị sổ sách của cổ phiếu (BVPS),-0.8,Chỉ số giá thị trường trên thu nhập (P/E),0.22,Chỉ số giá thị trường trên giá trị sổ sách (P/B),-16.89,Tỷ suất lợi nhuận trên vốn chủ sở hữu bình quân (ROEA),-12.81,Tỷ suất sinh lợi trên tổng tài sản bình quân (ROAA),5.0,Doanh thu thuần về bán hàng và cung cấp dịch vụ,0.0,Lợi nhuận gộp về bán hàng và cung cấp dịch vụ,-33.0,Tổng lợi nhuận kế toán trước thuế,-33.0,Lợi nhuận sau thuế thu nhập doanh nghiệp,-33.0,Lợi nhuận sau thuế của cổ đông Công ty mẹ,12.0,Nợ phải trả,2.29,Tỷ suất lợi nhuận gộp biên,-625.4,Tỷ suất sinh lợi trên doanh thu thuần,7.27,Tỷ số Nợ trên Tổng tài sản,,,,0.0,-78.26086956521739,725.0,1000.0,CURRENT,COMPLETE,,,,YES
FIR,Bất động sản,NORMAL,2026Q2,2026,Q2,289518,True,Chưa kiểm toán,1251.0,Tổng cộng tài sản,747.0,Vốn chủ sở hữu,308.64,Thu nhập trên mỗi cổ phần của 4 quý gần nhất (EPS),10573.0,Giá trị sổ sách của cổ phiếu (BVPS),16.85,Chỉ số giá thị trường trên thu nhập (P/E),0.49,Chỉ số giá thị trường trên giá trị sổ sách (P/B),0.33,Tỷ suất lợi nhuận trên vốn chủ sở hữu bình quân (ROEA),0.2,Tỷ suất sinh lợi trên tổng tài sản bình quân (ROAA),31.0,Doanh thu thuần về bán hàng và cung cấp dịch vụ,14.0,Lợi nhuận gộp về bán hàng và cung cấp dịch vụ,4.0,Tổng lợi nhuận kế toán trước thuế,2.0,Lợi nhuận sau thuế thu nhập doanh nghiệp,2.0,Lợi nhuận sau thuế của cổ đông Công ty mẹ,504.0,Nợ phải trả,47.12,Tỷ suất lợi nhuận gộp biên,8.13,Tỷ suất sinh lợi trên doanh thu thuần,40.29,Tỷ số Nợ trên Tổng tài sản,17.38,Tỷ số Nợ vay trên Vốn chủ sở hữu,,47.61904761904763,-32.608695652173914,100.0,-89.47368421052632,CURRENT,COMPLETE,,,,YES
FMC,Thực phẩm & đồ uống,NORMAL,2026Q2,2026,Q2,291468,True,Chưa kiểm toán,5462.0,Tổng cộng tài sản,2637.0,Vốn chủ sở hữu,6901.84,Thu nhập trên mỗi cổ phần của 4 quý gần nhất (EPS),40333.0,Giá trị sổ sách của cổ phiếu (BVPS),5.18,Chỉ số giá thị trường trên thu nhập (P/E),0.89,Chỉ số giá thị trường trên giá trị sổ sách (P/B),5.84,Tỷ suất lợi nhuận trên vốn chủ sở hữu bình quân (ROEA),3.12,Tỷ suất sinh lợi trên tổng tài sản bình quân (ROAA),1675.0,Doanh thu thuần về bán hàng và cung cấp dịch vụ,250.0,Lợi nhuận gộp về bán hàng và cung cấp dịch vụ,174.0,Tổng lợi nhuận kế toán trước thuế,174.0,Lợi nhuận sau thuế thu nhập doanh nghiệp,155.0,Lợi nhuận sau thuế của cổ đông Công ty mẹ,2825.0,Nợ phải trả,14.95,Tỷ suất lợi nhuận gộp biên,10.4,Tỷ suất sinh lợi trên doanh thu thuần,51.72,Tỷ số Nợ trên Tổng tài sản,74.17,Tỷ số Nợ vay trên Vốn chủ sở hữu,,19.728377412437446,-10.71428571428571,278.04878048780483,93.75,CURRENT,COMPLETE,,,,YES
FOC,Truyền thông,NORMAL,2026Q2,2026,Q2,292252,False,Chưa kiểm toán,967.0,Tổng cộng tài sản,849.0,Vốn chủ sở hữu,9349.58,Thu nhập trên mỗi cổ phần của 4 quý gần nhất (EPS),46112.0,Giá trị sổ sách của cổ phiếu (BVPS),7.85,Chỉ số giá thị trường trên thu nhập (P/E),1.59,Chỉ số giá thị trường trên giá trị sổ sách (P/B),5.68,Tỷ suất lợi nhuận trên vốn chủ sở hữu bình quân (ROEA),5.03,Tỷ suất sinh lợi trên tổng tài sản bình quân (ROAA),207.0,Doanh thu thuần về bán hàng và cung cấp dịch vụ,106.0,Lợi nhuận gộp về bán hàng và cung cấp dịch vụ,59.0,Tổng lợi nhuận kế toán trước thuế,47.0,Lợi nhuận sau thuế thu nhập doanh nghiệp,47.0,Lợi nhuận sau thuế của cổ đông Công ty mẹ,117.0,Nợ phải trả,51.15,Tỷ suất lợi nhuận gộp biên,22.65,Tỷ suất sinh lợi trên doanh thu thuần,12.14,Tỷ số Nợ trên Tổng tài sản,,,,48.92086330935253,-1.4285714285714235,46.875,4.444444444444451,CURRENT,COMPLETE,,,,YES
FTM,Dệt may,NORMAL,2026Q2,2026,Q2,292150,False,Chưa kiểm toán,542.0,Tổng cộng tài sản,-1056.0,Vốn chủ sở hữu,-2740.88,Thu nhập trên mỗi cổ phần của 4 quý gần nhất (EPS),-21119.0,Giá trị sổ sách của cổ phiếu (BVPS),-0.15,Chỉ số giá thị trường trên thu nhập (P/E),-0.02,Chỉ số giá thị trường trên giá trị sổ sách (P/B),3.18,Tỷ suất lợi nhuận trên vốn chủ sở hữu bình quân (ROEA),-6.0,Tỷ suất sinh lợi trên tổng tài sản bình quân (ROAA),47.0,Doanh thu thuần về bán hàng và cung cấp dịch vụ,1.0,Lợi nhuận gộp về bán hàng và cung cấp dịch vụ,-33.0,Tổng lợi nhuận kế toán trước thuế,-33.0,Lợi nhuận sau thuế thu nhập doanh nghiệp,-33.0,Lợi nhuận sau thuế của cổ đông Công ty mẹ,1598.0,Nợ phải trả,2.56,Tỷ suất lợi nhuận gộp biên,-70.18,Tỷ suất sinh lợi trên doanh thu thuần,294.9,Tỷ số Nợ trên Tổng tài sản,-75.46,Tỷ số Nợ vay trên Vốn chủ sở hữu,,6.818181818181812,2.1739130434782705,0.0,266.66666666666663,CURRENT,COMPLETE,,,,YES
G36,Xây dựng,NORMAL,2026Q2,2026,Q2,293822,True,Chưa kiểm toán,3894.0,Tổng cộng tài sản,1095.0,Vốn chủ sở hữu,211.88,Thu nhập trên mỗi cổ phần của 4 quý gần nhất (EPS),10559.0,Giá trị sổ sách của cổ phiếu (BVPS),48.14,Chỉ số giá thị trường trên thu nhập (P/E),0.97,Chỉ số giá thị trường trên giá trị sổ sách (P/B),0.26,Tỷ suất lợi nhuận trên vốn chủ sở hữu bình quân (ROEA),0.07,Tỷ suất sinh lợi trên tổng tài sản bình quân (ROAA),282.0,Doanh thu thuần về bán hàng và cung cấp dịch vụ,47.0,Lợi nhuận gộp về bán hàng và cung cấp dịch vụ,8.0,Tổng lợi nhuận kế toán trước thuế,3.0,Lợi nhuận sau thuế thu nhập doanh nghiệp,3.0,Lợi nhuận sau thuế của cổ đông Công ty mẹ,2799.0,Nợ phải trả,16.81,Tỷ suất lợi nhuận gộp biên,1.03,Tỷ suất sinh lợi trên doanh thu thuần,71.87,Tỷ số Nợ trên Tổng tài sản,84.41,Tỷ số Nợ vay trên Vốn chủ sở hữu,,77.35849056603774,-54.9520766773163,-81.25,-40.0,CURRENT,COMPLETE,,,,YES
GCF,Thực phẩm & đồ uống,NORMAL,2026Q2,2026,Q2,294623,True,Chưa kiểm toán,818.0,Tổng cộng tài sản,686.0,Vốn chủ sở hữu,2652.65,Thu nhập trên mỗi cổ phần của 4 quý gần nhất (EPS),15865.0,Giá trị sổ sách của cổ phiếu (BVPS),6.94,Chỉ số giá thị trường trên thu nhập (P/E),1.16,Chỉ số giá thị trường trên giá trị sổ sách (P/B),3.06,Tỷ suất lợi nhuận trên vốn chủ sở hữu bình quân (ROEA),2.51,Tỷ suất sinh lợi trên tổng tài sản bình quân (ROAA),210.0,Doanh thu thuần về bán hàng và cung cấp dịch vụ,63.0,Lợi nhuận gộp về bán hàng và cung cấp dịch vụ,26.0,Tổng lợi nhuận kế toán trước thuế,20.0,Lợi nhuận sau thuế thu nhập doanh nghiệp,21.0,Lợi nhuận sau thuế của cổ đông Công ty mẹ,131.0,Nợ phải trả,30.14,Tỷ suất lợi nhuận gộp biên,9.52,Tỷ suất sinh lợi trên doanh thu thuần,16.07,Tỷ số Nợ trên Tổng tài sản,5.73,Tỷ số Nợ vay trên Vốn chủ sở hữu,,12.903225806451623,5.000000000000004,-32.25806451612904,-27.586206896551722,CURRENT,COMPLETE,,,,YES
GDA,Kim loại & Khoáng sản,NORMAL,2026Q2,2026,Q2,293820,True,Chưa kiểm toán,11950.0,Tổng cộng tài sản,4084.0,Vốn chủ sở hữu,1904.19,Thu nhập trên mỗi cổ phần của 4 quý gần nhất (EPS),27393.0,Giá trị sổ sách của cổ phiếu (BVPS),7.14,Chỉ số giá thị trường trên thu nhập (P/E),0.5,Chỉ số giá thị trường trên giá trị sổ sách (P/B),2.3,Tỷ suất lợi nhuận trên vốn chủ sở hữu bình quân (ROEA),0.79,Tỷ suất sinh lợi trên tổng tài sản bình quân (ROAA),3066.0,Doanh thu thuần về bán hàng và cung cấp dịch vụ,276.0,Lợi nhuận gộp về bán hàng và cung cấp dịch vụ,117.0,Tổng lợi nhuận kế toán trước thuế,92.0,Lợi nhuận sau thuế thu nhập doanh nghiệp,93.0,Lợi nhuận sau thuế của cổ đông Công ty mẹ,7866.0,Nợ phải trả,9.0,Tỷ suất lợi nhuận gộp biên,3.0,Tỷ suất sinh lợi trên doanh thu thuần,65.82,Tỷ số Nợ trên Tổng tài sản,139.45,Tỷ số Nợ vay trên Vốn chủ sở hữu,,-14.572304263025915,-27.977448907681467,78.84615384615385,5.681818181818188,CURRENT,COMPLETE,,,,YES
GDT,Hàng tiêu dùng lâu bền,NORMAL,2026Q2,2026,Q2,293438,True,Chưa kiểm toán,638.0,Tổng cộng tài sản,358.0,Vốn chủ sở hữu,3157.38,Thu nhập trên mỗi cổ phần của 4 quý gần nhất (EPS),14526.0,Giá trị sổ sách của cổ phiếu (BVPS),5.31,Chỉ số giá thị trường trên thu nhập (P/E),1.15,Chỉ số giá thị trường trên giá trị sổ sách (P/B),5.22,Tỷ suất lợi nhuận trên vốn chủ sở hữu bình quân (ROEA),2.78,Tỷ suất sinh lợi trên tổng tài sản bình quân (ROAA),77.0,Doanh thu thuần về bán hàng và cung cấp dịch vụ,36.0,Lợi nhuận gộp về bán hàng và cung cấp dịch vụ,23.0,Tổng lợi nhuận kế toán trước thuế,18.0,Lợi nhuận sau thuế thu nhập doanh nghiệp,18.0,Lợi nhuận sau thuế của cổ đông Công ty mẹ,280.0,Nợ phải trả,45.88,Tỷ suất lợi nhuận gộp biên,23.74,Tỷ suất sinh lợi trên doanh thu thuần,43.92,Tỷ số Nợ trên Tổng tài sản,57.68,Tỷ số Nợ vay trên Vốn chủ sở hữu,,14.925373134328357,8.450704225352123,5.882352941176472,5.882352941176472,CURRENT,COMPLETE,,,,YES
GGG,Ô tô & Phụ tùng,NORMAL,2026Q2,2026,Q2,291224,False,Chưa kiểm toán,36.0,Tổng cộng tài sản,-75.0,Vốn chủ sở hữu,-499.29,Thu nhập trên mỗi cổ phần của 4 quý gần nhất (EPS),-2548.0,Giá trị sổ sách của cổ phiếu (BVPS),-5.21,Chỉ số giá thị trường trên thu nhập (P/E),-1.02,Chỉ số giá thị trường trên giá trị sổ sách (P/B),7.33,Tỷ suất lợi nhuận trên vốn chủ sở hữu bình quân (ROEA),-19.95,Tỷ suất sinh lợi trên tổng tài sản bình quân (ROAA),0.0,Doanh thu thuần về bán hàng và cung cấp dịch vụ,-1.0,Lợi nhuận gộp về bán hàng và cung cấp dịch vụ,-5.0,Tổng lợi nhuận kế toán trước thuế,-5.0,Lợi nhuận sau thuế thu nhập doanh nghiệp,-5.0,Lợi nhuận sau thuế của cổ đông Công ty mẹ,110.0,Nợ phải trả,-755.21,Tỷ suất lợi nhuận gộp biên,-3700.68,Tỷ suất sinh lợi trên doanh thu thuần,310.91,Tỷ số Nợ trên Tổng tài sản,-84.87,Tỷ số Nợ vay trên Vốn chủ sở hữu,,,-100.0,25.0,25.0,CURRENT,COMPLETE,,,,YES
GHC,Điện,NORMAL,2026Q2,2026,Q2,293413,True,Chưa kiểm toán,1587.0,Tổng cộng tài sản,1233.0,Vốn chủ sở hữu,3250.45,Thu nhập trên mỗi cổ phần của 4 quý gần nhất (EPS),25871.0,Giá trị sổ sách của cổ phiếu (BVPS),8.11,Chỉ số giá thị trường trên thu nhập (P/E),1.02,Chỉ số giá thị trường trên giá trị sổ sách (P/B),1.85,Tỷ suất lợi nhuận trên vốn chủ sở hữu bình quân (ROEA),1.42,Tỷ suất sinh lợi trên tổng tài sản bình quân (ROAA),72.0,Doanh thu thuần về bán hàng và cung cấp dịch vụ,35.0,Lợi nhuận gộp về bán hàng và cung cấp dịch vụ,25.0,Tổng lợi nhuận kế toán trước thuế,22.0,Lợi nhuận sau thuế thu nhập doanh nghiệp,22.0,Lợi nhuận sau thuế của cổ đông Công ty mẹ,354.0,Nợ phải trả,48.69,Tỷ suất lợi nhuận gộp biên,30.46,Tỷ suất sinh lợi trên doanh thu thuần,22.28,Tỷ số Nợ trên Tổng tài sản,22.75,Tỷ số Nợ vay trên Vốn chủ sở hữu,,-17.24137931034483,-4.0000000000000036,-54.16666666666667,-33.333333333333336,CURRENT,COMPLETE,,,,YES
GIC,Cảng & Logistics,NORMAL,2026Q2,2026,Q2,291724,False,Chưa kiểm toán,392.0,Tổng cộng tài sản,368.0,Vốn chủ sở hữu,997.69,Thu nhập trên mỗi cổ phần của 4 quý gần nhất (EPS),14441.0,Giá trị sổ sách của cổ phiếu (BVPS),12.33,Chỉ số giá thị trường trên thu nhập (P/E),0.85,Chỉ số giá thị trường trên giá trị sổ sách (P/B),1.17,Tỷ suất lợi nhuận trên vốn chủ sở hữu bình quân (ROEA),1.08,Tỷ suất sinh lợi trên tổng tài sản bình quân (ROAA),46.0,Doanh thu thuần về bán hàng và cung cấp dịch vụ,23.0,Lợi nhuận gộp về bán hàng và cung cấp dịch vụ,4.0,Tổng lợi nhuận kế toán trước thuế,4.0,Lợi nhuận sau thuế thu nhập doanh nghiệp,4.0,Lợi nhuận sau thuế của cổ đông Công ty mẹ,24.0,Nợ phải trả,49.53,Tỷ suất lợi nhuận gộp biên,7.93,Tỷ suất sinh lợi trên doanh thu thuần,6.17,Tỷ số Nợ trên Tổng tài sản,,,,14.999999999999991,21.052631578947366,100.0,0.0,CURRENT,COMPLETE,,,,YES
GKM,Vật liệu xây dựng,NORMAL,2026Q2,2026,Q2,292272,False,Chưa kiểm toán,415.0,Tổng cộng tài sản,298.0,Vốn chủ sở hữu,-78.07,Thu nhập trên mỗi cổ phần của 4 quý gần nhất (EPS),9476.0,Giá trị sổ sách của cổ phiếu (BVPS),-16.65,Chỉ số giá thị trường trên thu nhập (P/E),0.14,Chỉ số giá thị trường trên giá trị sổ sách (P/B),-0.49,Tỷ suất lợi nhuận trên vốn chủ sở hữu bình quân (ROEA),-0.35,Tỷ suất sinh lợi trên tổng tài sản bình quân (ROAA),2.0,Doanh thu thuần về bán hàng và cung cấp dịch vụ,1.0,Lợi nhuận gộp về bán hàng và cung cấp dịch vụ,-1.0,Tổng lợi nhuận kế toán trước thuế,-1.0,Lợi nhuận sau thuế thu nhập doanh nghiệp,-1.0,Lợi nhuận sau thuế của cổ đông Công ty mẹ,118.0,Nợ phải trả,51.37,Tỷ suất lợi nhuận gộp biên,-63.85,Tỷ suất sinh lợi trên doanh thu thuần,28.31,Tỷ số Nợ trên Tổng tài sản,21.06,Tỷ số Nợ vay trên Vốn chủ sở hữu,,0.0,0.0,-50.0,0.0,CURRENT,COMPLETE,,,,YES
GMC,Dệt may,NORMAL,2026Q2,2026,Q2,292156,False,Chưa kiểm toán,326.0,Tổng cộng tài sản,315.0,Vốn chủ sở hữu,-1090.87,Thu nhập trên mỗi cổ phần của 4 quý gần nhất (EPS),9568.0,Giá trị sổ sách của cổ phiếu (BVPS),-3.67,Chỉ số giá thị trường trên thu nhập (P/E),0.42,Chỉ số giá thị trường trên giá trị sổ sách (P/B),-6.35,Tỷ suất lợi nhuận trên vốn chủ sở hữu bình quân (ROEA),-6.15,Tỷ suất sinh lợi trên tổng tài sản bình quân (ROAA),1.0,Doanh thu thuần về bán hàng và cung cấp dịch vụ,1.0,Lợi nhuận gộp về bán hàng và cung cấp dịch vụ,-21.0,Tổng lợi nhuận kế toán trước thuế,-21.0,Lợi nhuận sau thuế thu nhập doanh nghiệp,-21.0,Lợi nhuận sau thuế của cổ đông Công ty mẹ,11.0,Nợ phải trả,96.52,Tỷ suất lợi nhuận gộp biên,-3494.42,Tỷ suất sinh lợi trên doanh thu thuần,3.25,Tỷ số Nợ trên Tổng tài sản,,,,,0.0,250.0,425.0,CURRENT,COMPLETE,,,,YES
GPC,Thương mại & Phân phối,NORMAL,2026Q2,2026,Q2,294278,True,Chưa kiểm toán,680.0,Tổng cộng tài sản,598.0,Vốn chủ sở hữu,76.9,Thu nhập trên mỗi cổ phần của 4 quý gần nhất (EPS),11063.0,Giá trị sổ sách của cổ phiếu (BVPS),26.01,Chỉ số giá thị trường trên thu nhập (P/E),0.18,Chỉ số giá thị trường trên giá trị sổ sách (P/B),0.08,Tỷ suất lợi nhuận trên vốn chủ sở hữu bình quân (ROEA),0.07,Tỷ suất sinh lợi trên tổng tài sản bình quân (ROAA),37.0,Doanh thu thuần về bán hàng và cung cấp dịch vụ,3.0,Lợi nhuận gộp về bán hàng và cung cấp dịch vụ,1.0,Tổng lợi nhuận kế toán trước thuế,1.0,Lợi nhuận sau thuế thu nhập doanh nghiệp,0.0,Lợi nhuận sau thuế của cổ đông Công ty mẹ,82.0,Nợ phải trả,7.3,Tỷ suất lợi nhuận gộp biên,1.85,Tỷ suất sinh lợi trên doanh thu thuần,12.05,Tỷ số Nợ trên Tổng tài sản,12.18,Tỷ số Nợ vay trên Vốn chủ sở hữu,,37.037037037037045,68.18181818181819,-100.0,-100.0,CURRENT,COMPLETE,,,,YES
GSM,Điện,NORMAL,2026Q2,2026,Q2,291087,False,Chưa kiểm toán,779.0,Tổng cộng tài sản,605.0,Vốn chủ sở hữu,3592.64,Thu nhập trên mỗi cổ phần của 4 quý gần nhất (EPS),21184.0,Giá trị sổ sách của cổ phiếu (BVPS),8.38,Chỉ số giá thị trường trên thu nhập (P/E),1.42,Chỉ số giá thị trường trên giá trị sổ sách (P/B),3.04,Tỷ suất lợi nhuận trên vốn chủ sở hữu bình quân (ROEA),2.34,Tỷ suất sinh lợi trên tổng tài sản bình quân (ROAA),45.0,Doanh thu thuần về bán hàng và cung cấp dịch vụ,25.0,Lợi nhuận gộp về bán hàng và cung cấp dịch vụ,23.0,Tổng lợi nhuận kế toán trước thuế,18.0,Lợi nhuận sau thuế thu nhập doanh nghiệp,18.0,Lợi nhuận sau thuế của cổ đông Công ty mẹ,174.0,Nợ phải trả,54.49,Tỷ suất lợi nhuận gộp biên,40.13,Tỷ suất sinh lợi trên doanh thu thuần,22.33,Tỷ số Nợ trên Tổng tài sản,26.29,Tỷ số Nợ vay trên Vốn chủ sở hữu,,-11.764705882352944,-16.666666666666664,-14.28571428571429,-35.71428571428571,CURRENT,COMPLETE,,,,YES
GSP,Dầu khí,NORMAL,2026Q2,2026,Q2,291039,False,Chưa kiểm toán,2329.0,Tổng cộng tài sản,944.0,Vốn chủ sở hữu,1238.42,Thu nhập trên mỗi cổ phần của 4 quý gần nhất (EPS),13977.0,Giá trị sổ sách của cổ phiếu (BVPS),9.0,Chỉ số giá thị trường trên thu nhập (P/E),0.8,Chỉ số giá thị trường trên giá trị sổ sách (P/B),1.55,Tỷ suất lợi nhuận trên vốn chủ sở hữu bình quân (ROEA),0.69,Tỷ suất sinh lợi trên tổng tài sản bình quân (ROAA),1488.0,Doanh thu thuần về bán hàng và cung cấp dịch vụ,53.0,Lợi nhuận gộp về bán hàng và cung cấp dịch vụ,19.0,Tổng lợi nhuận kế toán trước thuế,15.0,Lợi nhuận sau thuế thu nhập doanh nghiệp,15.0,Lợi nhuận sau thuế của cổ đông Công ty mẹ,1386.0,Nợ phải trả,3.56,Tỷ suất lợi nhuận gộp biên,0.98,Tỷ suất sinh lợi trên doanh thu thuần,59.49,Tỷ số Nợ trên Tổng tài sản,82.96,Tỷ số Nợ vay trên Vốn chủ sở hữu,,108.40336134453783,0.8813559322033981,-42.307692307692314,-44.44444444444444,CURRENT,COMPLETE,,,,YES
GTS,Xây dựng,NORMAL,2026Q2,2026,Q2,292368,True,Chưa kiểm toán,1260.0,Tổng cộng tài sản,362.0,Vốn chủ sở hữu,1692.28,Thu nhập trên mỗi cổ phần của 4 quý gần nhất (EPS),12693.0,Giá trị sổ sách của cổ phiếu (BVPS),6.5,Chỉ số giá thị trường trên thu nhập (P/E),0.87,Chỉ số giá thị trường trên giá trị sổ sách (P/B),3.21,Tỷ suất lợi nhuận trên vốn chủ sở hữu bình quân (ROEA),0.95,Tỷ suất sinh lợi trên tổng tài sản bình quân (ROAA),529.0,Doanh thu thuần về bán hàng và cung cấp dịch vụ,41.0,Lợi nhuận gộp về bán hàng và cung cấp dịch vụ,14.0,Tổng lợi nhuận kế toán trước thuế,11.0,Lợi nhuận sau thuế thu nhập doanh nghiệp,11.0,Lợi nhuận sau thuế của cổ đông Công ty mẹ,898.0,Nợ phải trả,7.69,Tỷ suất lợi nhuận gộp biên,2.17,Tỷ suất sinh lợi trên doanh thu thuần,71.28,Tỷ số Nợ trên Tổng tài sản,9.86,Tỷ số Nợ vay trên Vốn chủ sở hữu,,149.52830188679246,23.598130841121502,120.00000000000001,0.0,CURRENT,COMPLETE,,,,YES
HAC,Chứng khoán,SECURITIES,2026Q2,2026,Q2,291494,False,Chưa kiểm toán,2039.0,Tổng cộng tài sản,1335.0,Vốn chủ sở hữu,375.44,Thu nhập trên mỗi cổ phần của 4 quý gần nhất (EPS),10335.6,Giá trị sổ sách của cổ phiếu (BVPS),26.64,Chỉ số giá thị trường trên thu nhập (P/E),0.97,Chỉ số giá thị trường trên giá trị sổ sách (P/B),0.75,Tỷ suất lợi nhuận trên vốn chủ sở hữu bình quân (ROEA),0.5,Tỷ suất sinh lợi trên tổng tài sản bình quân (ROAA),45.0,Doanh thu thuần về hoạt động kinh doanh,,,15.0,Tổng lợi nhuận kế toán trước thuế,10.0,Lợi nhuận sau thuế TNDN,10.0,Lợi nhuận sau thuế của cổ đông Công ty mẹ,704.0,Nợ phải trả,,,,,,,,,,45.16129032258065,-13.461538461538458,-33.333333333333336,-77.27272727272727,CURRENT,COMPLETE,,,,YES
HAN,Xây dựng,NORMAL,2026Q2,2026,Q2,293828,True,Chưa kiểm toán,6869.0,Tổng cộng tài sản,1789.0,Vốn chủ sở hữu,314.76,Thu nhập trên mỗi cổ phần của 4 quý gần nhất (EPS),12686.0,Giá trị sổ sách của cổ phiếu (BVPS),26.37,Chỉ số giá thị trường trên thu nhập (P/E),0.65,Chỉ số giá thị trường trên giá trị sổ sách (P/B),0.74,Tỷ suất lợi nhuận trên vốn chủ sở hữu bình quân (ROEA),0.19,Tỷ suất sinh lợi trên tổng tài sản bình quân (ROAA),1148.0,Doanh thu thuần về bán hàng và cung cấp dịch vụ,11.0,Lợi nhuận gộp về bán hàng và cung cấp dịch vụ,15.0,Tổng lợi nhuận kế toán trước thuế,14.0,Lợi nhuận sau thuế thu nhập doanh nghiệp,13.0,Lợi nhuận sau thuế của cổ đông Công ty mẹ,5080.0,Nợ phải trả,0.95,Tỷ suất lợi nhuận gộp biên,1.22,Tỷ suất sinh lợi trên doanh thu thuần,73.95,Tỷ số Nợ trên Tổng tài sản,64.84,Tỷ số Nợ vay trên Vốn chủ sở hữu,,130.98591549295776,28.843995510662168,225.0,-35.0,CURRENT,COMPLETE,,,,YES
HAP,Gỗ & Giấy,NORMAL,2026Q2,2026,Q2,293424,True,Chưa kiểm toán,1354.0,Tổng cộng tài sản,1216.0,Vốn chủ sở hữu,-914.08,Thu nhập trên mỗi cổ phần của 4 quý gần nhất (EPS),10965.0,Giá trị sổ sách của cổ phiếu (BVPS),-7.48,Chỉ số giá thị trường trên thu nhập (P/E),0.62,Chỉ số giá thị trường trên giá trị sổ sách (P/B),1.58,Tỷ suất lợi nhuận trên vốn chủ sở hữu bình quân (ROEA),1.44,Tỷ suất sinh lợi trên tổng tài sản bình quân (ROAA),118.0,Doanh thu thuần về bán hàng và cung cấp dịch vụ,23.0,Lợi nhuận gộp về bán hàng và cung cấp dịch vụ,26.0,Tổng lợi nhuận kế toán trước thuế,19.0,Lợi nhuận sau thuế thu nhập doanh nghiệp,19.0,Lợi nhuận sau thuế của cổ đông Công ty mẹ,137.0,Nợ phải trả,19.5,Tỷ suất lợi nhuận gộp biên,15.95,Tỷ suất sinh lợi trên doanh thu thuần,10.13,Tỷ số Nợ trên Tổng tài sản,7.44,Tỷ số Nợ vay trên Vốn chủ sở hữu,,9.259259259259256,-21.85430463576159,375.0,-575.0,CURRENT,COMPLETE,,,,YES
HAR,Bất động sản,NORMAL,2026Q2,2026,Q2,291338,False,Chưa kiểm toán,1103.0,Tổng cộng tài sản,1099.0,Vốn chủ sở hữu,135.75,Thu nhập trên mỗi cổ phần của 4 quý gần nhất (EPS),11488.0,Giá trị sổ sách của cổ phiếu (BVPS),23.65,Chỉ số giá thị trường trên thu nhập (P/E),0.28,Chỉ số giá thị trường trên giá trị sổ sách (P/B),0.36,Tỷ suất lợi nhuận trên vốn chủ sở hữu bình quân (ROEA),0.35,Tỷ suất sinh lợi trên tổng tài sản bình quân (ROAA),4.0,Doanh thu thuần về bán hàng và cung cấp dịch vụ,3.0,Lợi nhuận gộp về bán hàng và cung cấp dịch vụ,4.0,Tổng lợi nhuận kế toán trước thuế,4.0,Lợi nhuận sau thuế thu nhập doanh nghiệp,4.0,Lợi nhuận sau thuế của cổ đông Công ty mẹ,4.0,Nợ phải trả,66.46,Tỷ suất lợi nhuận gộp biên,87.18,Tỷ suất sinh lợi trên doanh thu thuần,0.33,Tỷ số Nợ trên Tổng tài sản,,,,0.0,0.0,100.0,33.33333333333333,CURRENT,COMPLETE,,,,YES
HAS,Xây dựng,NORMAL,2026Q2,2026,Q2,293432,True,Chưa kiểm toán,140.0,Tổng cộng tài sản,124.0,Vốn chủ sở hữu,-353.73,Thu nhập trên mỗi cổ phần của 4 quý gần nhất (EPS),15902.0,Giá trị sổ sách của cổ phiếu (BVPS),-23.07,Chỉ số giá thị trường trên thu nhập (P/E),0.51,Chỉ số giá thị trường trên giá trị sổ sách (P/B),0.03,Tỷ suất lợi nhuận trên vốn chủ sở hữu bình quân (ROEA),0.02,Tỷ suất sinh lợi trên tổng tài sản bình quân (ROAA),13.0,Doanh thu thuần về bán hàng và cung cấp dịch vụ,2.0,Lợi nhuận gộp về bán hàng và cung cấp dịch vụ,0.0,Tổng lợi nhuận kế toán trước thuế,0.0,Lợi nhuận sau thuế thu nhập doanh nghiệp,0.0,Lợi nhuận sau thuế của cổ đông Công ty mẹ,16.0,Nợ phải trả,16.58,Tỷ suất lợi nhuận gộp biên,0.25,Tỷ suất sinh lợi trên doanh thu thuần,11.57,Tỷ số Nợ trên Tổng tài sản,1.22,Tỷ số Nợ vay trên Vốn chủ sở hữu,,8.333333333333325,0.0,,,CURRENT,COMPLETE,,,,YES
HBS,Chứng khoán,SECURITIES,2025Q2,2025,Q2,271578,False,Chưa kiểm toán,373.0,Tổng cộng tài sản,369.0,Vốn chủ sở hữu,273.29,Thu nhập trên mỗi cổ phần của 4 quý gần nhất (EPS),11171.42,Giá trị sổ sách của cổ phiếu (BVPS),24.15,Chỉ số giá thị trường trên thu nhập (P/E),0.59,Chỉ số giá thị trường trên giá trị sổ sách (P/B),1.09,Tỷ suất lợi nhuận trên vốn chủ sở hữu bình quân (ROEA),1.08,Tỷ suất sinh lợi trên tổng tài sản bình quân (ROAA),9.0,Doanh thu thuần về hoạt động kinh doanh,,,5.0,Tổng lợi nhuận kế toán trước thuế,4.0,Lợi nhuận sau thuế TNDN,4.0,Lợi nhuận sau thuế của cổ đông Công ty mẹ,4.0,Nợ phải trả,,,,,,,,,,28.57142857142858,12.5,100.0,33.33333333333333,STALE,COMPLETE,,,,REVIEW
HCD,Xây dựng,NORMAL,2026Q2,2026,Q2,291657,False,Chưa kiểm toán,855.0,Tổng cộng tài sản,515.0,Vốn chủ sở hữu,609.18,Thu nhập trên mỗi cổ phần của 4 quý gần nhất (EPS),11140.0,Giá trị sổ sách của cổ phiếu (BVPS),11.29,Chỉ số giá thị trường trên thu nhập (P/E),0.62,Chỉ số giá thị trường trên giá trị sổ sách (P/B),1.06,Tỷ suất lợi nhuận trên vốn chủ sở hữu bình quân (ROEA),0.63,Tỷ suất sinh lợi trên tổng tài sản bình quân (ROAA),212.0,Doanh thu thuần về bán hàng và cung cấp dịch vụ,12.0,Lợi nhuận gộp về bán hàng và cung cấp dịch vụ,7.0,Tổng lợi nhuận kế toán trước thuế,5.0,Lợi nhuận sau thuế thu nhập doanh nghiệp,5.0,Lợi nhuận sau thuế của cổ đông Công ty mẹ,340.0,Nợ phải trả,5.7,Tỷ suất lợi nhuận gộp biên,2.55,Tỷ suất sinh lợi trên doanh thu thuần,39.8,Tỷ số Nợ trên Tổng tài sản,33.39,Tỷ số Nợ vay trên Vốn chủ sở hữu,,2.9126213592232997,13.978494623655923,-28.57142857142857,-16.666666666666664,CURRENT,COMPLETE,,,,YES
HDA,Hóa chất,NORMAL,2026Q2,2026,Q2,294545,True,Chưa kiểm toán,542.0,Tổng cộng tài sản,374.0,Vốn chủ sở hữu,865.19,Thu nhập trên mỗi cổ phần của 4 quý gần nhất (EPS),13547.0,Giá trị sổ sách của cổ phiếu (BVPS),8.09,Chỉ số giá thị trường trên thu nhập (P/E),0.52,Chỉ số giá thị trường trên giá trị sổ sách (P/B),0.42,Tỷ suất lợi nhuận trên vốn chủ sở hữu bình quân (ROEA),0.3,Tỷ suất sinh lợi trên tổng tài sản bình quân (ROAA),74.0,Doanh thu thuần về bán hàng và cung cấp dịch vụ,18.0,Lợi nhuận gộp về bán hàng và cung cấp dịch vụ,2.0,Tổng lợi nhuận kế toán trước thuế,2.0,Lợi nhuận sau thuế thu nhập doanh nghiệp,2.0,Lợi nhuận sau thuế của cổ đông Công ty mẹ,168.0,Nợ phải trả,23.87,Tỷ suất lợi nhuận gộp biên,3.1,Tỷ suất sinh lợi trên doanh thu thuần,31.03,Tỷ số Nợ trên Tổng tài sản,29.35,Tỷ số Nợ vay trên Vốn chủ sở hữu,,8.823529411764696,2.777777777777768,-33.333333333333336,0.0,CURRENT,COMPLETE,,,,YES
HDW,Nước,NORMAL,2026Q2,2026,Q2,292023,False,Chưa kiểm toán,935.0,Tổng cộng tài sản,494.0,Vốn chủ sở hữu,1988.49,Thu nhập trên mỗi cổ phần của 4 quý gần nhất (EPS),15498.0,Giá trị sổ sách của cổ phiếu (BVPS),8.6,Chỉ số giá thị trường trên thu nhập (P/E),1.1,Chỉ số giá thị trường trên giá trị sổ sách (P/B),2.98,Tỷ suất lợi nhuận trên vốn chủ sở hữu bình quân (ROEA),1.55,Tỷ suất sinh lợi trên tổng tài sản bình quân (ROAA),160.0,Doanh thu thuần về bán hàng và cung cấp dịch vụ,44.0,Lợi nhuận gộp về bán hàng và cung cấp dịch vụ,18.0,Tổng lợi nhuận kế toán trước thuế,14.0,Lợi nhuận sau thuế thu nhập doanh nghiệp,14.0,Lợi nhuận sau thuế của cổ đông Công ty mẹ,441.0,Nợ phải trả,27.73,Tỷ suất lợi nhuận gộp biên,8.9,Tỷ suất sinh lợi trên doanh thu thuần,47.14,Tỷ số Nợ trên Tổng tài sản,42.14,Tỷ số Nợ vay trên Vốn chủ sở hữu,,5.96026490066226,8.108108108108114,-26.315789473684216,133.33333333333334,CURRENT,COMPLETE,,,,YES
HEP,Dịch vụ công nghiệp,NORMAL,,,,,,,,,,,,,,,,,,,,,,,,,,,,,,,,,,,,,,,,,,,,,,,,NO_DATA,NO_FINANCIAL_DATA,income_bil_vnd|pbt_bil_vnd|net_profit_bil_vnd|total_assets_bil_vnd|equity_bil_vnd,,Không có kỳ báo cáo hợp lệ sau khi chặn kỳ tương lai,NO
HHG,Cảng & Logistics,NORMAL,2026Q2,2026,Q2,292764,True,Chưa kiểm toán,47.0,Tổng cộng tài sản,14.0,Vốn chủ sở hữu,-434.74,Thu nhập trên mỗi cổ phần của 4 quý gần nhất (EPS),411.0,Giá trị sổ sách của cổ phiếu (BVPS),-1.84,Chỉ số giá thị trường trên thu nhập (P/E),1.95,Chỉ số giá thị trường trên giá trị sổ sách (P/B),-7.64,Tỷ suất lợi nhuận trên vốn chủ sở hữu bình quân (ROEA),-2.36,Tỷ suất sinh lợi trên tổng tài sản bình quân (ROAA),4.0,Doanh thu thuần về bán hàng và cung cấp dịch vụ,0.0,Lợi nhuận gộp về bán hàng và cung cấp dịch vụ,-1.0,Tổng lợi nhuận kế toán trước thuế,-1.0,Lợi nhuận sau thuế thu nhập doanh nghiệp,-1.0,Lợi nhuận sau thuế của cổ đông Công ty mẹ,33.0,Nợ phải trả,-8.13,Tỷ suất lợi nhuận gộp biên,-26.64,Tỷ suất sinh lợi trên doanh thu thuần,69.67,Tỷ số Nợ trên Tổng tài sản,171.29,Tỷ số Nợ vay trên Vốn chủ sở hữu,,0.0,-33.333333333333336,-66.66666666666667,-83.33333333333334,CURRENT,COMPLETE,,,,YES
HID,Thương mại & Phân phối,NORMAL,2026Q2,2026,Q2,293038,True,Chưa kiểm toán,1919.0,Tổng cộng tài sản,916.0,Vốn chủ sở hữu,-296.09,Thu nhập trên mỗi cổ phần của 4 quý gần nhất (EPS),11938.0,Giá trị sổ sách của cổ phiếu (BVPS),-14.08,Chỉ số giá thị trường trên thu nhập (P/E),0.35,Chỉ số giá thị trường trên giá trị sổ sách (P/B),1.0,Tỷ suất lợi nhuận trên vốn chủ sở hữu bình quân (ROEA),0.48,Tỷ suất sinh lợi trên tổng tài sản bình quân (ROAA),142.0,Doanh thu thuần về bán hàng và cung cấp dịch vụ,5.0,Lợi nhuận gộp về bán hàng và cung cấp dịch vụ,9.0,Tổng lợi nhuận kế toán trước thuế,13.0,Lợi nhuận sau thuế thu nhập doanh nghiệp,9.0,Lợi nhuận sau thuế của cổ đông Công ty mẹ,1003.0,Nợ phải trả,3.6,Tỷ suất lợi nhuận gộp biên,8.94,Tỷ suất sinh lợi trên doanh thu thuần,52.26,Tỷ số Nợ trên Tổng tài sản,90.6,Tỷ số Nợ vay trên Vốn chủ sở hữu,,86.8421052631579,-32.057416267942585,-169.23076923076923,-85.24590163934427,CURRENT,COMPLETE,,,,YES
HIO,Điện,NORMAL,2026Q2,2026,Q2,292448,True,Chưa kiểm toán,1258.0,Tổng cộng tài sản,776.0,Vốn chủ sở hữu,3849.37,Thu nhập trên mỗi cổ phần của 4 quý gần nhất (EPS),18480.0,Giá trị sổ sách của cổ phiếu (BVPS),1.95,Chỉ số giá thị trường trên thu nhập (P/E),0.41,Chỉ số giá thị trường trên giá trị sổ sách (P/B),2.56,Tỷ suất lợi nhuận trên vốn chủ sở hữu bình quân (ROEA),1.55,Tỷ suất sinh lợi trên tổng tài sản bình quân (ROAA),76.0,Doanh thu thuần về bán hàng và cung cấp dịch vụ,44.0,Lợi nhuận gộp về bán hàng và cung cấp dịch vụ,31.0,Tổng lợi nhuận kế toán trước thuế,27.0,Lợi nhuận sau thuế thu nhập doanh nghiệp,20.0,Lợi nhuận sau thuế của cổ đông Công ty mẹ,482.0,Nợ phải trả,57.49,Tỷ suất lợi nhuận gộp biên,36.03,Tỷ suất sinh lợi trên doanh thu thuần,38.29,Tỷ số Nợ trên Tổng tài sản,59.38,Tỷ số Nợ vay trên Vốn chủ sở hữu,,100.0,145.16129032258064,-74.68354430379746,185.71428571428572,CURRENT,COMPLETE,,,,YES
HJS,Điện,NORMAL,2026Q2,2026,Q2,294662,True,Chưa kiểm toán,351.0,Tổng cộng tài sản,303.0,Vốn chủ sở hữu,2125.05,Thu nhập trên mỗi cổ phần của 4 quý gần nhất (EPS),14415.0,Giá trị sổ sách của cổ phiếu (BVPS),13.32,Chỉ số giá thị trường trên thu nhập (P/E),1.96,Chỉ số giá thị trường trên giá trị sổ sách (P/B),4.54,Tỷ suất lợi nhuận trên vốn chủ sở hữu bình quân (ROEA),4.07,Tỷ suất sinh lợi trên tổng tài sản bình quân (ROAA),36.0,Doanh thu thuần về bán hàng và cung cấp dịch vụ,20.0,Lợi nhuận gộp về bán hàng và cung cấp dịch vụ,18.0,Tổng lợi nhuận kế toán trước thuế,14.0,Lợi nhuận sau thuế thu nhập doanh nghiệp,14.0,Lợi nhuận sau thuế của cổ đông Công ty mẹ,48.0,Nợ phải trả,54.94,Tỷ suất lợi nhuận gộp biên,39.45,Tỷ suất sinh lợi trên doanh thu thuần,13.7,Tỷ số Nợ trên Tổng tài sản,,,,43.99999999999999,9.090909090909083,55.55555555555556,16.666666666666675,CURRENT,COMPLETE,,,,YES
HKB,Thực phẩm & đồ uống,NORMAL,2026Q2,2026,Q2,291254,True,Chưa kiểm toán,193.0,Tổng cộng tài sản,0.0,Vốn chủ sở hữu,-1134.36,Thu nhập trên mỗi cổ phần của 4 quý gần nhất (EPS),-6.0,Giá trị sổ sách của cổ phiếu (BVPS),-0.44,Chỉ số giá thị trường trên thu nhập (P/E),-87.96,Chỉ số giá thị trường trên giá trị sổ sách (P/B),-207.68,Tỷ suất lợi nhuận trên vốn chủ sở hữu bình quân (ROEA),-7.35,Tỷ suất sinh lợi trên tổng tài sản bình quân (ROAA),2.0,Doanh thu thuần về bán hàng và cung cấp dịch vụ,1.0,Lợi nhuận gộp về bán hàng và cung cấp dịch vụ,-15.0,Tổng lợi nhuận kế toán trước thuế,-15.0,Lợi nhuận sau thuế thu nhập doanh nghiệp,-15.0,Lợi nhuận sau thuế của cổ đông Công ty mẹ,193.0,Nợ phải trả,38.54,Tỷ suất lợi nhuận gộp biên,-932.89,Tỷ suất sinh lợi trên doanh thu thuần,100.15,Tỷ số Nợ trên Tổng tài sản,-32618.94,Tỷ số Nợ vay trên Vốn chủ sở hữu,,0.0,0.0,0.0,0.0,CURRENT,COMPLETE,,,,YES
HLC,Dầu khí,NORMAL,2026Q2,2026,Q2,291730,False,Chưa kiểm toán,1473.0,Tổng cộng tài sản,455.0,Vốn chủ sở hữu,2586.59,Thu nhập trên mỗi cổ phần của 4 quý gần nhất (EPS),17894.0,Giá trị sổ sách của cổ phiếu (BVPS),3.98,Chỉ số giá thị trường trên thu nhập (P/E),0.58,Chỉ số giá thị trường trên giá trị sổ sách (P/B),1.97,Tỷ suất lợi nhuận trên vốn chủ sở hữu bình quân (ROEA),0.57,Tỷ suất sinh lợi trên tổng tài sản bình quân (ROAA),1086.0,Doanh thu thuần về bán hàng và cung cấp dịch vụ,70.0,Lợi nhuận gộp về bán hàng và cung cấp dịch vụ,11.0,Tổng lợi nhuận kế toán trước thuế,9.0,Lợi nhuận sau thuế thu nhập doanh nghiệp,9.0,Lợi nhuận sau thuế của cổ đông Công ty mẹ,1018.0,Nợ phải trả,6.42,Tỷ suất lợi nhuận gộp biên,0.82,Tỷ suất sinh lợi trên doanh thu thuần,69.13,Tỷ số Nợ trên Tổng tài sản,101.71,Tỷ số Nợ vay trên Vốn chủ sở hữu,,31.001206272617623,28.36879432624113,-25.0,-62.5,CURRENT,COMPLETE,,,,YES
HLD,Bất động sản,NORMAL,2026Q2,2026,Q2,291738,False,Chưa kiểm toán,2642.0,Tổng cộng tài sản,653.0,Vốn chủ sở hữu,643.62,Thu nhập trên mỗi cổ phần của 4 quý gần nhất (EPS),11872.0,Giá trị sổ sách của cổ phiếu (BVPS),24.08,Chỉ số giá thị trường trên thu nhập (P/E),1.31,Chỉ số giá thị trường trên giá trị sổ sách (P/B),1.04,Tỷ suất lợi nhuận trên vốn chủ sở hữu bình quân (ROEA),0.25,Tỷ suất sinh lợi trên tổng tài sản bình quân (ROAA),110.0,Doanh thu thuần về bán hàng và cung cấp dịch vụ,37.0,Lợi nhuận gộp về bán hàng và cung cấp dịch vụ,9.0,Tổng lợi nhuận kế toán trước thuế,7.0,Lợi nhuận sau thuế thu nhập doanh nghiệp,7.0,Lợi nhuận sau thuế của cổ đông Công ty mẹ,1989.0,Nợ phải trả,33.36,Tỷ suất lợi nhuận gộp biên,6.27,Tỷ suất sinh lợi trên doanh thu thuần,75.28,Tỷ số Nợ trên Tổng tài sản,242.3,Tỷ số Nợ vay trên Vốn chủ sở hữu,,-34.9112426035503,2650.0,-41.666666666666664,600.0,CURRENT,COMPLETE,,,,YES
HMC,Kim loại & Khoáng sản,NORMAL,2026Q2,2026,Q2,294175,False,Chưa kiểm toán,1668.0,Tổng cộng tài sản,415.0,Vốn chủ sở hữu,1500.97,Thu nhập trên mỗi cổ phần của 4 quý gần nhất (EPS),15203.0,Giá trị sổ sách của cổ phiếu (BVPS),7.3,Chỉ số giá thị trường trên thu nhập (P/E),0.72,Chỉ số giá thị trường trên giá trị sổ sách (P/B),3.22,Tỷ suất lợi nhuận trên vốn chủ sở hữu bình quân (ROEA),0.81,Tỷ suất sinh lợi trên tổng tài sản bình quân (ROAA),2476.0,Doanh thu thuần về bán hàng và cung cấp dịch vụ,71.0,Lợi nhuận gộp về bán hàng và cung cấp dịch vụ,19.0,Tổng lợi nhuận kế toán trước thuế,14.0,Lợi nhuận sau thuế thu nhập doanh nghiệp,14.0,Lợi nhuận sau thuế của cổ đông Công ty mẹ,1253.0,Nợ phải trả,2.88,Tỷ suất lợi nhuận gộp biên,0.55,Tỷ suất sinh lợi trên doanh thu thuần,75.11,Tỷ số Nợ trên Tổng tài sản,226.76,Tỷ số Nợ vay trên Vốn chủ sở hữu,,5.631399317406149,74.1209563994374,7.692307692307687,55.55555555555556,CURRENT,COMPLETE,,,,YES
HNA,Điện,NORMAL,2026Q2,2026,Q2,291508,False,Chưa kiểm toán,4100.0,Tổng cộng tài sản,3652.0,Vốn chủ sở hữu,2343.94,Thu nhập trên mỗi cổ phần của 4 quý gần nhất (EPS),15525.0,Giá trị sổ sách của cổ phiếu (BVPS),9.32,Chỉ số giá thị trường trên thu nhập (P/E),1.41,Chỉ số giá thị trường trên giá trị sổ sách (P/B),3.18,Tỷ suất lợi nhuận trên vốn chủ sở hữu bình quân (ROEA),2.82,Tỷ suất sinh lợi trên tổng tài sản bình quân (ROAA),239.0,Doanh thu thuần về bán hàng và cung cấp dịch vụ,129.0,Lợi nhuận gộp về bán hàng và cung cấp dịch vụ,127.0,Tổng lợi nhuận kế toán trước thuế,114.0,Lợi nhuận sau thuế thu nhập doanh nghiệp,114.0,Lợi nhuận sau thuế của cổ đông Công ty mẹ,448.0,Nợ phải trả,53.95,Tỷ suất lợi nhuận gộp biên,47.72,Tỷ suất sinh lợi trên doanh thu thuần,10.92,Tỷ số Nợ trên Tổng tài sản,9.51,Tỷ số Nợ vay trên Vốn chủ sở hữu,,16.58536585365853,-2.4489795918367308,19.999999999999996,22.580645161290324,CURRENT,COMPLETE,,,,YES
HND,Điện,NORMAL,2026Q2,2026,Q2,291250,False,Chưa kiểm toán,7582.0,Tổng cộng tài sản,6409.0,Vốn chủ sở hữu,1043.78,Thu nhập trên mỗi cổ phần của 4 quý gần nhất (EPS),12819.0,Giá trị sổ sách của cổ phiếu (BVPS),9.87,Chỉ số giá thị trường trên thu nhập (P/E),0.8,Chỉ số giá thị trường trên giá trị sổ sách (P/B),4.64,Tỷ suất lợi nhuận trên vốn chủ sở hữu bình quân (ROEA),3.89,Tỷ suất sinh lợi trên tổng tài sản bình quân (ROAA),3535.0,Doanh thu thuần về bán hàng và cung cấp dịch vụ,387.0,Lợi nhuận gộp về bán hàng và cung cấp dịch vụ,366.0,Tổng lợi nhuận kế toán trước thuế,292.0,Lợi nhuận sau thuế thu nhập doanh nghiệp,292.0,Lợi nhuận sau thuế của cổ đông Công ty mẹ,1173.0,Nợ phải trả,10.96,Tỷ suất lợi nhuận gộp biên,8.26,Tỷ suất sinh lợi trên doanh thu thuần,15.47,Tỷ số Nợ trên Tổng tài sản,,,,38.899803536345765,18.943472409152086,35.18518518518518,20.661157024793386,CURRENT,COMPLETE,,,,YES
HNF,Thực phẩm & đồ uống,NORMAL,2026Q2,2026,Q2,291709,False,Chưa kiểm toán,2005.0,Tổng cộng tài sản,669.0,Vốn chủ sở hữu,3374.62,Thu nhập trên mỗi cổ phần của 4 quý gần nhất (EPS),22299.0,Giá trị sổ sách của cổ phiếu (BVPS),6.82,Chỉ số giá thị trường trên thu nhập (P/E),1.03,Chỉ số giá thị trường trên giá trị sổ sách (P/B),1.3,Tỷ suất lợi nhuận trên vốn chủ sở hữu bình quân (ROEA),0.43,Tỷ suất sinh lợi trên tổng tài sản bình quân (ROAA),336.0,Doanh thu thuần về bán hàng và cung cấp dịch vụ,101.0,Lợi nhuận gộp về bán hàng và cung cấp dịch vụ,11.0,Tổng lợi nhuận kế toán trước thuế,9.0,Lợi nhuận sau thuế thu nhập doanh nghiệp,9.0,Lợi nhuận sau thuế của cổ đông Công ty mẹ,1336.0,Nợ phải trả,29.98,Tỷ suất lợi nhuận gộp biên,2.67,Tỷ suất sinh lợi trên doanh thu thuần,66.63,Tỷ số Nợ trên Tổng tài sản,146.06,Tỷ số Nợ vay trên Vốn chủ sở hữu,,-38.00738007380073,-2.3255813953488413,-67.85714285714286,0.0,CURRENT,COMPLETE,,,,YES
HNI,Dệt may,NORMAL,2026Q2,2026,Q2,291742,False,Chưa kiểm toán,807.0,Tổng cộng tài sản,489.0,Vốn chủ sở hữu,3727.33,Thu nhập trên mỗi cổ phần của 4 quý gần nhất (EPS),20562.0,Giá trị sổ sách của cổ phiếu (BVPS),5.71,Chỉ số giá thị trường trên thu nhập (P/E),1.04,Chỉ số giá thị trường trên giá trị sổ sách (P/B),2.06,Tỷ suất lợi nhuận trên vốn chủ sở hữu bình quân (ROEA),1.34,Tỷ suất sinh lợi trên tổng tài sản bình quân (ROAA),270.0,Doanh thu thuần về bán hàng và cung cấp dịch vụ,30.0,Lợi nhuận gộp về bán hàng và cung cấp dịch vụ,14.0,Tổng lợi nhuận kế toán trước thuế,11.0,Lợi nhuận sau thuế thu nhập doanh nghiệp,11.0,Lợi nhuận sau thuế của cổ đông Công ty mẹ,318.0,Nợ phải trả,11.03,Tỷ suất lợi nhuận gộp biên,3.91,Tỷ suất sinh lợi trên doanh thu thuần,39.42,Tỷ số Nợ trên Tổng tài sản,9.71,Tỷ số Nợ vay trên Vốn chủ sở hữu,,59.76331360946745,-24.791086350974933,10.000000000000009,-31.25,CURRENT,COMPLETE,,,,YES
HOM,Vật liệu xây dựng,NORMAL,2026Q2,2026,Q2,291693,False,Chưa kiểm toán,1417.0,Tổng cộng tài sản,891.0,Vốn chủ sở hữu,325.64,Thu nhập trên mỗi cổ phần của 4 quý gần nhất (EPS),12369.0,Giá trị sổ sách của cổ phiếu (BVPS),12.59,Chỉ số giá thị trường trên thu nhập (P/E),0.33,Chỉ số giá thị trường trên giá trị sổ sách (P/B),0.85,Tỷ suất lợi nhuận trên vốn chủ sở hữu bình quân (ROEA),0.53,Tỷ suất sinh lợi trên tổng tài sản bình quân (ROAA),473.0,Doanh thu thuần về bán hàng và cung cấp dịch vụ,75.0,Lợi nhuận gộp về bán hàng và cung cấp dịch vụ,8.0,Tổng lợi nhuận kế toán trước thuế,8.0,Lợi nhuận sau thuế thu nhập doanh nghiệp,8.0,Lợi nhuận sau thuế của cổ đông Công ty mẹ,527.0,Nợ phải trả,15.89,Tỷ suất lợi nhuận gộp biên,1.59,Tỷ suất sinh lợi trên doanh thu thuần,37.17,Tỷ số Nợ trên Tổng tài sản,14.04,Tỷ số Nợ vay trên Vốn chủ sở hữu,,50.63694267515923,-4.056795131845847,,14.28571428571428,CURRENT,COMPLETE,,,,YES
HPI,Nước,NORMAL,2026Q2,2026,Q2,291651,False,Chưa kiểm toán,2561.0,Tổng cộng tài sản,444.0,Vốn chủ sở hữu,-29.76,Thu nhập trên mỗi cổ phần của 4 quý gần nhất (EPS),7400.0,Giá trị sổ sách của cổ phiếu (BVPS),-604.9,Chỉ số giá thị trường trên thu nhập (P/E),2.43,Chỉ số giá thị trường trên giá trị sổ sách (P/B),0.78,Tỷ suất lợi nhuận trên vốn chủ sở hữu bình quân (ROEA),0.14,Tỷ suất sinh lợi trên tổng tài sản bình quân (ROAA),17.0,Doanh thu thuần về bán hàng và cung cấp dịch vụ,-2.0,Lợi nhuận gộp về bán hàng và cung cấp dịch vụ,4.0,Tổng lợi nhuận kế toán trước thuế,3.0,Lợi nhuận sau thuế thu nhập doanh nghiệp,3.0,Lợi nhuận sau thuế của cổ đông Công ty mẹ,2117.0,Nợ phải trả,-11.68,Tỷ suất lợi nhuận gộp biên,20.33,Tỷ suất sinh lợi trên doanh thu thuần,82.66,Tỷ số Nợ trên Tổng tài sản,3.38,Tỷ số Nợ vay trên Vốn chủ sở hữu,,6.25,-31.999999999999996,200.0,-40.0,CURRENT,COMPLETE,,,,YES
HPP,Hóa chất,NORMAL,,,,,,,,,,,,,,,,,,,,,,,,,,,,,,,,,,,,,,,,,,,,,,,,NO_DATA,NO_FINANCIAL_DATA,income_bil_vnd|pbt_bil_vnd|net_profit_bil_vnd|total_assets_bil_vnd|equity_bil_vnd,,Không có kỳ báo cáo hợp lệ sau khi chặn kỳ tương lai,NO
HPW,Nước,NORMAL,2026Q2,2026,Q2,292663,True,Chưa kiểm toán,2089.0,Tổng cộng tài sản,1058.0,Vốn chủ sở hữu,2234.98,Thu nhập trên mỗi cổ phần của 4 quý gần nhất (EPS),14252.0,Giá trị sổ sách của cổ phiếu (BVPS),10.07,Chỉ số giá thị trường trên thu nhập (P/E),1.58,Chỉ số giá thị trường trên giá trị sổ sách (P/B),3.21,Tỷ suất lợi nhuận trên vốn chủ sở hữu bình quân (ROEA),1.68,Tỷ suất sinh lợi trên tổng tài sản bình quân (ROAA),367.0,Doanh thu thuần về bán hàng và cung cấp dịch vụ,116.0,Lợi nhuận gộp về bán hàng và cung cấp dịch vụ,45.0,Tổng lợi nhuận kế toán trước thuế,36.0,Lợi nhuận sau thuế thu nhập doanh nghiệp,36.0,Lợi nhuận sau thuế của cổ đông Công ty mẹ,1032.0,Nợ phải trả,31.78,Tỷ suất lợi nhuận gộp biên,9.77,Tỷ suất sinh lợi trên doanh thu thuần,49.38,Tỷ số Nợ trên Tổng tài sản,73.47,Tỷ số Nợ vay trên Vốn chủ sở hữu,,10.876132930513593,6.069364161849711,28.57142857142858,-2.7027027027026973,CURRENT,COMPLETE,,,,YES
HRC,Hóa chất,NORMAL,2026Q2,2026,Q2,291368,False,Chưa kiểm toán,824.0,Tổng cộng tài sản,660.0,Vốn chủ sở hữu,2450.75,Thu nhập trên mỗi cổ phần của 4 quý gần nhất (EPS),21847.0,Giá trị sổ sách của cổ phiếu (BVPS),15.65,Chỉ số giá thị trường trên thu nhập (P/E),1.76,Chỉ số giá thị trường trên giá trị sổ sách (P/B),5.51,Tỷ suất lợi nhuận trên vốn chủ sở hữu bình quân (ROEA),4.42,Tỷ suất sinh lợi trên tổng tài sản bình quân (ROAA),65.0,Doanh thu thuần về bán hàng và cung cấp dịch vụ,9.0,Lợi nhuận gộp về bán hàng và cung cấp dịch vụ,45.0,Tổng lợi nhuận kế toán trước thuế,36.0,Lợi nhuận sau thuế thu nhập doanh nghiệp,36.0,Lợi nhuận sau thuế của cổ đông Công ty mẹ,165.0,Nợ phải trả,13.76,Tỷ suất lợi nhuận gộp biên,55.16,Tỷ suất sinh lợi trên doanh thu thuần,19.96,Tỷ số Nợ trên Tổng tài sản,15.33,Tỷ số Nợ vay trên Vốn chủ sở hữu,,-31.57894736842105,10.169491525423723,414.28571428571433,1100.0,CURRENT,COMPLETE,,,,YES
HTE,Thiết bị điện,NORMAL,2026Q2,2026,Q2,294040,True,Chưa kiểm toán,310.0,Tổng cộng tài sản,224.0,Vốn chủ sở hữu,152.9,Thu nhập trên mỗi cổ phần của 4 quý gần nhất (EPS),9893.0,Giá trị sổ sách của cổ phiếu (BVPS),18.97,Chỉ số giá thị trường trên thu nhập (P/E),0.29,Chỉ số giá thị trường trên giá trị sổ sách (P/B),-0.07,Tỷ suất lợi nhuận trên vốn chủ sở hữu bình quân (ROEA),-0.05,Tỷ suất sinh lợi trên tổng tài sản bình quân (ROAA),118.0,Doanh thu thuần về bán hàng và cung cấp dịch vụ,3.0,Lợi nhuận gộp về bán hàng và cung cấp dịch vụ,1.0,Tổng lợi nhuận kế toán trước thuế,0.0,Lợi nhuận sau thuế thu nhập doanh nghiệp,0.0,Lợi nhuận sau thuế của cổ đông Công ty mẹ,86.0,Nợ phải trả,2.54,Tỷ suất lợi nhuận gộp biên,-0.12,Tỷ suất sinh lợi trên doanh thu thuần,27.65,Tỷ số Nợ trên Tổng tài sản,5.48,Tỷ số Nợ vay trên Vốn chủ sở hữu,,227.77777777777777,-51.23966942148761,-100.0,-100.0,CURRENT,COMPLETE,,,,YES
HTG,Dệt may,NORMAL,2026Q2,2026,Q2,292316,True,Chưa kiểm toán,4129.0,Tổng cộng tài sản,1274.0,Vốn chủ sở hữu,9071.0,Thu nhập trên mỗi cổ phần của 4 quý gần nhất (EPS),35380.0,Giá trị sổ sách của cổ phiếu (BVPS),4.52,Chỉ số giá thị trường trên thu nhập (P/E),1.16,Chỉ số giá thị trường trên giá trị sổ sách (P/B),10.74,Tỷ suất lợi nhuận trên vốn chủ sở hữu bình quân (ROEA),3.36,Tỷ suất sinh lợi trên tổng tài sản bình quân (ROAA),1484.0,Doanh thu thuần về bán hàng và cung cấp dịch vụ,236.0,Lợi nhuận gộp về bán hàng và cung cấp dịch vụ,164.0,Tổng lợi nhuận kế toán trước thuế,135.0,Lợi nhuận sau thuế thu nhập doanh nghiệp,131.0,Lợi nhuận sau thuế của cổ đông Công ty mẹ,2856.0,Nợ phải trả,15.91,Tỷ suất lợi nhuận gộp biên,9.11,Tỷ suất sinh lợi trên doanh thu thuần,69.15,Tỷ số Nợ trên Tổng tài sản,145.74,Tỷ số Nợ vay trên Vốn chủ sở hữu,,10.828976848394323,13.36898395721926,104.6875,1.5503875968992276,CURRENT,COMPLETE,,,,YES
HTI,Cảng & Logistics,NORMAL,2026Q2,2026,Q2,291159,False,Chưa kiểm toán,1605.0,Tổng cộng tài sản,639.0,Vốn chủ sở hữu,5513.91,Thu nhập trên mỗi cổ phần của 4 quý gần nhất (EPS),25597.0,Giá trị sổ sách của cổ phiếu (BVPS),3.65,Chỉ số giá thị trường trên thu nhập (P/E),0.79,Chỉ số giá thị trường trên giá trị sổ sách (P/B),5.29,Tỷ suất lợi nhuận trên vốn chủ sở hữu bình quân (ROEA),2.13,Tỷ suất sinh lợi trên tổng tài sản bình quân (ROAA),123.0,Doanh thu thuần về bán hàng và cung cấp dịch vụ,54.0,Lợi nhuận gộp về bán hàng và cung cấp dịch vụ,43.0,Tổng lợi nhuận kế toán trước thuế,34.0,Lợi nhuận sau thuế thu nhập doanh nghiệp,34.0,Lợi nhuận sau thuế của cổ đông Công ty mẹ,966.0,Nợ phải trả,43.48,Tỷ suất lợi nhuận gộp biên,27.79,Tỷ suất sinh lợi trên doanh thu thuần,60.21,Tỷ số Nợ trên Tổng tài sản,69.93,Tỷ số Nợ vay trên Vốn chủ sở hữu,,2.499999999999991,-5.384615384615388,13.33333333333333,-8.108108108108103,CURRENT,COMPLETE,,,,YES
HTM,Thương mại & Phân phối,NORMAL,2026Q2,2026,Q2,293974,True,Chưa kiểm toán,2712.0,Tổng cộng tài sản,2167.0,Vốn chủ sở hữu,-137.84,Thu nhập trên mỗi cổ phần của 4 quý gần nhất (EPS),9850.0,Giá trị sổ sách của cổ phiếu (BVPS),-72.55,Chỉ số giá thị trường trên thu nhập (P/E),1.02,Chỉ số giá thị trường trên giá trị sổ sách (P/B),-0.47,Tỷ suất lợi nhuận trên vốn chủ sở hữu bình quân (ROEA),-0.38,Tỷ suất sinh lợi trên tổng tài sản bình quân (ROAA),113.0,Doanh thu thuần về bán hàng và cung cấp dịch vụ,30.0,Lợi nhuận gộp về bán hàng và cung cấp dịch vụ,-10.0,Tổng lợi nhuận kế toán trước thuế,-10.0,Lợi nhuận sau thuế thu nhập doanh nghiệp,-10.0,Lợi nhuận sau thuế của cổ đông Công ty mẹ,546.0,Nợ phải trả,26.77,Tỷ suất lợi nhuận gộp biên,-9.04,Tỷ suất sinh lợi trên doanh thu thuần,20.12,Tỷ số Nợ trên Tổng tài sản,13.21,Tỷ số Nợ vay trên Vốn chủ sở hữu,,17.708333333333325,-0.8771929824561431,-300.0,-600.0,CURRENT,COMPLETE,,,,YES
HTT,Bất động sản,NORMAL,2026Q2,2026,Q2,291107,False,Chưa kiểm toán,178.0,Tổng cộng tài sản,104.0,Vốn chủ sở hữu,-249.04,Thu nhập trên mỗi cổ phần của 4 quý gần nhất (EPS),5184.0,Giá trị sổ sách của cổ phiếu (BVPS),-6.42,Chỉ số giá thị trường trên thu nhập (P/E),0.31,Chỉ số giá thị trường trên giá trị sổ sách (P/B),-1.29,Tỷ suất lợi nhuận trên vốn chủ sở hữu bình quân (ROEA),-0.75,Tỷ suất sinh lợi trên tổng tài sản bình quân (ROAA),2.0,Doanh thu thuần về bán hàng và cung cấp dịch vụ,1.0,Lợi nhuận gộp về bán hàng và cung cấp dịch vụ,-1.0,Tổng lợi nhuận kế toán trước thuế,-1.0,Lợi nhuận sau thuế thu nhập doanh nghiệp,-1.0,Lợi nhuận sau thuế của cổ đông Công ty mẹ,74.0,Nợ phải trả,42.45,Tỷ suất lợi nhuận gộp biên,-79.7,Tỷ suất sinh lợi trên doanh thu thuần,41.63,Tỷ số Nợ trên Tổng tài sản,33.23,Tỷ số Nợ vay trên Vốn chủ sở hữu,,100.0,0.0,-50.0,-50.0,CURRENT,COMPLETE,,,,YES
HU3,Xây dựng,NORMAL,2023Q2,2023,Q2,230614,False,Chưa kiểm toán,263.0,Tổng cộng tài sản,143.0,Vốn chủ sở hữu,-259.25,Thu nhập trên mỗi cổ phần của 4 quý gần nhất (EPS),14308.0,Giá trị sổ sách của cổ phiếu (BVPS),-18.9,Chỉ số giá thị trường trên thu nhập (P/E),0.34,Chỉ số giá thị trường trên giá trị sổ sách (P/B),-0.74,Tỷ suất lợi nhuận trên vốn chủ sở hữu bình quân (ROEA),-0.4,Tỷ suất sinh lợi trên tổng tài sản bình quân (ROAA),22.0,Doanh thu thuần về bán hàng và cung cấp dịch vụ,2.0,Lợi nhuận gộp về bán hàng và cung cấp dịch vụ,-1.0,Tổng lợi nhuận kế toán trước thuế,-1.0,Lợi nhuận sau thuế thu nhập doanh nghiệp,-1.0,Lợi nhuận sau thuế của cổ đông Công ty mẹ,120.0,Nợ phải trả,8.74,Tỷ suất lợi nhuận gộp biên,-4.81,Tỷ suất sinh lợi trên doanh thu thuần,45.61,Tỷ số Nợ trên Tổng tài sản,29.95,Tỷ số Nợ vay trên Vốn chủ sở hữu,,144.44444444444446,-61.40350877192983,-50.0,-200.0,STALE,COMPLETE,,,,REVIEW
HUB,Vật liệu xây dựng,NORMAL,2026Q2,2026,Q2,291803,True,Chưa kiểm toán,1052.0,Tổng cộng tài sản,698.0,Vốn chủ sở hữu,2728.28,Thu nhập trên mỗi cổ phần của 4 quý gần nhất (EPS),23091.0,Giá trị sổ sách của cổ phiếu (BVPS),4.64,Chỉ số giá thị trường trên thu nhập (P/E),0.55,Chỉ số giá thị trường trên giá trị sổ sách (P/B),3.32,Tỷ suất lợi nhuận trên vốn chủ sở hữu bình quân (ROEA),2.18,Tỷ suất sinh lợi trên tổng tài sản bình quân (ROAA),114.0,Doanh thu thuần về bán hàng và cung cấp dịch vụ,26.0,Lợi nhuận gộp về bán hàng và cung cấp dịch vụ,29.0,Tổng lợi nhuận kế toán trước thuế,25.0,Lợi nhuận sau thuế thu nhập doanh nghiệp,23.0,Lợi nhuận sau thuế của cổ đông Công ty mẹ,354.0,Nợ phải trả,22.52,Tỷ suất lợi nhuận gộp biên,22.22,Tỷ suất sinh lợi trên doanh thu thuần,33.65,Tỷ số Nợ trên Tổng tài sản,,,,67.64705882352942,34.11764705882352,76.92307692307692,53.33333333333334,CURRENT,COMPLETE,,,,YES
HVT,Hóa chất,NORMAL,2026Q2,2026,Q2,291679,False,Chưa kiểm toán,844.0,Tổng cộng tài sản,535.0,Vốn chủ sở hữu,4502.77,Thu nhập trên mỗi cổ phần của 4 quý gần nhất (EPS),19472.0,Giá trị sổ sách của cổ phiếu (BVPS),5.55,Chỉ số giá thị trường trên thu nhập (P/E),1.28,Chỉ số giá thị trường trên giá trị sổ sách (P/B),6.94,Tỷ suất lợi nhuận trên vốn chủ sở hữu bình quân (ROEA),4.44,Tỷ suất sinh lợi trên tổng tài sản bình quân (ROAA),471.0,Doanh thu thuần về bán hàng và cung cấp dịch vụ,93.0,Lợi nhuận gộp về bán hàng và cung cấp dịch vụ,46.0,Tổng lợi nhuận kế toán trước thuế,37.0,Lợi nhuận sau thuế thu nhập doanh nghiệp,37.0,Lợi nhuận sau thuế của cổ đông Công ty mẹ,309.0,Nợ phải trả,19.73,Tỷ suất lợi nhuận gộp biên,7.88,Tỷ suất sinh lợi trên doanh thu thuần,36.6,Tỷ số Nợ trên Tổng tài sản,22.72,Tỷ số Nợ vay trên Vốn chủ sở hữu,,12.142857142857144,23.29842931937174,19.354838709677423,54.16666666666667,CURRENT,COMPLETE,,,,YES
HVX,Vật liệu xây dựng,NORMAL,2026Q2,2026,Q2,292560,False,Chưa kiểm toán,534.0,Tổng cộng tài sản,269.0,Vốn chủ sở hữu,-1015.65,Thu nhập trên mỗi cổ phần của 4 quý gần nhất (EPS),6469.0,Giá trị sổ sách của cổ phiếu (BVPS),-2.36,Chỉ số giá thị trường trên thu nhập (P/E),0.37,Chỉ số giá thị trường trên giá trị sổ sách (P/B),-2.67,Tỷ suất lợi nhuận trên vốn chủ sở hữu bình quân (ROEA),-1.37,Tỷ suất sinh lợi trên tổng tài sản bình quân (ROAA),252.0,Doanh thu thuần về bán hàng và cung cấp dịch vụ,10.0,Lợi nhuận gộp về bán hàng và cung cấp dịch vụ,-7.0,Tổng lợi nhuận kế toán trước thuế,-7.0,Lợi nhuận sau thuế thu nhập doanh nghiệp,-7.0,Lợi nhuận sau thuế của cổ đông Công ty mẹ,265.0,Nợ phải trả,3.98,Tỷ suất lợi nhuận gộp biên,-2.88,Tỷ suất sinh lợi trên doanh thu thuần,49.67,Tỷ số Nợ trên Tổng tài sản,27.92,Tỷ số Nợ vay trên Vốn chủ sở hữu,,133.33333333333334,100.0,-41.666666666666664,-30.000000000000004,CURRENT,COMPLETE,,,,YES
HWS,Nước,NORMAL,2026Q2,2026,Q2,291149,False,Chưa kiểm toán,1968.0,Tổng cộng tài sản,1081.0,Vốn chủ sở hữu,1658.55,Thu nhập trên mỗi cổ phần của 4 quý gần nhất (EPS),12366.0,Giá trị sổ sách của cổ phiếu (BVPS),9.1,Chỉ số giá thị trường trên thu nhập (P/E),1.22,Chỉ số giá thị trường trên giá trị sổ sách (P/B),2.92,Tỷ suất lợi nhuận trên vốn chủ sở hữu bình quân (ROEA),1.67,Tỷ suất sinh lợi trên tổng tài sản bình quân (ROAA),192.0,Doanh thu thuần về bán hàng và cung cấp dịch vụ,63.0,Lợi nhuận gộp về bán hàng và cung cấp dịch vụ,39.0,Tổng lợi nhuận kế toán trước thuế,33.0,Lợi nhuận sau thuế thu nhập doanh nghiệp,33.0,Lợi nhuận sau thuế của cổ đông Công ty mẹ,888.0,Nợ phải trả,32.84,Tỷ suất lợi nhuận gộp biên,16.97,Tỷ suất sinh lợi trên doanh thu thuần,45.1,Tỷ số Nợ trên Tổng tài sản,54.18,Tỷ số Nợ vay trên Vốn chủ sở hữu,,23.870967741935488,9.714285714285719,-2.941176470588236,10.000000000000009,CURRENT,COMPLETE,,,,YES
ICN,Xây dựng,NORMAL,2026Q2,2026,Q2,291926,False,Chưa kiểm toán,1214.0,Tổng cộng tài sản,478.0,Vốn chủ sở hữu,1358.1,Thu nhập trên mỗi cổ phần của 4 quý gần nhất (EPS),15635.0,Giá trị sổ sách của cổ phiếu (BVPS),20.91,Chỉ số giá thị trường trên thu nhập (P/E),1.82,Chỉ số giá thị trường trên giá trị sổ sách (P/B),3.12,Tỷ suất lợi nhuận trên vốn chủ sở hữu bình quân (ROEA),1.24,Tỷ suất sinh lợi trên tổng tài sản bình quân (ROAA),32.0,Doanh thu thuần về bán hàng và cung cấp dịch vụ,11.0,Lợi nhuận gộp về bán hàng và cung cấp dịch vụ,19.0,Tổng lợi nhuận kế toán trước thuế,15.0,Lợi nhuận sau thuế thu nhập doanh nghiệp,15.0,Lợi nhuận sau thuế của cổ đông Công ty mẹ,736.0,Nợ phải trả,35.57,Tỷ suất lợi nhuận gộp biên,47.43,Tỷ suất sinh lợi trên doanh thu thuần,60.6,Tỷ số Nợ trên Tổng tài sản,5.04,Tỷ số Nợ vay trên Vốn chủ sở hữu,,23.076923076923084,-82.88770053475936,114.28571428571428,-82.35294117647058,CURRENT,COMPLETE,,,,YES
ICT,Viễn thông,NORMAL,2026Q2,2026,Q2,292832,False,Chưa kiểm toán,2007.0,Tổng cộng tài sản,653.0,Vốn chủ sở hữu,1590.48,Thu nhập trên mỗi cổ phần của 4 quý gần nhất (EPS),20291.0,Giá trị sổ sách của cổ phiếu (BVPS),11.0,Chỉ số giá thị trường trên thu nhập (P/E),0.86,Chỉ số giá thị trường trên giá trị sổ sách (P/B),4.96,Tỷ suất lợi nhuận trên vốn chủ sở hữu bình quân (ROEA),1.75,Tỷ suất sinh lợi trên tổng tài sản bình quân (ROAA),775.0,Doanh thu thuần về bán hàng và cung cấp dịch vụ,67.0,Lợi nhuận gộp về bán hàng và cung cấp dịch vụ,40.0,Tổng lợi nhuận kế toán trước thuế,33.0,Lợi nhuận sau thuế thu nhập doanh nghiệp,33.0,Lợi nhuận sau thuế của cổ đông Công ty mẹ,1354.0,Nợ phải trả,8.68,Tỷ suất lợi nhuận gộp biên,4.19,Tỷ suất sinh lợi trên doanh thu thuần,67.47,Tỷ số Nợ trên Tổng tài sản,62.42,Tỷ số Nợ vay trên Vốn chủ sở hữu,,49.03846153846154,170.0348432055749,560.0,153.84615384615384,CURRENT,COMPLETE,,,,YES
IDV,Bất động sản,NORMAL,2026Q2,2026,Q2,289641,True,Chưa kiểm toán,2120.0,Tổng cộng tài sản,935.0,Vốn chủ sở hữu,3033.87,Thu nhập trên mỗi cổ phần của 4 quý gần nhất (EPS),19726.0,Giá trị sổ sách của cổ phiếu (BVPS),7.38,Chỉ số giá thị trường trên thu nhập (P/E),1.14,Chỉ số giá thị trường trên giá trị sổ sách (P/B),1.37,Tỷ suất lợi nhuận trên vốn chủ sở hữu bình quân (ROEA),0.61,Tỷ suất sinh lợi trên tổng tài sản bình quân (ROAA),28.0,Doanh thu thuần về bán hàng và cung cấp dịch vụ,19.0,Lợi nhuận gộp về bán hàng và cung cấp dịch vụ,16.0,Tổng lợi nhuận kế toán trước thuế,13.0,Lợi nhuận sau thuế thu nhập doanh nghiệp,13.0,Lợi nhuận sau thuế của cổ đông Công ty mẹ,1184.0,Nợ phải trả,67.11,Tỷ suất lợi nhuận gộp biên,45.06,Tỷ suất sinh lợi trên doanh thu thuần,55.87,Tỷ số Nợ trên Tổng tài sản,7.24,Tỷ số Nợ vay trên Vốn chủ sở hữu,,-17.647058823529417,12.00000000000001,-40.90909090909091,0.0,CURRENT,COMPLETE,,,,YES
IFS,Thực phẩm & đồ uống,NORMAL,2026Q2,2026,Q2,291093,False,Chưa kiểm toán,1555.0,Tổng cộng tài sản,1162.0,Vốn chủ sở hữu,1951.58,Thu nhập trên mỗi cổ phần của 4 quý gần nhất (EPS),13335.0,Giá trị sổ sách của cổ phiếu (BVPS),8.97,Chỉ số giá thị trường trên thu nhập (P/E),1.31,Chỉ số giá thị trường trên giá trị sổ sách (P/B),5.21,Tỷ suất lợi nhuận trên vốn chủ sở hữu bình quân (ROEA),4.1,Tỷ suất sinh lợi trên tổng tài sản bình quân (ROAA),583.0,Doanh thu thuần về bán hàng và cung cấp dịch vụ,208.0,Lợi nhuận gộp về bán hàng và cung cấp dịch vụ,78.0,Tổng lợi nhuận kế toán trước thuế,63.0,Lợi nhuận sau thuế thu nhập doanh nghiệp,63.0,Lợi nhuận sau thuế của cổ đông Công ty mẹ,393.0,Nợ phải trả,35.7,Tỷ suất lợi nhuận gộp biên,10.74,Tỷ suất sinh lợi trên doanh thu thuần,25.25,Tỷ số Nợ trên Tổng tài sản,,,,16.599999999999994,18.9795918367347,18.867924528301884,61.53846153846154,CURRENT,COMPLETE,,,,YES
ILB,Cảng & Logistics,NORMAL,2026Q2,2026,Q2,293503,True,Chưa kiểm toán,1922.0,Tổng cộng tài sản,846.0,Vốn chủ sở hữu,2892.08,Thu nhập trên mỗi cổ phần của 4 quý gần nhất (EPS),22158.0,Giá trị sổ sách của cổ phiếu (BVPS),7.56,Chỉ số giá thị trường trên thu nhập (P/E),0.99,Chỉ số giá thị trường trên giá trị sổ sách (P/B),3.22,Tỷ suất lợi nhuận trên vốn chủ sở hữu bình quân (ROEA),1.47,Tỷ suất sinh lợi trên tổng tài sản bình quân (ROAA),164.0,Doanh thu thuần về bán hàng và cung cấp dịch vụ,56.0,Lợi nhuận gộp về bán hàng và cung cấp dịch vụ,38.0,Tổng lợi nhuận kế toán trước thuế,30.0,Lợi nhuận sau thuế thu nhập doanh nghiệp,28.0,Lợi nhuận sau thuế của cổ đông Công ty mẹ,1076.0,Nợ phải trả,34.17,Tỷ suất lợi nhuận gộp biên,18.13,Tỷ suất sinh lợi trên doanh thu thuần,55.97,Tỷ số Nợ trên Tổng tài sản,25.68,Tỷ số Nợ vay trên Vốn chủ sở hữu,,-5.747126436781613,23.308270676691723,-22.22222222222222,7.692307692307687,CURRENT,COMPLETE,,,,YES
ILS,Cảng & Logistics,NORMAL,2026Q2,2026,Q2,294044,True,Chưa kiểm toán,729.0,Tổng cộng tài sản,393.0,Vốn chủ sở hữu,1121.84,Thu nhập trên mỗi cổ phần của 4 quý gần nhất (EPS),10917.0,Giá trị sổ sách của cổ phiếu (BVPS),21.39,Chỉ số giá thị trường trên thu nhập (P/E),2.2,Chỉ số giá thị trường trên giá trị sổ sách (P/B),1.89,Tỷ suất lợi nhuận trên vốn chủ sở hữu bình quân (ROEA),1.02,Tỷ suất sinh lợi trên tổng tài sản bình quân (ROAA),43.0,Doanh thu thuần về bán hàng và cung cấp dịch vụ,14.0,Lợi nhuận gộp về bán hàng và cung cấp dịch vụ,9.0,Tổng lợi nhuận kế toán trước thuế,9.0,Lợi nhuận sau thuế thu nhập doanh nghiệp,7.0,Lợi nhuận sau thuế của cổ đông Công ty mẹ,336.0,Nợ phải trả,32.14,Tỷ suất lợi nhuận gộp biên,19.89,Tỷ suất sinh lợi trên doanh thu thuần,46.11,Tỷ số Nợ trên Tổng tài sản,7.81,Tỷ số Nợ vay trên Vốn chủ sở hữu,,-66.14173228346456,0.0,-63.1578947368421,250.0,CURRENT,COMPLETE,,,,YES
IMP,Dược & Y tế,NORMAL,2026Q2,2026,Q2,291442,False,Chưa kiểm toán,2947.0,Tổng cộng tài sản,2341.0,Vốn chủ sở hữu,2339.65,Thu nhập trên mỗi cổ phần của 4 quý gần nhất (EPS),15201.0,Giá trị sổ sách của cổ phiếu (BVPS),17.61,Chỉ số giá thị trường trên thu nhập (P/E),2.71,Chỉ số giá thị trường trên giá trị sổ sách (P/B),3.98,Tỷ suất lợi nhuận trên vốn chủ sở hữu bình quân (ROEA),3.26,Tỷ suất sinh lợi trên tổng tài sản bình quân (ROAA),562.0,Doanh thu thuần về bán hàng và cung cấp dịch vụ,236.0,Lợi nhuận gộp về bán hàng và cung cấp dịch vụ,118.0,Tổng lợi nhuận kế toán trước thuế,94.0,Lợi nhuận sau thuế thu nhập doanh nghiệp,94.0,Lợi nhuận sau thuế của cổ đông Công ty mẹ,606.0,Nợ phải trả,41.93,Tỷ suất lợi nhuận gộp biên,16.71,Tỷ suất sinh lợi trên doanh thu thuần,20.55,Tỷ số Nợ trên Tổng tài sản,8.34,Tỷ số Nợ vay trên Vốn chủ sở hữu,,2.93040293040292,-11.216429699842024,14.634146341463406,4.444444444444451,CURRENT,COMPLETE,,,,YES
INN,Bao bì,NORMAL,2026Q2,2026,Q2,293040,True,Chưa kiểm toán,1337.0,Tổng cộng tài sản,843.0,Vốn chủ sở hữu,5460.24,Thu nhập trên mỗi cổ phần của 4 quý gần nhất (EPS),31231.0,Giá trị sổ sách của cổ phiếu (BVPS),6.56,Chỉ số giá thị trường trên thu nhập (P/E),1.15,Chỉ số giá thị trường trên giá trị sổ sách (P/B),3.99,Tỷ suất lợi nhuận trên vốn chủ sở hữu bình quân (ROEA),2.57,Tỷ suất sinh lợi trên tổng tài sản bình quân (ROAA),462.0,Doanh thu thuần về bán hàng và cung cấp dịch vụ,98.0,Lợi nhuận gộp về bán hàng và cung cấp dịch vụ,40.0,Tổng lợi nhuận kế toán trước thuế,34.0,Lợi nhuận sau thuế thu nhập doanh nghiệp,34.0,Lợi nhuận sau thuế của cổ đông Công ty mẹ,494.0,Nợ phải trả,21.23,Tỷ suất lợi nhuận gộp biên,7.39,Tỷ suất sinh lợi trên doanh thu thuần,36.94,Tỷ số Nợ trên Tổng tài sản,21.58,Tỷ số Nợ vay trên Vốn chủ sở hữu,,9.738717339667469,17.557251908396942,17.24137931034482,9.677419354838701,CURRENT,COMPLETE,,,,YES
IPA,Đa ngành,NORMAL,2026Q2,2026,Q2,294191,True,Chưa kiểm toán,10999.0,Tổng cộng tài sản,5089.0,Vốn chủ sở hữu,2641.76,Thu nhập trên mỗi cổ phần của 4 quý gần nhất (EPS),23801.0,Giá trị sổ sách của cổ phiếu (BVPS),5.91,Chỉ số giá thị trường trên thu nhập (P/E),0.66,Chỉ số giá thị trường trên giá trị sổ sách (P/B),2.51,Tỷ suất lợi nhuận trên vốn chủ sở hữu bình quân (ROEA),1.16,Tỷ suất sinh lợi trên tổng tài sản bình quân (ROAA),130.0,Doanh thu thuần về bán hàng và cung cấp dịch vụ,55.0,Lợi nhuận gộp về bán hàng và cung cấp dịch vụ,135.0,Tổng lợi nhuận kế toán trước thuế,127.0,Lợi nhuận sau thuế thu nhập doanh nghiệp,126.0,Lợi nhuận sau thuế của cổ đông Công ty mẹ,5910.0,Nợ phải trả,42.09,Tỷ suất lợi nhuận gộp biên,97.9,Tỷ suất sinh lợi trên doanh thu thuần,53.73,Tỷ số Nợ trên Tổng tài sản,106.88,Tỷ số Nợ vay trên Vốn chủ sở hữu,,4.8387096774193505,52.941176470588225,32.63157894736841,11.504424778761058,CURRENT,COMPLETE,,,,YES
ISH,Điện,NORMAL,2026Q2,2026,Q2,292000,False,Chưa kiểm toán,605.0,Tổng cộng tài sản,499.0,Vốn chủ sở hữu,1976.4,Thu nhập trên mỗi cổ phần của 4 quý gần nhất (EPS),11083.0,Giá trị sổ sách của cổ phiếu (BVPS),12.65,Chỉ số giá thị trường trên thu nhập (P/E),2.26,Chỉ số giá thị trường trên giá trị sổ sách (P/B),3.19,Tỷ suất lợi nhuận trên vốn chủ sở hữu bình quân (ROEA),2.79,Tỷ suất sinh lợi trên tổng tài sản bình quân (ROAA),44.0,Doanh thu thuần về bán hàng và cung cấp dịch vụ,23.0,Lợi nhuận gộp về bán hàng và cung cấp dịch vụ,21.0,Tổng lợi nhuận kế toán trước thuế,17.0,Lợi nhuận sau thuế thu nhập doanh nghiệp,17.0,Lợi nhuận sau thuế của cổ đông Công ty mẹ,106.0,Nợ phải trả,52.36,Tỷ suất lợi nhuận gộp biên,37.94,Tỷ suất sinh lợi trên doanh thu thuần,17.59,Tỷ số Nợ trên Tổng tài sản,4.43,Tỷ số Nợ vay trên Vốn chủ sở hữu,,46.66666666666666,-8.333333333333337,88.88888888888889,-5.555555555555558,CURRENT,COMPLETE,,,,YES
ITC,Bất động sản,NORMAL,2026Q2,2026,Q2,293450,True,Chưa kiểm toán,4179.0,Tổng cộng tài sản,2783.0,Vốn chủ sở hữu,761.57,Thu nhập trên mỗi cổ phần của 4 quý gần nhất (EPS),29013.0,Giá trị sổ sách của cổ phiếu (BVPS),15.3,Chỉ số giá thị trường trên thu nhập (P/E),0.4,Chỉ số giá thị trường trên giá trị sổ sách (P/B),1.03,Tỷ suất lợi nhuận trên vốn chủ sở hữu bình quân (ROEA),0.69,Tỷ suất sinh lợi trên tổng tài sản bình quân (ROAA),189.0,Doanh thu thuần về bán hàng và cung cấp dịch vụ,66.0,Lợi nhuận gộp về bán hàng và cung cấp dịch vụ,50.0,Tổng lợi nhuận kế toán trước thuế,35.0,Lợi nhuận sau thuế thu nhập doanh nghiệp,29.0,Lợi nhuận sau thuế của cổ đông Công ty mẹ,1395.0,Nợ phải trả,34.93,Tỷ suất lợi nhuận gộp biên,18.37,Tỷ suất sinh lợi trên doanh thu thuần,33.39,Tỷ số Nợ trên Tổng tài sản,19.46,Tỷ số Nợ vay trên Vốn chủ sở hữu,,-11.267605633802813,0.5319148936170137,222.22222222222223,190.0,CURRENT,COMPLETE,,,,YES
ITD,Công nghệ,NORMAL,2026Q1,2026,Q1,292518,True,Chưa kiểm toán,615.0,Tổng cộng tài sản,439.0,Vốn chủ sở hữu,2847.86,Thu nhập trên mỗi cổ phần của 4 quý gần nhất (EPS),16780.0,Giá trị sổ sách của cổ phiếu (BVPS),5.69,Chỉ số giá thị trường trên thu nhập (P/E),0.97,Chỉ số giá thị trường trên giá trị sổ sách (P/B),0.04,Tỷ suất lợi nhuận trên vốn chủ sở hữu bình quân (ROEA),0.03,Tỷ suất sinh lợi trên tổng tài sản bình quân (ROAA),156.0,Doanh thu thuần về bán hàng và cung cấp dịch vụ,32.0,Lợi nhuận gộp về bán hàng và cung cấp dịch vụ,9.0,Tổng lợi nhuận kế toán trước thuế,6.0,Lợi nhuận sau thuế thu nhập doanh nghiệp,0.0,Lợi nhuận sau thuế của cổ đông Công ty mẹ,176.0,Nợ phải trả,20.76,Tỷ suất lợi nhuận gộp biên,4.12,Tỷ suất sinh lợi trên doanh thu thuần,28.6,Tỷ số Nợ trên Tổng tài sản,5.22,Tỷ số Nợ vay trên Vốn chủ sở hữu,,-4.294478527607359,59.183673469387756,-100.0,,LAGGING,COMPLETE,,,,REVIEW
ITQ,Kim loại & Khoáng sản,NORMAL,2026Q2,2026,Q2,291713,False,Chưa kiểm toán,604.0,Tổng cộng tài sản,344.0,Vốn chủ sở hữu,386.19,Thu nhập trên mỗi cổ phần của 4 quý gần nhất (EPS),10815.0,Giá trị sổ sách của cổ phiếu (BVPS),6.73,Chỉ số giá thị trường trên thu nhập (P/E),0.24,Chỉ số giá thị trường trên giá trị sổ sách (P/B),2.02,Tỷ suất lợi nhuận trên vốn chủ sở hữu bình quân (ROEA),1.16,Tỷ suất sinh lợi trên tổng tài sản bình quân (ROAA),214.0,Doanh thu thuần về bán hàng và cung cấp dịch vụ,22.0,Lợi nhuận gộp về bán hàng và cung cấp dịch vụ,7.0,Tổng lợi nhuận kế toán trước thuế,7.0,Lợi nhuận sau thuế thu nhập doanh nghiệp,7.0,Lợi nhuận sau thuế của cổ đông Công ty mẹ,260.0,Nợ phải trả,10.42,Tỷ suất lợi nhuận gộp biên,3.22,Tỷ suất sinh lợi trên doanh thu thuần,43.0,Tỷ số Nợ trên Tổng tài sản,50.42,Tỷ số Nợ vay trên Vốn chủ sở hữu,,29.69696969696969,32.9192546583851,600.0,600.0,CURRENT,COMPLETE,,,,YES
ITS,Dầu khí,NORMAL,2026Q2,2026,Q2,292162,True,Chưa kiểm toán,2231.0,Tổng cộng tài sản,286.0,Vốn chủ sở hữu,163.24,Thu nhập trên mỗi cổ phần của 4 quý gần nhất (EPS),10820.0,Giá trị sổ sách của cổ phiếu (BVPS),22.67,Chỉ số giá thị trường trên thu nhập (P/E),0.34,Chỉ số giá thị trường trên giá trị sổ sách (P/B),0.2,Tỷ suất lợi nhuận trên vốn chủ sở hữu bình quân (ROEA),0.03,Tỷ suất sinh lợi trên tổng tài sản bình quân (ROAA),435.0,Doanh thu thuần về bán hàng và cung cấp dịch vụ,11.0,Lợi nhuận gộp về bán hàng và cung cấp dịch vụ,1.0,Tổng lợi nhuận kế toán trước thuế,1.0,Lợi nhuận sau thuế thu nhập doanh nghiệp,1.0,Lợi nhuận sau thuế của cổ đông Công ty mẹ,1945.0,Nợ phải trả,2.52,Tỷ suất lợi nhuận gộp biên,0.13,Tỷ suất sinh lợi trên doanh thu thuần,87.17,Tỷ số Nợ trên Tổng tài sản,353.72,Tỷ số Nợ vay trên Vốn chủ sở hữu,,10.406091370558368,0.694444444444442,0.0,0.0,CURRENT,COMPLETE,,,,YES
IVS,Chứng khoán,SECURITIES,2026Q2,2026,Q2,291083,False,Chưa kiểm toán,1491.0,Tổng cộng tài sản,1197.0,Vốn chủ sở hữu,214.87,Thu nhập trên mỗi cổ phần của 4 quý gần nhất (EPS),11412.79,Giá trị sổ sách của cổ phiếu (BVPS),31.18,Chỉ số giá thị trường trên thu nhập (P/E),0.59,Chỉ số giá thị trường trên giá trị sổ sách (P/B),0.99,Tỷ suất lợi nhuận trên vốn chủ sở hữu bình quân (ROEA),0.78,Tỷ suất sinh lợi trên tổng tài sản bình quân (ROAA),35.0,Doanh thu thuần về hoạt động kinh doanh,,,15.0,Tổng lợi nhuận kế toán trước thuế,12.0,Lợi nhuận sau thuế TNDN,12.0,Lợi nhuận sau thuế của cổ đông Công ty mẹ,293.0,Nợ phải trả,,,,,,,,,,12.903225806451623,29.629629629629626,9.090909090909083,33.33333333333333,CURRENT,COMPLETE,,,,YES
JOS,Thực phẩm & đồ uống,NORMAL,2026Q2,2026,Q2,290942,False,Chưa kiểm toán,6.0,Tổng cộng tài sản,-513.0,Vốn chủ sở hữu,-12363.52,Thu nhập trên mỗi cổ phần của 4 quý gần nhất (EPS),-34094.0,Giá trị sổ sách của cổ phiếu (BVPS),-0.1,Chỉ số giá thị trường trên thu nhập (P/E),-0.04,Chỉ số giá thị trường trên giá trị sổ sách (P/B),1.84,Tỷ suất lợi nhuận trên vốn chủ sở hữu bình quân (ROEA),-152.86,Tỷ suất sinh lợi trên tổng tài sản bình quân (ROAA),0.0,Doanh thu thuần về bán hàng và cung cấp dịch vụ,0.0,Lợi nhuận gộp về bán hàng và cung cấp dịch vụ,,,-9.0,Lợi nhuận sau thuế thu nhập doanh nghiệp,-9.0,Lợi nhuận sau thuế của cổ đông Công ty mẹ,519.0,Nợ phải trả,100.0,Tỷ suất lợi nhuận gộp biên,-5300.18,Tỷ suất sinh lợi trên doanh thu thuần,8511.09,Tỷ số Nợ trên Tổng tài sản,-42.46,Tỷ số Nợ vay trên Vốn chủ sở hữu,,-100.0,-100.0,,-30.76923076923077,CURRENT,PARTIAL,pbt_bil_vnd,,,REVIEW
JVC,Dược & Y tế,NORMAL,2026Q2,2026,Q2,293777,True,Chưa kiểm toán,1039.0,Tổng cộng tài sản,654.0,Vốn chủ sở hữu,451.21,Thu nhập trên mỗi cổ phần của 4 quý gần nhất (EPS),5814.0,Giá trị sổ sách của cổ phiếu (BVPS),7.87,Chỉ số giá thị trường trên thu nhập (P/E),0.61,Chỉ số giá thị trường trên giá trị sổ sách (P/B),2.62,Tỷ suất lợi nhuận trên vốn chủ sở hữu bình quân (ROEA),1.57,Tỷ suất sinh lợi trên tổng tài sản bình quân (ROAA),142.0,Doanh thu thuần về bán hàng và cung cấp dịch vụ,51.0,Lợi nhuận gộp về bán hàng và cung cấp dịch vụ,21.0,Tổng lợi nhuận kế toán trước thuế,17.0,Lợi nhuận sau thuế thu nhập doanh nghiệp,17.0,Lợi nhuận sau thuế của cổ đông Công ty mẹ,384.0,Nợ phải trả,35.54,Tỷ suất lợi nhuận gộp biên,11.72,Tỷ suất sinh lợi trên doanh thu thuần,37.01,Tỷ số Nợ trên Tổng tài sản,34.43,Tỷ số Nợ vay trên Vốn chủ sở hữu,,-10.691823899371066,4.4117647058823595,54.54545454545454,466.6666666666667,CURRENT,COMPLETE,,,,YES
KDC,Thực phẩm & đồ uống,NORMAL,2026Q2,2026,Q2,293282,True,Chưa kiểm toán,12755.0,Tổng cộng tài sản,6502.0,Vốn chủ sở hữu,1730.75,Thu nhập trên mỗi cổ phần của 4 quý gần nhất (EPS),23421.0,Giá trị sổ sách của cổ phiếu (BVPS),28.89,Chỉ số giá thị trường trên thu nhập (P/E),2.13,Chỉ số giá thị trường trên giá trị sổ sách (P/B),-0.09,Tỷ suất lợi nhuận trên vốn chủ sở hữu bình quân (ROEA),-0.05,Tỷ suất sinh lợi trên tổng tài sản bình quân (ROAA),1864.0,Doanh thu thuần về bán hàng và cung cấp dịch vụ,408.0,Lợi nhuận gộp về bán hàng và cung cấp dịch vụ,53.0,Tổng lợi nhuận kế toán trước thuế,10.0,Lợi nhuận sau thuế thu nhập doanh nghiệp,-6.0,Lợi nhuận sau thuế của cổ đông Công ty mẹ,6253.0,Nợ phải trả,21.9,Tỷ suất lợi nhuận gộp biên,0.51,Tỷ suất sinh lợi trên doanh thu thuần,49.02,Tỷ số Nợ trên Tổng tài sản,58.95,Tỷ số Nợ vay trên Vốn chủ sở hữu,,-24.89927477840451,-7.722772277227719,-146.15384615384616,-104.37956204379562,CURRENT,COMPLETE,,,,YES
KGM,Thực phẩm & đồ uống,NORMAL,2026Q2,2026,Q2,291111,False,Chưa kiểm toán,1284.0,Tổng cộng tài sản,271.0,Vốn chủ sở hữu,508.66,Thu nhập trên mỗi cổ phần của 4 quý gần nhất (EPS),10652.0,Giá trị sổ sách của cổ phiếu (BVPS),10.62,Chỉ số giá thị trường trên thu nhập (P/E),0.51,Chỉ số giá thị trường trên giá trị sổ sách (P/B),1.74,Tỷ suất lợi nhuận trên vốn chủ sở hữu bình quân (ROEA),0.43,Tỷ suất sinh lợi trên tổng tài sản bình quân (ROAA),1475.0,Doanh thu thuần về bán hàng và cung cấp dịch vụ,147.0,Lợi nhuận gộp về bán hàng và cung cấp dịch vụ,6.0,Tổng lợi nhuận kế toán trước thuế,5.0,Lợi nhuận sau thuế thu nhập doanh nghiệp,5.0,Lợi nhuận sau thuế của cổ đông Công ty mẹ,1014.0,Nợ phải trả,9.96,Tỷ suất lợi nhuận gộp biên,0.33,Tỷ suất sinh lợi trên doanh thu thuần,78.91,Tỷ số Nợ trên Tổng tài sản,333.17,Tỷ số Nợ vay trên Vốn chủ sở hữu,,134.87261146496814,-24.08646423057128,0.0,-28.57142857142857,CURRENT,COMPLETE,,,,YES
KHP,Điện,NORMAL,2026Q2,2026,Q2,291342,False,Chưa kiểm toán,2418.0,Tổng cộng tài sản,651.0,Vốn chủ sở hữu,602.3,Thu nhập trên mỗi cổ phần của 4 quý gần nhất (EPS),10785.0,Giá trị sổ sách của cổ phiếu (BVPS),16.44,Chỉ số giá thị trường trên thu nhập (P/E),0.92,Chỉ số giá thị trường trên giá trị sổ sách (P/B),-0.12,Tỷ suất lợi nhuận trên vốn chủ sở hữu bình quân (ROEA),-0.04,Tỷ suất sinh lợi trên tổng tài sản bình quân (ROAA),2461.0,Doanh thu thuần về bán hàng và cung cấp dịch vụ,68.0,Lợi nhuận gộp về bán hàng và cung cấp dịch vụ,-1.0,Tổng lợi nhuận kế toán trước thuế,-1.0,Lợi nhuận sau thuế thu nhập doanh nghiệp,-1.0,Lợi nhuận sau thuế của cổ đông Công ty mẹ,1767.0,Nợ phải trả,2.78,Tỷ suất lợi nhuận gộp biên,-0.03,Tỷ suất sinh lợi trên doanh thu thuần,73.07,Tỷ số Nợ trên Tổng tài sản,104.0,Tỷ số Nợ vay trên Vốn chủ sở hữu,,40.3879064460924,15.648496240601496,-150.0,-102.38095238095238,CURRENT,COMPLETE,,,,YES
KHW,Nước,NORMAL,2026Q2,2026,Q2,290958,False,Chưa kiểm toán,653.0,Tổng cộng tài sản,398.0,Vốn chủ sở hữu,3132.91,Thu nhập trên mỗi cổ phần của 4 quý gần nhất (EPS),13921.0,Giá trị sổ sách của cổ phiếu (BVPS),9.58,Chỉ số giá thị trường trên thu nhập (P/E),2.15,Chỉ số giá thị trường trên giá trị sổ sách (P/B),5.84,Tỷ suất lợi nhuận trên vốn chủ sở hữu bình quân (ROEA),3.83,Tỷ suất sinh lợi trên tổng tài sản bình quân (ROAA),122.0,Doanh thu thuần về bán hàng và cung cấp dịch vụ,29.0,Lợi nhuận gộp về bán hàng và cung cấp dịch vụ,27.0,Tổng lợi nhuận kế toán trước thuế,24.0,Lợi nhuận sau thuế thu nhập doanh nghiệp,24.0,Lợi nhuận sau thuế của cổ đông Công ty mẹ,255.0,Nợ phải trả,23.79,Tỷ suất lợi nhuận gộp biên,20.0,Tỷ suất sinh lợi trên doanh thu thuần,39.06,Tỷ số Nợ trên Tổng tài sản,29.62,Tỷ số Nợ vay trên Vốn chủ sở hữu,,15.094339622641506,2.5210084033613356,60.00000000000001,0.0,CURRENT,COMPLETE,,,,YES
KMR,Dệt may,NORMAL,2026Q2,2026,Q2,291552,False,Chưa kiểm toán,809.0,Tổng cộng tài sản,653.0,Vốn chủ sở hữu,115.17,Thu nhập trên mỗi cổ phần của 4 quý gần nhất (EPS),11483.0,Giá trị sổ sách của cổ phiếu (BVPS),21.88,Chỉ số giá thị trường trên thu nhập (P/E),0.22,Chỉ số giá thị trường trên giá trị sổ sách (P/B),0.26,Tỷ suất lợi nhuận trên vốn chủ sở hữu bình quân (ROEA),0.21,Tỷ suất sinh lợi trên tổng tài sản bình quân (ROAA),93.0,Doanh thu thuần về bán hàng và cung cấp dịch vụ,11.0,Lợi nhuận gộp về bán hàng và cung cấp dịch vụ,2.0,Tổng lợi nhuận kế toán trước thuế,2.0,Lợi nhuận sau thuế thu nhập doanh nghiệp,2.0,Lợi nhuận sau thuế của cổ đông Công ty mẹ,156.0,Nợ phải trả,11.34,Tỷ suất lợi nhuận gộp biên,1.83,Tỷ suất sinh lợi trên doanh thu thuần,19.31,Tỷ số Nợ trên Tổng tài sản,17.07,Tỷ số Nợ vay trên Vốn chủ sở hữu,,10.71428571428572,-8.823529411764708,,,CURRENT,COMPLETE,,,,YES
KOS,Điện,NORMAL,2026Q2,2026,Q2,293505,True,Chưa kiểm toán,5079.0,Tổng cộng tài sản,2354.0,Vốn chủ sở hữu,123.39,Thu nhập trên mỗi cổ phần của 4 quý gần nhất (EPS),10873.0,Giá trị sổ sách của cổ phiếu (BVPS),300.28,Chỉ số giá thị trường trên thu nhập (P/E),3.41,Chỉ số giá thị trường trên giá trị sổ sách (P/B),0.52,Tỷ suất lợi nhuận trên vốn chủ sở hữu bình quân (ROEA),0.24,Tỷ suất sinh lợi trên tổng tài sản bình quân (ROAA),466.0,Doanh thu thuần về bán hàng và cung cấp dịch vụ,67.0,Lợi nhuận gộp về bán hàng và cung cấp dịch vụ,20.0,Tổng lợi nhuận kế toán trước thuế,12.0,Lợi nhuận sau thuế thu nhập doanh nghiệp,12.0,Lợi nhuận sau thuế của cổ đông Công ty mẹ,2725.0,Nợ phải trả,14.32,Tỷ suất lợi nhuận gộp biên,2.58,Tỷ suất sinh lợi trên doanh thu thuần,53.66,Tỷ số Nợ trên Tổng tài sản,84.87,Tỷ số Nợ vay trên Vốn chủ sở hữu,,81.32295719844358,6.8807339449541205,300.0,200.0,CURRENT,COMPLETE,,,,YES
KSQ,Vật liệu xây dựng,NORMAL,2026Q2,2026,Q2,291554,False,Chưa kiểm toán,273.0,Tổng cộng tài sản,271.0,Vốn chủ sở hữu,339.69,Thu nhập trên mỗi cổ phần của 4 quý gần nhất (EPS),9025.0,Giá trị sổ sách của cổ phiếu (BVPS),2.65,Chỉ số giá thị trường trên thu nhập (P/E),0.1,Chỉ số giá thị trường trên giá trị sổ sách (P/B),0.16,Tỷ suất lợi nhuận trên vốn chủ sở hữu bình quân (ROEA),0.16,Tỷ suất sinh lợi trên tổng tài sản bình quân (ROAA),8.0,Doanh thu thuần về bán hàng và cung cấp dịch vụ,1.0,Lợi nhuận gộp về bán hàng và cung cấp dịch vụ,0.0,Tổng lợi nhuận kế toán trước thuế,0.0,Lợi nhuận sau thuế thu nhập doanh nghiệp,0.0,Lợi nhuận sau thuế của cổ đông Công ty mẹ,2.0,Nợ phải trả,9.34,Tỷ suất lợi nhuận gộp biên,5.47,Tỷ suất sinh lợi trên doanh thu thuần,0.82,Tỷ số Nợ trên Tổng tài sản,,,,,,,-100.0,CURRENT,COMPLETE,,,,YES
KSV,Kim loại & Khoáng sản,NORMAL,2026Q2,2026,Q2,293206,True,Chưa kiểm toán,12305.0,Tổng cộng tài sản,6938.0,Vốn chủ sở hữu,17867.89,Thu nhập trên mỗi cổ phần của 4 quý gần nhất (EPS),34690.0,Giá trị sổ sách của cổ phiếu (BVPS),8.73,Chỉ số giá thị trường trên thu nhập (P/E),4.49,Chỉ số giá thị trường trên giá trị sổ sách (P/B),21.26,Tỷ suất lợi nhuận trên vốn chủ sở hữu bình quân (ROEA),11.68,Tỷ suất sinh lợi trên tổng tài sản bình quân (ROAA),4657.0,Doanh thu thuần về bán hàng và cung cấp dịch vụ,2214.0,Lợi nhuận gộp về bán hàng và cung cấp dịch vụ,1921.0,Tổng lợi nhuận kế toán trước thuế,1531.0,Lợi nhuận sau thuế thu nhập doanh nghiệp,1413.0,Lợi nhuận sau thuế của cổ đông Công ty mẹ,5367.0,Nợ phải trả,47.54,Tỷ suất lợi nhuận gộp biên,32.88,Tỷ suất sinh lợi trên doanh thu thuần,43.62,Tỷ số Nợ trên Tổng tài sản,21.43,Tỷ số Nợ vay trên Vốn chủ sở hữu,,-11.00707051404548,18.740438551759308,44.330949948927476,199.36440677966104,CURRENT,COMPLETE,,,,YES
KTL,Ô tô & Phụ tùng,NORMAL,2026Q2,2026,Q2,292142,False,Chưa kiểm toán,995.0,Tổng cộng tài sản,461.0,Vốn chủ sở hữu,3367.05,Thu nhập trên mỗi cổ phần của 4 quý gần nhất (EPS),24010.0,Giá trị sổ sách của cổ phiếu (BVPS),7.4,Chỉ số giá thị trường trên thu nhập (P/E),1.04,Chỉ số giá thị trường trên giá trị sổ sách (P/B),12.55,Tỷ suất lợi nhuận trên vốn chủ sở hữu bình quân (ROEA),5.91,Tỷ suất sinh lợi trên tổng tài sản bình quân (ROAA),297.0,Doanh thu thuần về bán hàng và cung cấp dịch vụ,41.0,Lợi nhuận gộp về bán hàng và cung cấp dịch vụ,60.0,Tổng lợi nhuận kế toán trước thuế,57.0,Lợi nhuận sau thuế thu nhập doanh nghiệp,57.0,Lợi nhuận sau thuế của cổ đông Công ty mẹ,534.0,Nợ phải trả,13.97,Tỷ suất lợi nhuận gộp biên,19.13,Tỷ suất sinh lợi trên doanh thu thuần,53.66,Tỷ số Nợ trên Tổng tài sản,73.59,Tỷ số Nợ vay trên Vốn chủ sở hữu,,12.927756653992395,26.38297872340425,1800.0,1.7857142857142794,CURRENT,COMPLETE,,,,YES
KVC,Kim loại & Khoáng sản,NORMAL,2026Q2,2026,Q2,291663,False,Chưa kiểm toán,462.0,Tổng cộng tài sản,426.0,Vốn chủ sở hữu,-543.98,Thu nhập trên mỗi cổ phần của 4 quý gần nhất (EPS),8612.0,Giá trị sổ sách của cổ phiếu (BVPS),-2.39,Chỉ số giá thị trường trên thu nhập (P/E),0.15,Chỉ số giá thị trường trên giá trị sổ sách (P/B),-0.91,Tỷ suất lợi nhuận trên vốn chủ sở hữu bình quân (ROEA),-0.84,Tỷ suất sinh lợi trên tổng tài sản bình quân (ROAA),28.0,Doanh thu thuần về bán hàng và cung cấp dịch vụ,-3.0,Lợi nhuận gộp về bán hàng và cung cấp dịch vụ,-4.0,Tổng lợi nhuận kế toán trước thuế,-4.0,Lợi nhuận sau thuế thu nhập doanh nghiệp,-4.0,Lợi nhuận sau thuế của cổ đông Công ty mẹ,35.0,Nợ phải trả,-8.96,Tỷ suất lợi nhuận gộp biên,-13.68,Tỷ suất sinh lợi trên doanh thu thuần,7.63,Tỷ số Nợ trên Tổng tài sản,,,,-22.22222222222222,39.99999999999999,0.0,-19.999999999999996,CURRENT,COMPLETE,,,,YES
L18,Xây dựng,NORMAL,2026Q2,2026,Q2,293508,True,Chưa kiểm toán,6155.0,Tổng cộng tài sản,1036.0,Vốn chủ sở hữu,4142.21,Thu nhập trên mỗi cổ phần của 4 quý gần nhất (EPS),22646.0,Giá trị sổ sách của cổ phiếu (BVPS),4.06,Chỉ số giá thị trường trên thu nhập (P/E),0.74,Chỉ số giá thị trường trên giá trị sổ sách (P/B),3.86,Tỷ suất lợi nhuận trên vốn chủ sở hữu bình quân (ROEA),0.66,Tỷ suất sinh lợi trên tổng tài sản bình quân (ROAA),1456.0,Doanh thu thuần về bán hàng và cung cấp dịch vụ,101.0,Lợi nhuận gộp về bán hàng và cung cấp dịch vụ,52.0,Tổng lợi nhuận kế toán trước thuế,45.0,Lợi nhuận sau thuế thu nhập doanh nghiệp,40.0,Lợi nhuận sau thuế của cổ đông Công ty mẹ,5120.0,Nợ phải trả,6.97,Tỷ suất lợi nhuận gộp biên,3.11,Tỷ suất sinh lợi trên doanh thu thuần,83.17,Tỷ số Nợ trên Tổng tài sản,220.58,Tỷ số Nợ vay trên Vốn chủ sở hữu,,49.64028776978417,60.352422907488986,207.6923076923077,110.52631578947367,CURRENT,COMPLETE,,,,YES
L35,Xây dựng,NORMAL,2026Q1,2026,Q1,290299,False,Chưa kiểm toán,187.0,Tổng cộng tài sản,5.0,Vốn chủ sở hữu,-228.88,Thu nhập trên mỗi cổ phần của 4 quý gần nhất (EPS),1455.0,Giá trị sổ sách của cổ phiếu (BVPS),-19.66,Chỉ số giá thị trường trên thu nhập (P/E),3.09,Chỉ số giá thị trường trên giá trị sổ sách (P/B),-5.86,Tỷ suất lợi nhuận trên vốn chủ sở hữu bình quân (ROEA),-0.15,Tỷ suất sinh lợi trên tổng tài sản bình quân (ROAA),8.0,Doanh thu thuần về bán hàng và cung cấp dịch vụ,1.0,Lợi nhuận gộp về bán hàng và cung cấp dịch vụ,0.0,Tổng lợi nhuận kế toán trước thuế,0.0,Lợi nhuận sau thuế thu nhập doanh nghiệp,0.0,Lợi nhuận sau thuế của cổ đông Công ty mẹ,182.0,Nợ phải trả,10.51,Tỷ suất lợi nhuận gộp biên,-3.69,Tỷ suất sinh lợi trên doanh thu thuần,97.45,Tỷ số Nợ trên Tổng tài sản,1707.2,Tỷ số Nợ vay trên Vốn chủ sở hữu,,-57.89473684210527,-11.111111111111116,,-100.0,LAGGING,COMPLETE,,,,REVIEW
LAI,Bất động sản,NORMAL,2026Q2,2026,Q2,291256,False,Chưa kiểm toán,1337.0,Tổng cộng tài sản,393.0,Vốn chủ sở hữu,1187.27,Thu nhập trên mỗi cổ phần của 4 quý gần nhất (EPS),14372.0,Giá trị sổ sách của cổ phiếu (BVPS),9.35,Chỉ số giá thị trường trên thu nhập (P/E),0.77,Chỉ số giá thị trường trên giá trị sổ sách (P/B),1.27,Tỷ suất lợi nhuận trên vốn chủ sở hữu bình quân (ROEA),0.37,Tỷ suất sinh lợi trên tổng tài sản bình quân (ROAA),84.0,Doanh thu thuần về bán hàng và cung cấp dịch vụ,19.0,Lợi nhuận gộp về bán hàng và cung cấp dịch vụ,6.0,Tổng lợi nhuận kế toán trước thuế,5.0,Lợi nhuận sau thuế thu nhập doanh nghiệp,5.0,Lợi nhuận sau thuế của cổ đông Công ty mẹ,944.0,Nợ phải trả,22.43,Tỷ suất lợi nhuận gộp biên,5.93,Tỷ suất sinh lợi trên doanh thu thuần,70.6,Tỷ số Nợ trên Tổng tài sản,153.02,Tỷ số Nợ vay trên Vốn chủ sở hữu,,115.38461538461537,6.329113924050622,66.66666666666667,-72.22222222222221,CURRENT,COMPLETE,,,,YES
LBE,Truyền thông,NORMAL,2026Q2,2026,Q2,291705,False,Chưa kiểm toán,73.0,Tổng cộng tài sản,59.0,Vốn chủ sở hữu,7169.72,Thu nhập trên mỗi cổ phần của 4 quý gần nhất (EPS),19096.0,Giá trị sổ sách của cổ phiếu (BVPS),2.22,Chỉ số giá thị trường trên thu nhập (P/E),0.83,Chỉ số giá thị trường trên giá trị sổ sách (P/B),3.4,Tỷ suất lợi nhuận trên vốn chủ sở hữu bình quân (ROEA),2.8,Tỷ suất sinh lợi trên tổng tài sản bình quân (ROAA),30.0,Doanh thu thuần về bán hàng và cung cấp dịch vụ,22.0,Lợi nhuận gộp về bán hàng và cung cấp dịch vụ,3.0,Tổng lợi nhuận kế toán trước thuế,2.0,Lợi nhuận sau thuế thu nhập doanh nghiệp,2.0,Lợi nhuận sau thuế của cổ đông Công ty mẹ,14.0,Nợ phải trả,75.14,Tỷ suất lợi nhuận gộp biên,7.02,Tỷ suất sinh lợi trên doanh thu thuần,19.09,Tỷ số Nợ trên Tổng tài sản,6.43,Tỷ số Nợ vay trên Vốn chủ sở hữu,,-18.918918918918916,-56.52173913043479,-60.0,0.0,CURRENT,COMPLETE,,,,YES
LBM,Vật liệu xây dựng,NORMAL,2026Q2,2026,Q2,292890,True,Chưa kiểm toán,1182.0,Tổng cộng tài sản,967.0,Vốn chủ sở hữu,3359.02,Thu nhập trên mỗi cổ phần của 4 quý gần nhất (EPS),19339.0,Giá trị sổ sách của cổ phiếu (BVPS),8.75,Chỉ số giá thị trường trên thu nhập (P/E),1.52,Chỉ số giá thị trường trên giá trị sổ sách (P/B),5.22,Tỷ suất lợi nhuận trên vốn chủ sở hữu bình quân (ROEA),3.94,Tỷ suất sinh lợi trên tổng tài sản bình quân (ROAA),445.0,Doanh thu thuần về bán hàng và cung cấp dịch vụ,102.0,Lợi nhuận gộp về bán hàng và cung cấp dịch vụ,54.0,Tổng lợi nhuận kế toán trước thuế,43.0,Lợi nhuận sau thuế thu nhập doanh nghiệp,43.0,Lợi nhuận sau thuế của cổ đông Công ty mẹ,215.0,Nợ phải trả,22.95,Tỷ suất lợi nhuận gộp biên,9.61,Tỷ suất sinh lợi trên doanh thu thuần,18.18,Tỷ số Nợ trên Tổng tài sản,7.25,Tỷ số Nợ vay trên Vốn chủ sở hữu,,44.012944983818784,20.270270270270263,43.333333333333336,-23.214285714285708,CURRENT,COMPLETE,,,,YES
LCM,Kim loại & Khoáng sản,NORMAL,2026Q2,2026,Q2,292166,True,Chưa kiểm toán,193.0,Tổng cộng tài sản,119.0,Vốn chủ sở hữu,-232.94,Thu nhập trên mỗi cổ phần của 4 quý gần nhất (EPS),4823.0,Giá trị sổ sách của cổ phiếu (BVPS),-3.01,Chỉ số giá thị trường trên thu nhập (P/E),0.15,Chỉ số giá thị trường trên giá trị sổ sách (P/B),-0.86,Tỷ suất lợi nhuận trên vốn chủ sở hữu bình quân (ROEA),-0.53,Tỷ suất sinh lợi trên tổng tài sản bình quân (ROAA),,,,,-1.0,Tổng lợi nhuận kế toán trước thuế,-1.0,Lợi nhuận sau thuế thu nhập doanh nghiệp,-1.0,Lợi nhuận sau thuế của cổ đông Công ty mẹ,74.0,Nợ phải trả,,,,,38.43,Tỷ số Nợ trên Tổng tài sản,10.29,Tỷ số Nợ vay trên Vốn chủ sở hữu,,,,0.0,,CURRENT,PARTIAL,income_bil_vnd,,,REVIEW
LDP,Dược & Y tế,NORMAL,2026Q2,2026,Q2,292414,True,Chưa kiểm toán,317.0,Tổng cộng tài sản,193.0,Vốn chủ sở hữu,1639.01,Thu nhập trên mỗi cổ phần của 4 quý gần nhất (EPS),10319.0,Giá trị sổ sách của cổ phiếu (BVPS),5.0,Chỉ số giá thị trường trên thu nhập (P/E),0.79,Chỉ số giá thị trường trên giá trị sổ sách (P/B),0.43,Tỷ suất lợi nhuận trên vốn chủ sở hữu bình quân (ROEA),0.26,Tỷ suất sinh lợi trên tổng tài sản bình quân (ROAA),69.0,Doanh thu thuần về bán hàng và cung cấp dịch vụ,27.0,Lợi nhuận gộp về bán hàng và cung cấp dịch vụ,3.0,Tổng lợi nhuận kế toán trước thuế,1.0,Lợi nhuận sau thuế thu nhập doanh nghiệp,1.0,Lợi nhuận sau thuế của cổ đông Công ty mẹ,124.0,Nợ phải trả,38.41,Tỷ suất lợi nhuận gộp biên,1.19,Tỷ suất sinh lợi trên doanh thu thuần,39.02,Tỷ số Nợ trên Tổng tài sản,32.18,Tỷ số Nợ vay trên Vốn chủ sở hữu,,14.999999999999991,37.999999999999986,0.0,0.0,CURRENT,COMPLETE,,,,YES
LDW,Nước,NORMAL,2026Q2,2026,Q2,290950,False,Chưa kiểm toán,1189.0,Tổng cộng tài sản,937.0,Vốn chủ sở hữu,998.07,Thu nhập trên mỗi cổ phần của 4 quý gần nhất (EPS),11886.0,Giá trị sổ sách của cổ phiếu (BVPS),28.05,Chỉ số giá thị trường trên thu nhập (P/E),2.36,Chỉ số giá thị trường trên giá trị sổ sách (P/B),1.92,Tỷ suất lợi nhuận trên vốn chủ sở hữu bình quân (ROEA),1.56,Tỷ suất sinh lợi trên tổng tài sản bình quân (ROAA),81.0,Doanh thu thuần về bán hàng và cung cấp dịch vụ,21.0,Lợi nhuận gộp về bán hàng và cung cấp dịch vụ,23.0,Tổng lợi nhuận kế toán trước thuế,19.0,Lợi nhuận sau thuế thu nhập doanh nghiệp,19.0,Lợi nhuận sau thuế của cổ đông Công ty mẹ,253.0,Nợ phải trả,25.23,Tỷ suất lợi nhuận gộp biên,22.76,Tỷ suất sinh lợi trên doanh thu thuần,21.24,Tỷ số Nợ trên Tổng tài sản,16.02,Tỷ số Nợ vay trên Vốn chủ sở hữu,,-1.2195121951219523,0.0,-9.523809523809524,-5.000000000000004,CURRENT,COMPLETE,,,,YES
LEC,Hàng tiêu dùng lâu bền,NORMAL,2026Q2,2026,Q2,294572,True,Chưa kiểm toán,831.0,Tổng cộng tài sản,274.0,Vốn chủ sở hữu,-708.04,Thu nhập trên mỗi cổ phần của 4 quý gần nhất (EPS),10513.0,Giá trị sổ sách của cổ phiếu (BVPS),-6.92,Chỉ số giá thị trường trên thu nhập (P/E),0.47,Chỉ số giá thị trường trên giá trị sổ sách (P/B),-2.8,Tỷ suất lợi nhuận trên vốn chủ sở hữu bình quân (ROEA),-0.96,Tỷ suất sinh lợi trên tổng tài sản bình quân (ROAA),19.0,Doanh thu thuần về bán hàng và cung cấp dịch vụ,1.0,Lợi nhuận gộp về bán hàng và cung cấp dịch vụ,-11.0,Tổng lợi nhuận kế toán trước thuế,-11.0,Lợi nhuận sau thuế thu nhập doanh nghiệp,-8.0,Lợi nhuận sau thuế của cổ đông Công ty mẹ,556.0,Nợ phải trả,6.31,Tỷ suất lợi nhuận gộp biên,-57.04,Tỷ suất sinh lợi trên doanh thu thuần,66.96,Tỷ số Nợ trên Tổng tài sản,90.37,Tỷ số Nợ vay trên Vốn chủ sở hữu,,-24.0,-64.15094339622642,300.0,33.33333333333333,CURRENT,COMPLETE,,,,YES
LGL,Bất động sản,NORMAL,2026Q2,2026,Q2,291647,False,Chưa kiểm toán,1485.0,Tổng cộng tài sản,700.0,Vốn chủ sở hữu,308.47,Thu nhập trên mỗi cổ phần của 4 quý gần nhất (EPS),13586.0,Giá trị sổ sách của cổ phiếu (BVPS),16.34,Chỉ số giá thị trường trên thu nhập (P/E),0.37,Chỉ số giá thị trường trên giá trị sổ sách (P/B),0.21,Tỷ suất lợi nhuận trên vốn chủ sở hữu bình quân (ROEA),0.1,Tỷ suất sinh lợi trên tổng tài sản bình quân (ROAA),19.0,Doanh thu thuần về bán hàng và cung cấp dịch vụ,0.0,Lợi nhuận gộp về bán hàng và cung cấp dịch vụ,1.0,Tổng lợi nhuận kế toán trước thuế,1.0,Lợi nhuận sau thuế thu nhập doanh nghiệp,1.0,Lợi nhuận sau thuế của cổ đông Công ty mẹ,785.0,Nợ phải trả,-0.63,Tỷ suất lợi nhuận gộp biên,7.65,Tỷ suất sinh lợi trên doanh thu thuần,52.88,Tỷ số Nợ trên Tổng tài sản,60.92,Tỷ số Nợ vay trên Vốn chủ sở hữu,,171.42857142857144,280.0,-50.0,-50.0,CURRENT,COMPLETE,,,,YES
LHC,Xây dựng,NORMAL,2026Q2,2026,Q2,293507,True,Chưa kiểm toán,1376.0,Tổng cộng tài sản,968.0,Vốn chủ sở hữu,6555.6,Thu nhập trên mỗi cổ phần của 4 quý gần nhất (EPS),67201.0,Giá trị sổ sách của cổ phiếu (BVPS),7.03,Chỉ số giá thị trường trên thu nhập (P/E),0.69,Chỉ số giá thị trường trên giá trị sổ sách (P/B),3.2,Tỷ suất lợi nhuận trên vốn chủ sở hữu bình quân (ROEA),2.21,Tỷ suất sinh lợi trên tổng tài sản bình quân (ROAA),585.0,Doanh thu thuần về bán hàng và cung cấp dịch vụ,104.0,Lợi nhuận gộp về bán hàng và cung cấp dịch vụ,55.0,Tổng lợi nhuận kế toán trước thuế,43.0,Lợi nhuận sau thuế thu nhập doanh nghiệp,29.0,Lợi nhuận sau thuế của cổ đông Công ty mẹ,408.0,Nợ phải trả,17.81,Tỷ suất lợi nhuận gộp biên,7.41,Tỷ suất sinh lợi trên doanh thu thuần,29.66,Tỷ số Nợ trên Tổng tài sản,7.78,Tỷ số Nợ vay trên Vốn chủ sở hữu,,133.06772908366534,37.002341920374704,44.99999999999999,-29.268292682926834,CURRENT,COMPLETE,,,,YES
LHG,Bất động sản,NORMAL,2026Q2,2026,Q2,291308,False,Chưa kiểm toán,3427.0,Tổng cộng tài sản,1882.0,Vốn chủ sở hữu,5595.76,Thu nhập trên mỗi cổ phần của 4 quý gần nhất (EPS),37629.0,Giá trị sổ sách của cổ phiếu (BVPS),5.02,Chỉ số giá thị trường trên thu nhập (P/E),0.75,Chỉ số giá thị trường trên giá trị sổ sách (P/B),3.92,Tỷ suất lợi nhuận trên vốn chủ sở hữu bình quân (ROEA),2.2,Tỷ suất sinh lợi trên tổng tài sản bình quân (ROAA),189.0,Doanh thu thuần về bán hàng và cung cấp dịch vụ,96.0,Lợi nhuận gộp về bán hàng và cung cấp dịch vụ,95.0,Tổng lợi nhuận kế toán trước thuế,75.0,Lợi nhuận sau thuế thu nhập doanh nghiệp,75.0,Lợi nhuận sau thuế của cổ đông Công ty mẹ,1545.0,Nợ phải trả,50.76,Tỷ suất lợi nhuận gộp biên,39.71,Tỷ suất sinh lợi trên doanh thu thuần,45.09,Tỷ số Nợ trên Tổng tài sản,12.64,Tỷ số Nợ vay trên Vốn chủ sở hữu,,7.3863636363636465,-15.246636771300448,-33.03571428571429,-16.666666666666664,CURRENT,COMPLETE,,,,YES
LIC,Vật liệu xây dựng,NORMAL,2026Q2,2026,Q2,293859,True,Chưa kiểm toán,5597.0,Tổng cộng tài sản,530.0,Vốn chủ sở hữu,911.65,Thu nhập trên mỗi cổ phần của 4 quý gần nhất (EPS),5889.0,Giá trị sổ sách của cổ phiếu (BVPS),31.48,Chỉ số giá thị trường trên thu nhập (P/E),4.87,Chỉ số giá thị trường trên giá trị sổ sách (P/B),1.49,Tỷ suất lợi nhuận trên vốn chủ sở hữu bình quân (ROEA),0.15,Tỷ suất sinh lợi trên tổng tài sản bình quân (ROAA),592.0,Doanh thu thuần về bán hàng và cung cấp dịch vụ,67.0,Lợi nhuận gộp về bán hàng và cung cấp dịch vụ,14.0,Tổng lợi nhuận kế toán trước thuế,10.0,Lợi nhuận sau thuế thu nhập doanh nghiệp,8.0,Lợi nhuận sau thuế của cổ đông Công ty mẹ,5067.0,Nợ phải trả,11.23,Tỷ suất lợi nhuận gộp biên,1.76,Tỷ suất sinh lợi trên doanh thu thuần,90.53,Tỷ số Nợ trên Tổng tài sản,517.13,Tỷ số Nợ vay trên Vốn chủ sở hữu,,34.54545454545455,22.821576763485485,-133.33333333333331,0.0,CURRENT,COMPLETE,,,,YES
LIG,Xây dựng,NORMAL,2026Q2,2026,Q2,293511,True,Chưa kiểm toán,8478.0,Tổng cộng tài sản,1310.0,Vốn chủ sở hữu,93.79,Thu nhập trên mỗi cổ phần của 4 quý gần nhất (EPS),13907.0,Giá trị sổ sách của cổ phiếu (BVPS),39.45,Chỉ số giá thị trường trên thu nhập (P/E),0.27,Chỉ số giá thị trường trên giá trị sổ sách (P/B),-0.6,Tỷ suất lợi nhuận trên vốn chủ sở hữu bình quân (ROEA),-0.1,Tỷ suất sinh lợi trên tổng tài sản bình quân (ROAA),1835.0,Doanh thu thuần về bán hàng và cung cấp dịch vụ,81.0,Lợi nhuận gộp về bán hàng và cung cấp dịch vụ,-1.0,Tổng lợi nhuận kế toán trước thuế,-3.0,Lợi nhuận sau thuế thu nhập doanh nghiệp,-8.0,Lợi nhuận sau thuế của cổ đông Công ty mẹ,7167.0,Nợ phải trả,4.42,Tỷ suất lợi nhuận gộp biên,-0.17,Tỷ suất sinh lợi trên doanh thu thuần,84.54,Tỷ số Nợ trên Tổng tài sản,248.05,Tỷ số Nợ vay trên Vốn chủ sở hữu,,46.917534027221784,15.554156171284639,300.0,-500.0,CURRENT,COMPLETE,,,,YES
LIX,Hóa chất,NORMAL,2026Q2,2026,Q2,291290,False,Chưa kiểm toán,1569.0,Tổng cộng tài sản,988.0,Vốn chủ sở hữu,2853.09,Thu nhập trên mỗi cổ phần của 4 quý gần nhất (EPS),15244.0,Giá trị sổ sách của cổ phiếu (BVPS),9.46,Chỉ số giá thị trường trên thu nhập (P/E),1.77,Chỉ số giá thị trường trên giá trị sổ sách (P/B),3.88,Tỷ suất lợi nhuận trên vốn chủ sở hữu bình quân (ROEA),2.56,Tỷ suất sinh lợi trên tổng tài sản bình quân (ROAA),1030.0,Doanh thu thuần về bán hàng và cung cấp dịch vụ,255.0,Lợi nhuận gộp về bán hàng và cung cấp dịch vụ,50.0,Tổng lợi nhuận kế toán trước thuế,40.0,Lợi nhuận sau thuế thu nhập doanh nghiệp,40.0,Lợi nhuận sau thuế của cổ đông Công ty mẹ,581.0,Nợ phải trả,24.77,Tỷ suất lợi nhuận gộp biên,3.89,Tỷ suất sinh lợi trên doanh thu thuần,37.04,Tỷ số Nợ trên Tổng tài sản,5.57,Tỷ số Nợ vay trên Vốn chủ sở hữu,,22.911694510739867,43.25452016689848,0.0,-27.27272727272727,CURRENT,COMPLETE,,,,YES
LLM,Xây dựng,NORMAL,2026Q2,2026,Q2,294468,True,Chưa kiểm toán,8389.0,Tổng cộng tài sản,2015.0,Vốn chủ sở hữu,10855.87,Thu nhập trên mỗi cổ phần của 4 quý gần nhất (EPS),25275.0,Giá trị sổ sách của cổ phiếu (BVPS),1.96,Chỉ số giá thị trường trên thu nhập (P/E),0.84,Chỉ số giá thị trường trên giá trị sổ sách (P/B),27.46,Tỷ suất lợi nhuận trên vốn chủ sở hữu bình quân (ROEA),6.31,Tỷ suất sinh lợi trên tổng tài sản bình quân (ROAA),1185.0,Doanh thu thuần về bán hàng và cung cấp dịch vụ,432.0,Lợi nhuận gộp về bán hàng và cung cấp dịch vụ,624.0,Tổng lợi nhuận kế toán trước thuế,489.0,Lợi nhuận sau thuế thu nhập doanh nghiệp,490.0,Lợi nhuận sau thuế của cổ đông Công ty mẹ,6374.0,Nợ phải trả,36.47,Tỷ suất lợi nhuận gộp biên,41.31,Tỷ suất sinh lợi trên doanh thu thuần,75.98,Tỷ số Nợ trên Tổng tài sản,43.26,Tỷ số Nợ vay trên Vốn chủ sở hữu,,31.666666666666664,66.43258426966293,322.4137931034483,3166.6666666666665,CURRENT,COMPLETE,,,,YES
LM8,Xây dựng,NORMAL,2026Q2,2026,Q2,291356,False,Chưa kiểm toán,1347.0,Tổng cộng tài sản,306.0,Vốn chủ sở hữu,1554.05,Thu nhập trên mỗi cổ phần của 4 quý gần nhất (EPS),32594.0,Giá trị sổ sách của cổ phiếu (BVPS),9.52,Chỉ số giá thị trường trên thu nhập (P/E),0.45,Chỉ số giá thị trường trên giá trị sổ sách (P/B),0.64,Tỷ suất lợi nhuận trên vốn chủ sở hữu bình quân (ROEA),0.14,Tỷ suất sinh lợi trên tổng tài sản bình quân (ROAA),292.0,Doanh thu thuần về bán hàng và cung cấp dịch vụ,25.0,Lợi nhuận gộp về bán hàng và cung cấp dịch vụ,3.0,Tổng lợi nhuận kế toán trước thuế,2.0,Lợi nhuận sau thuế thu nhập doanh nghiệp,2.0,Lợi nhuận sau thuế của cổ đông Công ty mẹ,1041.0,Nợ phải trả,8.43,Tỷ suất lợi nhuận gộp biên,0.67,Tỷ suất sinh lợi trên doanh thu thuần,77.28,Tỷ số Nợ trên Tổng tài sản,177.21,Tỷ số Nợ vay trên Vốn chủ sở hữu,,5.797101449275366,-5.1948051948051965,0.0,,CURRENT,COMPLETE,,,,YES
LMH,Thương mại & Phân phối,NORMAL,2025Q3,2025,Q3,278707,False,Chưa kiểm toán,103.0,Tổng cộng tài sản,-54.0,Vốn chủ sở hữu,-226.61,Thu nhập trên mỗi cổ phần của 4 quý gần nhất (EPS),-2115.0,Giá trị sổ sách của cổ phiếu (BVPS),-4.41,Chỉ số giá thị trường trên thu nhập (P/E),-0.47,Chỉ số giá thị trường trên giá trị sổ sách (P/B),2.69,Tỷ suất lợi nhuận trên vốn chủ sở hữu bình quân (ROEA),-1.4,Tỷ suất sinh lợi trên tổng tài sản bình quân (ROAA),,,,,-1.0,Tổng lợi nhuận kế toán trước thuế,-1.0,Lợi nhuận sau thuế thu nhập doanh nghiệp,-1.0,Lợi nhuận sau thuế của cổ đông Công ty mẹ,157.0,Nợ phải trả,,,,,152.74,Tỷ số Nợ trên Tổng tài sản,-43.81,Tỷ số Nợ vay trên Vốn chủ sở hữu,,,,0.0,-50.0,STALE,PARTIAL,income_bil_vnd,,,REVIEW
LSG,Bất động sản,NORMAL,2026Q2,2026,Q2,292087,False,Chưa kiểm toán,1936.0,Tổng cộng tài sản,1105.0,Vốn chủ sở hữu,714.45,Thu nhập trên mỗi cổ phần của 4 quý gần nhất (EPS),12274.0,Giá trị sổ sách của cổ phiếu (BVPS),49.97,Chỉ số giá thị trường trên thu nhập (P/E),2.91,Chỉ số giá thị trường trên giá trị sổ sách (P/B),2.54,Tỷ suất lợi nhuận trên vốn chủ sở hữu bình quân (ROEA),1.37,Tỷ suất sinh lợi trên tổng tài sản bình quân (ROAA),3.0,Doanh thu thuần về bán hàng và cung cấp dịch vụ,1.0,Lợi nhuận gộp về bán hàng và cung cấp dịch vụ,32.0,Tổng lợi nhuận kế toán trước thuế,28.0,Lợi nhuận sau thuế thu nhập doanh nghiệp,28.0,Lợi nhuận sau thuế của cổ đông Công ty mẹ,832.0,Nợ phải trả,45.0,Tỷ suất lợi nhuận gộp biên,1064.23,Tỷ suất sinh lợi trên doanh thu thuần,42.95,Tỷ số Nợ trên Tổng tài sản,,,,50.0,50.0,-354.54545454545456,-286.6666666666667,CURRENT,COMPLETE,,,,YES
LSS,Thực phẩm & đồ uống,NORMAL,2025Q4,2025,Q4,293332,True,Chưa kiểm toán,3263.0,Tổng cộng tài sản,1833.0,Vốn chủ sở hữu,619.51,Thu nhập trên mỗi cổ phần của 4 quý gần nhất (EPS),21347.0,Giá trị sổ sách của cổ phiếu (BVPS),15.37,Chỉ số giá thị trường trên thu nhập (P/E),0.45,Chỉ số giá thị trường trên giá trị sổ sách (P/B),0.23,Tỷ suất lợi nhuận trên vốn chủ sở hữu bình quân (ROEA),0.12,Tỷ suất sinh lợi trên tổng tài sản bình quân (ROAA),693.0,Doanh thu thuần về bán hàng và cung cấp dịch vụ,43.0,Lợi nhuận gộp về bán hàng và cung cấp dịch vụ,13.0,Tổng lợi nhuận kế toán trước thuế,10.0,Lợi nhuận sau thuế thu nhập doanh nghiệp,4.0,Lợi nhuận sau thuế của cổ đông Công ty mẹ,1429.0,Nợ phải trả,6.25,Tỷ suất lợi nhuận gộp biên,1.43,Tỷ suất sinh lợi trên doanh thu thuần,43.81,Tỷ số Nợ trên Tổng tài sản,55.93,Tỷ số Nợ vay trên Vốn chủ sở hữu,,2.8189910979228516,4.367469879518082,-50.0,-93.10344827586206,STALE,COMPLETE,,,,REVIEW
M10,Dệt may,NORMAL,2026Q2,2026,Q2,294592,True,Chưa kiểm toán,2904.0,Tổng cộng tài sản,684.0,Vốn chủ sở hữu,5817.16,Thu nhập trên mỗi cổ phần của 4 quý gần nhất (EPS),21536.0,Giá trị sổ sách của cổ phiếu (BVPS),3.52,Chỉ số giá thị trường trên thu nhập (P/E),0.95,Chỉ số giá thị trường trên giá trị sổ sách (P/B),5.5,Tỷ suất lợi nhuận trên vốn chủ sở hữu bình quân (ROEA),1.41,Tỷ suất sinh lợi trên tổng tài sản bình quân (ROAA),1141.0,Doanh thu thuần về bán hàng và cung cấp dịch vụ,130.0,Lợi nhuận gộp về bán hàng và cung cấp dịch vụ,46.0,Tổng lợi nhuận kế toán trước thuế,38.0,Lợi nhuận sau thuế thu nhập doanh nghiệp,39.0,Lợi nhuận sau thuế của cổ đông Công ty mẹ,2220.0,Nợ phải trả,11.38,Tỷ suất lợi nhuận gộp biên,3.37,Tỷ suất sinh lợi trên doanh thu thuần,76.45,Tỷ số Nợ trên Tổng tài sản,129.46,Tỷ số Nợ vay trên Vốn chủ sở hữu,,-13.756613756613756,-1.5530629853321876,-9.302325581395355,-2.500000000000002,CURRENT,COMPLETE,,,,YES
MAC,Cảng & Logistics,NORMAL,2026Q2,2026,Q2,292389,True,Chưa kiểm toán,987.0,Tổng cộng tài sản,844.0,Vốn chủ sở hữu,2450.37,Thu nhập trên mỗi cổ phần của 4 quý gần nhất (EPS),17465.0,Giá trị sổ sách của cổ phiếu (BVPS),4.77,Chỉ số giá thị trường trên thu nhập (P/E),0.67,Chỉ số giá thị trường trên giá trị sổ sách (P/B),2.9,Tỷ suất lợi nhuận trên vốn chủ sở hữu bình quân (ROEA),2.32,Tỷ suất sinh lợi trên tổng tài sản bình quân (ROAA),144.0,Doanh thu thuần về bán hàng và cung cấp dịch vụ,25.0,Lợi nhuận gộp về bán hàng và cung cấp dịch vụ,34.0,Tổng lợi nhuận kế toán trước thuế,30.0,Lợi nhuận sau thuế thu nhập doanh nghiệp,26.0,Lợi nhuận sau thuế của cổ đông Công ty mẹ,142.0,Nợ phải trả,17.22,Tỷ suất lợi nhuận gộp biên,20.86,Tỷ suất sinh lợi trên doanh thu thuần,14.41,Tỷ số Nợ trên Tổng tài sản,9.26,Tỷ số Nợ vay trên Vốn chủ sở hữu,,61.79775280898876,171.69811320754715,36.8421052631579,116.66666666666666,CURRENT,COMPLETE,,,,YES
MCG,Điện,NORMAL,2026Q2,2026,Q2,294344,True,Chưa kiểm toán,1380.0,Tổng cộng tài sản,231.0,Vốn chủ sở hữu,-158.19,Thu nhập trên mỗi cổ phần của 4 quý gần nhất (EPS),4015.0,Giá trị sổ sách của cổ phiếu (BVPS),-15.8,Chỉ số giá thị trường trên thu nhập (P/E),0.62,Chỉ số giá thị trường trên giá trị sổ sách (P/B),-0.03,Tỷ suất lợi nhuận trên vốn chủ sở hữu bình quân (ROEA),-0.01,Tỷ suất sinh lợi trên tổng tài sản bình quân (ROAA),10.0,Doanh thu thuần về bán hàng và cung cấp dịch vụ,1.0,Lợi nhuận gộp về bán hàng và cung cấp dịch vụ,-1.0,Tổng lợi nhuận kế toán trước thuế,-1.0,Lợi nhuận sau thuế thu nhập doanh nghiệp,0.0,Lợi nhuận sau thuế của cổ đông Công ty mẹ,1149.0,Nợ phải trả,8.56,Tỷ suất lợi nhuận gộp biên,-13.0,Tỷ suất sinh lợi trên doanh thu thuần,83.27,Tỷ số Nợ trên Tổng tài sản,247.67,Tỷ số Nợ vay trên Vốn chủ sở hữu,,42.85714285714286,-41.17647058823529,-100.0,-100.0,CURRENT,COMPLETE,,,,YES
MCM,Thực phẩm & đồ uống,NORMAL,2026Q2,2026,Q2,291438,False,Chưa kiểm toán,2654.0,Tổng cộng tài sản,2321.0,Vốn chủ sở hữu,2371.17,Thu nhập trên mỗi cổ phần của 4 quý gần nhất (EPS),21101.0,Giá trị sổ sách của cổ phiếu (BVPS),11.75,Chỉ số giá thị trường trên thu nhập (P/E),1.32,Chỉ số giá thị trường trên giá trị sổ sách (P/B),3.79,Tỷ suất lợi nhuận trên vốn chủ sở hữu bình quân (ROEA),3.35,Tỷ suất sinh lợi trên tổng tài sản bình quân (ROAA),760.0,Doanh thu thuần về bán hàng và cung cấp dịch vụ,236.0,Lợi nhuận gộp về bán hàng và cung cấp dịch vụ,98.0,Tổng lợi nhuận kế toán trước thuế,89.0,Lợi nhuận sau thuế thu nhập doanh nghiệp,89.0,Lợi nhuận sau thuế của cổ đông Công ty mẹ,333.0,Nợ phải trả,31.02,Tỷ suất lợi nhuận gộp biên,11.64,Tỷ suất sinh lợi trên doanh thu thuần,12.54,Tỷ số Nợ trên Tổng tài sản,,,,2.42587601078168,-5.707196029776673,11.250000000000004,17.105263157894733,CURRENT,COMPLETE,,,,YES
MDC,Dầu khí,NORMAL,2026Q2,2026,Q2,291948,False,Chưa kiểm toán,1158.0,Tổng cộng tài sản,283.0,Vốn chủ sở hữu,1102.96,Thu nhập trên mỗi cổ phần của 4 quý gần nhất (EPS),13191.0,Giá trị sổ sách của cổ phiếu (BVPS),8.07,Chỉ số giá thị trường trên thu nhập (P/E),0.67,Chỉ số giá thị trường trên giá trị sổ sách (P/B),0.25,Tỷ suất lợi nhuận trên vốn chủ sở hữu bình quân (ROEA),0.07,Tỷ suất sinh lợi trên tổng tài sản bình quân (ROAA),656.0,Doanh thu thuần về bán hàng và cung cấp dịch vụ,37.0,Lợi nhuận gộp về bán hàng và cung cấp dịch vụ,1.0,Tổng lợi nhuận kế toán trước thuế,1.0,Lợi nhuận sau thuế thu nhập doanh nghiệp,1.0,Lợi nhuận sau thuế của cổ đông Công ty mẹ,875.0,Nợ phải trả,5.6,Tỷ suất lợi nhuận gộp biên,0.12,Tỷ suất sinh lợi trên doanh thu thuần,75.59,Tỷ số Nợ trên Tổng tài sản,149.11,Tỷ số Nợ vay trên Vốn chủ sở hữu,,25.190839694656496,-10.259917920656637,-80.0,-85.71428571428572,CURRENT,COMPLETE,,,,YES
MDF,Gỗ & Giấy,NORMAL,2026Q2,2026,Q2,291809,False,Chưa kiểm toán,1078.0,Tổng cộng tài sản,660.0,Vốn chủ sở hữu,237.58,Thu nhập trên mỗi cổ phần của 4 quý gần nhất (EPS),11979.0,Giá trị sổ sách của cổ phiếu (BVPS),19.78,Chỉ số giá thị trường trên thu nhập (P/E),0.39,Chỉ số giá thị trường trên giá trị sổ sách (P/B),0.76,Tỷ suất lợi nhuận trên vốn chủ sở hữu bình quân (ROEA),0.47,Tỷ suất sinh lợi trên tổng tài sản bình quân (ROAA),311.0,Doanh thu thuần về bán hàng và cung cấp dịch vụ,29.0,Lợi nhuận gộp về bán hàng và cung cấp dịch vụ,5.0,Tổng lợi nhuận kế toán trước thuế,5.0,Lợi nhuận sau thuế thu nhập doanh nghiệp,5.0,Lợi nhuận sau thuế của cổ đông Công ty mẹ,418.0,Nợ phải trả,9.39,Tỷ suất lợi nhuận gộp biên,1.61,Tỷ suất sinh lợi trên doanh thu thuần,38.75,Tỷ số Nợ trên Tổng tài sản,47.83,Tỷ số Nợ vay trên Vốn chủ sở hữu,,15.61338289962826,57.868020304568525,150.0,400.0,CURRENT,COMPLETE,,,,YES
MFS,Viễn thông,NORMAL,2019Q1,2019,Q1,145378,False,Chưa kiểm toán,258.0,Tổng cộng tài sản,157.0,Vốn chủ sở hữu,826.07,Thu nhập trên mỗi cổ phần của 4 quý gần nhất (EPS),22278.95,Giá trị sổ sách của cổ phiếu (BVPS),0.0,Chỉ số giá thị trường trên thu nhập (P/E),0.0,Chỉ số giá thị trường trên giá trị sổ sách (P/B),3.62,Tỷ suất lợi nhuận trên vốn chủ sở hữu bình quân (ROEA),2.24,Tỷ suất sinh lợi trên tổng tài sản bình quân (ROAA),91.0,Doanh thu thuần về bán hàng và cung cấp dịch vụ,12.0,Lợi nhuận gộp về bán hàng và cung cấp dịch vụ,7.0,Tổng lợi nhuận kế toán trước thuế,6.0,Lợi nhuận sau thuế thu nhập doanh nghiệp,6.0,Lợi nhuận sau thuế của cổ đông Công ty mẹ,100.0,Nợ phải trả,12.89,Tỷ suất lợi nhuận gộp biên,6.38,Tỷ suất sinh lợi trên doanh thu thuần,38.92,Tỷ số Nợ trên Tổng tài sản,0.0,Tỷ số Nợ vay trên Vốn chủ sở hữu,,,,,,STALE,COMPLETE,,,,REVIEW
MH3,Bất động sản,NORMAL,2026Q2,2026,Q2,291462,False,Chưa kiểm toán,1209.0,Tổng cộng tài sản,546.0,Vốn chủ sở hữu,1987.33,Thu nhập trên mỗi cổ phần của 4 quý gần nhất (EPS),22741.0,Giá trị sổ sách của cổ phiếu (BVPS),15.1,Chỉ số giá thị trường trên thu nhập (P/E),1.32,Chỉ số giá thị trường trên giá trị sổ sách (P/B),2.95,Tỷ suất lợi nhuận trên vốn chủ sở hữu bình quân (ROEA),1.37,Tỷ suất sinh lợi trên tổng tài sản bình quân (ROAA),27.0,Doanh thu thuần về bán hàng và cung cấp dịch vụ,8.0,Lợi nhuận gộp về bán hàng và cung cấp dịch vụ,21.0,Tổng lợi nhuận kế toán trước thuế,16.0,Lợi nhuận sau thuế thu nhập doanh nghiệp,16.0,Lợi nhuận sau thuế của cổ đông Công ty mẹ,663.0,Nợ phải trả,28.49,Tỷ suất lợi nhuận gộp biên,60.32,Tỷ suất sinh lợi trên doanh thu thuần,54.84,Tỷ số Nợ trên Tổng tài sản,,,,8.000000000000007,3.8461538461538547,45.45454545454546,33.33333333333333,CURRENT,COMPLETE,,,,YES
MHC,Dịch vụ công nghiệp,NORMAL,2026Q2,2026,Q2,293464,True,Chưa kiểm toán,694.0,Tổng cộng tài sản,617.0,Vốn chủ sở hữu,2810.04,Thu nhập trên mỗi cổ phần của 4 quý gần nhất (EPS),14189.0,Giá trị sổ sách của cổ phiếu (BVPS),3.38,Chỉ số giá thị trường trên thu nhập (P/E),0.67,Chỉ số giá thị trường trên giá trị sổ sách (P/B),-4.41,Tỷ suất lợi nhuận trên vốn chủ sở hữu bình quân (ROEA),-4.01,Tỷ suất sinh lợi trên tổng tài sản bình quân (ROAA),0.0,Doanh thu thuần về bán hàng và cung cấp dịch vụ,0.0,Lợi nhuận gộp về bán hàng và cung cấp dịch vụ,-28.0,Tổng lợi nhuận kế toán trước thuế,-28.0,Lợi nhuận sau thuế thu nhập doanh nghiệp,-28.0,Lợi nhuận sau thuế của cổ đông Công ty mẹ,77.0,Nợ phải trả,-39.34,Tỷ suất lợi nhuận gộp biên,-39518.74,Tỷ suất sinh lợi trên doanh thu thuần,11.14,Tỷ số Nợ trên Tổng tài sản,10.59,Tỷ số Nợ vay trên Vốn chủ sở hữu,,,-100.0,,-175.67567567567568,CURRENT,COMPLETE,,,,YES
MIE,Máy móc & Thiết bị,NORMAL,2026Q2,2026,Q2,292505,True,Chưa kiểm toán,2665.0,Tổng cộng tài sản,1455.0,Vốn chủ sở hữu,77.98,Thu nhập trên mỗi cổ phần của 4 quý gần nhất (EPS),10244.0,Giá trị sổ sách của cổ phiếu (BVPS),102.59,Chỉ số giá thị trường trên thu nhập (P/E),0.78,Chỉ số giá thị trường trên giá trị sổ sách (P/B),0.02,Tỷ suất lợi nhuận trên vốn chủ sở hữu bình quân (ROEA),0.01,Tỷ suất sinh lợi trên tổng tài sản bình quân (ROAA),447.0,Doanh thu thuần về bán hàng và cung cấp dịch vụ,46.0,Lợi nhuận gộp về bán hàng và cung cấp dịch vụ,5.0,Tổng lợi nhuận kế toán trước thuế,1.0,Lợi nhuận sau thuế thu nhập doanh nghiệp,0.0,Lợi nhuận sau thuế của cổ đông Công ty mẹ,1211.0,Nợ phải trả,10.37,Tỷ suất lợi nhuận gộp biên,0.25,Tỷ suất sinh lợi trên doanh thu thuần,45.42,Tỷ số Nợ trên Tổng tài sản,43.85,Tỷ số Nợ vay trên Vốn chủ sở hữu,,47.039473684210535,23.480662983425415,-100.0,-100.0,CURRENT,COMPLETE,,,,YES
MKP,Dược & Y tế,NORMAL,2026Q2,2026,Q2,291185,False,Chưa kiểm toán,1625.0,Tổng cộng tài sản,1260.0,Vốn chủ sở hữu,1859.72,Thu nhập trên mỗi cổ phần của 4 quý gần nhất (EPS),49856.0,Giá trị sổ sách của cổ phiếu (BVPS),15.59,Chỉ số giá thị trường trên thu nhập (P/E),0.58,Chỉ số giá thị trường trên giá trị sổ sách (P/B),0.16,Tỷ suất lợi nhuận trên vốn chủ sở hữu bình quân (ROEA),0.12,Tỷ suất sinh lợi trên tổng tài sản bình quân (ROAA),204.0,Doanh thu thuần về bán hàng và cung cấp dịch vụ,66.0,Lợi nhuận gộp về bán hàng và cung cấp dịch vụ,2.0,Tổng lợi nhuận kế toán trước thuế,2.0,Lợi nhuận sau thuế thu nhập doanh nghiệp,2.0,Lợi nhuận sau thuế của cổ đông Công ty mẹ,365.0,Nợ phải trả,32.28,Tỷ suất lợi nhuận gộp biên,0.98,Tỷ suất sinh lợi trên doanh thu thuần,22.48,Tỷ số Nợ trên Tổng tài sản,,,,-1.9230769230769273,3.0303030303030276,0.0,-112.5,CURRENT,COMPLETE,,,,YES
MML,Thực phẩm & đồ uống,NORMAL,2026Q2,2026,Q2,292556,True,Chưa kiểm toán,11776.0,Tổng cộng tài sản,5539.0,Vốn chủ sở hữu,1423.42,Thu nhập trên mỗi cổ phần của 4 quý gần nhất (EPS),16275.0,Giá trị sổ sách của cổ phiếu (BVPS),20.8,Chỉ số giá thị trường trên thu nhập (P/E),1.82,Chỉ số giá thị trường trên giá trị sổ sách (P/B),2.86,Tỷ suất lợi nhuận trên vốn chủ sở hữu bình quân (ROEA),1.34,Tỷ suất sinh lợi trên tổng tài sản bình quân (ROAA),2683.0,Doanh thu thuần về bán hàng và cung cấp dịch vụ,767.0,Lợi nhuận gộp về bán hàng và cung cấp dịch vụ,208.0,Tổng lợi nhuận kế toán trước thuế,191.0,Lợi nhuận sau thuế thu nhập doanh nghiệp,156.0,Lợi nhuận sau thuế của cổ đông Công ty mẹ,6237.0,Nợ phải trả,28.58,Tỷ suất lợi nhuận gộp biên,7.12,Tỷ suất sinh lợi trên doanh thu thuần,52.97,Tỷ số Nợ trên Tổng tài sản,73.01,Tỷ số Nợ vay trên Vốn chủ sở hữu,,8.229124647035091,14.65811965811965,28.925619834710737,-35.802469135802475,CURRENT,COMPLETE,,,,YES
MPC,Thực phẩm & đồ uống,NORMAL,2026Q2,2026,Q2,294475,True,Chưa kiểm toán,12803.0,Tổng cộng tài sản,5682.0,Vốn chủ sở hữu,1883.45,Thu nhập trên mỗi cổ phần của 4 quý gần nhất (EPS),14166.0,Giá trị sổ sách của cổ phiếu (BVPS),8.5,Chỉ số giá thị trường trên thu nhập (P/E),1.13,Chỉ số giá thị trường trên giá trị sổ sách (P/B),3.26,Tỷ suất lợi nhuận trên vốn chủ sở hữu bình quân (ROEA),1.5,Tỷ suất sinh lợi trên tổng tài sản bình quân (ROAA),3952.0,Doanh thu thuần về bán hàng và cung cấp dịch vụ,650.0,Lợi nhuận gộp về bán hàng và cung cấp dịch vụ,212.0,Tổng lợi nhuận kế toán trước thuế,195.0,Lợi nhuận sau thuế thu nhập doanh nghiệp,183.0,Lợi nhuận sau thuế của cổ đông Công ty mẹ,7121.0,Nợ phải trả,16.44,Tỷ suất lợi nhuận gộp biên,4.92,Tỷ suất sinh lợi trên doanh thu thuần,55.62,Tỷ số Nợ trên Tổng tài sản,103.52,Tỷ số Nợ vay trên Vốn chủ sở hữu,,9.686372467388281,9.141121237227278,-15.668202764976957,13.664596273291929,CURRENT,COMPLETE,,,,YES
MSH,Dệt may,NORMAL,2026Q2,2026,Q2,293773,True,Chưa kiểm toán,5063.0,Tổng cộng tài sản,2379.0,Vốn chủ sở hữu,6121.3,Thu nhập trên mỗi cổ phần của 4 quý gần nhất (EPS),21144.0,Giá trị sổ sách của cổ phiếu (BVPS),5.54,Chỉ số giá thị trường trên thu nhập (P/E),1.6,Chỉ số giá thị trường trên giá trị sổ sách (P/B),8.71,Tỷ suất lợi nhuận trên vốn chủ sở hữu bình quân (ROEA),4.34,Tỷ suất sinh lợi trên tổng tài sản bình quân (ROAA),1657.0,Doanh thu thuần về bán hàng và cung cấp dịch vụ,361.0,Lợi nhuận gộp về bán hàng và cung cấp dịch vụ,238.0,Tổng lợi nhuận kế toán trước thuế,203.0,Lợi nhuận sau thuế thu nhập doanh nghiệp,203.0,Lợi nhuận sau thuế của cổ đông Công ty mẹ,2684.0,Nợ phải trả,21.77,Tỷ suất lợi nhuận gộp biên,12.28,Tỷ suất sinh lợi trên doanh thu thuần,53.01,Tỷ số Nợ trên Tổng tài sản,73.3,Tỷ số Nợ vay trên Vốn chủ sở hữu,,59.173871277617685,12.951601908657118,147.5609756097561,12.777777777777777,CURRENT,COMPLETE,,,,YES
MTA,Đa ngành,NORMAL,2026Q2,2026,Q2,292849,True,Chưa kiểm toán,1839.0,Tổng cộng tài sản,1409.0,Vốn chủ sở hữu,225.83,Thu nhập trên mỗi cổ phần của 4 quý gần nhất (EPS),12795.0,Giá trị sổ sách của cổ phiếu (BVPS),54.02,Chỉ số giá thị trường trên thu nhập (P/E),0.95,Chỉ số giá thị trường trên giá trị sổ sách (P/B),0.59,Tỷ suất lợi nhuận trên vốn chủ sở hữu bình quân (ROEA),0.45,Tỷ suất sinh lợi trên tổng tài sản bình quân (ROAA),265.0,Doanh thu thuần về bán hàng và cung cấp dịch vụ,32.0,Lợi nhuận gộp về bán hàng và cung cấp dịch vụ,18.0,Tổng lợi nhuận kế toán trước thuế,14.0,Lợi nhuận sau thuế thu nhập doanh nghiệp,8.0,Lợi nhuận sau thuế của cổ đông Công ty mẹ,430.0,Nợ phải trả,12.12,Tỷ suất lợi nhuận gộp biên,5.22,Tỷ suất sinh lợi trên doanh thu thuần,23.38,Tỷ số Nợ trên Tổng tài sản,8.12,Tỷ số Nợ vay trên Vốn chủ sở hữu,,-1.1194029850746245,-37.05463182897862,-19.999999999999996,-19.999999999999996,CURRENT,COMPLETE,,,,YES
MVB,Dầu khí,NORMAL,2026Q2,2026,Q2,292768,True,Chưa kiểm toán,3887.0,Tổng cộng tài sản,2008.0,Vốn chủ sở hữu,1076.95,Thu nhập trên mỗi cổ phần của 4 quý gần nhất (EPS),19128.0,Giá trị sổ sách của cổ phiếu (BVPS),15.6,Chỉ số giá thị trường trên thu nhập (P/E),0.88,Chỉ số giá thị trường trên giá trị sổ sách (P/B),0.24,Tỷ suất lợi nhuận trên vốn chủ sở hữu bình quân (ROEA),0.13,Tỷ suất sinh lợi trên tổng tài sản bình quân (ROAA),1543.0,Doanh thu thuần về bán hàng và cung cấp dịch vụ,171.0,Lợi nhuận gộp về bán hàng và cung cấp dịch vụ,29.0,Tổng lợi nhuận kế toán trước thuế,24.0,Lợi nhuận sau thuế thu nhập doanh nghiệp,5.0,Lợi nhuận sau thuế của cổ đông Công ty mẹ,1879.0,Nợ phải trả,11.08,Tỷ suất lợi nhuận gộp biên,1.56,Tỷ suất sinh lợi trên doanh thu thuần,48.34,Tỷ số Nợ trên Tổng tài sản,27.85,Tỷ số Nợ vay trên Vốn chủ sở hữu,,22.655007949125604,0.0,-86.11111111111111,-94.56521739130434,CURRENT,COMPLETE,,,,YES
MVC,Vật liệu xây dựng,NORMAL,2026Q2,2026,Q2,294498,True,Chưa kiểm toán,1976.0,Tổng cộng tài sản,1523.0,Vốn chủ sở hữu,2523.06,Thu nhập trên mỗi cổ phần của 4 quý gần nhất (EPS),15232.0,Giá trị sổ sách của cổ phiếu (BVPS),5.43,Chỉ số giá thị trường trên thu nhập (P/E),0.9,Chỉ số giá thị trường trên giá trị sổ sách (P/B),5.6,Tỷ suất lợi nhuận trên vốn chủ sở hữu bình quân (ROEA),4.42,Tỷ suất sinh lợi trên tổng tài sản bình quân (ROAA),233.0,Doanh thu thuần về bán hàng và cung cấp dịch vụ,98.0,Lợi nhuận gộp về bán hàng và cung cấp dịch vụ,109.0,Tổng lợi nhuận kế toán trước thuế,83.0,Lợi nhuận sau thuế thu nhập doanh nghiệp,83.0,Lợi nhuận sau thuế của cổ đông Công ty mẹ,453.0,Nợ phải trả,42.11,Tỷ suất lợi nhuận gộp biên,35.78,Tỷ suất sinh lợi trên doanh thu thuần,22.92,Tỷ số Nợ trên Tổng tài sản,21.89,Tỷ số Nợ vay trên Vốn chủ sở hữu,,13.658536585365844,28.02197802197801,25.757575757575758,80.43478260869566,CURRENT,COMPLETE,,,,YES
MVN,Cảng & Logistics,NORMAL,2026Q2,2026,Q2,294584,True,Chưa kiểm toán,37322.0,Tổng cộng tài sản,20877.0,Vốn chủ sở hữu,2295.62,Thu nhập trên mỗi cổ phần của 4 quý gần nhất (EPS),17389.0,Giá trị sổ sách của cổ phiếu (BVPS),25.22,Chỉ số giá thị trường trên thu nhập (P/E),3.33,Chỉ số giá thị trường trên giá trị sổ sách (P/B),4.45,Tỷ suất lợi nhuận trên vốn chủ sở hữu bình quân (ROEA),2.5,Tỷ suất sinh lợi trên tổng tài sản bình quân (ROAA),6437.0,Doanh thu thuần về bán hàng và cung cấp dịch vụ,1296.0,Lợi nhuận gộp về bán hàng và cung cấp dịch vụ,1433.0,Tổng lợi nhuận kế toán trước thuế,1155.0,Lợi nhuận sau thuế thu nhập doanh nghiệp,914.0,Lợi nhuận sau thuế của cổ đông Công ty mẹ,16445.0,Nợ phải trả,20.14,Tỷ suất lợi nhuận gộp biên,17.94,Tỷ suất sinh lợi trên doanh thu thuần,44.06,Tỷ số Nợ trên Tổng tài sản,26.59,Tỷ số Nợ vay trên Vốn chủ sở hữu,,-2.631977008016939,39.11821914847633,36.417910447761194,95.2991452991453,CURRENT,COMPLETE,,,,YES
NAG,Hàng tiêu dùng lâu bền,NORMAL,2026Q2,2026,Q2,293978,True,Chưa kiểm toán,2569.0,Tổng cộng tài sản,648.0,Vốn chủ sở hữu,836.58,Thu nhập trên mỗi cổ phần của 4 quý gần nhất (EPS),16780.0,Giá trị sổ sách của cổ phiếu (BVPS),8.73,Chỉ số giá thị trường trên thu nhập (P/E),0.44,Chỉ số giá thị trường trên giá trị sổ sách (P/B),2.5,Tỷ suất lợi nhuận trên vốn chủ sở hữu bình quân (ROEA),0.58,Tỷ suất sinh lợi trên tổng tài sản bình quân (ROAA),1214.0,Doanh thu thuần về bán hàng và cung cấp dịch vụ,166.0,Lợi nhuận gộp về bán hàng và cung cấp dịch vụ,20.0,Tổng lợi nhuận kế toán trước thuế,15.0,Lợi nhuận sau thuế thu nhập doanh nghiệp,14.0,Lợi nhuận sau thuế của cổ đông Công ty mẹ,1921.0,Nợ phải trả,13.69,Tỷ suất lợi nhuận gộp biên,1.2,Tỷ suất sinh lợi trên doanh thu thuần,74.78,Tỷ số Nợ trên Tổng tài sản,223.99,Tỷ số Nợ vay trên Vốn chủ sở hữu,,12.30342275670675,34.88888888888888,-12.5,0.0,CURRENT,COMPLETE,,,,YES
NAP,Cảng & Logistics,NORMAL,2026Q2,2026,Q2,291917,False,Chưa kiểm toán,312.0,Tổng cộng tài sản,245.0,Vốn chủ sở hữu,1026.37,Thu nhập trên mỗi cổ phần của 4 quý gần nhất (EPS),11404.0,Giá trị sổ sách của cổ phiếu (BVPS),11.11,Chỉ số giá thị trường trên thu nhập (P/E),1.0,Chỉ số giá thị trường trên giá trị sổ sách (P/B),2.51,Tỷ suất lợi nhuận trên vốn chủ sở hữu bình quân (ROEA),2.06,Tỷ suất sinh lợi trên tổng tài sản bình quân (ROAA),72.0,Doanh thu thuần về bán hàng và cung cấp dịch vụ,17.0,Lợi nhuận gộp về bán hàng và cung cấp dịch vụ,8.0,Tổng lợi nhuận kế toán trước thuế,6.0,Lợi nhuận sau thuế thu nhập doanh nghiệp,6.0,Lợi nhuận sau thuế của cổ đông Công ty mẹ,67.0,Nợ phải trả,23.79,Tỷ suất lợi nhuận gộp biên,8.8,Tỷ suất sinh lợi trên doanh thu thuần,21.38,Tỷ số Nợ trên Tổng tài sản,8.71,Tỷ số Nợ vay trên Vốn chủ sở hữu,,14.28571428571428,9.090909090909083,0.0,-40.0,CURRENT,COMPLETE,,,,YES
NAW,Nước,NORMAL,2026Q2,2026,Q2,292008,False,Chưa kiểm toán,788.0,Tổng cộng tài sản,400.0,Vốn chủ sở hữu,592.57,Thu nhập trên mỗi cổ phần của 4 quý gần nhất (EPS),10706.0,Giá trị sổ sách của cổ phiếu (BVPS),16.88,Chỉ số giá thị trường trên thu nhập (P/E),0.93,Chỉ số giá thị trường trên giá trị sổ sách (P/B),0.52,Tỷ suất lợi nhuận trên vốn chủ sở hữu bình quân (ROEA),0.27,Tỷ suất sinh lợi trên tổng tài sản bình quân (ROAA),131.0,Doanh thu thuần về bán hàng và cung cấp dịch vụ,48.0,Lợi nhuận gộp về bán hàng và cung cấp dịch vụ,3.0,Tổng lợi nhuận kế toán trước thuế,2.0,Lợi nhuận sau thuế thu nhập doanh nghiệp,2.0,Lợi nhuận sau thuế của cổ đông Công ty mẹ,388.0,Nợ phải trả,36.39,Tỷ suất lợi nhuận gộp biên,1.6,Tỷ suất sinh lợi trên doanh thu thuần,49.21,Tỷ số Nợ trên Tổng tài sản,28.18,Tỷ số Nợ vay trên Vốn chủ sở hữu,,33.673469387755105,39.36170212765957,100.0,100.0,CURRENT,COMPLETE,,,,YES
NBB,Bất động sản,NORMAL,2026Q2,2026,Q2,292776,True,Chưa kiểm toán,8329.0,Tổng cộng tài sản,1821.0,Vốn chủ sở hữu,112.59,Thu nhập trên mỗi cổ phần của 4 quý gần nhất (EPS),18178.0,Giá trị sổ sách của cổ phiếu (BVPS),156.77,Chỉ số giá thị trường trên thu nhập (P/E),0.97,Chỉ số giá thị trường trên giá trị sổ sách (P/B),0.01,Tỷ suất lợi nhuận trên vốn chủ sở hữu bình quân (ROEA),0.0,Tỷ suất sinh lợi trên tổng tài sản bình quân (ROAA),-24.0,Doanh thu thuần về bán hàng và cung cấp dịch vụ,0.0,Lợi nhuận gộp về bán hàng và cung cấp dịch vụ,11.0,Tổng lợi nhuận kế toán trước thuế,0.0,Lợi nhuận sau thuế thu nhập doanh nghiệp,0.0,Lợi nhuận sau thuế của cổ đông Công ty mẹ,6509.0,Nợ phải trả,1.16,Tỷ suất lợi nhuận gộp biên,-0.34,Tỷ suất sinh lợi trên doanh thu thuần,78.14,Tỷ số Nợ trên Tổng tài sản,271.09,Tỷ số Nợ vay trên Vốn chủ sở hữu,,-700.0,-284.61538461538464,,,CURRENT,COMPLETE,,,,YES
NBC,Dầu khí,NORMAL,2026Q2,2026,Q2,291950,False,Chưa kiểm toán,2310.0,Tổng cộng tài sản,514.0,Vốn chủ sở hữu,1447.46,Thu nhập trên mỗi cổ phần của 4 quý gần nhất (EPS),13879.0,Giá trị sổ sách của cổ phiếu (BVPS),5.94,Chỉ số giá thị trường trên thu nhập (P/E),0.62,Chỉ số giá thị trường trên giá trị sổ sách (P/B),3.96,Tỷ suất lợi nhuận trên vốn chủ sở hữu bình quân (ROEA),0.89,Tỷ suất sinh lợi trên tổng tài sản bình quân (ROAA),750.0,Doanh thu thuần về bán hàng và cung cấp dịch vụ,69.0,Lợi nhuận gộp về bán hàng và cung cấp dịch vụ,26.0,Tổng lợi nhuận kế toán trước thuế,21.0,Lợi nhuận sau thuế thu nhập doanh nghiệp,21.0,Lợi nhuận sau thuế của cổ đông Công ty mẹ,1797.0,Nợ phải trả,9.26,Tỷ suất lợi nhuận gộp biên,2.77,Tỷ suất sinh lợi trên doanh thu thuần,77.77,Tỷ số Nợ trên Tổng tài sản,215.53,Tỷ số Nợ vay trên Vốn chủ sở hữu,,68.91891891891892,35.13513513513513,250.0,320.0,CURRENT,COMPLETE,,,,YES
NBT,Nước,NORMAL,2026Q2,2026,Q2,292186,False,Chưa kiểm toán,556.0,Tổng cộng tài sản,464.0,Vốn chủ sở hữu,1910.64,Thu nhập trên mỗi cổ phần của 4 quý gần nhất (EPS),15768.0,Giá trị sổ sách của cổ phiếu (BVPS),7.38,Chỉ số giá thị trường trên thu nhập (P/E),0.89,Chỉ số giá thị trường trên giá trị sổ sách (P/B),3.57,Tỷ suất lợi nhuận trên vốn chủ sở hữu bình quân (ROEA),3.03,Tỷ suất sinh lợi trên tổng tài sản bình quân (ROAA),72.0,Doanh thu thuần về bán hàng và cung cấp dịch vụ,45.0,Lợi nhuận gộp về bán hàng và cung cấp dịch vụ,20.0,Tổng lợi nhuận kế toán trước thuế,16.0,Lợi nhuận sau thuế thu nhập doanh nghiệp,16.0,Lợi nhuận sau thuế của cổ đông Công ty mẹ,92.0,Nợ phải trả,62.17,Tỷ suất lợi nhuận gộp biên,22.82,Tỷ suất sinh lợi trên doanh thu thuần,16.62,Tỷ số Nợ trên Tổng tài sản,14.09,Tỷ số Nợ vay trên Vốn chủ sở hữu,,14.28571428571428,7.462686567164178,23.076923076923084,-5.882352941176472,CURRENT,COMPLETE,,,,YES
NCG,Thực phẩm & đồ uống,NORMAL,2026Q2,2026,Q2,294350,True,Chưa kiểm toán,4261.0,Tổng cộng tài sản,2226.0,Vốn chủ sở hữu,1260.94,Thu nhập trên mỗi cổ phần của 4 quý gần nhất (EPS),18581.0,Giá trị sổ sách của cổ phiếu (BVPS),10.86,Chỉ số giá thị trường trên thu nhập (P/E),0.74,Chỉ số giá thị trường trên giá trị sổ sách (P/B),2.77,Tỷ suất lợi nhuận trên vốn chủ sở hữu bình quân (ROEA),1.47,Tỷ suất sinh lợi trên tổng tài sản bình quân (ROAA),1386.0,Doanh thu thuần về bán hàng và cung cấp dịch vụ,239.0,Lợi nhuận gộp về bán hàng và cung cấp dịch vụ,87.0,Tổng lợi nhuận kế toán trước thuế,71.0,Lợi nhuận sau thuế thu nhập doanh nghiệp,61.0,Lợi nhuận sau thuế của cổ đông Công ty mẹ,2035.0,Nợ phải trả,17.24,Tỷ suất lợi nhuận gộp biên,5.15,Tỷ suất sinh lợi trên doanh thu thuần,47.77,Tỷ số Nợ trên Tổng tài sản,55.11,Tỷ số Nợ vay trên Vốn chủ sở hữu,,6.861989205859675,20.208152645273202,32.6086956521739,-24.691358024691358,CURRENT,COMPLETE,,,,YES
NCT,Cảng & Logistics,NORMAL,2026Q2,2026,Q2,291659,False,Chưa kiểm toán,1122.0,Tổng cộng tài sản,895.0,Vốn chủ sở hữu,17450.05,Thu nhập trên mỗi cổ phần của 4 quý gần nhất (EPS),34219.0,Giá trị sổ sách của cổ phiếu (BVPS),5.42,Chỉ số giá thị trường trên thu nhập (P/E),2.76,Chỉ số giá thị trường trên giá trị sổ sách (P/B),13.2,Tỷ suất lợi nhuận trên vốn chủ sở hữu bình quân (ROEA),10.87,Tỷ suất sinh lợi trên tổng tài sản bình quân (ROAA),319.0,Doanh thu thuần về bán hàng và cung cấp dịch vụ,154.0,Lợi nhuận gộp về bán hàng và cung cấp dịch vụ,142.0,Tổng lợi nhuận kế toán trước thuế,113.0,Lợi nhuận sau thuế thu nhập doanh nghiệp,113.0,Lợi nhuận sau thuế của cổ đông Công ty mẹ,226.0,Nợ phải trả,48.27,Tỷ suất lợi nhuận gộp biên,35.38,Tỷ suất sinh lợi trên doanh thu thuần,20.18,Tỷ số Nợ trên Tổng tài sản,,,,8.87372013651877,13.928571428571423,6.60377358490567,32.94117647058823,CURRENT,COMPLETE,,,,YES
ND2,Điện,NORMAL,2026Q2,2026,Q2,291611,False,Chưa kiểm toán,1437.0,Tổng cộng tài sản,795.0,Vốn chủ sở hữu,3939.49,Thu nhập trên mỗi cổ phần của 4 quý gần nhất (EPS),15901.0,Giá trị sổ sách của cổ phiếu (BVPS),9.14,Chỉ số giá thị trường trên thu nhập (P/E),2.26,Chỉ số giá thị trường trên giá trị sổ sách (P/B),4.82,Tỷ suất lợi nhuận trên vốn chủ sở hữu bình quân (ROEA),2.98,Tỷ suất sinh lợi trên tổng tài sản bình quân (ROAA),91.0,Doanh thu thuần về bán hàng và cung cấp dịch vụ,60.0,Lợi nhuận gộp về bán hàng và cung cấp dịch vụ,48.0,Tổng lợi nhuận kế toán trước thuế,42.0,Lợi nhuận sau thuế thu nhập doanh nghiệp,42.0,Lợi nhuận sau thuế của cổ đông Công ty mẹ,642.0,Nợ phải trả,66.33,Tỷ suất lợi nhuận gộp biên,45.72,Tỷ suất sinh lợi trên doanh thu thuần,44.68,Tỷ số Nợ trên Tổng tài sản,55.87,Tỷ số Nợ vay trên Vốn chủ sở hữu,,121.95121951219514,-18.75,,-32.25806451612904,CURRENT,COMPLETE,,,,YES
NDW,Nước,NORMAL,2026Q2,2026,Q2,291414,False,Chưa kiểm toán,609.0,Tổng cộng tài sản,403.0,Vốn chủ sở hữu,910.71,Thu nhập trên mỗi cổ phần của 4 quý gần nhất (EPS),11764.0,Giá trị sổ sách của cổ phiếu (BVPS),17.35,Chỉ số giá thị trường trên thu nhập (P/E),1.34,Chỉ số giá thị trường trên giá trị sổ sách (P/B),2.69,Tỷ suất lợi nhuận trên vốn chủ sở hữu bình quân (ROEA),1.88,Tỷ suất sinh lợi trên tổng tài sản bình quân (ROAA),78.0,Doanh thu thuần về bán hàng và cung cấp dịch vụ,30.0,Lợi nhuận gộp về bán hàng và cung cấp dịch vụ,12.0,Tổng lợi nhuận kế toán trước thuế,11.0,Lợi nhuận sau thuế thu nhập doanh nghiệp,11.0,Lợi nhuận sau thuế của cổ đông Công ty mẹ,206.0,Nợ phải trả,37.9,Tỷ suất lợi nhuận gộp biên,14.05,Tỷ suất sinh lợi trên doanh thu thuần,33.86,Tỷ số Nợ trên Tổng tài sản,13.58,Tỷ số Nợ vay trên Vốn chủ sở hữu,,14.705882352941169,11.428571428571432,10.000000000000009,0.0,CURRENT,COMPLETE,,,,YES
NED,Điện,NORMAL,2026Q2,2026,Q2,293470,True,Chưa kiểm toán,653.0,Tổng cộng tài sản,504.0,Vốn chủ sở hữu,672.17,Thu nhập trên mỗi cổ phần của 4 quý gần nhất (EPS),12434.0,Giá trị sổ sách của cổ phiếu (BVPS),9.67,Chỉ số giá thị trường trên thu nhập (P/E),0.52,Chỉ số giá thị trường trên giá trị sổ sách (P/B),-1.07,Tỷ suất lợi nhuận trên vốn chủ sở hữu bình quân (ROEA),-0.79,Tỷ suất sinh lợi trên tổng tài sản bình quân (ROAA),19.0,Doanh thu thuần về bán hàng và cung cấp dịch vụ,-2.0,Lợi nhuận gộp về bán hàng và cung cấp dịch vụ,-5.0,Tổng lợi nhuận kế toán trước thuế,-5.0,Lợi nhuận sau thuế thu nhập doanh nghiệp,-5.0,Lợi nhuận sau thuế của cổ đông Công ty mẹ,150.0,Nợ phải trả,-11.84,Tỷ suất lợi nhuận gộp biên,-28.25,Tỷ suất sinh lợi trên doanh thu thuần,22.92,Tỷ số Nợ trên Tổng tài sản,26.88,Tỷ số Nợ vay trên Vốn chủ sở hữu,,5.555555555555558,-5.000000000000004,-183.33333333333334,-171.42857142857144,CURRENT,COMPLETE,,,,YES
NET,Hóa chất,NORMAL,2026Q2,2026,Q2,291883,False,Chưa kiểm toán,994.0,Tổng cộng tài sản,589.0,Vốn chủ sở hữu,5516.85,Thu nhập trên mỗi cổ phần của 4 quý gần nhất (EPS),26277.0,Giá trị sổ sách của cổ phiếu (BVPS),11.96,Chỉ số giá thị trường trên thu nhập (P/E),2.51,Chỉ số giá thị trường trên giá trị sổ sách (P/B),1.43,Tỷ suất lợi nhuận trên vốn chủ sở hữu bình quân (ROEA),0.85,Tỷ suất sinh lợi trên tổng tài sản bình quân (ROAA),456.0,Doanh thu thuần về bán hàng và cung cấp dịch vụ,56.0,Lợi nhuận gộp về bán hàng và cung cấp dịch vụ,10.0,Tổng lợi nhuận kế toán trước thuế,8.0,Lợi nhuận sau thuế thu nhập doanh nghiệp,8.0,Lợi nhuận sau thuế của cổ đông Công ty mẹ,406.0,Nợ phải trả,12.2,Tỷ suất lợi nhuận gộp biên,1.83,Tỷ suất sinh lợi trên doanh thu thuần,40.81,Tỷ số Nợ trên Tổng tài sản,10.96,Tỷ số Nợ vay trên Vốn chủ sở hữu,,4.587155963302747,29.54545454545454,-78.94736842105263,-73.33333333333334,CURRENT,COMPLETE,,,,YES
NHA,Bất động sản,NORMAL,2026Q2,2026,Q2,291436,False,Chưa kiểm toán,1281.0,Tổng cộng tài sản,749.0,Vốn chủ sở hữu,406.53,Thu nhập trên mỗi cổ phần của 4 quý gần nhất (EPS),11554.0,Giá trị sổ sách của cổ phiếu (BVPS),26.57,Chỉ số giá thị trường trên thu nhập (P/E),0.93,Chỉ số giá thị trường trên giá trị sổ sách (P/B),-1.2,Tỷ suất lợi nhuận trên vốn chủ sở hữu bình quân (ROEA),-0.72,Tỷ suất sinh lợi trên tổng tài sản bình quân (ROAA),5.0,Doanh thu thuần về bán hàng và cung cấp dịch vụ,-4.0,Lợi nhuận gộp về bán hàng và cung cấp dịch vụ,-9.0,Tổng lợi nhuận kế toán trước thuế,-9.0,Lợi nhuận sau thuế thu nhập doanh nghiệp,-9.0,Lợi nhuận sau thuế của cổ đông Công ty mẹ,533.0,Nợ phải trả,-94.67,Tỷ suất lợi nhuận gộp biên,-190.37,Tỷ suất sinh lợi trên doanh thu thuần,41.58,Tỷ số Nợ trên Tổng tài sản,50.17,Tỷ số Nợ vay trên Vốn chủ sở hữu,,-64.28571428571428,-93.33333333333333,-1000.0,-164.28571428571428,CURRENT,COMPLETE,,,,YES
NHH,Hóa chất,NORMAL,2026Q2,2026,Q2,292772,True,Chưa kiểm toán,2702.0,Tổng cộng tài sản,1859.0,Vốn chủ sở hữu,809.66,Thu nhập trên mỗi cổ phần của 4 quý gần nhất (EPS),16458.0,Giá trị sổ sách của cổ phiếu (BVPS),12.78,Chỉ số giá thị trường trên thu nhập (P/E),0.63,Chỉ số giá thị trường trên giá trị sổ sách (P/B),0.95,Tỷ suất lợi nhuận trên vốn chủ sở hữu bình quân (ROEA),0.66,Tỷ suất sinh lợi trên tổng tài sản bình quân (ROAA),610.0,Doanh thu thuần về bán hàng và cung cấp dịch vụ,93.0,Lợi nhuận gộp về bán hàng và cung cấp dịch vụ,24.0,Tổng lợi nhuận kế toán trước thuế,18.0,Lợi nhuận sau thuế thu nhập doanh nghiệp,18.0,Lợi nhuận sau thuế của cổ đông Công ty mẹ,843.0,Nợ phải trả,15.26,Tỷ suất lợi nhuận gộp biên,2.91,Tỷ suất sinh lợi trên doanh thu thuần,31.19,Tỷ số Nợ trên Tổng tài sản,21.05,Tỷ số Nợ vay trên Vốn chủ sở hữu,,8.15602836879432,-4.0880503144654075,-53.84615384615385,-74.64788732394366,CURRENT,COMPLETE,,,,YES
NHT,Gỗ & Giấy,NORMAL,2026Q2,2026,Q2,293472,True,Chưa kiểm toán,595.0,Tổng cộng tài sản,353.0,Vốn chủ sở hữu,2463.35,Thu nhập trên mỗi cổ phần của 4 quý gần nhất (EPS),14712.0,Giá trị sổ sách của cổ phiếu (BVPS),4.91,Chỉ số giá thị trường trên thu nhập (P/E),0.82,Chỉ số giá thị trường trên giá trị sổ sách (P/B),2.39,Tỷ suất lợi nhuận trên vốn chủ sở hữu bình quân (ROEA),1.61,Tỷ suất sinh lợi trên tổng tài sản bình quân (ROAA),66.0,Doanh thu thuần về bán hàng và cung cấp dịch vụ,19.0,Lợi nhuận gộp về bán hàng và cung cấp dịch vụ,12.0,Tổng lợi nhuận kế toán trước thuế,11.0,Lợi nhuận sau thuế thu nhập doanh nghiệp,9.0,Lợi nhuận sau thuế của cổ đông Công ty mẹ,242.0,Nợ phải trả,28.32,Tỷ suất lợi nhuận gộp biên,17.33,Tỷ suất sinh lợi trên doanh thu thuần,40.61,Tỷ số Nợ trên Tổng tài sản,47.73,Tỷ số Nợ vay trên Vốn chủ sở hữu,,26.923076923076916,-4.347826086956519,28.57142857142858,-1000.0,CURRENT,COMPLETE,,,,YES
NNC,Vật liệu xây dựng,NORMAL,2026Q2,2026,Q2,291121,False,Chưa kiểm toán,727.0,Tổng cộng tài sản,611.0,Vốn chủ sở hữu,7874.92,Thu nhập trên mỗi cổ phần của 4 quý gần nhất (EPS),27873.0,Giá trị sổ sách của cổ phiếu (BVPS),5.69,Chỉ số giá thị trường trên thu nhập (P/E),1.61,Chỉ số giá thị trường trên giá trị sổ sách (P/B),7.86,Tỷ suất lợi nhuận trên vốn chủ sở hữu bình quân (ROEA),6.6,Tỷ suất sinh lợi trên tổng tài sản bình quân (ROAA),132.0,Doanh thu thuần về bán hàng và cung cấp dịch vụ,79.0,Lợi nhuận gộp về bán hàng và cung cấp dịch vụ,58.0,Tổng lợi nhuận kế toán trước thuế,46.0,Lợi nhuận sau thuế thu nhập doanh nghiệp,46.0,Lợi nhuận sau thuế của cổ đông Công ty mẹ,116.0,Nợ phải trả,59.9,Tỷ suất lợi nhuận gộp biên,35.04,Tỷ suất sinh lợi trên doanh thu thuần,15.92,Tỷ số Nợ trên Tổng tài sản,4.18,Tỷ số Nợ vay trên Vốn chủ sở hữu,,10.000000000000009,45.05494505494505,14.999999999999991,31.428571428571427,CURRENT,COMPLETE,,,,YES
NO1,Thương mại & Phân phối,NORMAL,2026Q2,2026,Q2,293476,True,Chưa kiểm toán,636.0,Tổng cộng tài sản,322.0,Vốn chủ sở hữu,286.39,Thu nhập trên mỗi cổ phần của 4 quý gần nhất (EPS),13428.0,Giá trị sổ sách của cổ phiếu (BVPS),17.81,Chỉ số giá thị trường trên thu nhập (P/E),0.38,Chỉ số giá thị trường trên giá trị sổ sách (P/B),0.27,Tỷ suất lợi nhuận trên vốn chủ sở hữu bình quân (ROEA),0.14,Tỷ suất sinh lợi trên tổng tài sản bình quân (ROAA),232.0,Doanh thu thuần về bán hàng và cung cấp dịch vụ,20.0,Lợi nhuận gộp về bán hàng và cung cấp dịch vụ,1.0,Tổng lợi nhuận kế toán trước thuế,1.0,Lợi nhuận sau thuế thu nhập doanh nghiệp,1.0,Lợi nhuận sau thuế của cổ đông Công ty mẹ,313.0,Nợ phải trả,8.58,Tỷ suất lợi nhuận gộp biên,0.22,Tỷ suất sinh lợi trên doanh thu thuần,49.3,Tỷ số Nợ trên Tổng tài sản,34.85,Tỷ số Nợ vay trên Vốn chủ sở hữu,,88.6178861788618,-62.15334420880914,0.0,-92.85714285714286,CURRENT,COMPLETE,,,,YES
NQN,Nước,NORMAL,2026Q2,2026,Q2,292234,False,Chưa kiểm toán,1351.0,Tổng cộng tài sản,658.0,Vốn chủ sở hữu,1442.93,Thu nhập trên mỗi cổ phần của 4 quý gần nhất (EPS),12951.0,Giá trị sổ sách của cổ phiếu (BVPS),7.76,Chỉ số giá thị trường trên thu nhập (P/E),0.86,Chỉ số giá thị trường trên giá trị sổ sách (P/B),3.44,Tỷ suất lợi nhuận trên vốn chủ sở hữu bình quân (ROEA),1.77,Tỷ suất sinh lợi trên tổng tài sản bình quân (ROAA),278.0,Doanh thu thuần về bán hàng và cung cấp dịch vụ,63.0,Lợi nhuận gộp về bán hàng và cung cấp dịch vụ,29.0,Tổng lợi nhuận kế toán trước thuế,23.0,Lợi nhuận sau thuế thu nhập doanh nghiệp,23.0,Lợi nhuận sau thuế của cổ đông Công ty mẹ,693.0,Nợ phải trả,22.48,Tỷ suất lợi nhuận gộp biên,8.34,Tỷ suất sinh lợi trên doanh thu thuần,51.27,Tỷ số Nợ trên Tổng tài sản,61.99,Tỷ số Nợ vay trên Vốn chủ sở hữu,,19.82758620689655,24.10714285714286,43.75,27.777777777777768,CURRENT,COMPLETE,,,,YES
NSC,Thực phẩm & đồ uống,NORMAL,2026Q2,2026,Q2,292720,True,Chưa kiểm toán,2831.0,Tổng cộng tài sản,1656.0,Vốn chủ sở hữu,12248.21,Thu nhập trên mỗi cổ phần của 4 quý gần nhất (EPS),94242.0,Giá trị sổ sách của cổ phiếu (BVPS),5.96,Chỉ số giá thị trường trên thu nhập (P/E),0.77,Chỉ số giá thị trường trên giá trị sổ sách (P/B),2.54,Tỷ suất lợi nhuận trên vốn chủ sở hữu bình quân (ROEA),1.54,Tỷ suất sinh lợi trên tổng tài sản bình quân (ROAA),503.0,Doanh thu thuần về bán hàng và cung cấp dịch vụ,172.0,Lợi nhuận gộp về bán hàng và cung cấp dịch vụ,55.0,Tổng lợi nhuận kế toán trước thuế,44.0,Lợi nhuận sau thuế thu nhập doanh nghiệp,42.0,Lợi nhuận sau thuế của cổ đông Công ty mẹ,1174.0,Nợ phải trả,34.19,Tỷ suất lợi nhuận gộp biên,8.79,Tỷ suất sinh lợi trên doanh thu thuần,41.49,Tỷ số Nợ trên Tổng tài sản,52.37,Tỷ số Nợ vay trên Vốn chủ sở hữu,,38.567493112947645,-24.700598802395213,2.4390243902439046,-30.000000000000004,CURRENT,COMPLETE,,,,YES
NSH,Kim loại & Khoáng sản,NORMAL,2026Q2,2026,Q2,291982,False,Chưa kiểm toán,977.0,Tổng cộng tài sản,241.0,Vốn chủ sở hữu,203.68,Thu nhập trên mỗi cổ phần của 4 quý gần nhất (EPS),11659.0,Giá trị sổ sách của cổ phiếu (BVPS),22.58,Chỉ số giá thị trường trên thu nhập (P/E),0.39,Chỉ số giá thị trường trên giá trị sổ sách (P/B),0.34,Tỷ suất lợi nhuận trên vốn chủ sở hữu bình quân (ROEA),0.09,Tỷ suất sinh lợi trên tổng tài sản bình quân (ROAA),318.0,Doanh thu thuần về bán hàng và cung cấp dịch vụ,16.0,Lợi nhuận gộp về bán hàng và cung cấp dịch vụ,1.0,Tổng lợi nhuận kế toán trước thuế,1.0,Lợi nhuận sau thuế thu nhập doanh nghiệp,1.0,Lợi nhuận sau thuế của cổ đông Công ty mẹ,736.0,Nợ phải trả,5.0,Tỷ suất lợi nhuận gộp biên,0.26,Tỷ suất sinh lợi trên doanh thu thuần,75.32,Tỷ số Nợ trên Tổng tài sản,212.49,Tỷ số Nợ vay trên Vốn chủ sở hữu,,31.404958677685958,-2.4539877300613466,0.0,0.0,CURRENT,COMPLETE,,,,YES
NTC,Bất động sản,NORMAL,2026Q2,2026,Q2,291059,False,Chưa kiểm toán,6815.0,Tổng cộng tài sản,1450.0,Vốn chủ sở hữu,15101.27,Thu nhập trên mỗi cổ phần của 4 quý gần nhất (EPS),60401.0,Giá trị sổ sách của cổ phiếu (BVPS),8.87,Chỉ số giá thị trường trên thu nhập (P/E),2.22,Chỉ số giá thị trường trên giá trị sổ sách (P/B),9.51,Tỷ suất lợi nhuận trên vốn chủ sở hữu bình quân (ROEA),2.0,Tỷ suất sinh lợi trên tổng tài sản bình quân (ROAA),82.0,Doanh thu thuần về bán hàng và cung cấp dịch vụ,39.0,Lợi nhuận gộp về bán hàng và cung cấp dịch vụ,139.0,Tổng lợi nhuận kế toán trước thuế,132.0,Lợi nhuận sau thuế thu nhập doanh nghiệp,132.0,Lợi nhuận sau thuế của cổ đông Công ty mẹ,5365.0,Nợ phải trả,47.68,Tỷ suất lợi nhuận gộp biên,161.33,Tỷ suất sinh lợi trên doanh thu thuần,78.73,Tỷ số Nợ trên Tổng tài sản,,,,0.0,-42.65734265734265,238.46153846153845,36.08247422680413,CURRENT,COMPLETE,,,,YES
NTT,Dệt may,NORMAL,2026Q2,2026,Q2,294302,False,Chưa kiểm toán,1284.0,Tổng cộng tài sản,254.0,Vốn chủ sở hữu,1575.18,Thu nhập trên mỗi cổ phần của 4 quý gần nhất (EPS),10801.0,Giá trị sổ sách của cổ phiếu (BVPS),6.35,Chỉ số giá thị trường trên thu nhập (P/E),0.93,Chỉ số giá thị trường trên giá trị sổ sách (P/B),4.44,Tỷ suất lợi nhuận trên vốn chủ sở hữu bình quân (ROEA),0.87,Tỷ suất sinh lợi trên tổng tài sản bình quân (ROAA),425.0,Doanh thu thuần về bán hàng và cung cấp dịch vụ,43.0,Lợi nhuận gộp về bán hàng và cung cấp dịch vụ,17.0,Tổng lợi nhuận kế toán trước thuế,11.0,Lợi nhuận sau thuế thu nhập doanh nghiệp,11.0,Lợi nhuận sau thuế của cổ đông Công ty mẹ,1031.0,Nợ phải trả,10.15,Tỷ suất lợi nhuận gộp biên,2.6,Tỷ suất sinh lợi trên doanh thu thuần,80.24,Tỷ số Nợ trên Tổng tài sản,281.18,Tỷ số Nợ vay trên Vốn chủ sở hữu,,31.987577639751553,1.674641148325362,-31.25,0.0,CURRENT,COMPLETE,,,,YES
NVT,Du lịch & Giải trí,NORMAL,2026Q2,2026,Q2,293528,True,Chưa kiểm toán,1076.0,Tổng cộng tài sản,600.0,Vốn chủ sở hữu,361.72,Thu nhập trên mỗi cổ phần của 4 quý gần nhất (EPS),6624.0,Giá trị sổ sách của cổ phiếu (BVPS),21.62,Chỉ số giá thị trường trên thu nhập (P/E),1.18,Chỉ số giá thị trường trên giá trị sổ sách (P/B),2.18,Tỷ suất lợi nhuận trên vốn chủ sở hữu bình quân (ROEA),1.17,Tỷ suất sinh lợi trên tổng tài sản bình quân (ROAA),149.0,Doanh thu thuần về bán hàng và cung cấp dịch vụ,96.0,Lợi nhuận gộp về bán hàng và cung cấp dịch vụ,44.0,Tổng lợi nhuận kế toán trước thuế,33.0,Lợi nhuận sau thuế thu nhập doanh nghiệp,13.0,Lợi nhuận sau thuế của cổ đông Công ty mẹ,477.0,Nợ phải trả,64.5,Tỷ suất lợi nhuận gộp biên,22.41,Tỷ suất sinh lợi trên doanh thu thuần,44.3,Tỷ số Nợ trên Tổng tài sản,32.85,Tỷ số Nợ vay trên Vốn chủ sở hữu,,0.6756756756756799,28.44827586206897,-7.14285714285714,-7.14285714285714,CURRENT,COMPLETE,,,,YES
OCH,Thực phẩm & đồ uống,NORMAL,2026Q2,2026,Q2,293982,True,Chưa kiểm toán,3787.0,Tổng cộng tài sản,2048.0,Vốn chủ sở hữu,545.15,Thu nhập trên mỗi cổ phần của 4 quý gần nhất (EPS),10238.0,Giá trị sổ sách của cổ phiếu (BVPS),13.57,Chỉ số giá thị trường trên thu nhập (P/E),0.72,Chỉ số giá thị trường trên giá trị sổ sách (P/B),0.66,Tỷ suất lợi nhuận trên vốn chủ sở hữu bình quân (ROEA),0.36,Tỷ suất sinh lợi trên tổng tài sản bình quân (ROAA),308.0,Doanh thu thuần về bán hàng và cung cấp dịch vụ,119.0,Lợi nhuận gộp về bán hàng và cung cấp dịch vụ,7.0,Tổng lợi nhuận kế toán trước thuế,3.0,Lợi nhuận sau thuế thu nhập doanh nghiệp,14.0,Lợi nhuận sau thuế của cổ đông Công ty mẹ,1739.0,Nợ phải trả,38.6,Tỷ suất lợi nhuận gộp biên,0.92,Tỷ suất sinh lợi trên doanh thu thuần,45.93,Tỷ số Nợ trên Tổng tài sản,65.02,Tỷ số Nợ vay trên Vốn chủ sở hữu,,75.0,73.03370786516854,-193.33333333333334,-200.0,CURRENT,COMPLETE,,,,YES
OPC,Dược & Y tế,NORMAL,2026Q2,2026,Q2,293514,True,Chưa kiểm toán,1352.0,Tổng cộng tài sản,965.0,Vốn chủ sở hữu,1857.3,Thu nhập trên mỗi cổ phần của 4 quý gần nhất (EPS),15071.0,Giá trị sổ sách của cổ phiếu (BVPS),12.76,Chỉ số giá thị trường trên thu nhập (P/E),1.57,Chỉ số giá thị trường trên giá trị sổ sách (P/B),2.99,Tỷ suất lợi nhuận trên vốn chủ sở hữu bình quân (ROEA),2.21,Tỷ suất sinh lợi trên tổng tài sản bình quân (ROAA),262.0,Doanh thu thuần về bán hàng và cung cấp dịch vụ,106.0,Lợi nhuận gộp về bán hàng và cung cấp dịch vụ,37.0,Tổng lợi nhuận kế toán trước thuế,29.0,Lợi nhuận sau thuế thu nhập doanh nghiệp,29.0,Lợi nhuận sau thuế của cổ đông Công ty mẹ,386.0,Nợ phải trả,40.58,Tỷ suất lợi nhuận gộp biên,10.92,Tỷ suất sinh lợi trên doanh thu thuần,28.58,Tỷ số Nợ trên Tổng tài sản,,,,21.2962962962963,10.54852320675106,44.99999999999999,31.818181818181813,CURRENT,COMPLETE,,,,YES
PAP,Cảng & Logistics,NORMAL,2026Q2,2026,Q2,294347,False,Chưa kiểm toán,15089.0,Tổng cộng tài sản,3419.0,Vốn chủ sở hữu,-1862.13,Thu nhập trên mỗi cổ phần của 4 quý gần nhất (EPS),9577.0,Giá trị sổ sách của cổ phiếu (BVPS),-14.5,Chỉ số giá thị trường trên thu nhập (P/E),2.82,Chỉ số giá thị trường trên giá trị sổ sách (P/B),-3.18,Tỷ suất lợi nhuận trên vốn chủ sở hữu bình quân (ROEA),-0.77,Tỷ suất sinh lợi trên tổng tài sản bình quân (ROAA),153.0,Doanh thu thuần về bán hàng và cung cấp dịch vụ,-22.0,Lợi nhuận gộp về bán hàng và cung cấp dịch vụ,-110.0,Tổng lợi nhuận kế toán trước thuế,-110.0,Lợi nhuận sau thuế thu nhập doanh nghiệp,-110.0,Lợi nhuận sau thuế của cổ đông Công ty mẹ,11670.0,Nợ phải trả,-14.35,Tỷ suất lợi nhuận gộp biên,-72.24,Tỷ suất sinh lợi trên doanh thu thuần,77.34,Tỷ số Nợ trên Tổng tài sản,252.42,Tỷ số Nợ vay trên Vốn chủ sở hữu,,61.052631578947356,705.2631578947368,-10.569105691056912,-12.0,CURRENT,COMPLETE,,,,YES
PAT,Hóa chất,NORMAL,2026Q2,2026,Q2,292095,False,Chưa kiểm toán,1011.0,Tổng cộng tài sản,742.0,Vốn chủ sở hữu,13661.01,Thu nhập trên mỗi cổ phần của 4 quý gần nhất (EPS),29694.0,Giá trị sổ sách của cổ phiếu (BVPS),4.67,Chỉ số giá thị trường trên thu nhập (P/E),2.15,Chỉ số giá thị trường trên giá trị sổ sách (P/B),15.98,Tỷ suất lợi nhuận trên vốn chủ sở hữu bình quân (ROEA),11.44,Tỷ suất sinh lợi trên tổng tài sản bình quân (ROAA),517.0,Doanh thu thuần về bán hàng và cung cấp dịch vụ,129.0,Lợi nhuận gộp về bán hàng và cung cấp dịch vụ,116.0,Tổng lợi nhuận kế toán trước thuế,110.0,Lợi nhuận sau thuế thu nhập doanh nghiệp,110.0,Lợi nhuận sau thuế của cổ đông Công ty mẹ,268.0,Nợ phải trả,25.01,Tỷ suất lợi nhuận gộp biên,21.23,Tỷ suất sinh lợi trên doanh thu thuần,26.54,Tỷ số Nợ trên Tổng tài sản,19.59,Tỷ số Nợ vay trên Vốn chủ sở hữu,,22.51184834123223,8.158995815899583,134.04255319148936,41.025641025641036,CURRENT,COMPLETE,,,,YES
PBC,Dược & Y tế,NORMAL,2026Q2,2026,Q2,291671,False,Chưa kiểm toán,3148.0,Tổng cộng tài sản,1322.0,Vốn chủ sở hữu,490.85,Thu nhập trên mỗi cổ phần của 4 quý gần nhất (EPS),11325.0,Giá trị sổ sách của cổ phiếu (BVPS),11.41,Chỉ số giá thị trường trên thu nhập (P/E),0.49,Chỉ số giá thị trường trên giá trị sổ sách (P/B),1.32,Tỷ suất lợi nhuận trên vốn chủ sở hữu bình quân (ROEA),0.55,Tỷ suất sinh lợi trên tổng tài sản bình quân (ROAA),206.0,Doanh thu thuần về bán hàng và cung cấp dịch vụ,58.0,Lợi nhuận gộp về bán hàng và cung cấp dịch vụ,25.0,Tổng lợi nhuận kế toán trước thuế,17.0,Lợi nhuận sau thuế thu nhập doanh nghiệp,17.0,Lợi nhuận sau thuế của cổ đông Công ty mẹ,1827.0,Nợ phải trả,28.29,Tỷ suất lợi nhuận gộp biên,8.46,Tỷ suất sinh lợi trên doanh thu thuần,58.02,Tỷ số Nợ trên Tổng tài sản,106.0,Tỷ số Nợ vay trên Vốn chủ sở hữu,,-0.9615384615384581,-28.965517241379313,54.54545454545454,-440.00000000000006,CURRENT,COMPLETE,,,,YES
PBP,Bao bì,NORMAL,2026Q2,2026,Q2,292057,False,Chưa kiểm toán,120.0,Tổng cộng tài sản,73.0,Vốn chủ sở hữu,1661.53,Thu nhập trên mỗi cổ phần của 4 quý gần nhất (EPS),15211.0,Giá trị sổ sách của cổ phiếu (BVPS),7.22,Chỉ số giá thị trường trên thu nhập (P/E),0.79,Chỉ số giá thị trường trên giá trị sổ sách (P/B),3.46,Tỷ suất lợi nhuận trên vốn chủ sở hữu bình quân (ROEA),1.86,Tỷ suất sinh lợi trên tổng tài sản bình quân (ROAA),149.0,Doanh thu thuần về bán hàng và cung cấp dịch vụ,11.0,Lợi nhuận gộp về bán hàng và cung cấp dịch vụ,3.0,Tổng lợi nhuận kế toán trước thuế,2.0,Lợi nhuận sau thuế thu nhập doanh nghiệp,2.0,Lợi nhuận sau thuế của cổ đông Công ty mẹ,47.0,Nợ phải trả,7.32,Tỷ suất lợi nhuận gộp biên,1.68,Tỷ suất sinh lợi trên doanh thu thuần,39.11,Tỷ số Nợ trên Tổng tài sản,17.07,Tỷ số Nợ vay trên Vốn chủ sở hữu,,192.156862745098,58.51063829787233,0.0,0.0,CURRENT,COMPLETE,,,,YES
PCH,Hóa chất,NORMAL,2026Q2,2026,Q2,293984,True,Chưa kiểm toán,302.0,Tổng cộng tài sản,287.0,Vốn chủ sở hữu,795.52,Thu nhập trên mỗi cổ phần của 4 quý gần nhất (EPS),11298.0,Giá trị sổ sách của cổ phiếu (BVPS),23.38,Chỉ số giá thị trường trên thu nhập (P/E),1.65,Chỉ số giá thị trường trên giá trị sổ sách (P/B),0.78,Tỷ suất lợi nhuận trên vốn chủ sở hữu bình quân (ROEA),0.73,Tỷ suất sinh lợi trên tổng tài sản bình quân (ROAA),20.0,Doanh thu thuần về bán hàng và cung cấp dịch vụ,7.0,Lợi nhuận gộp về bán hàng và cung cấp dịch vụ,3.0,Tổng lợi nhuận kế toán trước thuế,2.0,Lợi nhuận sau thuế thu nhập doanh nghiệp,2.0,Lợi nhuận sau thuế của cổ đông Công ty mẹ,15.0,Nợ phải trả,35.3,Tỷ suất lợi nhuận gộp biên,11.69,Tỷ suất sinh lợi trên doanh thu thuần,4.98,Tỷ số Nợ trên Tổng tài sản,3.11,Tỷ số Nợ vay trên Vốn chủ sở hữu,,-25.92592592592593,-45.945945945945944,-50.0,-33.333333333333336,CURRENT,COMPLETE,,,,YES
PCT,Cảng & Logistics,NORMAL,2026Q2,2026,Q2,292097,False,Chưa kiểm toán,3171.0,Tổng cộng tài sản,1079.0,Vốn chủ sở hữu,1824.18,Thu nhập trên mỗi cổ phần của 4 quý gần nhất (EPS),13483.0,Giá trị sổ sách của cổ phiếu (BVPS),5.76,Chỉ số giá thị trường trên thu nhập (P/E),0.78,Chỉ số giá thị trường trên giá trị sổ sách (P/B),5.62,Tỷ suất lợi nhuận trên vốn chủ sở hữu bình quân (ROEA),1.58,Tỷ suất sinh lợi trên tổng tài sản bình quân (ROAA),287.0,Doanh thu thuần về bán hàng và cung cấp dịch vụ,117.0,Lợi nhuận gộp về bán hàng và cung cấp dịch vụ,72.0,Tổng lợi nhuận kế toán trước thuế,51.0,Lợi nhuận sau thuế thu nhập doanh nghiệp,51.0,Lợi nhuận sau thuế của cổ đông Công ty mẹ,2092.0,Nợ phải trả,40.64,Tỷ suất lợi nhuận gộp biên,17.74,Tỷ suất sinh lợi trên doanh thu thuần,65.97,Tỷ số Nợ trên Tổng tài sản,161.13,Tỷ số Nợ vay trên Vốn chủ sở hữu,,50.26178010471205,76.07361963190185,154.99999999999997,537.5,CURRENT,COMPLETE,,,,YES
PDN,Cảng & Logistics,NORMAL,2026Q2,2026,Q2,291476,False,Chưa kiểm toán,2010.0,Tổng cộng tài sản,1485.0,Vốn chủ sở hữu,8459.54,Thu nhập trên mỗi cổ phần của 4 quý gần nhất (EPS),26723.0,Giá trị sổ sách của cổ phiếu (BVPS),11.82,Chỉ số giá thị trường trên thu nhập (P/E),3.74,Chỉ số giá thị trường trên giá trị sổ sách (P/B),9.44,Tỷ suất lợi nhuận trên vốn chủ sở hữu bình quân (ROEA),7.02,Tỷ suất sinh lợi trên tổng tài sản bình quân (ROAA),439.0,Doanh thu thuần về bán hàng và cung cấp dịch vụ,173.0,Lợi nhuận gộp về bán hàng và cung cấp dịch vụ,175.0,Tổng lợi nhuận kế toán trước thuế,140.0,Lợi nhuận sau thuế thu nhập doanh nghiệp,140.0,Lợi nhuận sau thuế của cổ đông Công ty mẹ,525.0,Nợ phải trả,39.34,Tỷ suất lợi nhuận gộp biên,31.9,Tỷ suất sinh lợi trên doanh thu thuần,26.14,Tỷ số Nợ trên Tổng tài sản,6.73,Tỷ số Nợ vay trên Vốn chủ sở hữu,,16.755319148936177,11.989795918367353,26.126126126126124,12.00000000000001,CURRENT,COMPLETE,,,,YES
PDV,Cảng & Logistics,NORMAL,2026Q2,2026,Q2,291613,False,Chưa kiểm toán,2251.0,Tổng cộng tài sản,1024.0,Vốn chủ sở hữu,1491.47,Thu nhập trên mỗi cổ phần của 4 quý gần nhất (EPS),12914.0,Giá trị sổ sách của cổ phiếu (BVPS),6.06,Chỉ số giá thị trường trên thu nhập (P/E),0.7,Chỉ số giá thị trường trên giá trị sổ sách (P/B),1.6,Tỷ suất lợi nhuận trên vốn chủ sở hữu bình quân (ROEA),0.75,Tỷ suất sinh lợi trên tổng tài sản bình quân (ROAA),688.0,Doanh thu thuần về bán hàng và cung cấp dịch vụ,44.0,Lợi nhuận gộp về bán hàng và cung cấp dịch vụ,22.0,Tổng lợi nhuận kế toán trước thuế,17.0,Lợi nhuận sau thuế thu nhập doanh nghiệp,17.0,Lợi nhuận sau thuế của cổ đông Công ty mẹ,1227.0,Nợ phải trả,6.45,Tỷ suất lợi nhuận gộp biên,2.43,Tỷ suất sinh lợi trên doanh thu thuần,54.51,Tỷ số Nợ trên Tổng tài sản,87.77,Tỷ số Nợ vay trên Vốn chủ sở hữu,,56.00907029478459,46.072186836518036,-10.526315789473683,466.6666666666667,CURRENT,COMPLETE,,,,YES
PEG,Dầu khí,NORMAL,2026Q2,2026,Q2,292530,True,Chưa kiểm toán,1380.0,Tổng cộng tài sản,652.0,Vốn chủ sở hữu,53.86,Thu nhập trên mỗi cổ phần của 4 quý gần nhất (EPS),2619.0,Giá trị sổ sách của cổ phiếu (BVPS),70.55,Chỉ số giá thị trường trên thu nhập (P/E),1.45,Chỉ số giá thị trường trên giá trị sổ sách (P/B),-1.42,Tỷ suất lợi nhuận trên vốn chủ sở hữu bình quân (ROEA),-0.68,Tỷ suất sinh lợi trên tổng tài sản bình quân (ROAA),3403.0,Doanh thu thuần về bán hàng và cung cấp dịch vụ,102.0,Lợi nhuận gộp về bán hàng và cung cấp dịch vụ,-9.0,Tổng lợi nhuận kế toán trước thuế,-9.0,Lợi nhuận sau thuế thu nhập doanh nghiệp,-9.0,Lợi nhuận sau thuế của cổ đông Công ty mẹ,728.0,Nợ phải trả,3.0,Tỷ suất lợi nhuận gộp biên,-0.27,Tỷ suất sinh lợi trên doanh thu thuần,52.76,Tỷ số Nợ trên Tổng tài sản,0.23,Tỷ số Nợ vay trên Vốn chủ sở hữu,,61.20322122216959,151.1439114391144,-181.81818181818184,-1000.0,CURRENT,COMPLETE,,,,YES
PFL,Thương mại & Phân phối,NORMAL,2026Q2,2026,Q2,292364,False,Chưa kiểm toán,353.0,Tổng cộng tài sản,229.0,Vốn chủ sở hữu,-23.87,Thu nhập trên mỗi cổ phần của 4 quý gần nhất (EPS),4575.0,Giá trị sổ sách của cổ phiếu (BVPS),-83.8,Chỉ số giá thị trường trên thu nhập (P/E),0.44,Chỉ số giá thị trường trên giá trị sổ sách (P/B),-0.39,Tỷ suất lợi nhuận trên vốn chủ sở hữu bình quân (ROEA),-0.27,Tỷ suất sinh lợi trên tổng tài sản bình quân (ROAA),4.0,Doanh thu thuần về bán hàng và cung cấp dịch vụ,1.0,Lợi nhuận gộp về bán hàng và cung cấp dịch vụ,-1.0,Tổng lợi nhuận kế toán trước thuế,-1.0,Lợi nhuận sau thuế thu nhập doanh nghiệp,-1.0,Lợi nhuận sau thuế của cổ đông Công ty mẹ,124.0,Nợ phải trả,18.98,Tỷ suất lợi nhuận gộp biên,-23.5,Tỷ suất sinh lợi trên doanh thu thuần,35.19,Tỷ số Nợ trên Tổng tài sản,,,,-78.94736842105263,-90.0,,-116.66666666666667,CURRENT,COMPLETE,,,,YES
PGB,Ngân hàng,BANK,2026Q2,2026,Q2,292002,False,Chưa kiểm toán,89312.0,Tổng cộng tài sản,8212.0,Vốn và các quỹ,1277.53,Thu nhập trên mỗi cổ phần của 4 quý gần nhất (EPS),11208.35,Giá trị sổ sách của cổ phiếu (BVPS),8.61,Chỉ số giá thị trường trên thu nhập (P/E),0.98,Chỉ số giá thị trường trên giá trị sổ sách (P/B),1.61,Tỷ suất lợi nhuận trên vốn chủ sở hữu bình quân (ROEA),0.15,Tỷ suất sinh lợi trên tổng tài sản bình quân (ROAA),522.0,Thu nhập lãi thuần,,,164.0,Tổng lợi nhuận trước thuế,131.0,Lợi nhuận sau thuế,131.0,Lợi nhuận sau thuế của cổ đông của Ngân hàng mẹ,89312.0,Tổng nợ phải trả và vốn chủ sở hữu,,,,,,,,,,13.973799126637566,10.593220338983045,-40.45454545454545,-12.666666666666671,CURRENT,COMPLETE,,,,YES
PGC,Dầu khí,NORMAL,2026Q2,2026,Q2,292707,True,Chưa kiểm toán,4051.0,Tổng cộng tài sản,860.0,Vốn chủ sở hữu,2511.77,Thu nhập trên mỗi cổ phần của 4 quý gần nhất (EPS),14251.0,Giá trị sổ sách của cổ phiếu (BVPS),4.86,Chỉ số giá thị trường trên thu nhập (P/E),0.86,Chỉ số giá thị trường trên giá trị sổ sách (P/B),7.92,Tỷ suất lợi nhuận trên vốn chủ sở hữu bình quân (ROEA),1.82,Tỷ suất sinh lợi trên tổng tài sản bình quân (ROAA),1884.0,Doanh thu thuần về bán hàng và cung cấp dịch vụ,349.0,Lợi nhuận gộp về bán hàng và cung cấp dịch vụ,90.0,Tổng lợi nhuận kế toán trước thuế,71.0,Lợi nhuận sau thuế thu nhập doanh nghiệp,70.0,Lợi nhuận sau thuế của cổ đông Công ty mẹ,3191.0,Nợ phải trả,18.5,Tỷ suất lợi nhuận gộp biên,3.77,Tỷ suất sinh lợi trên doanh thu thuần,78.78,Tỷ số Nợ trên Tổng tài sản,155.64,Tỷ số Nợ vay trên Vốn chủ sở hữu,,50.23923444976077,58.9873417721519,179.99999999999997,133.33333333333334,CURRENT,COMPLETE,,,,YES
PGD,Dầu khí,NORMAL,2026Q2,2026,Q2,291572,False,Chưa kiểm toán,4557.0,Tổng cộng tài sản,1479.0,Vốn chủ sở hữu,1255.17,Thu nhập trên mỗi cổ phần của 4 quý gần nhất (EPS),14944.0,Giá trị sổ sách của cổ phiếu (BVPS),18.13,Chỉ số giá thị trường trên thu nhập (P/E),1.52,Chỉ số giá thị trường trên giá trị sổ sách (P/B),-2.97,Tỷ suất lợi nhuận trên vốn chủ sở hữu bình quân (ROEA),-1.13,Tỷ suất sinh lợi trên tổng tài sản bình quân (ROAA),3859.0,Doanh thu thuần về bán hàng và cung cấp dịch vụ,35.0,Lợi nhuận gộp về bán hàng và cung cấp dịch vụ,-57.0,Tổng lợi nhuận kế toán trước thuế,-45.0,Lợi nhuận sau thuế thu nhập doanh nghiệp,-45.0,Lợi nhuận sau thuế của cổ đông Công ty mẹ,3078.0,Nợ phải trả,0.91,Tỷ suất lợi nhuận gộp biên,-1.16,Tỷ suất sinh lợi trên doanh thu thuần,67.54,Tỷ số Nợ trên Tổng tài sản,3.42,Tỷ số Nợ vay trên Vốn chủ sở hữu,,54.97991967871485,29.75790181573639,-169.23076923076923,-170.3125,CURRENT,COMPLETE,,,,YES
PGI,Bảo hiểm,INSURANCE,2026Q2,2026,Q2,292536,False,Chưa kiểm toán,10198.0,Tổng cộng tài sản,1917.0,Vốn chủ sở hữu,2335.57,Thu nhập trên mỗi cổ phần của 4 quý gần nhất (EPS),17283.01,Giá trị sổ sách của cổ phiếu (BVPS),7.3,Chỉ số giá thị trường trên thu nhập (P/E),1.71,Chỉ số giá thị trường trên giá trị sổ sách (P/B),8.57,Tỷ suất lợi nhuận trên vốn chủ sở hữu bình quân (ROEA),0.96,Tỷ suất sinh lợi trên tổng tài sản bình quân (ROAA),1011.0,Doanh thu thuần hoạt động kinh doanh bảo hiểm,247.0,Lợi nhuận gộp hoạt động kinh doanh bảo hiểm,119.0,Tổng lợi nhuận kế toán,95.0,Lợi nhuận sau thuế thu nhập doanh nghiệp,95.0,Lợi nhuận sau thuế của cổ đông Công ty mẹ,8282.0,Nợ phải trả,,,,,,,,,,1.5060240963855387,7.897545357524005,23.376623376623385,9.195402298850585,CURRENT,COMPLETE,,,,YES
PGN,Hóa chất,NORMAL,2026Q2,2026,Q2,291998,False,Chưa kiểm toán,148.0,Tổng cộng tài sản,110.0,Vốn chủ sở hữu,214.96,Thu nhập trên mỗi cổ phần của 4 quý gần nhất (EPS),11655.0,Giá trị sổ sách của cổ phiếu (BVPS),33.49,Chỉ số giá thị trường trên thu nhập (P/E),0.62,Chỉ số giá thị trường trên giá trị sổ sách (P/B),0.51,Tỷ suất lợi nhuận trên vốn chủ sở hữu bình quân (ROEA),0.36,Tỷ suất sinh lợi trên tổng tài sản bình quân (ROAA),30.0,Doanh thu thuần về bán hàng và cung cấp dịch vụ,1.0,Lợi nhuận gộp về bán hàng và cung cấp dịch vụ,1.0,Tổng lợi nhuận kế toán trước thuế,1.0,Lợi nhuận sau thuế thu nhập doanh nghiệp,1.0,Lợi nhuận sau thuế của cổ đông Công ty mẹ,37.0,Nợ phải trả,2.01,Tỷ suất lợi nhuận gộp biên,1.91,Tỷ suất sinh lợi trên doanh thu thuần,25.37,Tỷ số Nợ trên Tổng tài sản,25.55,Tỷ số Nợ vay trên Vốn chủ sở hữu,,66.66666666666667,3.4482758620689724,,,CURRENT,COMPLETE,,,,YES
PGS,Dầu khí,NORMAL,2026Q2,2026,Q2,293256,True,Chưa kiểm toán,2668.0,Tổng cộng tài sản,1002.0,Vốn chủ sở hữu,2718.12,Thu nhập trên mỗi cổ phần của 4 quý gần nhất (EPS),20047.0,Giá trị sổ sách của cổ phiếu (BVPS),19.39,Chỉ số giá thị trường trên thu nhập (P/E),2.63,Chỉ số giá thị trường trên giá trị sổ sách (P/B),5.36,Tỷ suất lợi nhuận trên vốn chủ sở hữu bình quân (ROEA),2.16,Tỷ suất sinh lợi trên tổng tài sản bình quân (ROAA),2002.0,Doanh thu thuần về bán hàng và cung cấp dịch vụ,344.0,Lợi nhuận gộp về bán hàng và cung cấp dịch vụ,70.0,Tổng lợi nhuận kế toán trước thuế,55.0,Lợi nhuận sau thuế thu nhập doanh nghiệp,55.0,Lợi nhuận sau thuế của cổ đông Công ty mẹ,1666.0,Nợ phải trả,17.2,Tỷ suất lợi nhuận gộp biên,2.75,Tỷ suất sinh lợi trên doanh thu thuần,62.43,Tỷ số Nợ trên Tổng tài sản,20.4,Tỷ số Nợ vay trên Vốn chủ sở hữu,,41.18476727785614,19.308700834326586,83.33333333333333,57.14285714285714,CURRENT,COMPLETE,,,,YES
PGV,Điện,NORMAL,2026Q2,2026,Q2,293789,True,Chưa kiểm toán,54544.0,Tổng cộng tài sản,18759.0,Vốn chủ sở hữu,4357.9,Thu nhập trên mỗi cổ phần của 4 quý gần nhất (EPS),16697.0,Giá trị sổ sách của cổ phiếu (BVPS),5.28,Chỉ số giá thị trường trên thu nhập (P/E),1.38,Chỉ số giá thị trường trên giá trị sổ sách (P/B),7.74,Tỷ suất lợi nhuận trên vốn chủ sở hữu bình quân (ROEA),2.69,Tỷ suất sinh lợi trên tổng tài sản bình quân (ROAA),14959.0,Doanh thu thuần về bán hàng và cung cấp dịch vụ,2124.0,Lợi nhuận gộp về bán hàng và cung cấp dịch vụ,1763.0,Tổng lợi nhuận kế toán trước thuế,1435.0,Lợi nhuận sau thuế thu nhập doanh nghiệp,1447.0,Lợi nhuận sau thuế của cổ đông Công ty mẹ,36036.0,Nợ phải trả,14.2,Tỷ suất lợi nhuận gộp biên,9.59,Tỷ suất sinh lợi trên doanh thu thuần,66.07,Tỷ số Nợ trên Tổng tài sản,131.05,Tỷ số Nợ vay trên Vốn chủ sở hữu,,44.28047839506173,25.379264101919375,98.21917808219179,64.05895691609977,CURRENT,COMPLETE,,,,YES
PHC,Xây dựng,NORMAL,2026Q2,2026,Q2,293520,True,Chưa kiểm toán,3855.0,Tổng cộng tài sản,662.0,Vốn chủ sở hữu,540.42,Thu nhập trên mỗi cổ phần của 4 quý gần nhất (EPS),13071.0,Giá trị sổ sách của cổ phiếu (BVPS),8.59,Chỉ số giá thị trường trên thu nhập (P/E),0.35,Chỉ số giá thị trường trên giá trị sổ sách (P/B),0.73,Tỷ suất lợi nhuận trên vốn chủ sở hữu bình quân (ROEA),0.13,Tỷ suất sinh lợi trên tổng tài sản bình quân (ROAA),761.0,Doanh thu thuần về bán hàng và cung cấp dịch vụ,40.0,Lợi nhuận gộp về bán hàng và cung cấp dịch vụ,6.0,Tổng lợi nhuận kế toán trước thuế,5.0,Lợi nhuận sau thuế thu nhập doanh nghiệp,5.0,Lợi nhuận sau thuế của cổ đông Công ty mẹ,3193.0,Nợ phải trả,5.3,Tỷ suất lợi nhuận gộp biên,0.65,Tỷ suất sinh lợi trên doanh thu thuần,82.82,Tỷ số Nợ trên Tổng tài sản,233.93,Tỷ số Nợ vay trên Vốn chủ sở hữu,,156.22895622895624,132.72171253822629,66.66666666666667,150.0,CURRENT,COMPLETE,,,,YES
PHS,Chứng khoán,SECURITIES,2026Q2,2026,Q2,291234,False,Chưa kiểm toán,6033.0,Tổng cộng tài sản,2093.0,Vốn chủ sở hữu,378.41,Thu nhập trên mỗi cổ phần của 4 quý gần nhất (EPS),10465.83,Giá trị sổ sách của cổ phiếu (BVPS),25.37,Chỉ số giá thị trường trên thu nhập (P/E),0.92,Chỉ số giá thị trường trên giá trị sổ sách (P/B),0.44,Tỷ suất lợi nhuận trên vốn chủ sở hữu bình quân (ROEA),0.16,Tỷ suất sinh lợi trên tổng tài sản bình quân (ROAA),178.0,Doanh thu thuần về hoạt động kinh doanh,,,12.0,Tổng lợi nhuận kế toán trước thuế,9.0,Lợi nhuận sau thuế TNDN,9.0,Lợi nhuận sau thuế của cổ đông Công ty mẹ,3940.0,Nợ phải trả,,,,,,,,,,2.298850574712641,27.142857142857135,125.0,-43.75,CURRENT,COMPLETE,,,,YES
PIC,Điện,NORMAL,2026Q2,2026,Q2,291312,False,Chưa kiểm toán,398.0,Tổng cộng tài sản,382.0,Vốn chủ sở hữu,644.27,Thu nhập trên mỗi cổ phần của 4 quý gần nhất (EPS),11469.0,Giá trị sổ sách của cổ phiếu (BVPS),23.75,Chỉ số giá thị trường trên thu nhập (P/E),1.33,Chỉ số giá thị trường trên giá trị sổ sách (P/B),-0.55,Tỷ suất lợi nhuận trên vốn chủ sở hữu bình quân (ROEA),-0.53,Tỷ suất sinh lợi trên tổng tài sản bình quân (ROAA),17.0,Doanh thu thuần về bán hàng và cung cấp dịch vụ,2.0,Lợi nhuận gộp về bán hàng và cung cấp dịch vụ,-2.0,Tổng lợi nhuận kế toán trước thuế,-2.0,Lợi nhuận sau thuế thu nhập doanh nghiệp,-2.0,Lợi nhuận sau thuế của cổ đông Công ty mẹ,16.0,Nợ phải trả,10.0,Tỷ suất lợi nhuận gộp biên,-12.2,Tỷ suất sinh lợi trên doanh thu thuần,4.0,Tỷ số Nợ trên Tổng tài sản,,,,-50.0,-48.484848484848484,-116.66666666666667,-116.66666666666667,CURRENT,COMPLETE,,,,YES
PIS,Gỗ & Giấy,NORMAL,2026Q2,2026,Q2,294256,True,Chưa kiểm toán,765.0,Tổng cộng tài sản,476.0,Vốn chủ sở hữu,956.18,Thu nhập trên mỗi cổ phần của 4 quý gần nhất (EPS),17301.0,Giá trị sổ sách của cổ phiếu (BVPS),10.67,Chỉ số giá thị trường trên thu nhập (P/E),0.59,Chỉ số giá thị trường trên giá trị sổ sách (P/B),1.91,Tỷ suất lợi nhuận trên vốn chủ sở hữu bình quân (ROEA),1.21,Tỷ suất sinh lợi trên tổng tài sản bình quân (ROAA),110.0,Doanh thu thuần về bán hàng và cung cấp dịch vụ,16.0,Lợi nhuận gộp về bán hàng và cung cấp dịch vụ,16.0,Tổng lợi nhuận kế toán trước thuế,15.0,Lợi nhuận sau thuế thu nhập doanh nghiệp,9.0,Lợi nhuận sau thuế của cổ đông Công ty mẹ,289.0,Nợ phải trả,14.89,Tỷ suất lợi nhuận gộp biên,13.35,Tỷ suất sinh lợi trên doanh thu thuần,37.79,Tỷ số Nợ trên Tổng tài sản,33.31,Tỷ số Nợ vay trên Vốn chủ sở hữu,,-18.518518518518523,12.244897959183664,125.0,12.5,CURRENT,COMPLETE,,,,YES
PJT,Dầu khí,NORMAL,2026Q2,2026,Q2,292900,True,Chưa kiểm toán,601.0,Tổng cộng tài sản,356.0,Vốn chủ sở hữu,1633.46,Thu nhập trên mỗi cổ phần của 4 quý gần nhất (EPS),14289.0,Giá trị sổ sách của cổ phiếu (BVPS),5.69,Chỉ số giá thị trường trên thu nhập (P/E),0.65,Chỉ số giá thị trường trên giá trị sổ sách (P/B),6.77,Tỷ suất lợi nhuận trên vốn chủ sở hữu bình quân (ROEA),3.95,Tỷ suất sinh lợi trên tổng tài sản bình quân (ROAA),268.0,Doanh thu thuần về bán hàng và cung cấp dịch vụ,44.0,Lợi nhuận gộp về bán hàng và cung cấp dịch vụ,29.0,Tổng lợi nhuận kế toán trước thuế,23.0,Lợi nhuận sau thuế thu nhập doanh nghiệp,23.0,Lợi nhuận sau thuế của cổ đông Công ty mẹ,246.0,Nợ phải trả,16.41,Tỷ suất lợi nhuận gộp biên,8.74,Tỷ suất sinh lợi trên doanh thu thuần,40.87,Tỷ số Nợ trên Tổng tài sản,42.76,Tỷ số Nợ vay trên Vốn chủ sở hữu,,42.553191489361694,45.652173913043484,228.57142857142856,187.5,CURRENT,COMPLETE,,,,YES
PLP,Hóa chất,NORMAL,2026Q2,2026,Q2,293114,True,Chưa kiểm toán,3274.0,Tổng cộng tài sản,1072.0,Vốn chủ sở hữu,484.07,Thu nhập trên mỗi cổ phần của 4 quý gần nhất (EPS),11913.0,Giá trị sổ sách của cổ phiếu (BVPS),8.51,Chỉ số giá thị trường trên thu nhập (P/E),0.35,Chỉ số giá thị trường trên giá trị sổ sách (P/B),2.83,Tỷ suất lợi nhuận trên vốn chủ sở hữu bình quân (ROEA),0.94,Tỷ suất sinh lợi trên tổng tài sản bình quân (ROAA),1063.0,Doanh thu thuần về bán hàng và cung cấp dịch vụ,102.0,Lợi nhuận gộp về bán hàng và cung cấp dịch vụ,30.0,Tổng lợi nhuận kế toán trước thuế,30.0,Lợi nhuận sau thuế thu nhập doanh nghiệp,30.0,Lợi nhuận sau thuế của cổ đông Công ty mẹ,2202.0,Nợ phải trả,9.56,Tỷ suất lợi nhuận gộp biên,2.81,Tỷ suất sinh lợi trên doanh thu thuần,67.25,Tỷ số Nợ trên Tổng tài sản,150.38,Tỷ số Nợ vay trên Vốn chủ sở hữu,,93.27272727272727,55.409356725146196,2900.0,275.0,CURRENT,COMPLETE,,,,YES
PMG,Dầu khí,NORMAL,2026Q2,2026,Q2,292585,True,Chưa kiểm toán,1511.0,Tổng cộng tài sản,733.0,Vốn chủ sở hữu,938.16,Thu nhập trên mỗi cổ phần của 4 quý gần nhất (EPS),15828.0,Giá trị sổ sách của cổ phiếu (BVPS),6.5,Chỉ số giá thị trường trên thu nhập (P/E),0.39,Chỉ số giá thị trường trên giá trị sổ sách (P/B),3.27,Tỷ suất lợi nhuận trên vốn chủ sở hữu bình quân (ROEA),1.53,Tỷ suất sinh lợi trên tổng tài sản bình quân (ROAA),521.0,Doanh thu thuần về bán hàng và cung cấp dịch vụ,94.0,Lợi nhuận gộp về bán hàng và cung cấp dịch vụ,33.0,Tổng lợi nhuận kế toán trước thuế,28.0,Lợi nhuận sau thuế thu nhập doanh nghiệp,24.0,Lợi nhuận sau thuế của cổ đông Công ty mẹ,778.0,Nợ phải trả,17.99,Tỷ suất lợi nhuận gộp biên,5.36,Tỷ suất sinh lợi trên doanh thu thuần,51.46,Tỷ số Nợ trên Tổng tài sản,25.39,Tỷ số Nợ vay trên Vốn chủ sở hữu,,20.323325635103927,14.00437636761489,166.66666666666666,380.0,CURRENT,COMPLETE,,,,YES
PMW,Nước,NORMAL,2026Q2,2026,Q2,291807,False,Chưa kiểm toán,692.0,Tổng cộng tài sản,626.0,Vốn chủ sở hữu,2319.2,Thu nhập trên mỗi cổ phần của 4 quý gần nhất (EPS),12523.0,Giá trị sổ sách của cổ phiếu (BVPS),15.95,Chỉ số giá thị trường trên thu nhập (P/E),2.95,Chỉ số giá thị trường trên giá trị sổ sách (P/B),5.71,Tỷ suất lợi nhuận trên vốn chủ sở hữu bình quân (ROEA),5.08,Tỷ suất sinh lợi trên tổng tài sản bình quân (ROAA),104.0,Doanh thu thuần về bán hàng và cung cấp dịch vụ,40.0,Lợi nhuận gộp về bán hàng và cung cấp dịch vụ,37.0,Tổng lợi nhuận kế toán trước thuế,35.0,Lợi nhuận sau thuế thu nhập doanh nghiệp,35.0,Lợi nhuận sau thuế của cổ đông Công ty mẹ,66.0,Nợ phải trả,38.43,Tỷ suất lợi nhuận gộp biên,33.44,Tỷ suất sinh lợi trên doanh thu thuần,9.5,Tỷ số Nợ trên Tổng tài sản,4.08,Tỷ số Nợ vay trên Vốn chủ sở hữu,,16.85393258426966,14.28571428571428,133.33333333333334,75.0,CURRENT,COMPLETE,,,,YES
POM,Kim loại & Khoáng sản,NORMAL,2026Q2,2026,Q2,294434,True,Chưa kiểm toán,9983.0,Tổng cộng tài sản,-948.0,Vốn chủ sở hữu,-2990.26,Thu nhập trên mỗi cổ phần của 4 quý gần nhất (EPS),-3402.0,Giá trị sổ sách của cổ phiếu (BVPS),-1.37,Chỉ số giá thị trường trên thu nhập (P/E),-1.21,Chỉ số giá thị trường trên giá trị sổ sách (P/B),16.72,Tỷ suất lợi nhuận trên vốn chủ sở hữu bình quân (ROEA),-1.45,Tỷ suất sinh lợi trên tổng tài sản bình quân (ROAA),1711.0,Doanh thu thuần về bán hàng và cung cấp dịch vụ,131.0,Lợi nhuận gộp về bán hàng và cung cấp dịch vụ,-146.0,Tổng lợi nhuận kế toán trước thuế,-146.0,Lợi nhuận sau thuế thu nhập doanh nghiệp,-146.0,Lợi nhuận sau thuế của cổ đông Công ty mẹ,10931.0,Nợ phải trả,7.67,Tỷ suất lợi nhuận gộp biên,-8.54,Tỷ suất sinh lợi trên doanh thu thuần,109.49,Tỷ số Nợ trên Tổng tài sản,-584.28,Tỷ số Nợ vay trên Vốn chủ sở hữu,,267.16738197424894,270.34632034632034,-18.43575418994413,-14.117647058823534,CURRENT,COMPLETE,,,,YES
POS,Dầu khí,NORMAL,2026Q2,2026,Q2,291669,False,Chưa kiểm toán,3063.0,Tổng cộng tài sản,927.0,Vốn chủ sở hữu,2930.97,Thu nhập trên mỗi cổ phần của 4 quý gần nhất (EPS),20149.0,Giá trị sổ sách của cổ phiếu (BVPS),4.74,Chỉ số giá thị trường trên thu nhập (P/E),0.69,Chỉ số giá thị trường trên giá trị sổ sách (P/B),4.79,Tỷ suất lợi nhuận trên vốn chủ sở hữu bình quân (ROEA),1.71,Tỷ suất sinh lợi trên tổng tài sản bình quân (ROAA),1644.0,Doanh thu thuần về bán hàng và cung cấp dịch vụ,76.0,Lợi nhuận gộp về bán hàng và cung cấp dịch vụ,55.0,Tổng lợi nhuận kế toán trước thuế,44.0,Lợi nhuận sau thuế thu nhập doanh nghiệp,44.0,Lợi nhuận sau thuế của cổ đông Công ty mẹ,2136.0,Nợ phải trả,4.63,Tỷ suất lợi nhuận gộp biên,2.67,Tỷ suất sinh lợi trên doanh thu thuần,69.74,Tỷ số Nợ trên Tổng tài sản,,,,157.68025078369905,224.2603550295858,131.57894736842107,131.57894736842107,CURRENT,COMPLETE,,,,YES
PPH,Dệt may,NORMAL,2026Q2,2026,Q2,293841,True,Chưa kiểm toán,3710.0,Tổng cộng tài sản,2276.0,Vốn chủ sở hữu,6987.1,Thu nhập trên mỗi cổ phần của 4 quý gần nhất (EPS),30482.0,Giá trị sổ sách của cổ phiếu (BVPS),3.78,Chỉ số giá thị trường trên thu nhập (P/E),0.87,Chỉ số giá thị trường trên giá trị sổ sách (P/B),6.71,Tỷ suất lợi nhuận trên vốn chủ sở hữu bình quân (ROEA),4.14,Tỷ suất sinh lợi trên tổng tài sản bình quân (ROAA),717.0,Doanh thu thuần về bán hàng và cung cấp dịch vụ,159.0,Lợi nhuận gộp về bán hàng và cung cấp dịch vụ,166.0,Tổng lợi nhuận kế toán trước thuế,153.0,Lợi nhuận sau thuế thu nhập doanh nghiệp,151.0,Lợi nhuận sau thuế của cổ đông Công ty mẹ,1434.0,Nợ phải trả,22.16,Tỷ suất lợi nhuận gộp biên,21.4,Tỷ suất sinh lợi trên doanh thu thuần,38.64,Tỷ số Nợ trên Tổng tài sản,32.81,Tỷ số Nợ vay trên Vốn chủ sở hữu,,14.903846153846146,17.348608837970538,15.267175572519086,51.0,CURRENT,COMPLETE,,,,YES
PRE,Bảo hiểm,INSURANCE,2026Q2,2026,Q2,292843,False,Chưa kiểm toán,8452.0,Tổng cộng tài sản,1802.0,Vốn chủ sở hữu,2661.29,Thu nhập trên mỗi cổ phần của 4 quý gần nhất (EPS),17258.93,Giá trị sổ sách của cổ phiếu (BVPS),10.45,Chỉ số giá thị trường trên thu nhập (P/E),2.78,Chỉ số giá thị trường trên giá trị sổ sách (P/B),6.01,Tỷ suất lợi nhuận trên vốn chủ sở hữu bình quân (ROEA),0.76,Tỷ suất sinh lợi trên tổng tài sản bình quân (ROAA),551.0,Doanh thu thuần hoạt động kinh doanh bảo hiểm,32.0,Lợi nhuận gộp hoạt động kinh doanh bảo hiểm,79.0,Tổng lợi nhuận kế toán,63.0,Lợi nhuận sau thuế thu nhập doanh nghiệp,63.0,Lợi nhuận sau thuế của cổ đông Công ty mẹ,6651.0,Nợ phải trả,,,,,,,,,,13.37448559670782,19.00647948164147,-22.22222222222222,23.529411764705888,CURRENT,COMPLETE,,,,YES
PRT,Hóa chất,NORMAL,2026Q2,2026,Q2,294349,True,Chưa kiểm toán,6426.0,Tổng cộng tài sản,4344.0,Vốn chủ sở hữu,492.95,Thu nhập trên mỗi cổ phần của 4 quý gần nhất (EPS),14481.0,Giá trị sổ sách của cổ phiếu (BVPS),17.24,Chỉ số giá thị trường trên thu nhập (P/E),0.59,Chỉ số giá thị trường trên giá trị sổ sách (P/B),0.49,Tỷ suất lợi nhuận trên vốn chủ sở hữu bình quân (ROEA),0.34,Tỷ suất sinh lợi trên tổng tài sản bình quân (ROAA),610.0,Doanh thu thuần về bán hàng và cung cấp dịch vụ,114.0,Lợi nhuận gộp về bán hàng và cung cấp dịch vụ,59.0,Tổng lợi nhuận kế toán trước thuế,39.0,Lợi nhuận sau thuế thu nhập doanh nghiệp,21.0,Lợi nhuận sau thuế của cổ đông Công ty mẹ,2082.0,Nợ phải trả,18.64,Tỷ suất lợi nhuận gộp biên,6.34,Tỷ suất sinh lợi trên doanh thu thuần,32.4,Tỷ số Nợ trên Tổng tài sản,4.81,Tỷ số Nợ vay trên Vốn chủ sở hữu,,101.9867549668874,250.57471264367814,-16.000000000000004,-400.0,CURRENT,COMPLETE,,,,YES
PSB,Dầu khí,NORMAL,2026Q2,2026,Q2,291824,False,Chưa kiểm toán,994.0,Tổng cộng tài sản,562.0,Vốn chủ sở hữu,42.94,Thu nhập trên mỗi cổ phần của 4 quý gần nhất (EPS),11248.0,Giá trị sổ sách của cổ phiếu (BVPS),118.77,Chỉ số giá thị trường trên thu nhập (P/E),0.45,Chỉ số giá thị trường trên giá trị sổ sách (P/B),0.1,Tỷ suất lợi nhuận trên vốn chủ sở hữu bình quân (ROEA),0.06,Tỷ suất sinh lợi trên tổng tài sản bình quân (ROAA),151.0,Doanh thu thuần về bán hàng và cung cấp dịch vụ,15.0,Lợi nhuận gộp về bán hàng và cung cấp dịch vụ,2.0,Tổng lợi nhuận kế toán trước thuế,1.0,Lợi nhuận sau thuế thu nhập doanh nghiệp,1.0,Lợi nhuận sau thuế của cổ đông Công ty mẹ,432.0,Nợ phải trả,10.19,Tỷ suất lợi nhuận gộp biên,0.38,Tỷ suất sinh lợi trên doanh thu thuần,43.43,Tỷ số Nợ trên Tổng tài sản,22.23,Tỷ số Nợ vay trên Vốn chủ sở hữu,,26.890756302521,196.07843137254903,0.0,0.0,CURRENT,COMPLETE,,,,YES
PSD,Thương mại & Phân phối,NORMAL,2026Q2,2026,Q2,291510,True,Chưa kiểm toán,5678.0,Tổng cộng tài sản,842.0,Vốn chủ sở hữu,3753.51,Thu nhập trên mỗi cổ phần của 4 quý gần nhất (EPS),16245.0,Giá trị sổ sách của cổ phiếu (BVPS),4.61,Chỉ số giá thị trường trên thu nhập (P/E),1.06,Chỉ số giá thị trường trên giá trị sổ sách (P/B),6.08,Tỷ suất lợi nhuận trên vốn chủ sở hữu bình quân (ROEA),0.94,Tỷ suất sinh lợi trên tổng tài sản bình quân (ROAA),2675.0,Doanh thu thuần về bán hàng và cung cấp dịch vụ,146.0,Lợi nhuận gộp về bán hàng và cung cấp dịch vụ,61.0,Tổng lợi nhuận kế toán trước thuế,49.0,Lợi nhuận sau thuế thu nhập doanh nghiệp,49.0,Lợi nhuận sau thuế của cổ đông Công ty mẹ,4836.0,Nợ phải trả,5.44,Tỷ suất lợi nhuận gộp biên,1.83,Tỷ suất sinh lợi trên doanh thu thuần,85.17,Tỷ số Nợ trên Tổng tài sản,344.1,Tỷ số Nợ vay trên Vốn chủ sở hữu,,6.277314263011524,41.83457051961823,-9.259259259259256,68.96551724137932,CURRENT,COMPLETE,,,,YES
PSI,Chứng khoán,SECURITIES,2026Q2,2026,Q2,291542,False,Chưa kiểm toán,3827.0,Tổng cộng tài sản,791.0,Vốn chủ sở hữu,1132.65,Thu nhập trên mỗi cổ phần của 4 quý gần nhất (EPS),13216.37,Giá trị sổ sách của cổ phiếu (BVPS),8.65,Chỉ số giá thị trường trên thu nhập (P/E),0.74,Chỉ số giá thị trường trên giá trị sổ sách (P/B),1.95,Tỷ suất lợi nhuận trên vốn chủ sở hữu bình quân (ROEA),0.38,Tỷ suất sinh lợi trên tổng tài sản bình quân (ROAA),108.0,Doanh thu thuần về hoạt động kinh doanh,,,19.0,Tổng lợi nhuận kế toán trước thuế,15.0,Lợi nhuận sau thuế TNDN,15.0,Lợi nhuận sau thuế của cổ đông Công ty mẹ,3036.0,Nợ phải trả,,,,,,,,,,-15.625,-19.999999999999996,-42.307692307692314,50.0,CURRENT,COMPLETE,,,,YES
PSL,Thực phẩm & đồ uống,NORMAL,,,,,,,,,,,,,,,,,,,,,,,,,,,,,,,,,,,,,,,,,,,,,,,,NO_DATA,NO_FINANCIAL_DATA,income_bil_vnd|pbt_bil_vnd|net_profit_bil_vnd|total_assets_bil_vnd|equity_bil_vnd,,Không có kỳ báo cáo hợp lệ sau khi chặn kỳ tương lai,NO
PSN,Cảng & Logistics,NORMAL,2026Q2,2026,Q2,291846,False,Chưa kiểm toán,1843.0,Tổng cộng tài sản,568.0,Vốn chủ sở hữu,1067.59,Thu nhập trên mỗi cổ phần của 4 quý gần nhất (EPS),14192.0,Giá trị sổ sách của cổ phiếu (BVPS),8.71,Chỉ số giá thị trường trên thu nhập (P/E),0.66,Chỉ số giá thị trường trên giá trị sổ sách (P/B),2.34,Tỷ suất lợi nhuận trên vốn chủ sở hữu bình quân (ROEA),0.77,Tỷ suất sinh lợi trên tổng tài sản bình quân (ROAA),585.0,Doanh thu thuần về bán hàng và cung cấp dịch vụ,40.0,Lợi nhuận gộp về bán hàng và cung cấp dịch vụ,16.0,Tổng lợi nhuận kế toán trước thuế,13.0,Lợi nhuận sau thuế thu nhập doanh nghiệp,13.0,Lợi nhuận sau thuế của cổ đông Công ty mẹ,1275.0,Nợ phải trả,6.78,Tỷ suất lợi nhuận gộp biên,2.26,Tỷ suất sinh lợi trên doanh thu thuần,69.19,Tỷ số Nợ trên Tổng tài sản,9.79,Tỷ số Nợ vay trên Vốn chủ sở hữu,,50.385604113110546,83.38557993730407,18.181818181818187,8.333333333333325,CURRENT,COMPLETE,,,,YES
PSP,Cảng & Logistics,NORMAL,2026Q2,2026,Q2,291793,False,Chưa kiểm toán,544.0,Tổng cộng tài sản,459.0,Vốn chủ sở hữu,288.13,Thu nhập trên mỗi cổ phần của 4 quý gần nhất (EPS),11468.0,Giá trị sổ sách của cổ phiếu (BVPS),55.18,Chỉ số giá thị trường trên thu nhập (P/E),1.39,Chỉ số giá thị trường trên giá trị sổ sách (P/B),0.73,Tỷ suất lợi nhuận trên vốn chủ sở hữu bình quân (ROEA),0.62,Tỷ suất sinh lợi trên tổng tài sản bình quân (ROAA),72.0,Doanh thu thuần về bán hàng và cung cấp dịch vụ,21.0,Lợi nhuận gộp về bán hàng và cung cấp dịch vụ,6.0,Tổng lợi nhuận kế toán trước thuế,3.0,Lợi nhuận sau thuế thu nhập doanh nghiệp,3.0,Lợi nhuận sau thuế của cổ đông Công ty mẹ,86.0,Nợ phải trả,29.28,Tỷ suất lợi nhuận gộp biên,4.67,Tỷ suất sinh lợi trên doanh thu thuần,15.75,Tỷ số Nợ trên Tổng tài sản,6.05,Tỷ số Nợ vay trên Vốn chủ sở hữu,,-2.7027027027026973,5.882352941176472,0.0,0.0,CURRENT,COMPLETE,,,,YES
PTB,Gỗ & Giấy,NORMAL,2026Q2,2026,Q2,293771,True,Chưa kiểm toán,6739.0,Tổng cộng tài sản,3726.0,Vốn chủ sở hữu,7489.58,Thu nhập trên mỗi cổ phần của 4 quý gần nhất (EPS),37113.0,Giá trị sổ sách của cổ phiếu (BVPS),5.19,Chỉ số giá thị trường trên thu nhập (P/E),1.05,Chỉ số giá thị trường trên giá trị sổ sách (P/B),3.46,Tỷ suất lợi nhuận trên vốn chủ sở hữu bình quân (ROEA),1.92,Tỷ suất sinh lợi trên tổng tài sản bình quân (ROAA),2084.0,Doanh thu thuần về bán hàng và cung cấp dịch vụ,405.0,Lợi nhuận gộp về bán hàng và cung cấp dịch vụ,163.0,Tổng lợi nhuận kế toán trước thuế,133.0,Lợi nhuận sau thuế thu nhập doanh nghiệp,128.0,Lợi nhuận sau thuế của cổ đông Công ty mẹ,3013.0,Nợ phải trả,19.42,Tỷ suất lợi nhuận gộp biên,6.38,Tỷ suất sinh lợi trên doanh thu thuần,44.7,Tỷ số Nợ trên Tổng tài sản,51.79,Tỷ số Nợ vay trên Vốn chủ sở hữu,,-0.5250596658711193,9.39632545931759,-14.66666666666666,0.0,CURRENT,COMPLETE,,,,YES
PTC,Dịch vụ công nghiệp,NORMAL,2026Q2,2026,Q2,291161,False,Chưa kiểm toán,453.0,Tổng cộng tài sản,435.0,Vốn chủ sở hữu,1431.41,Thu nhập trên mỗi cổ phần của 4 quý gần nhất (EPS),13516.0,Giá trị sổ sách của cổ phiếu (BVPS),4.71,Chỉ số giá thị trường trên thu nhập (P/E),0.5,Chỉ số giá thị trường trên giá trị sổ sách (P/B),0.86,Tỷ suất lợi nhuận trên vốn chủ sở hữu bình quân (ROEA),0.83,Tỷ suất sinh lợi trên tổng tài sản bình quân (ROAA),0.0,Doanh thu thuần về bán hàng và cung cấp dịch vụ,0.0,Lợi nhuận gộp về bán hàng và cung cấp dịch vụ,3.0,Tổng lợi nhuận kế toán trước thuế,4.0,Lợi nhuận sau thuế thu nhập doanh nghiệp,4.0,Lợi nhuận sau thuế của cổ đông Công ty mẹ,18.0,Nợ phải trả,100.0,Tỷ suất lợi nhuận gộp biên,24739.33,Tỷ suất sinh lợi trên doanh thu thuần,4.04,Tỷ số Nợ trên Tổng tài sản,2.53,Tỷ số Nợ vay trên Vốn chủ sở hữu,,,,0.0,-42.85714285714286,CURRENT,COMPLETE,,,,YES
PTI,Bảo hiểm,INSURANCE,2026Q2,2026,Q2,293080,True,Chưa kiểm toán,8482.0,Tổng cộng tài sản,2783.0,Vốn chủ sở hữu,2212.57,Thu nhập trên mỗi cổ phần của 4 quý gần nhất (EPS),23074.19,Giá trị sổ sách của cổ phiếu (BVPS),11.75,Chỉ số giá thị trường trên thu nhập (P/E),2.6,Chỉ số giá thị trường trên giá trị sổ sách (P/B),5.47,Tỷ suất lợi nhuận trên vốn chủ sở hữu bình quân (ROEA),0.78,Tỷ suất sinh lợi trên tổng tài sản bình quân (ROAA),880.0,Doanh thu thuần hoạt động kinh doanh bảo hiểm,93.0,Lợi nhuận gộp hoạt động kinh doanh bảo hiểm,83.0,Tổng lợi nhuận kế toán,66.0,Lợi nhuận sau thuế thu nhập doanh nghiệp,66.0,Lợi nhuận sau thuế của cổ đông Công ty mẹ,5700.0,Nợ phải trả,,,,,,,,,,-2.1134593993325956,10.275689223057638,0.0,-25.842696629213478,CURRENT,COMPLETE,,,,YES
PTL,Bất động sản,NORMAL,2026Q2,2026,Q2,293531,True,Chưa kiểm toán,1212.0,Tổng cộng tài sản,494.0,Vốn chủ sở hữu,5.51,Thu nhập trên mỗi cổ phần của 4 quý gần nhất (EPS),4942.0,Giá trị sổ sách của cổ phiếu (BVPS),413.48,Chỉ số giá thị trường trên thu nhập (P/E),0.46,Chỉ số giá thị trường trên giá trị sổ sách (P/B),-1.01,Tỷ suất lợi nhuận trên vốn chủ sở hữu bình quân (ROEA),-0.42,Tỷ suất sinh lợi trên tổng tài sản bình quân (ROAA),84.0,Doanh thu thuần về bán hàng và cung cấp dịch vụ,13.0,Lợi nhuận gộp về bán hàng và cung cấp dịch vụ,-5.0,Tổng lợi nhuận kế toán trước thuế,-5.0,Lợi nhuận sau thuế thu nhập doanh nghiệp,-5.0,Lợi nhuận sau thuế của cổ đông Công ty mẹ,718.0,Nợ phải trả,15.85,Tỷ suất lợi nhuận gộp biên,-6.01,Tỷ suất sinh lợi trên doanh thu thuần,59.24,Tỷ số Nợ trên Tổng tài sản,37.95,Tỷ số Nợ vay trên Vốn chủ sở hữu,,-31.147540983606557,-31.147540983606557,-37.5,400.0,CURRENT,COMPLETE,,,,YES
PTM,Thương mại & Phân phối,NORMAL,2026Q2,2026,Q2,294050,True,Chưa kiểm toán,538.0,Tổng cộng tài sản,410.0,Vốn chủ sở hữu,231.86,Thu nhập trên mỗi cổ phần của 4 quý gần nhất (EPS),11657.0,Giá trị sổ sách của cổ phiếu (BVPS),48.3,Chỉ số giá thị trường trên thu nhập (P/E),0.96,Chỉ số giá thị trường trên giá trị sổ sách (P/B),0.85,Tỷ suất lợi nhuận trên vốn chủ sở hữu bình quân (ROEA),0.63,Tỷ suất sinh lợi trên tổng tài sản bình quân (ROAA),146.0,Doanh thu thuần về bán hàng và cung cấp dịch vụ,20.0,Lợi nhuận gộp về bán hàng và cung cấp dịch vụ,5.0,Tổng lợi nhuận kế toán trước thuế,4.0,Lợi nhuận sau thuế thu nhập doanh nghiệp,4.0,Lợi nhuận sau thuế của cổ đông Công ty mẹ,128.0,Nợ phải trả,13.41,Tỷ suất lợi nhuận gộp biên,2.57,Tỷ suất sinh lợi trên doanh thu thuần,23.76,Tỷ số Nợ trên Tổng tài sản,25.57,Tỷ số Nợ vay trên Vốn chủ sở hữu,,-21.081081081081077,-62.65984654731458,,-78.94736842105263,CURRENT,COMPLETE,,,,YES
PTV,Thương mại & Phân phối,NORMAL,2026Q2,2026,Q2,292558,True,Chưa kiểm toán,282.0,Tổng cộng tài sản,224.0,Vốn chủ sở hữu,49.15,Thu nhập trên mỗi cổ phần của 4 quý gần nhất (EPS),11182.0,Giá trị sổ sách của cổ phiếu (BVPS),109.86,Chỉ số giá thị trường trên thu nhập (P/E),0.48,Chỉ số giá thị trường trên giá trị sổ sách (P/B),1.2,Tỷ suất lợi nhuận trên vốn chủ sở hữu bình quân (ROEA),0.49,Tỷ suất sinh lợi trên tổng tài sản bình quân (ROAA),561.0,Doanh thu thuần về bán hàng và cung cấp dịch vụ,14.0,Lợi nhuận gộp về bán hàng và cung cấp dịch vụ,5.0,Tổng lợi nhuận kế toán trước thuế,4.0,Lợi nhuận sau thuế thu nhập doanh nghiệp,3.0,Lợi nhuận sau thuế của cổ đông Công ty mẹ,58.0,Nợ phải trả,2.55,Tỷ suất lợi nhuận gộp biên,0.77,Tỷ suất sinh lợi trên doanh thu thuần,20.58,Tỷ số Nợ trên Tổng tài sản,,,,819.6721311475409,2450.0,-400.0,,CURRENT,COMPLETE,,,,YES
PV2,Tài chính khác,NORMAL,2026Q2,2026,Q2,291970,False,Chưa kiểm toán,224.0,Tổng cộng tài sản,218.0,Vốn chủ sở hữu,-293.9,Thu nhập trên mỗi cổ phần của 4 quý gần nhất (EPS),5921.0,Giá trị sổ sách của cổ phiếu (BVPS),-6.8,Chỉ số giá thị trường trên thu nhập (P/E),0.34,Chỉ số giá thị trường trên giá trị sổ sách (P/B),-4.3,Tỷ suất lợi nhuận trên vốn chủ sở hữu bình quân (ROEA),-4.18,Tỷ suất sinh lợi trên tổng tài sản bình quân (ROAA),,,,,-10.0,Tổng lợi nhuận kế toán trước thuế,-10.0,Lợi nhuận sau thuế thu nhập doanh nghiệp,-10.0,Lợi nhuận sau thuế của cổ đông Công ty mẹ,6.0,Nợ phải trả,,,,,2.68,Tỷ số Nợ trên Tổng tài sản,,,,,,150.0,400.0,CURRENT,PARTIAL,income_bil_vnd,,,REVIEW
PVB,Dầu khí,NORMAL,2026Q2,2026,Q2,292298,False,Chưa kiểm toán,1485.0,Tổng cộng tài sản,455.0,Vốn chủ sở hữu,4014.49,Thu nhập trên mỗi cổ phần của 4 quý gần nhất (EPS),21086.0,Giá trị sổ sách của cổ phiếu (BVPS),6.05,Chỉ số giá thị trường trên thu nhập (P/E),1.15,Chỉ số giá thị trường trên giá trị sổ sách (P/B),6.71,Tỷ suất lợi nhuận trên vốn chủ sở hữu bình quân (ROEA),1.99,Tỷ suất sinh lợi trên tổng tài sản bình quân (ROAA),427.0,Doanh thu thuần về bán hàng và cung cấp dịch vụ,76.0,Lợi nhuận gộp về bán hàng và cung cấp dịch vụ,37.0,Tổng lợi nhuận kế toán trước thuế,31.0,Lợi nhuận sau thuế thu nhập doanh nghiệp,31.0,Lợi nhuận sau thuế của cổ đông Công ty mẹ,1030.0,Nợ phải trả,17.76,Tỷ suất lợi nhuận gộp biên,7.14,Tỷ suất sinh lợi trên doanh thu thuần,69.34,Tỷ số Nợ trên Tổng tài sản,155.22,Tỷ số Nợ vay trên Vốn chủ sở hữu,,38.18770226537216,84.05172413793103,63.1578947368421,55.00000000000001,CURRENT,COMPLETE,,,,YES
PVD,Dầu khí,NORMAL,2026Q2,2026,Q2,293534,True,Chưa kiểm toán,29802.0,Tổng cộng tài sản,17592.0,Vốn chủ sở hữu,1992.7,Thu nhập trên mỗi cổ phần của 4 quý gần nhất (EPS),31647.0,Giá trị sổ sách của cổ phiếu (BVPS),16.46,Chỉ số giá thị trường trên thu nhập (P/E),1.04,Chỉ số giá thị trường trên giá trị sổ sách (P/B),0.93,Tỷ suất lợi nhuận trên vốn chủ sở hữu bình quân (ROEA),0.55,Tỷ suất sinh lợi trên tổng tài sản bình quân (ROAA),3028.0,Doanh thu thuần về bán hàng và cung cấp dịch vụ,544.0,Lợi nhuận gộp về bán hàng và cung cấp dịch vụ,261.0,Tổng lợi nhuận kế toán trước thuế,178.0,Lợi nhuận sau thuế thu nhập doanh nghiệp,163.0,Lợi nhuận sau thuế của cổ đông Công ty mẹ,12210.0,Nợ phải trả,17.97,Tỷ suất lợi nhuận gộp biên,5.88,Tỷ suất sinh lợi trên doanh thu thuần,40.97,Tỷ số Nợ trên Tổng tài sản,31.12,Tỷ số Nợ vay trên Vốn chủ sở hữu,,-10.967362540429281,24.60905349794238,-46.73202614379085,-32.08333333333333,CURRENT,COMPLETE,,,,YES
PVE,Dịch vụ công nghiệp,NORMAL,2026Q2,2026,Q2,293889,True,Chưa kiểm toán,824.0,Tổng cộng tài sản,-110.0,Vốn chủ sở hữu,254.34,Thu nhập trên mỗi cổ phần của 4 quý gần nhất (EPS),-4381.0,Giá trị sổ sách của cổ phiếu (BVPS),9.04,Chỉ số giá thị trường trên thu nhập (P/E),-0.53,Chỉ số giá thị trường trên giá trị sổ sách (P/B),-0.68,Tỷ suất lợi nhuận trên vốn chủ sở hữu bình quân (ROEA),0.09,Tỷ suất sinh lợi trên tổng tài sản bình quân (ROAA),49.0,Doanh thu thuần về bán hàng và cung cấp dịch vụ,15.0,Lợi nhuận gộp về bán hàng và cung cấp dịch vụ,1.0,Tổng lợi nhuận kế toán trước thuế,1.0,Lợi nhuận sau thuế thu nhập doanh nghiệp,1.0,Lợi nhuận sau thuế của cổ đông Công ty mẹ,933.0,Nợ phải trả,29.74,Tỷ suất lợi nhuận gộp biên,1.54,Tỷ suất sinh lợi trên doanh thu thuần,113.29,Tỷ số Nợ trên Tổng tài sản,-110.41,Tỷ số Nợ vay trên Vốn chủ sở hữu,,19.512195121951216,48.484848484848484,0.0,-150.0,CURRENT,COMPLETE,,,,YES
PVG,Dầu khí,NORMAL,2026Q2,2026,Q2,292075,False,Chưa kiểm toán,1883.0,Tổng cộng tài sản,510.0,Vốn chủ sở hữu,456.26,Thu nhập trên mỗi cổ phần của 4 quý gần nhất (EPS),12747.0,Giá trị sổ sách của cổ phiếu (BVPS),12.93,Chỉ số giá thị trường trên thu nhập (P/E),0.46,Chỉ số giá thị trường trên giá trị sổ sách (P/B),1.1,Tỷ suất lợi nhuận trên vốn chủ sở hữu bình quân (ROEA),0.32,Tỷ suất sinh lợi trên tổng tài sản bình quân (ROAA),1589.0,Doanh thu thuần về bán hàng và cung cấp dịch vụ,179.0,Lợi nhuận gộp về bán hàng và cung cấp dịch vụ,7.0,Tổng lợi nhuận kế toán trước thuế,6.0,Lợi nhuận sau thuế thu nhập doanh nghiệp,6.0,Lợi nhuận sau thuế của cổ đông Công ty mẹ,1373.0,Nợ phải trả,11.27,Tỷ suất lợi nhuận gộp biên,0.35,Tỷ suất sinh lợi trên doanh thu thuần,72.92,Tỷ số Nợ trên Tổng tài sản,3.57,Tỷ số Nợ vay trên Vốn chủ sở hữu,,9.737569060773478,0.5060088551549713,50.0,100.0,CURRENT,COMPLETE,,,,YES
PVH,Xây dựng,NORMAL,2026Q2,2026,Q2,291909,False,Chưa kiểm toán,549.0,Tổng cộng tài sản,43.0,Vốn chủ sở hữu,-405.43,Thu nhập trên mỗi cổ phần của 4 quý gần nhất (EPS),2060.0,Giá trị sổ sách của cổ phiếu (BVPS),-1.48,Chỉ số giá thị trường trên thu nhập (P/E),0.29,Chỉ số giá thị trường trên giá trị sổ sách (P/B),-4.06,Tỷ suất lợi nhuận trên vốn chủ sở hữu bình quân (ROEA),-0.33,Tỷ suất sinh lợi trên tổng tài sản bình quân (ROAA),7.0,Doanh thu thuần về bán hàng và cung cấp dịch vụ,-1.0,Lợi nhuận gộp về bán hàng và cung cấp dịch vụ,-2.0,Tổng lợi nhuận kế toán trước thuế,-2.0,Lợi nhuận sau thuế thu nhập doanh nghiệp,-2.0,Lợi nhuận sau thuế của cổ đông Công ty mẹ,505.0,Nợ phải trả,-11.03,Tỷ suất lợi nhuận gộp biên,-25.0,Tỷ suất sinh lợi trên doanh thu thuần,92.12,Tỷ số Nợ trên Tổng tài sản,715.81,Tỷ số Nợ vay trên Vốn chủ sở hữu,,39.99999999999999,75.0,0.0,0.0,CURRENT,COMPLETE,,,,YES
PVI,Bảo hiểm,INSURANCE,2026Q2,2026,Q2,292258,True,Chưa kiểm toán,46450.0,Tổng cộng tài sản,9475.0,Vốn chủ sở hữu,5712.02,Thu nhập trên mỗi cổ phần của 4 quý gần nhất (EPS),40448.0,Giá trị sổ sách của cổ phiếu (BVPS),13.04,Chỉ số giá thị trường trên thu nhập (P/E),1.84,Chỉ số giá thị trường trên giá trị sổ sách (P/B),4.47,Tỷ suất lợi nhuận trên vốn chủ sở hữu bình quân (ROEA),0.92,Tỷ suất sinh lợi trên tổng tài sản bình quân (ROAA),,,,,535.0,Tổng lợi nhuận kế toán trước thuế,428.0,Lợi nhuận sau thuế thu nhập doanh nghiệp,415.0,Lợi nhuận sau thuế của cổ đông Công ty mẹ,36976.0,Nợ phải trả,,,,,,,,,income_bil_vnd:AMBIGUOUS:Doanh thu thuần về bán hàng và cung cấp dịch vụ || Tỷ suất sinh lợi trên doanh thu thuần | gross_profit_bil_vnd:AMBIGUOUS:Lợi nhuận gộp về bán hàng và cung cấp dịch vụ || Tỷ suất lợi nhuận gộp biên,,,-25.225225225225223,-1.891252955082745,CURRENT,PARTIAL,income_bil_vnd|AMBIGUOUS_METRIC:income_bil_vnd:AMBIGUOUS:Doanh thu thuần về bán hàng và cung cấp dịch vụ || Tỷ suất sinh lợi trên doanh thu thuần | gross_profit_bil_vnd:AMBIGUOUS:Lợi nhuận gộp về bán hàng và cung cấp dịch vụ || Tỷ suất lợi nhuận gộp biên,,,REVIEW
PVL,Bất động sản,NORMAL,2026Q2,2026,Q2,291964,False,Chưa kiểm toán,199.0,Tổng cộng tài sản,144.0,Vốn chủ sở hữu,11.47,Thu nhập trên mỗi cổ phần của 4 quý gần nhất (EPS),2885.0,Giá trị sổ sách của cổ phiếu (BVPS),217.92,Chỉ số giá thị trường trên thu nhập (P/E),0.87,Chỉ số giá thị trường trên giá trị sổ sách (P/B),-1.17,Tỷ suất lợi nhuận trên vốn chủ sở hữu bình quân (ROEA),-0.85,Tỷ suất sinh lợi trên tổng tài sản bình quân (ROAA),3.0,Doanh thu thuần về bán hàng và cung cấp dịch vụ,0.0,Lợi nhuận gộp về bán hàng và cung cấp dịch vụ,-2.0,Tổng lợi nhuận kế toán trước thuế,-2.0,Lợi nhuận sau thuế thu nhập doanh nghiệp,-2.0,Lợi nhuận sau thuế của cổ đông Công ty mẹ,55.0,Nợ phải trả,3.5,Tỷ suất lợi nhuận gộp biên,-53.54,Tỷ suất sinh lợi trên doanh thu thuần,27.49,Tỷ số Nợ trên Tổng tài sản,2.17,Tỷ số Nợ vay trên Vốn chủ sở hữu,,0.0,,-300.0,100.0,CURRENT,COMPLETE,,,,YES
PVM,Máy móc & Thiết bị,NORMAL,2026Q2,2026,Q2,293909,True,Chưa kiểm toán,1667.0,Tổng cộng tài sản,728.0,Vốn chủ sở hữu,790.36,Thu nhập trên mỗi cổ phần của 4 quý gần nhất (EPS),18840.0,Giá trị sổ sách của cổ phiếu (BVPS),24.29,Chỉ số giá thị trường trên thu nhập (P/E),1.02,Chỉ số giá thị trường trên giá trị sổ sách (P/B),3.65,Tỷ suất lợi nhuận trên vốn chủ sở hữu bình quân (ROEA),1.65,Tỷ suất sinh lợi trên tổng tài sản bình quân (ROAA),402.0,Doanh thu thuần về bán hàng và cung cấp dịch vụ,20.0,Lợi nhuận gộp về bán hàng và cung cấp dịch vụ,26.0,Tổng lợi nhuận kế toán trước thuế,26.0,Lợi nhuận sau thuế thu nhập doanh nghiệp,26.0,Lợi nhuận sau thuế của cổ đông Công ty mẹ,939.0,Nợ phải trả,4.95,Tỷ suất lợi nhuận gộp biên,6.59,Tỷ suất sinh lợi trên doanh thu thuần,56.34,Tỷ số Nợ trên Tổng tài sản,101.27,Tỷ số Nợ vay trên Vốn chủ sở hữu,,-7.159353348729791,-21.330724070450103,,-7.14285714285714,CURRENT,COMPLETE,,,,YES
PVR,Bất động sản,NORMAL,2026Q2,2026,Q2,291252,False,Chưa kiểm toán,976.0,Tổng cộng tài sản,456.0,Vốn chủ sở hữu,-27.98,Thu nhập trên mỗi cổ phần của 4 quý gần nhất (EPS),8792.0,Giá trị sổ sách của cổ phiếu (BVPS),-39.31,Chỉ số giá thị trường trên thu nhập (P/E),0.13,Chỉ số giá thị trường trên giá trị sổ sách (P/B),-0.08,Tỷ suất lợi nhuận trên vốn chủ sở hữu bình quân (ROEA),-0.04,Tỷ suất sinh lợi trên tổng tài sản bình quân (ROAA),,,,,0.0,Tổng lợi nhuận kế toán trước thuế,0.0,Lợi nhuận sau thuế thu nhập doanh nghiệp,0.0,Lợi nhuận sau thuế của cổ đông Công ty mẹ,520.0,Nợ phải trả,,,,,53.25,Tỷ số Nợ trên Tổng tài sản,3.26,Tỷ số Nợ vay trên Vốn chủ sở hữu,,,,,,CURRENT,PARTIAL,income_bil_vnd,,,REVIEW
PVV,Xây dựng,NORMAL,2026Q2,2026,Q2,294353,True,Chưa kiểm toán,639.0,Tổng cộng tài sản,-32.0,Vốn chủ sở hữu,6210.83,Thu nhập trên mỗi cổ phần của 4 quý gần nhất (EPS),-1063.0,Giá trị sổ sách của cổ phiếu (BVPS),0.19,Chỉ số giá thị trường trên thu nhập (P/E),-1.13,Chỉ số giá thị trường trên giá trị sổ sách (P/B),0.3,Tỷ suất lợi nhuận trên vốn chủ sở hữu bình quân (ROEA),-0.01,Tỷ suất sinh lợi trên tổng tài sản bình quân (ROAA),7.0,Doanh thu thuần về bán hàng và cung cấp dịch vụ,1.0,Lợi nhuận gộp về bán hàng và cung cấp dịch vụ,0.0,Tổng lợi nhuận kế toán trước thuế,0.0,Lợi nhuận sau thuế thu nhập doanh nghiệp,0.0,Lợi nhuận sau thuế của cổ đông Công ty mẹ,671.0,Nợ phải trả,16.5,Tỷ suất lợi nhuận gộp biên,-2.64,Tỷ suất sinh lợi trên doanh thu thuần,104.99,Tỷ số Nợ trên Tổng tài sản,-280.41,Tỷ số Nợ vay trên Vốn chủ sở hữu,,250.0,16.666666666666675,-100.0,-100.0,CURRENT,COMPLETE,,,,YES
PVX,Xây dựng,NORMAL,2026Q2,2026,Q2,293986,True,Chưa kiểm toán,6094.0,Tổng cộng tài sản,459.0,Vốn chủ sở hữu,-29.28,Thu nhập trên mỗi cổ phần của 4 quý gần nhất (EPS),1146.0,Giá trị sổ sách của cổ phiếu (BVPS),-54.65,Chỉ số giá thị trường trên thu nhập (P/E),1.4,Chỉ số giá thị trường trên giá trị sổ sách (P/B),-3.1,Tỷ suất lợi nhuận trên vốn chủ sở hữu bình quân (ROEA),-0.24,Tỷ suất sinh lợi trên tổng tài sản bình quân (ROAA),468.0,Doanh thu thuần về bán hàng và cung cấp dịch vụ,0.0,Lợi nhuận gộp về bán hàng và cung cấp dịch vụ,-13.0,Tổng lợi nhuận kế toán trước thuế,-13.0,Lợi nhuận sau thuế thu nhập doanh nghiệp,-14.0,Lợi nhuận sau thuế của cổ đông Công ty mẹ,5635.0,Nợ phải trả,0.01,Tỷ suất lợi nhuận gộp biên,-2.73,Tỷ suất sinh lợi trên doanh thu thuần,92.48,Tỷ số Nợ trên Tổng tài sản,191.95,Tỷ số Nợ vay trên Vốn chủ sở hữu,,38.053097345132734,-11.363636363636365,75.0,39.99999999999999,CURRENT,COMPLETE,,,,YES
PVY,Dầu khí,NORMAL,2026Q2,2026,Q2,292635,False,Chưa kiểm toán,1023.0,Tổng cộng tài sản,-496.0,Vốn chủ sở hữu,-9.28,Thu nhập trên mỗi cổ phần của 4 quý gần nhất (EPS),-8346.0,Giá trị sổ sách của cổ phiếu (BVPS),-204.83,Chỉ số giá thị trường trên thu nhập (P/E),-0.23,Chỉ số giá thị trường trên giá trị sổ sách (P/B),0.71,Tỷ suất lợi nhuận trên vốn chủ sở hữu bình quân (ROEA),-0.33,Tỷ suất sinh lợi trên tổng tài sản bình quân (ROAA),109.0,Doanh thu thuần về bán hàng và cung cấp dịch vụ,16.0,Lợi nhuận gộp về bán hàng và cung cấp dịch vụ,-3.0,Tổng lợi nhuận kế toán trước thuế,-3.0,Lợi nhuận sau thuế thu nhập doanh nghiệp,-3.0,Lợi nhuận sau thuế của cổ đông Công ty mẹ,1519.0,Nợ phải trả,14.3,Tỷ suất lợi nhuận gộp biên,-3.2,Tỷ suất sinh lợi trên doanh thu thuần,148.54,Tỷ số Nợ trên Tổng tài sản,-119.62,Tỷ số Nợ vay trên Vốn chủ sở hữu,,-72.75,-78.58546168958742,,,CURRENT,COMPLETE,,,,YES
PWS,Nước,NORMAL,2026Q2,2026,Q2,291171,False,Chưa kiểm toán,479.0,Tổng cộng tài sản,418.0,Vốn chủ sở hữu,685.63,Thu nhập trên mỗi cổ phần của 4 quý gần nhất (EPS),10891.0,Giá trị sổ sách của cổ phiếu (BVPS),20.86,Chỉ số giá thị trường trên thu nhập (P/E),1.31,Chỉ số giá thị trường trên giá trị sổ sách (P/B),0.76,Tỷ suất lợi nhuận trên vốn chủ sở hữu bình quân (ROEA),0.67,Tỷ suất sinh lợi trên tổng tài sản bình quân (ROAA),36.0,Doanh thu thuần về bán hàng và cung cấp dịch vụ,15.0,Lợi nhuận gộp về bán hàng và cung cấp dịch vụ,4.0,Tổng lợi nhuận kế toán trước thuế,3.0,Lợi nhuận sau thuế thu nhập doanh nghiệp,3.0,Lợi nhuận sau thuế của cổ đông Công ty mẹ,61.0,Nợ phải trả,41.93,Tỷ suất lợi nhuận gộp biên,8.9,Tỷ suất sinh lợi trên doanh thu thuần,12.74,Tỷ số Nợ trên Tổng tài sản,8.17,Tỷ số Nợ vay trên Vốn chủ sở hữu,,9.090909090909083,2.857142857142847,-57.14285714285714,-40.0,CURRENT,COMPLETE,,,,YES
PXI,Xây dựng,NORMAL,2026Q2,2026,Q2,291358,False,Chưa kiểm toán,304.0,Tổng cộng tài sản,136.0,Vốn chủ sở hữu,7.93,Thu nhập trên mỗi cổ phần của 4 quý gần nhất (EPS),4525.0,Giá trị sổ sách của cổ phiếu (BVPS),75.7,Chỉ số giá thị trường trên thu nhập (P/E),0.13,Chỉ số giá thị trường trên giá trị sổ sách (P/B),-0.33,Tỷ suất lợi nhuận trên vốn chủ sở hữu bình quân (ROEA),-0.15,Tỷ suất sinh lợi trên tổng tài sản bình quân (ROAA),4.0,Doanh thu thuần về bán hàng và cung cấp dịch vụ,1.0,Lợi nhuận gộp về bán hàng và cung cấp dịch vụ,0.0,Tổng lợi nhuận kế toán trước thuế,0.0,Lợi nhuận sau thuế thu nhập doanh nghiệp,0.0,Lợi nhuận sau thuế của cổ đông Công ty mẹ,169.0,Nợ phải trả,22.16,Tỷ suất lợi nhuận gộp biên,-10.64,Tỷ suất sinh lợi trên doanh thu thuần,55.39,Tỷ số Nợ trên Tổng tài sản,,,,-60.0,300.0,-100.0,-100.0,CURRENT,COMPLETE,,,,YES
PXL,Bất động sản,NORMAL,2026Q2,2026,Q2,291127,False,Chưa kiểm toán,1814.0,Tổng cộng tài sản,1762.0,Vốn chủ sở hữu,7.9,Thu nhập trên mỗi cổ phần của 4 quý gần nhất (EPS),10009.0,Giá trị sổ sách của cổ phiếu (BVPS),1557.2,Chỉ số giá thị trường trên thu nhập (P/E),1.23,Chỉ số giá thị trường trên giá trị sổ sách (P/B),0.02,Tỷ suất lợi nhuận trên vốn chủ sở hữu bình quân (ROEA),0.02,Tỷ suất sinh lợi trên tổng tài sản bình quân (ROAA),3.0,Doanh thu thuần về bán hàng và cung cấp dịch vụ,2.0,Lợi nhuận gộp về bán hàng và cung cấp dịch vụ,1.0,Tổng lợi nhuận kế toán trước thuế,0.0,Lợi nhuận sau thuế thu nhập doanh nghiệp,0.0,Lợi nhuận sau thuế của cổ đông Công ty mẹ,52.0,Nợ phải trả,55.08,Tỷ suất lợi nhuận gộp biên,12.54,Tỷ suất sinh lợi trên doanh thu thuần,2.89,Tỷ số Nợ trên Tổng tài sản,,,,0.0,50.0,,,CURRENT,COMPLETE,,,,YES
PXM,Thương mại & Phân phối,NORMAL,2026Q2,2026,Q2,292047,False,Chưa kiểm toán,40.0,Tổng cộng tài sản,-515.0,Vốn chủ sở hữu,-1284.24,Thu nhập trên mỗi cổ phần của 4 quý gần nhất (EPS),-34308.0,Giá trị sổ sách của cổ phiếu (BVPS),-0.31,Chỉ số giá thị trường trên thu nhập (P/E),-0.01,Chỉ số giá thị trường trên giá trị sổ sách (P/B),0.93,Tỷ suất lợi nhuận trên vốn chủ sở hữu bình quân (ROEA),-11.97,Tỷ suất sinh lợi trên tổng tài sản bình quân (ROAA),0.0,Doanh thu thuần về bán hàng và cung cấp dịch vụ,0.0,Lợi nhuận gộp về bán hàng và cung cấp dịch vụ,-5.0,Tổng lợi nhuận kế toán trước thuế,-5.0,Lợi nhuận sau thuế thu nhập doanh nghiệp,-5.0,Lợi nhuận sau thuế của cổ đông Công ty mẹ,555.0,Nợ phải trả,10.47,Tỷ suất lợi nhuận gộp biên,-956.99,Tỷ suất sinh lợi trên doanh thu thuần,1390.25,Tỷ số Nợ trên Tổng tài sản,-15.4,Tỷ số Nợ vay trên Vốn chủ sở hữu,,,,0.0,0.0,CURRENT,COMPLETE,,,,YES
PXS,Xây dựng,NORMAL,2026Q2,2026,Q2,294201,False,Chưa kiểm toán,1020.0,Tổng cộng tài sản,99.0,Vốn chủ sở hữu,248.98,Thu nhập trên mỗi cổ phần của 4 quý gần nhất (EPS),1656.0,Giá trị sổ sách của cổ phiếu (BVPS),9.64,Chỉ số giá thị trường trên thu nhập (P/E),1.45,Chỉ số giá thị trường trên giá trị sổ sách (P/B),4.51,Tỷ suất lợi nhuận trên vốn chủ sở hữu bình quân (ROEA),0.43,Tỷ suất sinh lợi trên tổng tài sản bình quân (ROAA),329.0,Doanh thu thuần về bán hàng và cung cấp dịch vụ,16.0,Lợi nhuận gộp về bán hàng và cung cấp dịch vụ,4.0,Tổng lợi nhuận kế toán trước thuế,4.0,Lợi nhuận sau thuế thu nhập doanh nghiệp,4.0,Lợi nhuận sau thuế của cổ đông Công ty mẹ,920.0,Nợ phải trả,4.98,Tỷ suất lợi nhuận gộp biên,1.33,Tỷ suất sinh lợi trên doanh thu thuần,90.25,Tỷ số Nợ trên Tổng tài sản,19.48,Tỷ số Nợ vay trên Vốn chủ sở hữu,,29.019607843137262,46.22222222222223,33.33333333333333,0.0,CURRENT,COMPLETE,,,,YES
QBS,Hóa chất,NORMAL,2026Q2,2026,Q2,291960,False,Chưa kiểm toán,241.0,Tổng cộng tài sản,211.0,Vốn chủ sở hữu,-1135.13,Thu nhập trên mỗi cổ phần của 4 quý gần nhất (EPS),3047.0,Giá trị sổ sách của cổ phiếu (BVPS),-0.44,Chỉ số giá thị trường trên thu nhập (P/E),0.16,Chỉ số giá thị trường trên giá trị sổ sách (P/B),-6.32,Tỷ suất lợi nhuận trên vốn chủ sở hữu bình quân (ROEA),-5.57,Tỷ suất sinh lợi trên tổng tài sản bình quân (ROAA),0.0,Doanh thu thuần về bán hàng và cung cấp dịch vụ,0.0,Lợi nhuận gộp về bán hàng và cung cấp dịch vụ,-14.0,Tổng lợi nhuận kế toán trước thuế,-14.0,Lợi nhuận sau thuế thu nhập doanh nghiệp,-14.0,Lợi nhuận sau thuế của cổ đông Công ty mẹ,29.0,Nợ phải trả,56.15,Tỷ suất lợi nhuận gộp biên,-27052.04,Tỷ suất sinh lợi trên doanh thu thuần,12.24,Tỷ số Nợ trên Tổng tài sản,5.03,Tỷ số Nợ vay trên Vốn chủ sở hữu,,,,1300.0,0.0,CURRENT,COMPLETE,,,,YES
QNC,Vật liệu xây dựng,NORMAL,2026Q2,2026,Q2,294547,True,Chưa kiểm toán,2306.0,Tổng cộng tài sản,733.0,Vốn chủ sở hữu,575.01,Thu nhập trên mỗi cổ phần của 4 quý gần nhất (EPS),12224.0,Giá trị sổ sách của cổ phiếu (BVPS),9.22,Chỉ số giá thị trường trên thu nhập (P/E),0.43,Chỉ số giá thị trường trên giá trị sổ sách (P/B),0.92,Tỷ suất lợi nhuận trên vốn chủ sở hữu bình quân (ROEA),0.3,Tỷ suất sinh lợi trên tổng tài sản bình quân (ROAA),643.0,Doanh thu thuần về bán hàng và cung cấp dịch vụ,37.0,Lợi nhuận gộp về bán hàng và cung cấp dịch vụ,8.0,Tổng lợi nhuận kế toán trước thuế,7.0,Lợi nhuận sau thuế thu nhập doanh nghiệp,7.0,Lợi nhuận sau thuế của cổ đông Công ty mẹ,1573.0,Nợ phải trả,5.83,Tỷ suất lợi nhuận gộp biên,1.04,Tỷ suất sinh lợi trên doanh thu thuần,68.23,Tỷ số Nợ trên Tổng tài sản,155.12,Tỷ số Nợ vay trên Vốn chủ sở hữu,,28.85771543086173,33.40248962655601,-22.22222222222222,-12.5,CURRENT,COMPLETE,,,,YES
QNP,Cảng & Logistics,NORMAL,2026Q2,2026,Q2,291139,True,Chưa kiểm toán,1537.0,Tổng cộng tài sản,927.0,Vốn chủ sở hữu,4023.59,Thu nhập trên mỗi cổ phần của 4 quý gần nhất (EPS),22946.0,Giá trị sổ sách của cổ phiếu (BVPS),7.77,Chỉ số giá thị trường trên thu nhập (P/E),1.36,Chỉ số giá thị trường trên giá trị sổ sách (P/B),4.53,Tỷ suất lợi nhuận trên vốn chủ sở hữu bình quân (ROEA),2.91,Tỷ suất sinh lợi trên tổng tài sản bình quân (ROAA),381.0,Doanh thu thuần về bán hàng và cung cấp dịch vụ,80.0,Lợi nhuận gộp về bán hàng và cung cấp dịch vụ,53.0,Tổng lợi nhuận kế toán trước thuế,43.0,Lợi nhuận sau thuế thu nhập doanh nghiệp,43.0,Lợi nhuận sau thuế của cổ đông Công ty mẹ,610.0,Nợ phải trả,20.98,Tỷ suất lợi nhuận gộp biên,11.31,Tỷ suất sinh lợi trên doanh thu thuần,39.68,Tỷ số Nợ trên Tổng tài sản,34.52,Tỷ số Nợ vay trên Vốn chủ sở hữu,,6.424581005586583,36.07142857142858,2.3809523809523725,10.256410256410264,CURRENT,COMPLETE,,,,YES
QNS,Thực phẩm & đồ uống,NORMAL,2026Q2,2026,Q2,292629,True,Chưa kiểm toán,15845.0,Tổng cộng tài sản,10648.0,Vốn chủ sở hữu,5286.9,Thu nhập trên mỗi cổ phần của 4 quý gần nhất (EPS),28964.0,Giá trị sổ sách của cổ phiếu (BVPS),9.25,Chỉ số giá thị trường trên thu nhập (P/E),1.69,Chỉ số giá thị trường trên giá trị sổ sách (P/B),5.3,Tỷ suất lợi nhuận trên vốn chủ sở hữu bình quân (ROEA),3.62,Tỷ suất sinh lợi trên tổng tài sản bình quân (ROAA),3289.0,Doanh thu thuần về bán hàng và cung cấp dịch vụ,1169.0,Lợi nhuận gộp về bán hàng và cung cấp dịch vụ,664.0,Tổng lợi nhuận kế toán trước thuế,567.0,Lợi nhuận sau thuế thu nhập doanh nghiệp,567.0,Lợi nhuận sau thuế của cổ đông Công ty mẹ,5197.0,Nợ phải trả,35.56,Tỷ suất lợi nhuận gộp biên,17.23,Tỷ suất sinh lợi trên doanh thu thuần,32.8,Tỷ số Nợ trên Tổng tài sản,35.63,Tỷ số Nợ vay trên Vốn chủ sở hữu,,19.03727832066595,11.265223274695524,45.012787723785166,3.8461538461538547,CURRENT,COMPLETE,,,,YES
RAL,Thiết bị điện,NORMAL,2026Q2,2026,Q2,293586,False,Chưa kiểm toán,9303.0,Tổng cộng tài sản,3483.0,Vốn chủ sở hữu,18010.96,Thu nhập trên mỗi cổ phần của 4 quý gần nhất (EPS),147923.0,Giá trị sổ sách của cổ phiếu (BVPS),4.64,Chỉ số giá thị trường trên thu nhập (P/E),0.57,Chỉ số giá thị trường trên giá trị sổ sách (P/B),3.35,Tỷ suất lợi nhuận trên vốn chủ sở hữu bình quân (ROEA),1.32,Tỷ suất sinh lợi trên tổng tài sản bình quân (ROAA),1576.0,Doanh thu thuần về bán hàng và cung cấp dịch vụ,390.0,Lợi nhuận gộp về bán hàng và cung cấp dịch vụ,135.0,Tổng lợi nhuận kế toán trước thuế,117.0,Lợi nhuận sau thuế thu nhập doanh nghiệp,117.0,Lợi nhuận sau thuế của cổ đông Công ty mẹ,5819.0,Nợ phải trả,24.72,Tỷ suất lợi nhuận gộp biên,7.43,Tỷ suất sinh lợi trên doanh thu thuần,62.56,Tỷ số Nợ trên Tổng tài sản,98.46,Tỷ số Nợ vay trên Vốn chủ sở hữu,,-12.249443207126953,32.436974789915965,0.0,67.14285714285715,CURRENT,COMPLETE,,,,YES
RCC,Xây dựng,NORMAL,2026Q2,2026,Q2,294668,True,Chưa kiểm toán,1004.0,Tổng cộng tài sản,373.0,Vốn chủ sở hữu,-357.79,Thu nhập trên mỗi cổ phần của 4 quý gần nhất (EPS),11631.0,Giá trị sổ sách của cổ phiếu (BVPS),-53.94,Chỉ số giá thị trường trên thu nhập (P/E),1.66,Chỉ số giá thị trường trên giá trị sổ sách (P/B),-4.23,Tỷ suất lợi nhuận trên vốn chủ sở hữu bình quân (ROEA),-1.53,Tỷ suất sinh lợi trên tổng tài sản bình quân (ROAA),47.0,Doanh thu thuần về bán hàng và cung cấp dịch vụ,6.0,Lợi nhuận gộp về bán hàng và cung cấp dịch vụ,-16.0,Tổng lợi nhuận kế toán trước thuế,-16.0,Lợi nhuận sau thuế thu nhập doanh nghiệp,-16.0,Lợi nhuận sau thuế của cổ đông Công ty mẹ,632.0,Nợ phải trả,11.67,Tỷ suất lợi nhuận gộp biên,-33.85,Tỷ suất sinh lợi trên doanh thu thuần,62.87,Tỷ số Nợ trên Tổng tài sản,109.9,Tỷ số Nợ vay trên Vốn chủ sở hữu,,-28.787878787878785,-70.06369426751593,-42.85714285714286,77.77777777777777,CURRENT,COMPLETE,,,,YES
RCL,Bất động sản,NORMAL,2026Q2,2026,Q2,292019,False,Chưa kiểm toán,495.0,Tổng cộng tài sản,294.0,Vốn chủ sở hữu,712.08,Thu nhập trên mỗi cổ phần của 4 quý gần nhất (EPS),20830.0,Giá trị sổ sách của cổ phiếu (BVPS),16.15,Chỉ số giá thị trường trên thu nhập (P/E),0.55,Chỉ số giá thị trường trên giá trị sổ sách (P/B),0.87,Tỷ suất lợi nhuận trên vốn chủ sở hữu bình quân (ROEA),0.52,Tỷ suất sinh lợi trên tổng tài sản bình quân (ROAA),2.0,Doanh thu thuần về bán hàng và cung cấp dịch vụ,1.0,Lợi nhuận gộp về bán hàng và cung cấp dịch vụ,3.0,Tổng lợi nhuận kế toán trước thuế,3.0,Lợi nhuận sau thuế thu nhập doanh nghiệp,3.0,Lợi nhuận sau thuế của cổ đông Công ty mẹ,201.0,Nợ phải trả,59.03,Tỷ suất lợi nhuận gộp biên,106.17,Tỷ suất sinh lợi trên doanh thu thuần,40.52,Tỷ số Nợ trên Tổng tài sản,4.25,Tỷ số Nợ vay trên Vốn chủ sở hữu,,0.0,-60.0,,200.0,CURRENT,COMPLETE,,,,YES
RIC,Du lịch & Giải trí,NORMAL,2026Q2,2026,Q2,292063,False,Chưa kiểm toán,932.0,Tổng cộng tài sản,587.0,Vốn chủ sở hữu,176.14,Thu nhập trên mỗi cổ phần của 4 quý gần nhất (EPS),20435.0,Giá trị sổ sách của cổ phiếu (BVPS),49.96,Chỉ số giá thị trường trên thu nhập (P/E),0.43,Chỉ số giá thị trường trên giá trị sổ sách (P/B),-1.54,Tỷ suất lợi nhuận trên vốn chủ sở hữu bình quân (ROEA),-0.97,Tỷ suất sinh lợi trên tổng tài sản bình quân (ROAA),33.0,Doanh thu thuần về bán hàng và cung cấp dịch vụ,3.0,Lợi nhuận gộp về bán hàng và cung cấp dịch vụ,-9.0,Tổng lợi nhuận kế toán trước thuế,-9.0,Lợi nhuận sau thuế thu nhập doanh nghiệp,-9.0,Lợi nhuận sau thuế của cổ đông Công ty mẹ,346.0,Nợ phải trả,10.55,Tỷ suất lợi nhuận gộp biên,-27.7,Tỷ suất sinh lợi trên doanh thu thuần,37.07,Tỷ số Nợ trên Tổng tài sản,29.24,Tỷ số Nợ vay trên Vốn chủ sở hữu,,-25.0,-29.78723404255319,-228.57142857142856,-190.0,CURRENT,COMPLETE,,,,YES
RTB,Hóa chất,NORMAL,2026Q2,2026,Q2,291123,True,Chưa kiểm toán,3551.0,Tổng cộng tài sản,3193.0,Vốn chủ sở hữu,4760.5,Thu nhập trên mỗi cổ phần của 4 quý gần nhất (EPS),36302.0,Giá trị sổ sách của cổ phiếu (BVPS),5.78,Chỉ số giá thị trường trên thu nhập (P/E),0.76,Chỉ số giá thị trường trên giá trị sổ sách (P/B),2.28,Tỷ suất lợi nhuận trên vốn chủ sở hữu bình quân (ROEA),2.1,Tỷ suất sinh lợi trên tổng tài sản bình quân (ROAA),340.0,Doanh thu thuần về bán hàng và cung cấp dịch vụ,110.0,Lợi nhuận gộp về bán hàng và cung cấp dịch vụ,119.0,Tổng lợi nhuận kế toán trước thuế,99.0,Lợi nhuận sau thuế thu nhập doanh nghiệp,74.0,Lợi nhuận sau thuế của cổ đông Công ty mẹ,359.0,Nợ phải trả,32.51,Tỷ suất lợi nhuận gộp biên,29.16,Tỷ suất sinh lợi trên doanh thu thuần,10.1,Tỷ số Nợ trên Tổng tài sản,0.52,Tỷ số Nợ vay trên Vốn chủ sở hữu,,-12.144702842377264,28.787878787878785,-60.84656084656085,-61.25654450261779,CURRENT,COMPLETE,,,,YES
RYG,Vật liệu xây dựng,NORMAL,2026Q2,2026,Q2,292924,True,Chưa kiểm toán,3211.0,Tổng cộng tài sản,809.0,Vốn chủ sở hữu,1515.14,Thu nhập trên mỗi cổ phần của 4 quý gần nhất (EPS),17985.0,Giá trị sổ sách của cổ phiếu (BVPS),6.01,Chỉ số giá thị trường trên thu nhập (P/E),0.51,Chỉ số giá thị trường trên giá trị sổ sách (P/B),6.12,Tỷ suất lợi nhuận trên vốn chủ sở hữu bình quân (ROEA),1.52,Tỷ suất sinh lợi trên tổng tài sản bình quân (ROAA),735.0,Doanh thu thuần về bán hàng và cung cấp dịch vụ,125.0,Lợi nhuận gộp về bán hàng và cung cấp dịch vụ,50.0,Tổng lợi nhuận kế toán trước thuế,48.0,Lợi nhuận sau thuế thu nhập doanh nghiệp,48.0,Lợi nhuận sau thuế của cổ đông Công ty mẹ,2402.0,Nợ phải trả,16.94,Tỷ suất lợi nhuận gộp biên,6.55,Tỷ suất sinh lợi trên doanh thu thuần,74.8,Tỷ số Nợ trên Tổng tài sản,218.74,Tỷ số Nợ vay trên Vốn chủ sở hữu,,35.859519408502784,38.94139886578449,1500.0,336.3636363636363,CURRENT,COMPLETE,,,,YES
S4A,Điện,NORMAL,2026Q2,2026,Q2,291292,False,Chưa kiểm toán,906.0,Tổng cộng tài sản,594.0,Vốn chủ sở hữu,4199.84,Thu nhập trên mỗi cổ phần của 4 quý gần nhất (EPS),14074.0,Giá trị sổ sách của cổ phiếu (BVPS),7.74,Chỉ số giá thị trường trên thu nhập (P/E),2.31,Chỉ số giá thị trường trên giá trị sổ sách (P/B),2.68,Tỷ suất lợi nhuận trên vốn chủ sở hữu bình quân (ROEA),1.74,Tỷ suất sinh lợi trên tổng tài sản bình quân (ROAA),62.0,Doanh thu thuần về bán hàng và cung cấp dịch vụ,27.0,Lợi nhuận gộp về bán hàng và cung cấp dịch vụ,21.0,Tổng lợi nhuận kế toán trước thuế,17.0,Lợi nhuận sau thuế thu nhập doanh nghiệp,17.0,Lợi nhuận sau thuế của cổ đông Công ty mẹ,312.0,Nợ phải trả,43.44,Tỷ suất lợi nhuận gộp biên,26.65,Tỷ suất sinh lợi trên doanh thu thuần,34.44,Tỷ số Nợ trên Tổng tài sản,45.98,Tỷ số Nợ vay trên Vốn chủ sở hữu,,14.814814814814813,-3.125,-63.829787234042556,21.42857142857142,CURRENT,COMPLETE,,,,YES
S99,Xây dựng,NORMAL,2026Q2,2026,Q2,294625,True,Chưa kiểm toán,4700.0,Tổng cộng tài sản,2014.0,Vốn chủ sở hữu,1050.44,Thu nhập trên mỗi cổ phần của 4 quý gần nhất (EPS),19344.0,Giá trị sổ sách của cổ phiếu (BVPS),8.38,Chỉ số giá thị trường trên thu nhập (P/E),0.45,Chỉ số giá thị trường trên giá trị sổ sách (P/B),1.89,Tỷ suất lợi nhuận trên vốn chủ sở hữu bình quân (ROEA),0.79,Tỷ suất sinh lợi trên tổng tài sản bình quân (ROAA),290.0,Doanh thu thuần về bán hàng và cung cấp dịch vụ,63.0,Lợi nhuận gộp về bán hàng và cung cấp dịch vụ,38.0,Tổng lợi nhuận kế toán trước thuế,35.0,Lợi nhuận sau thuế thu nhập doanh nghiệp,38.0,Lợi nhuận sau thuế của cổ đông Công ty mẹ,2686.0,Nợ phải trả,21.9,Tỷ suất lợi nhuận gộp biên,12.03,Tỷ suất sinh lợi trên doanh thu thuần,57.16,Tỷ số Nợ trên Tổng tài sản,97.76,Tỷ số Nợ vay trên Vốn chủ sở hữu,,28.888888888888896,-47.84172661870504,216.66666666666666,2.7027027027026973,CURRENT,COMPLETE,,,,YES
SAM,Thiết bị điện,NORMAL,2026Q2,2026,Q2,293538,True,Chưa kiểm toán,7657.0,Tổng cộng tài sản,4791.0,Vốn chủ sở hữu,288.96,Thu nhập trên mỗi cổ phần của 4 quý gần nhất (EPS),11896.0,Giá trị sổ sách của cổ phiếu (BVPS),20.59,Chỉ số giá thị trường trên thu nhập (P/E),0.5,Chỉ số giá thị trường trên giá trị sổ sách (P/B),0.92,Tỷ suất lợi nhuận trên vốn chủ sở hữu bình quân (ROEA),0.58,Tỷ suất sinh lợi trên tổng tài sản bình quân (ROAA),2256.0,Doanh thu thuần về bán hàng và cung cấp dịch vụ,70.0,Lợi nhuận gộp về bán hàng và cung cấp dịch vụ,59.0,Tổng lợi nhuận kế toán trước thuế,42.0,Lợi nhuận sau thuế thu nhập doanh nghiệp,44.0,Lợi nhuận sau thuế của cổ đông Công ty mẹ,2866.0,Nợ phải trả,3.11,Tỷ suất lợi nhuận gộp biên,1.87,Tỷ suất sinh lợi trên doanh thu thuần,37.43,Tỷ số Nợ trên Tổng tài sản,41.88,Tỷ số Nợ vay trên Vốn chủ sở hữu,,27.09859154929577,60.68376068376069,450.0,41.93548387096775,CURRENT,COMPLETE,,,,YES
SAS,Cảng & Logistics,NORMAL,2026Q2,2026,Q2,291860,False,Chưa kiểm toán,2743.0,Tổng cộng tài sản,1713.0,Vốn chủ sở hữu,6332.49,Thu nhập trên mỗi cổ phần của 4 quý gần nhất (EPS),12833.0,Giá trị sổ sách của cổ phiếu (BVPS),6.17,Chỉ số giá thị trường trên thu nhập (P/E),3.05,Chỉ số giá thị trường trên giá trị sổ sách (P/B),11.51,Tỷ suất lợi nhuận trên vốn chủ sở hữu bình quân (ROEA),8.19,Tỷ suất sinh lợi trên tổng tài sản bình quân (ROAA),775.0,Doanh thu thuần về bán hàng và cung cấp dịch vụ,505.0,Lợi nhuận gộp về bán hàng và cung cấp dịch vụ,248.0,Tổng lợi nhuận kế toán trước thuế,216.0,Lợi nhuận sau thuế thu nhập doanh nghiệp,216.0,Lợi nhuận sau thuế của cổ đông Công ty mẹ,1030.0,Nợ phải trả,65.1,Tỷ suất lợi nhuận gộp biên,27.83,Tỷ suất sinh lợi trên doanh thu thuần,37.56,Tỷ số Nợ trên Tổng tài sản,,,,-0.5134788189987138,0.6493506493506551,39.35483870967742,100.0,CURRENT,COMPLETE,,,,YES
SAV,Hàng tiêu dùng lâu bền,NORMAL,2026Q2,2026,Q2,291500,False,Chưa kiểm toán,683.0,Tổng cộng tài sản,347.0,Vốn chủ sở hữu,1513.11,Thu nhập trên mỗi cổ phần của 4 quý gần nhất (EPS),12696.0,Giá trị sổ sách của cổ phiếu (BVPS),8.59,Chỉ số giá thị trường trên thu nhập (P/E),1.02,Chỉ số giá thị trường trên giá trị sổ sách (P/B),0.62,Tỷ suất lợi nhuận trên vốn chủ sở hữu bình quân (ROEA),0.32,Tỷ suất sinh lợi trên tổng tài sản bình quân (ROAA),304.0,Doanh thu thuần về bán hàng và cung cấp dịch vụ,51.0,Lợi nhuận gộp về bán hàng và cung cấp dịch vụ,3.0,Tổng lợi nhuận kế toán trước thuế,2.0,Lợi nhuận sau thuế thu nhập doanh nghiệp,2.0,Lợi nhuận sau thuế của cổ đông Công ty mẹ,336.0,Nợ phải trả,16.91,Tỷ suất lợi nhuận gộp biên,0.74,Tỷ suất sinh lợi trên doanh thu thuần,49.19,Tỷ số Nợ trên Tổng tài sản,5.16,Tỷ số Nợ vay trên Vốn chủ sở hữu,,1.6722408026755842,27.73109243697478,-90.9090909090909,-108.69565217391303,CURRENT,COMPLETE,,,,YES
SBA,Điện,NORMAL,2026Q2,2026,Q2,291409,False,Chưa kiểm toán,1061.0,Tổng cộng tài sản,983.0,Vốn chủ sở hữu,2662.93,Thu nhập trên mỗi cổ phần của 4 quý gần nhất (EPS),16254.0,Giá trị sổ sách của cổ phiếu (BVPS),9.88,Chỉ số giá thị trường trên thu nhập (P/E),1.62,Chỉ số giá thị trường trên giá trị sổ sách (P/B),1.83,Tỷ suất lợi nhuận trên vốn chủ sở hữu bình quân (ROEA),1.7,Tỷ suất sinh lợi trên tổng tài sản bình quân (ROAA),48.0,Doanh thu thuần về bán hàng và cung cấp dịch vụ,27.0,Lợi nhuận gộp về bán hàng và cung cấp dịch vụ,23.0,Tổng lợi nhuận kế toán trước thuế,19.0,Lợi nhuận sau thuế thu nhập doanh nghiệp,19.0,Lợi nhuận sau thuế của cổ đông Công ty mẹ,78.0,Nợ phải trả,55.77,Tỷ suất lợi nhuận gộp biên,39.19,Tỷ suất sinh lợi trên doanh thu thuần,7.37,Tỷ số Nợ trên Tổng tài sản,3.79,Tỷ số Nợ vay trên Vốn chủ sở hữu,,-33.333333333333336,-18.644067796610166,-42.42424242424242,-24.0,CURRENT,COMPLETE,,,,YES
SBB,Thực phẩm & đồ uống,NORMAL,2026Q2,2026,Q2,294596,True,Chưa kiểm toán,2091.0,Tổng cộng tài sản,1482.0,Vốn chủ sở hữu,3929.13,Thu nhập trên mỗi cổ phần của 4 quý gần nhất (EPS),16934.0,Giá trị sổ sách của cổ phiếu (BVPS),5.47,Chỉ số giá thị trường trên thu nhập (P/E),1.27,Chỉ số giá thị trường trên giá trị sổ sách (P/B),7.59,Tỷ suất lợi nhuận trên vốn chủ sở hữu bình quân (ROEA),5.1,Tỷ suất sinh lợi trên tổng tài sản bình quân (ROAA),871.0,Doanh thu thuần về bán hàng và cung cấp dịch vụ,130.0,Lợi nhuận gộp về bán hàng và cung cấp dịch vụ,113.0,Tổng lợi nhuận kế toán trước thuế,109.0,Lợi nhuận sau thuế thu nhập doanh nghiệp,109.0,Lợi nhuận sau thuế của cổ đông Công ty mẹ,609.0,Nợ phải trả,14.93,Tỷ suất lợi nhuận gộp biên,12.56,Tỷ suất sinh lợi trên doanh thu thuần,29.13,Tỷ số Nợ trên Tổng tài sản,,,,0.0,-1.4705882352941124,15.957446808510634,32.92682926829269,CURRENT,COMPLETE,,,,YES
SBG,Máy móc & Thiết bị,NORMAL,2026Q2,2026,Q2,292501,True,Chưa kiểm toán,1703.0,Tổng cộng tài sản,651.0,Vốn chủ sở hữu,1113.89,Thu nhập trên mỗi cổ phần của 4 quý gần nhất (EPS),13025.0,Giá trị sổ sách của cổ phiếu (BVPS),10.64,Chỉ số giá thị trường trên thu nhập (P/E),0.91,Chỉ số giá thị trường trên giá trị sổ sách (P/B),4.88,Tỷ suất lợi nhuận trên vốn chủ sở hữu bình quân (ROEA),1.91,Tỷ suất sinh lợi trên tổng tài sản bình quân (ROAA),270.0,Doanh thu thuần về bán hàng và cung cấp dịch vụ,76.0,Lợi nhuận gộp về bán hàng và cung cấp dịch vụ,34.0,Tổng lợi nhuận kế toán trước thuế,31.0,Lợi nhuận sau thuế thu nhập doanh nghiệp,31.0,Lợi nhuận sau thuế của cổ đông Công ty mẹ,1052.0,Nợ phải trả,28.24,Tỷ suất lợi nhuận gộp biên,11.48,Tỷ suất sinh lợi trên doanh thu thuần,61.77,Tỷ số Nợ trên Tổng tài sản,114.87,Tỷ số Nợ vay trên Vốn chủ sở hữu,,60.71428571428572,-37.644341801385686,1450.0,416.6666666666667,CURRENT,COMPLETE,,,,YES
SBH,Điện,NORMAL,2026Q2,2026,Q2,292025,False,Chưa kiểm toán,2110.0,Tổng cộng tài sản,2070.0,Vốn chủ sở hữu,4457.52,Thu nhập trên mỗi cổ phần của 4 quý gần nhất (EPS),16666.0,Giá trị sổ sách của cổ phiếu (BVPS),8.97,Chỉ số giá thị trường trên thu nhập (P/E),2.4,Chỉ số giá thị trường trên giá trị sổ sách (P/B),0.98,Tỷ suất lợi nhuận trên vốn chủ sở hữu bình quân (ROEA),0.96,Tỷ suất sinh lợi trên tổng tài sản bình quân (ROAA),58.0,Doanh thu thuần về bán hàng và cung cấp dịch vụ,22.0,Lợi nhuận gộp về bán hàng và cung cấp dịch vụ,26.0,Tổng lợi nhuận kế toán trước thuế,20.0,Lợi nhuận sau thuế thu nhập doanh nghiệp,20.0,Lợi nhuận sau thuế của cổ đông Công ty mẹ,39.0,Nợ phải trả,38.05,Tỷ suất lợi nhuận gộp biên,35.18,Tỷ suất sinh lợi trên doanh thu thuần,1.86,Tỷ số Nợ trên Tổng tài sản,,,,-50.0,-36.26373626373627,-69.6969696969697,-37.5,CURRENT,COMPLETE,,,,YES
SBM,Điện,NORMAL,2026Q2,2026,Q2,291264,False,Chưa kiểm toán,598.0,Tổng cộng tài sản,549.0,Vốn chủ sở hữu,3279.61,Thu nhập trên mỗi cổ phần của 4 quý gần nhất (EPS),12185.0,Giá trị sổ sách của cổ phiếu (BVPS),10.06,Chỉ số giá thị trường trên thu nhập (P/E),2.71,Chỉ số giá thị trường trên giá trị sổ sách (P/B),5.19,Tỷ suất lợi nhuận trên vốn chủ sở hữu bình quân (ROEA),4.78,Tỷ suất sinh lợi trên tổng tài sản bình quân (ROAA),64.0,Doanh thu thuần về bán hàng và cung cấp dịch vụ,36.0,Lợi nhuận gộp về bán hàng và cung cấp dịch vụ,33.0,Tổng lợi nhuận kế toán trước thuế,29.0,Lợi nhuận sau thuế thu nhập doanh nghiệp,29.0,Lợi nhuận sau thuế của cổ đông Công ty mẹ,49.0,Nợ phải trả,56.29,Tỷ suất lợi nhuận gộp biên,45.19,Tỷ suất sinh lợi trên doanh thu thuần,8.22,Tỷ số Nợ trên Tổng tài sản,4.77,Tỷ số Nợ vay trên Vốn chủ sở hữu,,23.076923076923084,0.0,20.833333333333325,-6.451612903225811,CURRENT,COMPLETE,,,,YES
SBR,Hóa chất,NORMAL,2026Q2,2026,Q2,291996,False,Chưa kiểm toán,1029.0,Tổng cộng tài sản,850.0,Vốn chủ sở hữu,590.01,Thu nhập trên mỗi cổ phần của 4 quý gần nhất (EPS),10446.0,Giá trị sổ sách của cổ phiếu (BVPS),15.42,Chỉ số giá thị trường trên thu nhập (P/E),0.87,Chỉ số giá thị trường trên giá trị sổ sách (P/B),3.31,Tỷ suất lợi nhuận trên vốn chủ sở hữu bình quân (ROEA),2.72,Tỷ suất sinh lợi trên tổng tài sản bình quân (ROAA),44.0,Doanh thu thuần về bán hàng và cung cấp dịch vụ,-4.0,Lợi nhuận gộp về bán hàng và cung cấp dịch vụ,33.0,Tổng lợi nhuận kế toán trước thuế,28.0,Lợi nhuận sau thuế thu nhập doanh nghiệp,28.0,Lợi nhuận sau thuế của cổ đông Công ty mẹ,179.0,Nợ phải trả,-8.03,Tỷ suất lợi nhuận gộp biên,63.19,Tỷ suất sinh lợi trên doanh thu thuần,17.37,Tỷ số Nợ trên Tổng tài sản,,,,-36.23188405797102,131.57894736842107,211.11111111111111,600.0,CURRENT,COMPLETE,,,,YES
SBV,Hàng tiêu dùng lâu bền,NORMAL,2026Q2,2026,Q2,292395,True,Chưa kiểm toán,847.0,Tổng cộng tài sản,440.0,Vốn chủ sở hữu,895.53,Thu nhập trên mỗi cổ phần của 4 quý gần nhất (EPS),15322.0,Giá trị sổ sách của cổ phiếu (BVPS),6.97,Chỉ số giá thị trường trên thu nhập (P/E),0.41,Chỉ số giá thị trường trên giá trị sổ sách (P/B),0.4,Tỷ suất lợi nhuận trên vốn chủ sở hữu bình quân (ROEA),0.21,Tỷ suất sinh lợi trên tổng tài sản bình quân (ROAA),158.0,Doanh thu thuần về bán hàng và cung cấp dịch vụ,38.0,Lợi nhuận gộp về bán hàng và cung cấp dịch vụ,5.0,Tổng lợi nhuận kế toán trước thuế,2.0,Lợi nhuận sau thuế thu nhập doanh nghiệp,2.0,Lợi nhuận sau thuế của cổ đông Công ty mẹ,407.0,Nợ phải trả,24.18,Tỷ suất lợi nhuận gộp biên,1.13,Tỷ suất sinh lợi trên doanh thu thuần,48.11,Tỷ số Nợ trên Tổng tài sản,67.98,Tỷ số Nợ vay trên Vốn chủ sở hữu,,17.037037037037027,26.400000000000002,-140.0,-118.18181818181819,CURRENT,COMPLETE,,,,YES
SCG,Xây dựng,NORMAL,2026Q2,2026,Q2,293988,True,Chưa kiểm toán,12682.0,Tổng cộng tài sản,1728.0,Vốn chủ sở hữu,3031.54,Thu nhập trên mỗi cổ phần của 4 quý gần nhất (EPS),20335.0,Giá trị sổ sách của cổ phiếu (BVPS),20.91,Chỉ số giá thị trường trên thu nhập (P/E),3.12,Chỉ số giá thị trường trên giá trị sổ sách (P/B),0.29,Tỷ suất lợi nhuận trên vốn chủ sở hữu bình quân (ROEA),0.04,Tỷ suất sinh lợi trên tổng tài sản bình quân (ROAA),1741.0,Doanh thu thuần về bán hàng và cung cấp dịch vụ,123.0,Lợi nhuận gộp về bán hàng và cung cấp dịch vụ,17.0,Tổng lợi nhuận kế toán trước thuế,5.0,Lợi nhuận sau thuế thu nhập doanh nghiệp,5.0,Lợi nhuận sau thuế của cổ đông Công ty mẹ,10953.0,Nợ phải trả,7.04,Tỷ suất lợi nhuận gộp biên,0.29,Tỷ suất sinh lợi trên doanh thu thuần,86.37,Tỷ số Nợ trên Tổng tài sản,220.52,Tỷ số Nợ vay trên Vốn chủ sở hữu,,162.1987951807229,-1.9154929577464785,-87.8048780487805,-94.73684210526316,CURRENT,COMPLETE,,,,YES
SCI,Xây dựng,NORMAL,2026Q2,2026,Q2,294197,True,Chưa kiểm toán,1805.0,Tổng cộng tài sản,614.0,Vốn chủ sở hữu,436.32,Thu nhập trên mỗi cổ phần của 4 quý gần nhất (EPS),14629.0,Giá trị sổ sách của cổ phiếu (BVPS),26.36,Chỉ số giá thị trường trên thu nhập (P/E),0.79,Chỉ số giá thị trường trên giá trị sổ sách (P/B),0.13,Tỷ suất lợi nhuận trên vốn chủ sở hữu bình quân (ROEA),0.04,Tỷ suất sinh lợi trên tổng tài sản bình quân (ROAA),179.0,Doanh thu thuần về bán hàng và cung cấp dịch vụ,5.0,Lợi nhuận gộp về bán hàng và cung cấp dịch vụ,1.0,Tổng lợi nhuận kế toán trước thuế,1.0,Lợi nhuận sau thuế thu nhập doanh nghiệp,1.0,Lợi nhuận sau thuế của cổ đông Công ty mẹ,1191.0,Nợ phải trả,2.53,Tỷ suất lợi nhuận gộp biên,0.41,Tỷ suất sinh lợi trên doanh thu thuần,65.96,Tỷ số Nợ trên Tổng tài sản,85.31,Tỷ số Nợ vay trên Vốn chủ sở hữu,,42.06349206349207,-35.14492753623188,0.0,-87.5,CURRENT,COMPLETE,,,,YES
SCJ,Vật liệu xây dựng,NORMAL,2026Q2,2026,Q2,291954,False,Chưa kiểm toán,1557.0,Tổng cộng tài sản,708.0,Vốn chủ sở hữu,217.48,Thu nhập trên mỗi cổ phần của 4 quý gần nhất (EPS),12234.0,Giá trị sổ sách của cổ phiếu (BVPS),12.88,Chỉ số giá thị trường trên thu nhập (P/E),0.23,Chỉ số giá thị trường trên giá trị sổ sách (P/B),0.24,Tỷ suất lợi nhuận trên vốn chủ sở hữu bình quân (ROEA),0.11,Tỷ suất sinh lợi trên tổng tài sản bình quân (ROAA),222.0,Doanh thu thuần về bán hàng và cung cấp dịch vụ,26.0,Lợi nhuận gộp về bán hàng và cung cấp dịch vụ,2.0,Tổng lợi nhuận kế toán trước thuế,2.0,Lợi nhuận sau thuế thu nhập doanh nghiệp,2.0,Lợi nhuận sau thuế của cổ đông Công ty mẹ,849.0,Nợ phải trả,11.56,Tỷ suất lợi nhuận gộp biên,0.77,Tỷ suất sinh lợi trên doanh thu thuần,54.54,Tỷ số Nợ trên Tổng tài sản,102.56,Tỷ số Nợ vay trên Vốn chủ sở hữu,,11.00000000000001,-21.5547703180212,100.0,-66.66666666666667,CURRENT,COMPLETE,,,,YES
SD5,Xây dựng,NORMAL,2026Q2,2026,Q2,294215,False,Chưa kiểm toán,1434.0,Tổng cộng tài sản,473.0,Vốn chủ sở hữu,800.46,Thu nhập trên mỗi cổ phần của 4 quý gần nhất (EPS),18176.0,Giá trị sổ sách của cổ phiếu (BVPS),9.49,Chỉ số giá thị trường trên thu nhập (P/E),0.42,Chỉ số giá thị trường trên giá trị sổ sách (P/B),1.17,Tỷ suất lợi nhuận trên vốn chủ sở hữu bình quân (ROEA),0.37,Tỷ suất sinh lợi trên tổng tài sản bình quân (ROAA),338.0,Doanh thu thuần về bán hàng và cung cấp dịch vụ,23.0,Lợi nhuận gộp về bán hàng và cung cấp dịch vụ,9.0,Tổng lợi nhuận kế toán trước thuế,6.0,Lợi nhuận sau thuế thu nhập doanh nghiệp,6.0,Lợi nhuận sau thuế của cổ đông Công ty mẹ,962.0,Nợ phải trả,6.79,Tỷ suất lợi nhuận gộp biên,1.66,Tỷ suất sinh lợi trên doanh thu thuần,67.05,Tỷ số Nợ trên Tổng tài sản,7.07,Tỷ số Nợ vay trên Vốn chủ sở hữu,,-46.09250398724083,-68.11320754716981,-25.0,-33.333333333333336,CURRENT,COMPLETE,,,,YES
SD6,Xây dựng,NORMAL,2026Q2,2026,Q2,291781,False,Chưa kiểm toán,684.0,Tổng cộng tài sản,117.0,Vốn chủ sở hữu,-526.24,Thu nhập trên mỗi cổ phần của 4 quý gần nhất (EPS),3355.0,Giá trị sổ sách của cổ phiếu (BVPS),-3.61,Chỉ số giá thị trường trên thu nhập (P/E),0.57,Chỉ số giá thị trường trên giá trị sổ sách (P/B),2.48,Tỷ suất lợi nhuận trên vốn chủ sở hữu bình quân (ROEA),0.41,Tỷ suất sinh lợi trên tổng tài sản bình quân (ROAA),48.0,Doanh thu thuần về bán hàng và cung cấp dịch vụ,3.0,Lợi nhuận gộp về bán hàng và cung cấp dịch vụ,3.0,Tổng lợi nhuận kế toán trước thuế,3.0,Lợi nhuận sau thuế thu nhập doanh nghiệp,3.0,Lợi nhuận sau thuế của cổ đông Công ty mẹ,567.0,Nợ phải trả,6.93,Tỷ suất lợi nhuận gộp biên,5.92,Tỷ suất sinh lợi trên doanh thu thuần,82.93,Tỷ số Nợ trên Tổng tài sản,133.32,Tỷ số Nợ vay trên Vốn chủ sở hữu,,128.57142857142856,1100.0,,-150.0,CURRENT,COMPLETE,,,,YES
SD9,Điện,NORMAL,2026Q2,2026,Q2,294219,True,Chưa kiểm toán,1621.0,Tổng cộng tài sản,846.0,Vốn chủ sở hữu,1090.51,Thu nhập trên mỗi cổ phần của 4 quý gần nhất (EPS),24720.0,Giá trị sổ sách của cổ phiếu (BVPS),10.0,Chỉ số giá thị trường trên thu nhập (P/E),0.44,Chỉ số giá thị trường trên giá trị sổ sách (P/B),1.63,Tỷ suất lợi nhuận trên vốn chủ sở hữu bình quân (ROEA),0.86,Tỷ suất sinh lợi trên tổng tài sản bình quân (ROAA),103.0,Doanh thu thuần về bán hàng và cung cấp dịch vụ,44.0,Lợi nhuận gộp về bán hàng và cung cấp dịch vụ,25.0,Tổng lợi nhuận kế toán trước thuế,21.0,Lợi nhuận sau thuế thu nhập doanh nghiệp,14.0,Lợi nhuận sau thuế của cổ đông Công ty mẹ,775.0,Nợ phải trả,42.92,Tỷ suất lợi nhuận gộp biên,20.35,Tỷ suất sinh lợi trên doanh thu thuần,47.8,Tỷ số Nợ trên Tổng tài sản,63.53,Tỷ số Nợ vay trên Vốn chủ sở hữu,,3.0000000000000027,5.102040816326525,39.99999999999999,55.55555555555556,CURRENT,COMPLETE,,,,YES
SDA,Dịch vụ công nghiệp,NORMAL,2026Q2,2026,Q2,292278,False,Chưa kiểm toán,159.0,Tổng cộng tài sản,91.0,Vốn chủ sở hữu,305.21,Thu nhập trên mỗi cổ phần của 4 quý gần nhất (EPS),3479.0,Giá trị sổ sách của cổ phiếu (BVPS),6.88,Chỉ số giá thị trường trên thu nhập (P/E),0.6,Chỉ số giá thị trường trên giá trị sổ sách (P/B),-0.56,Tỷ suất lợi nhuận trên vốn chủ sở hữu bình quân (ROEA),-0.32,Tỷ suất sinh lợi trên tổng tài sản bình quân (ROAA),6.0,Doanh thu thuần về bán hàng và cung cấp dịch vụ,1.0,Lợi nhuận gộp về bán hàng và cung cấp dịch vụ,-1.0,Tổng lợi nhuận kế toán trước thuế,-1.0,Lợi nhuận sau thuế thu nhập doanh nghiệp,-1.0,Lợi nhuận sau thuế của cổ đông Công ty mẹ,68.0,Nợ phải trả,12.44,Tỷ suất lợi nhuận gộp biên,-8.92,Tỷ suất sinh lợi trên doanh thu thuần,42.76,Tỷ số Nợ trên Tổng tài sản,17.65,Tỷ số Nợ vay trên Vốn chủ sở hữu,,-40.0,19.999999999999996,-133.33333333333331,0.0,CURRENT,COMPLETE,,,,YES
SDK,Kim loại & Khoáng sản,NORMAL,2018Q3,2018,Q3,132294,False,Chưa kiểm toán,108.0,Tổng cộng tài sản,52.0,Vốn chủ sở hữu,2171.96,Thu nhập trên mỗi cổ phần của 4 quý gần nhất (EPS),20184.91,Giá trị sổ sách của cổ phiếu (BVPS),16.57,Chỉ số giá thị trường trên thu nhập (P/E),1.78,Chỉ số giá thị trường trên giá trị sổ sách (P/B),17.12,Tỷ suất lợi nhuận trên vốn chủ sở hữu bình quân (ROEA),8.29,Tỷ suất sinh lợi trên tổng tài sản bình quân (ROAA),80.0,Doanh thu thuần về bán hàng và cung cấp dịch vụ,14.0,Lợi nhuận gộp về bán hàng và cung cấp dịch vụ,5.0,Tổng lợi nhuận kế toán trước thuế,4.0,Lợi nhuận sau thuế thu nhập doanh nghiệp,4.0,Lợi nhuận sau thuế của cổ đông Công ty mẹ,56.0,Nợ phải trả,17.29,Tỷ suất lợi nhuận gộp biên,5.59,Tỷ suất sinh lợi trên doanh thu thuần,51.55,Tỷ số Nợ trên Tổng tài sản,43.44,Tỷ số Nợ vay trên Vốn chủ sở hữu,,,37.93103448275863,,0.0,STALE,COMPLETE,,,,REVIEW
SDT,Xây dựng,NORMAL,2026Q2,2026,Q2,293580,True,Chưa kiểm toán,1912.0,Tổng cộng tài sản,820.0,Vốn chủ sở hữu,1614.62,Thu nhập trên mỗi cổ phần của 4 quý gần nhất (EPS),19186.0,Giá trị sổ sách của cổ phiếu (BVPS),2.66,Chỉ số giá thị trường trên thu nhập (P/E),0.22,Chỉ số giá thị trường trên giá trị sổ sách (P/B),0.61,Tỷ suất lợi nhuận trên vốn chủ sở hữu bình quân (ROEA),0.26,Tỷ suất sinh lợi trên tổng tài sản bình quân (ROAA),280.0,Doanh thu thuần về bán hàng và cung cấp dịch vụ,29.0,Lợi nhuận gộp về bán hàng và cung cấp dịch vụ,7.0,Tổng lợi nhuận kế toán trước thuế,6.0,Lợi nhuận sau thuế thu nhập doanh nghiệp,5.0,Lợi nhuận sau thuế của cổ đông Công ty mẹ,1092.0,Nợ phải trả,10.26,Tỷ suất lợi nhuận gộp biên,2.09,Tỷ suất sinh lợi trên doanh thu thuần,57.13,Tỷ số Nợ trên Tổng tài sản,39.52,Tỷ số Nợ vay trên Vốn chủ sở hữu,,129.50819672131146,42.85714285714286,66.66666666666667,150.0,CURRENT,COMPLETE,,,,YES
SEA,Thực phẩm & đồ uống,NORMAL,2026Q2,2026,Q2,294399,True,Chưa kiểm toán,2910.0,Tổng cộng tài sản,2661.0,Vốn chủ sở hữu,1610.9,Thu nhập trên mỗi cổ phần của 4 quý gần nhất (EPS),21293.0,Giá trị sổ sách của cổ phiếu (BVPS),28.12,Chỉ số giá thị trường trên thu nhập (P/E),2.13,Chỉ số giá thị trường trên giá trị sổ sách (P/B),1.89,Tỷ suất lợi nhuận trên vốn chủ sở hữu bình quân (ROEA),1.73,Tỷ suất sinh lợi trên tổng tài sản bình quân (ROAA),248.0,Doanh thu thuần về bán hàng và cung cấp dịch vụ,37.0,Lợi nhuận gộp về bán hàng và cung cấp dịch vụ,56.0,Tổng lợi nhuận kế toán trước thuế,56.0,Lợi nhuận sau thuế thu nhập doanh nghiệp,50.0,Lợi nhuận sau thuế của cổ đông Công ty mẹ,249.0,Nợ phải trả,14.81,Tỷ suất lợi nhuận gộp biên,22.42,Tỷ suất sinh lợi trên doanh thu thuần,8.55,Tỷ số Nợ trên Tổng tài sản,4.98,Tỷ số Nợ vay trên Vốn chủ sở hữu,,32.62032085561497,26.530612244897966,4.166666666666674,-15.254237288135597,CURRENT,COMPLETE,,,,YES
SEB,Điện,NORMAL,2026Q2,2026,Q2,294223,True,Chưa kiểm toán,702.0,Tổng cộng tài sản,673.0,Vốn chủ sở hữu,4532.1,Thu nhập trên mỗi cổ phần của 4 quý gần nhất (EPS),21025.0,Giá trị sổ sách của cổ phiếu (BVPS),9.84,Chỉ số giá thị trường trên thu nhập (P/E),2.12,Chỉ số giá thị trường trên giá trị sổ sách (P/B),5.29,Tỷ suất lợi nhuận trên vốn chủ sở hữu bình quân (ROEA),5.06,Tỷ suất sinh lợi trên tổng tài sản bình quân (ROAA),74.0,Doanh thu thuần về bán hàng và cung cấp dịch vụ,50.0,Lợi nhuận gộp về bán hàng và cung cấp dịch vụ,48.0,Tổng lợi nhuận kế toán trước thuế,40.0,Lợi nhuận sau thuế thu nhập doanh nghiệp,36.0,Lợi nhuận sau thuế của cổ đông Công ty mẹ,29.0,Nợ phải trả,67.73,Tỷ suất lợi nhuận gộp biên,54.35,Tỷ suất sinh lợi trên doanh thu thuần,4.1,Tỷ số Nợ trên Tổng tài sản,,,,-25.25252525252525,5.714285714285716,-30.76923076923077,19.999999999999996,CURRENT,COMPLETE,,,,YES
SFG,Hóa chất,NORMAL,2026Q2,2026,Q2,291407,False,Chưa kiểm toán,2046.0,Tổng cộng tài sản,681.0,Vốn chủ sở hữu,794.48,Thu nhập trên mỗi cổ phần của 4 quý gần nhất (EPS),14210.0,Giá trị sổ sách của cổ phiếu (BVPS),13.72,Chỉ số giá thị trường trên thu nhập (P/E),0.77,Chỉ số giá thị trường trên giá trị sổ sách (P/B),2.38,Tỷ suất lợi nhuận trên vốn chủ sở hữu bình quân (ROEA),0.8,Tỷ suất sinh lợi trên tổng tài sản bình quân (ROAA),688.0,Doanh thu thuần về bán hàng và cung cấp dịch vụ,77.0,Lợi nhuận gộp về bán hàng và cung cấp dịch vụ,20.0,Tổng lợi nhuận kế toán trước thuế,16.0,Lợi nhuận sau thuế thu nhập doanh nghiệp,16.0,Lợi nhuận sau thuế của cổ đông Công ty mẹ,1365.0,Nợ phải trả,11.19,Tỷ suất lợi nhuận gộp biên,2.33,Tỷ suất sinh lợi trên doanh thu thuần,66.73,Tỷ số Nợ trên Tổng tài sản,163.32,Tỷ số Nợ vay trên Vốn chủ sở hữu,,-32.48282630029441,20.27972027972027,60.00000000000001,33.33333333333333,CURRENT,COMPLETE,,,,YES
SFI,Cảng & Logistics,NORMAL,2026Q2,2026,Q2,293028,True,Chưa kiểm toán,966.0,Tổng cộng tài sản,792.0,Vốn chủ sở hữu,3997.95,Thu nhập trên mỗi cổ phần của 4 quý gần nhất (EPS),32568.0,Giá trị sổ sách của cổ phiếu (BVPS),7.15,Chỉ số giá thị trường trên thu nhập (P/E),0.88,Chỉ số giá thị trường trên giá trị sổ sách (P/B),3.65,Tỷ suất lợi nhuận trên vốn chủ sở hữu bình quân (ROEA),3.04,Tỷ suất sinh lợi trên tổng tài sản bình quân (ROAA),348.0,Doanh thu thuần về bán hàng và cung cấp dịch vụ,53.0,Lợi nhuận gộp về bán hàng và cung cấp dịch vụ,37.0,Tổng lợi nhuận kế toán trước thuế,29.0,Lợi nhuận sau thuế thu nhập doanh nghiệp,29.0,Lợi nhuận sau thuế của cổ đông Công ty mẹ,175.0,Nợ phải trả,15.13,Tỷ suất lợi nhuận gộp biên,8.28,Tỷ suất sinh lợi trên doanh thu thuần,18.07,Tỷ số Nợ trên Tổng tài sản,6.42,Tỷ số Nợ vay trên Vốn chủ sở hữu,,24.28571428571429,23.404255319148938,44.99999999999999,20.833333333333325,CURRENT,COMPLETE,,,,YES
SGB,Ngân hàng,BANK,2026Q2,2026,Q2,292484,True,Chưa kiểm toán,35670.0,Tổng cộng tài sản,4233.0,Vốn và các quỹ,58.39,Thu nhập trên mỗi cổ phần của 4 quý gần nhất (EPS),11731.8,Giá trị sổ sách của cổ phiếu (BVPS),217.51,Chỉ số giá thị trường trên thu nhập (P/E),1.08,Chỉ số giá thị trường trên giá trị sổ sách (P/B),-0.81,Tỷ suất lợi nhuận trên vốn chủ sở hữu bình quân (ROEA),-0.1,Tỷ suất sinh lợi trên tổng tài sản bình quân (ROAA),160.0,Thu nhập lãi thuần,,,-40.0,Tổng lợi nhuận trước thuế,-34.0,Lợi nhuận sau thuế,-34.0,Lợi nhuận sau thuế của cổ đông của Ngân hàng mẹ,35670.0,Tổng nợ phải trả và vốn chủ sở hữu,,,,,,,,,,-23.809523809523814,-31.330472103004293,-146.57534246575344,-157.6271186440678,CURRENT,COMPLETE,,,,YES
SGI,Dệt may,NORMAL,2026Q2,2026,Q2,294532,True,Chưa kiểm toán,5844.0,Tổng cộng tài sản,2818.0,Vốn chủ sở hữu,-1194.96,Thu nhập trên mỗi cổ phần của 4 quý gần nhất (EPS),37340.0,Giá trị sổ sách của cổ phiếu (BVPS),-9.46,Chỉ số giá thị trường trên thu nhập (P/E),0.3,Chỉ số giá thị trường trên giá trị sổ sách (P/B),-0.98,Tỷ suất lợi nhuận trên vốn chủ sở hữu bình quân (ROEA),-0.46,Tỷ suất sinh lợi trên tổng tài sản bình quân (ROAA),686.0,Doanh thu thuần về bán hàng và cung cấp dịch vụ,108.0,Lợi nhuận gộp về bán hàng và cung cấp dịch vụ,7.0,Tổng lợi nhuận kế toán trước thuế,2.0,Lợi nhuận sau thuế thu nhập doanh nghiệp,-27.0,Lợi nhuận sau thuế của cổ đông Công ty mẹ,3026.0,Nợ phải trả,15.73,Tỷ suất lợi nhuận gộp biên,0.31,Tỷ suất sinh lợi trên doanh thu thuần,51.78,Tỷ số Nợ trên Tổng tài sản,60.03,Tỷ số Nợ vay trên Vốn chủ sở hữu,,32.432432432432435,25.64102564102564,-47.05882352941176,22.72727272727273,CURRENT,COMPLETE,,,,YES
SGN,Cảng & Logistics,NORMAL,2026Q2,2026,Q2,292575,True,Chưa kiểm toán,1998.0,Tổng cộng tài sản,1510.0,Vốn chủ sở hữu,6330.07,Thu nhập trên mỗi cổ phần của 4 quý gần nhất (EPS),45083.0,Giá trị sổ sách của cổ phiếu (BVPS),8.63,Chỉ số giá thị trường trên thu nhập (P/E),1.21,Chỉ số giá thị trường trên giá trị sổ sách (P/B),4.34,Tỷ suất lợi nhuận trên vốn chủ sở hữu bình quân (ROEA),3.41,Tỷ suất sinh lợi trên tổng tài sản bình quân (ROAA),394.0,Doanh thu thuần về bán hàng và cung cấp dịch vụ,139.0,Lợi nhuận gộp về bán hàng và cung cấp dịch vụ,97.0,Tổng lợi nhuận kế toán trước thuế,76.0,Lợi nhuận sau thuế thu nhập doanh nghiệp,67.0,Lợi nhuận sau thuế của cổ đông Công ty mẹ,488.0,Nợ phải trả,35.3,Tỷ suất lợi nhuận gộp biên,19.33,Tỷ suất sinh lợi trên doanh thu thuần,24.41,Tỷ số Nợ trên Tổng tài sản,,,,1.285347043701801,10.67415730337078,3.076923076923066,19.64285714285714,CURRENT,COMPLETE,,,,YES
SGP,Cảng & Logistics,NORMAL,2026Q2,2026,Q2,294462,True,Chưa kiểm toán,6166.0,Tổng cộng tài sản,3424.0,Vốn chủ sở hữu,1946.45,Thu nhập trên mỗi cổ phần của 4 quý gần nhất (EPS),15830.0,Giá trị sổ sách của cổ phiếu (BVPS),11.77,Chỉ số giá thị trường trên thu nhập (P/E),1.45,Chỉ số giá thị trường trên giá trị sổ sách (P/B),3.88,Tỷ suất lợi nhuận trên vốn chủ sở hữu bình quân (ROEA),2.16,Tỷ suất sinh lợi trên tổng tài sản bình quân (ROAA),286.0,Doanh thu thuần về bán hàng và cung cấp dịch vụ,81.0,Lợi nhuận gộp về bán hàng và cung cấp dịch vụ,148.0,Tổng lợi nhuận kế toán trước thuế,131.0,Lợi nhuận sau thuế thu nhập doanh nghiệp,132.0,Lợi nhuận sau thuế của cổ đông Công ty mẹ,2742.0,Nợ phải trả,28.24,Tỷ suất lợi nhuận gộp biên,45.85,Tỷ suất sinh lợi trên doanh thu thuần,44.48,Tỷ số Nợ trên Tổng tài sản,10.01,Tỷ số Nợ vay trên Vốn chủ sở hữu,,-2.7210884353741527,4.0000000000000036,-8.333333333333337,23.364485981308402,CURRENT,COMPLETE,,,,YES
SGR,Bất động sản,NORMAL,2026Q2,2026,Q2,291891,True,Chưa kiểm toán,2764.0,Tổng cộng tài sản,1452.0,Vốn chủ sở hữu,658.37,Thu nhập trên mỗi cổ phần của 4 quý gần nhất (EPS),20774.0,Giá trị sổ sách của cổ phiếu (BVPS),20.2,Chỉ số giá thị trường trên thu nhập (P/E),0.64,Chỉ số giá thị trường trên giá trị sổ sách (P/B),1.02,Tỷ suất lợi nhuận trên vốn chủ sở hữu bình quân (ROEA),0.53,Tỷ suất sinh lợi trên tổng tài sản bình quân (ROAA),30.0,Doanh thu thuần về bán hàng và cung cấp dịch vụ,14.0,Lợi nhuận gộp về bán hàng và cung cấp dịch vụ,18.0,Tổng lợi nhuận kế toán trước thuế,15.0,Lợi nhuận sau thuế thu nhập doanh nghiệp,15.0,Lợi nhuận sau thuế của cổ đông Công ty mẹ,1313.0,Nợ phải trả,46.93,Tỷ suất lợi nhuận gộp biên,50.99,Tỷ suất sinh lợi trên doanh thu thuần,47.49,Tỷ số Nợ trên Tổng tài sản,27.77,Tỷ số Nợ vay trên Vốn chủ sở hữu,,57.89473684210527,-78.41726618705036,200.0,-69.38775510204081,CURRENT,COMPLETE,,,,YES
SGT,Viễn thông,NORMAL,2026Q2,2026,Q2,293542,True,Chưa kiểm toán,7972.0,Tổng cộng tài sản,2468.0,Vốn chủ sở hữu,507.31,Thu nhập trên mỗi cổ phần của 4 quý gần nhất (EPS),16677.0,Giá trị sổ sách của cổ phiếu (BVPS),28.39,Chỉ số giá thị trường trên thu nhập (P/E),0.86,Chỉ số giá thị trường trên giá trị sổ sách (P/B),2.25,Tỷ suất lợi nhuận trên vốn chủ sở hữu bình quân (ROEA),0.71,Tỷ suất sinh lợi trên tổng tài sản bình quân (ROAA),329.0,Doanh thu thuần về bán hàng và cung cấp dịch vụ,100.0,Lợi nhuận gộp về bán hàng và cung cấp dịch vụ,80.0,Tổng lợi nhuận kế toán trước thuế,52.0,Lợi nhuận sau thuế thu nhập doanh nghiệp,55.0,Lợi nhuận sau thuế của cổ đông Công ty mẹ,5504.0,Nợ phải trả,30.47,Tỷ suất lợi nhuận gộp biên,15.92,Tỷ suất sinh lợi trên doanh thu thuần,69.04,Tỷ số Nợ trên Tổng tài sản,146.34,Tỷ số Nợ vay trên Vốn chủ sở hữu,,439.344262295082,80.76923076923077,1733.3333333333333,1733.3333333333333,CURRENT,COMPLETE,,,,YES
SHA,Máy móc & Thiết bị,NORMAL,2026Q2,2026,Q2,293562,True,Chưa kiểm toán,1117.0,Tổng cộng tài sản,456.0,Vốn chủ sở hữu,587.88,Thu nhập trên mỗi cổ phần của 4 quý gần nhất (EPS),12977.0,Giá trị sổ sách của cổ phiếu (BVPS),6.72,Chỉ số giá thị trường trên thu nhập (P/E),0.3,Chỉ số giá thị trường trên giá trị sổ sách (P/B),1.95,Tỷ suất lợi nhuận trên vốn chủ sở hữu bình quân (ROEA),0.81,Tỷ suất sinh lợi trên tổng tài sản bình quân (ROAA),311.0,Doanh thu thuần về bán hàng và cung cấp dịch vụ,45.0,Lợi nhuận gộp về bán hàng và cung cấp dịch vụ,10.0,Tổng lợi nhuận kế toán trước thuế,9.0,Lợi nhuận sau thuế thu nhập doanh nghiệp,9.0,Lợi nhuận sau thuế của cổ đông Công ty mẹ,661.0,Nợ phải trả,14.34,Tỷ suất lợi nhuận gộp biên,2.82,Tỷ suất sinh lợi trên doanh thu thuần,59.2,Tỷ số Nợ trên Tổng tài sản,125.13,Tỷ số Nợ vay trên Vốn chủ sở hữu,,0.6472491909385036,8.74125874125875,80.0,50.0,CURRENT,COMPLETE,,,,YES
SHP,Điện,NORMAL,2026Q2,2026,Q2,291538,False,Chưa kiểm toán,1185.0,Tổng cộng tài sản,1120.0,Vốn chủ sở hữu,2922.01,Thu nhập trên mỗi cổ phần của 4 quý gần nhất (EPS),11070.0,Giá trị sổ sách của cổ phiếu (BVPS),11.26,Chỉ số giá thị trường trên thu nhập (P/E),2.97,Chỉ số giá thị trường trên giá trị sổ sách (P/B),2.63,Tỷ suất lợi nhuận trên vốn chủ sở hữu bình quân (ROEA),2.51,Tỷ suất sinh lợi trên tổng tài sản bình quân (ROAA),99.0,Doanh thu thuần về bán hàng và cung cấp dịch vụ,41.0,Lợi nhuận gộp về bán hàng và cung cấp dịch vụ,38.0,Tổng lợi nhuận kế toán trước thuế,32.0,Lợi nhuận sau thuế thu nhập doanh nghiệp,32.0,Lợi nhuận sau thuế của cổ đông Công ty mẹ,65.0,Nợ phải trả,41.66,Tỷ suất lợi nhuận gộp biên,32.32,Tỷ suất sinh lợi trên doanh thu thuần,5.47,Tỷ số Nợ trên Tổng tài sản,,,,2.0618556701030855,-28.776978417266186,-15.789473684210531,-45.76271186440678,CURRENT,COMPLETE,,,,YES
SID,Bất động sản,NORMAL,2026Q2,2026,Q2,294401,True,Chưa kiểm toán,2651.0,Tổng cộng tài sản,2467.0,Vốn chủ sở hữu,1031.3,Thu nhập trên mỗi cổ phần của 4 quý gần nhất (EPS),24672.0,Giá trị sổ sách của cổ phiếu (BVPS),13.58,Chỉ số giá thị trường trên thu nhập (P/E),0.57,Chỉ số giá thị trường trên giá trị sổ sách (P/B),0.47,Tỷ suất lợi nhuận trên vốn chủ sở hữu bình quân (ROEA),0.44,Tỷ suất sinh lợi trên tổng tài sản bình quân (ROAA),25.0,Doanh thu thuần về bán hàng và cung cấp dịch vụ,15.0,Lợi nhuận gộp về bán hàng và cung cấp dịch vụ,14.0,Tổng lợi nhuận kế toán trước thuế,12.0,Lợi nhuận sau thuế thu nhập doanh nghiệp,12.0,Lợi nhuận sau thuế của cổ đông Công ty mẹ,183.0,Nợ phải trả,58.93,Tỷ suất lợi nhuận gộp biên,45.49,Tỷ suất sinh lợi trên doanh thu thuần,6.91,Tỷ số Nợ trên Tổng tài sản,,,,-10.71428571428571,8.695652173913038,-33.333333333333336,-45.45454545454546,CURRENT,COMPLETE,,,,YES
SII,Nước,NORMAL,2026Q2,2026,Q2,292374,True,Chưa kiểm toán,2859.0,Tổng cộng tài sản,1460.0,Vốn chủ sở hữu,189.43,Thu nhập trên mỗi cổ phần của 4 quý gần nhất (EPS),22633.0,Giá trị sổ sách của cổ phiếu (BVPS),84.46,Chỉ số giá thị trường trên thu nhập (P/E),0.71,Chỉ số giá thị trường trên giá trị sổ sách (P/B),-0.55,Tỷ suất lợi nhuận trên vốn chủ sở hữu bình quân (ROEA),-0.28,Tỷ suất sinh lợi trên tổng tài sản bình quân (ROAA),80.0,Doanh thu thuần về bán hàng và cung cấp dịch vụ,6.0,Lợi nhuận gộp về bán hàng và cung cấp dịch vụ,-5.0,Tổng lợi nhuận kế toán trước thuế,-6.0,Lợi nhuận sau thuế thu nhập doanh nghiệp,-8.0,Lợi nhuận sau thuế của cổ đông Công ty mẹ,1398.0,Nợ phải trả,7.77,Tỷ suất lợi nhuận gộp biên,-7.8,Tỷ suất sinh lợi trên doanh thu thuần,48.91,Tỷ số Nợ trên Tổng tài sản,56.8,Tỷ số Nợ vay trên Vốn chủ sở hữu,,8.108108108108114,6.666666666666665,-19.999999999999996,-126.66666666666666,CURRENT,COMPLETE,,,,YES
SIP,Bất động sản,NORMAL,2026Q2,2026,Q2,293547,True,Chưa kiểm toán,30073.0,Tổng cộng tài sản,5375.0,Vốn chủ sở hữu,6144.21,Thu nhập trên mỗi cổ phần của 4 quý gần nhất (EPS),22199.0,Giá trị sổ sách của cổ phiếu (BVPS),8.19,Chỉ số giá thị trường trên thu nhập (P/E),2.27,Chỉ số giá thị trường trên giá trị sổ sách (P/B),7.16,Tỷ suất lợi nhuận trên vốn chủ sở hữu bình quân (ROEA),1.39,Tỷ suất sinh lợi trên tổng tài sản bình quân (ROAA),2402.0,Doanh thu thuần về bán hàng và cung cấp dịch vụ,364.0,Lợi nhuận gộp về bán hàng và cung cấp dịch vụ,556.0,Tổng lợi nhuận kế toán trước thuế,447.0,Lợi nhuận sau thuế thu nhập doanh nghiệp,413.0,Lợi nhuận sau thuế của cổ đông Công ty mẹ,24698.0,Nợ phải trả,15.14,Tỷ suất lợi nhuận gộp biên,18.62,Tỷ suất sinh lợi trên doanh thu thuần,82.13,Tỷ số Nợ trên Tổng tài sản,102.46,Tỷ số Nợ vay trên Vốn chủ sở hữu,,10.94688221709006,12.822921559417576,23.652694610778436,33.65695792880259,CURRENT,COMPLETE,,,,YES
SIV,Hóa chất,NORMAL,,,,,,,,,,,,,,,,,,,,,,,,,,,,,,,,,,,,,,,,,,,,,,,,NO_DATA,NO_FINANCIAL_DATA,income_bil_vnd|pbt_bil_vnd|net_profit_bil_vnd|total_assets_bil_vnd|equity_bil_vnd,,Không có kỳ báo cáo hợp lệ sau khi chặn kỳ tương lai,NO
SJ1,Thực phẩm & đồ uống,NORMAL,2026Q2,2026,Q2,290275,True,Chưa kiểm toán,2003.0,Tổng cộng tài sản,633.0,Vốn chủ sở hữu,676.23,Thu nhập trên mỗi cổ phần của 4 quý gần nhất (EPS),14557.0,Giá trị sổ sách của cổ phiếu (BVPS),24.25,Chỉ số giá thị trường trên thu nhập (P/E),1.13,Chỉ số giá thị trường trên giá trị sổ sách (P/B),-0.48,Tỷ suất lợi nhuận trên vốn chủ sở hữu bình quân (ROEA),-0.15,Tỷ suất sinh lợi trên tổng tài sản bình quân (ROAA),663.0,Doanh thu thuần về bán hàng và cung cấp dịch vụ,31.0,Lợi nhuận gộp về bán hàng và cung cấp dịch vụ,5.0,Tổng lợi nhuận kế toán trước thuế,-3.0,Lợi nhuận sau thuế thu nhập doanh nghiệp,-3.0,Lợi nhuận sau thuế của cổ đông Công ty mẹ,1370.0,Nợ phải trả,4.65,Tỷ suất lợi nhuận gộp biên,-0.43,Tỷ suất sinh lợi trên doanh thu thuần,68.41,Tỷ số Nợ trên Tổng tài sản,188.0,Tỷ số Nợ vay trên Vốn chủ sở hữu,,24.624060150375946,34.210526315789465,-127.27272727272727,-160.0,CURRENT,COMPLETE,,,,YES
SJD,Điện,NORMAL,2026Q2,2026,Q2,292571,True,Chưa kiểm toán,1393.0,Tổng cộng tài sản,1005.0,Vốn chủ sở hữu,2392.99,Thu nhập trên mỗi cổ phần của 4 quý gần nhất (EPS),14561.0,Giá trị sổ sách của cổ phiếu (BVPS),5.87,Chỉ số giá thị trường trên thu nhập (P/E),0.96,Chỉ số giá thị trường trên giá trị sổ sách (P/B),3.05,Tỷ suất lợi nhuận trên vốn chủ sở hữu bình quân (ROEA),2.32,Tỷ suất sinh lợi trên tổng tài sản bình quân (ROAA),86.0,Doanh thu thuần về bán hàng và cung cấp dịch vụ,51.0,Lợi nhuận gộp về bán hàng và cung cấp dịch vụ,40.0,Tổng lợi nhuận kế toán trước thuế,32.0,Lợi nhuận sau thuế thu nhập doanh nghiệp,32.0,Lợi nhuận sau thuế của cổ đông Công ty mẹ,388.0,Nợ phải trả,58.66,Tỷ suất lợi nhuận gộp biên,36.6,Tỷ suất sinh lợi trên doanh thu thuần,27.87,Tỷ số Nợ trên Tổng tài sản,19.25,Tỷ số Nợ vay trên Vốn chủ sở hữu,,30.303030303030297,-13.131313131313128,52.38095238095237,-13.513513513513509,CURRENT,COMPLETE,,,,YES
SJE,Xây dựng,NORMAL,2026Q2,2026,Q2,294102,True,Chưa kiểm toán,4184.0,Tổng cộng tài sản,1491.0,Vốn chủ sở hữu,3622.37,Thu nhập trên mỗi cổ phần của 4 quý gần nhất (EPS),37264.0,Giá trị sổ sách của cổ phiếu (BVPS),3.51,Chỉ số giá thị trường trên thu nhập (P/E),0.34,Chỉ số giá thị trường trên giá trị sổ sách (P/B),1.65,Tỷ suất lợi nhuận trên vốn chủ sở hữu bình quân (ROEA),0.59,Tỷ suất sinh lợi trên tổng tài sản bình quân (ROAA),221.0,Doanh thu thuần về bán hàng và cung cấp dịch vụ,86.0,Lợi nhuận gộp về bán hàng và cung cấp dịch vụ,35.0,Tổng lợi nhuận kế toán trước thuế,29.0,Lợi nhuận sau thuế thu nhập doanh nghiệp,24.0,Lợi nhuận sau thuế của cổ đông Công ty mẹ,2693.0,Nợ phải trả,38.61,Tỷ suất lợi nhuận gộp biên,13.03,Tỷ suất sinh lợi trên doanh thu thuần,64.37,Tỷ số Nợ trên Tổng tài sản,129.94,Tỷ số Nợ vay trên Vốn chủ sở hữu,,-27.77777777777778,-67.73722627737226,-27.27272727272727,-50.0,CURRENT,COMPLETE,,,,YES
SJG,Xây dựng,NORMAL,2026Q2,2026,Q2,294357,True,Chưa kiểm toán,23130.0,Tổng cộng tài sản,10783.0,Vốn chủ sở hữu,3186.32,Thu nhập trên mỗi cổ phần của 4 quý gần nhất (EPS),23987.0,Giá trị sổ sách của cổ phiếu (BVPS),7.91,Chỉ số giá thị trường trên thu nhập (P/E),1.05,Chỉ số giá thị trường trên giá trị sổ sách (P/B),4.03,Tỷ suất lợi nhuận trên vốn chủ sở hữu bình quân (ROEA),1.88,Tỷ suất sinh lợi trên tổng tài sản bình quân (ROAA),1620.0,Doanh thu thuần về bán hàng và cung cấp dịch vụ,336.0,Lợi nhuận gộp về bán hàng và cung cấp dịch vụ,566.0,Tổng lợi nhuận kế toán trước thuế,493.0,Lợi nhuận sau thuế thu nhập doanh nghiệp,429.0,Lợi nhuận sau thuế của cổ đông Công ty mẹ,12347.0,Nợ phải trả,20.76,Tỷ suất lợi nhuận gộp biên,30.43,Tỷ suất sinh lợi trên doanh thu thuần,53.38,Tỷ số Nợ trên Tổng tài sản,54.58,Tỷ số Nợ vay trên Vốn chủ sở hữu,,29.600000000000005,-12.004345464421506,257.5,64.99999999999999,CURRENT,COMPLETE,,,,YES
SJS,Bất động sản,NORMAL,2026Q2,2026,Q2,293549,True,Chưa kiểm toán,8411.0,Tổng cộng tài sản,3859.0,Vốn chủ sở hữu,2010.68,Thu nhập trên mỗi cổ phần của 4 quý gần nhất (EPS),12972.0,Giá trị sổ sách của cổ phiếu (BVPS),23.87,Chỉ số giá thị trường trên thu nhập (P/E),3.7,Chỉ số giá thị trường trên giá trị sổ sách (P/B),6.53,Tỷ suất lợi nhuận trên vốn chủ sở hữu bình quân (ROEA),2.98,Tỷ suất sinh lợi trên tổng tài sản bình quân (ROAA),443.0,Doanh thu thuần về bán hàng và cung cấp dịch vụ,344.0,Lợi nhuận gộp về bán hàng và cung cấp dịch vụ,307.0,Tổng lợi nhuận kế toán trước thuế,244.0,Lợi nhuận sau thuế thu nhập doanh nghiệp,244.0,Lợi nhuận sau thuế của cổ đông Công ty mẹ,4553.0,Nợ phải trả,77.57,Tỷ suất lợi nhuận gộp biên,55.09,Tỷ suất sinh lợi trên doanh thu thuần,54.12,Tỷ số Nợ trên Tổng tài sản,33.63,Tỷ số Nợ vay trên Vốn chủ sở hữu,,39.747634069400625,128.3505154639175,38.63636363636365,134.6153846153846,CURRENT,COMPLETE,,,,YES
SKG,Cảng & Logistics,NORMAL,2026Q2,2026,Q2,291506,False,Chưa kiểm toán,974.0,Tổng cộng tài sản,917.0,Vốn chủ sở hữu,741.59,Thu nhập trên mỗi cổ phần của 4 quý gần nhất (EPS),13785.0,Giá trị sổ sách của cổ phiếu (BVPS),11.27,Chỉ số giá thị trường trên thu nhập (P/E),0.61,Chỉ số giá thị trường trên giá trị sổ sách (P/B),2.82,Tỷ suất lợi nhuận trên vốn chủ sở hữu bình quân (ROEA),2.71,Tỷ suất sinh lợi trên tổng tài sản bình quân (ROAA),167.0,Doanh thu thuần về bán hàng và cung cấp dịch vụ,45.0,Lợi nhuận gộp về bán hàng và cung cấp dịch vụ,30.0,Tổng lợi nhuận kế toán trước thuế,26.0,Lợi nhuận sau thuế thu nhập doanh nghiệp,26.0,Lợi nhuận sau thuế của cổ đông Công ty mẹ,57.0,Nợ phải trả,27.19,Tỷ suất lợi nhuận gộp biên,15.53,Tỷ suất sinh lợi trên doanh thu thuần,5.87,Tỷ số Nợ trên Tổng tài sản,,,,32.53968253968254,21.014492753623195,4.0000000000000036,-23.529411764705888,CURRENT,COMPLETE,,,,YES
SKH,Thực phẩm & đồ uống,NORMAL,2026Q2,2026,Q2,293845,True,Chưa kiểm toán,612.0,Tổng cộng tài sản,406.0,Vốn chủ sở hữu,2083.59,Thu nhập trên mỗi cổ phần của 4 quý gần nhất (EPS),12302.0,Giá trị sổ sách của cổ phiếu (BVPS),10.32,Chỉ số giá thị trường trên thu nhập (P/E),1.75,Chỉ số giá thị trường trên giá trị sổ sách (P/B),4.64,Tỷ suất lợi nhuận trên vốn chủ sở hữu bình quân (ROEA),2.83,Tỷ suất sinh lợi trên tổng tài sản bình quân (ROAA),352.0,Doanh thu thuần về bán hàng và cung cấp dịch vụ,76.0,Lợi nhuận gộp về bán hàng và cung cấp dịch vụ,24.0,Tổng lợi nhuận kế toán trước thuế,19.0,Lợi nhuận sau thuế thu nhập doanh nghiệp,19.0,Lợi nhuận sau thuế của cổ đông Công ty mẹ,206.0,Nợ phải trả,21.48,Tỷ suất lợi nhuận gộp biên,5.54,Tỷ suất sinh lợi trên doanh thu thuần,33.64,Tỷ số Nợ trên Tổng tài sản,19.56,Tỷ số Nợ vay trên Vốn chủ sở hữu,,-14.975845410628018,11.746031746031749,5.555555555555558,11.764705882352944,CURRENT,COMPLETE,,,,YES
SKV,Thực phẩm & đồ uống,NORMAL,2026Q2,2026,Q2,293246,True,Chưa kiểm toán,753.0,Tổng cộng tài sản,384.0,Vốn chủ sở hữu,3011.1,Thu nhập trên mỗi cổ phần của 4 quý gần nhất (EPS),16685.0,Giá trị sổ sách của cổ phiếu (BVPS),7.87,Chỉ số giá thị trường trên thu nhập (P/E),1.42,Chỉ số giá thị trường trên giá trị sổ sách (P/B),5.23,Tỷ suất lợi nhuận trên vốn chủ sở hữu bình quân (ROEA),2.66,Tỷ suất sinh lợi trên tổng tài sản bình quân (ROAA),412.0,Doanh thu thuần về bán hàng và cung cấp dịch vụ,78.0,Lợi nhuận gộp về bán hàng và cung cấp dịch vụ,26.0,Tổng lợi nhuận kế toán trước thuế,21.0,Lợi nhuận sau thuế thu nhập doanh nghiệp,21.0,Lợi nhuận sau thuế của cổ đông Công ty mẹ,369.0,Nợ phải trả,18.87,Tỷ suất lợi nhuận gộp biên,5.08,Tỷ suất sinh lợi trên doanh thu thuần,49.03,Tỷ số Nợ trên Tổng tài sản,35.85,Tỷ số Nợ vay trên Vốn chủ sở hữu,,-17.434869739478952,0.9803921568627416,0.0,5.000000000000004,CURRENT,COMPLETE,,,,YES
SLS,Thực phẩm & đồ uống,NORMAL,2026Q2,2026,Q2,282583,False,Chưa kiểm toán,1794.0,Tổng cộng tài sản,1746.0,Vốn chủ sở hữu,36743.54,Thu nhập trên mỗi cổ phần của 4 quý gần nhất (EPS),178286.0,Giá trị sổ sách của cổ phiếu (BVPS),4.1,Chỉ số giá thị trường trên thu nhập (P/E),0.85,Chỉ số giá thị trường trên giá trị sổ sách (P/B),5.44,Tỷ suất lợi nhuận trên vốn chủ sở hữu bình quân (ROEA),5.05,Tỷ suất sinh lợi trên tổng tài sản bình quân (ROAA),249.0,Doanh thu thuần về bán hàng và cung cấp dịch vụ,84.0,Lợi nhuận gộp về bán hàng và cung cấp dịch vụ,93.0,Tổng lợi nhuận kế toán trước thuế,93.0,Lợi nhuận sau thuế thu nhập doanh nghiệp,93.0,Lợi nhuận sau thuế của cổ đông Công ty mẹ,49.0,Nợ phải trả,33.65,Tỷ suất lợi nhuận gộp biên,37.12,Tỷ suất sinh lợi trên doanh thu thuần,2.71,Tỷ số Nợ trên Tổng tài sản,,,,-16.722408026755854,-22.429906542056077,13.414634146341452,-11.428571428571432,CURRENT,COMPLETE,,,,YES
SMB,Thực phẩm & đồ uống,NORMAL,2026Q2,2026,Q2,292039,True,Chưa kiểm toán,1078.0,Tổng cộng tài sản,652.0,Vốn chủ sở hữu,5914.89,Thu nhập trên mỗi cổ phần của 4 quý gần nhất (EPS),21830.0,Giá trị sổ sách của cổ phiếu (BVPS),6.55,Chỉ số giá thị trường trên thu nhập (P/E),1.78,Chỉ số giá thị trường trên giá trị sổ sách (P/B),7.55,Tỷ suất lợi nhuận trên vốn chủ sở hữu bình quân (ROEA),4.91,Tỷ suất sinh lợi trên tổng tài sản bình quân (ROAA),386.0,Doanh thu thuần về bán hàng và cung cấp dịch vụ,131.0,Lợi nhuận gộp về bán hàng và cung cấp dịch vụ,62.0,Tổng lợi nhuận kế toán trước thuế,49.0,Lợi nhuận sau thuế thu nhập doanh nghiệp,49.0,Lợi nhuận sau thuế của cổ đông Công ty mẹ,427.0,Nợ phải trả,33.93,Tỷ suất lợi nhuận gộp biên,12.83,Tỷ suất sinh lợi trên doanh thu thuần,39.58,Tỷ số Nợ trên Tổng tài sản,18.05,Tỷ số Nợ vay trên Vốn chủ sở hữu,,30.405405405405396,7.222222222222219,58.06451612903225,-5.769230769230771,CURRENT,COMPLETE,,,,YES
SMC,Kim loại & Khoáng sản,NORMAL,2026Q2,2026,Q2,293560,True,Chưa kiểm toán,3600.0,Tổng cộng tài sản,1049.0,Vốn chủ sở hữu,4226.86,Thu nhập trên mỗi cổ phần của 4 quý gần nhất (EPS),14256.0,Giá trị sổ sách của cổ phiếu (BVPS),2.56,Chỉ số giá thị trường trên thu nhập (P/E),0.76,Chỉ số giá thị trường trên giá trị sổ sách (P/B),2.2,Tỷ suất lợi nhuận trên vốn chủ sở hữu bình quân (ROEA),0.58,Tỷ suất sinh lợi trên tổng tài sản bình quân (ROAA),1309.0,Doanh thu thuần về bán hàng và cung cấp dịch vụ,39.0,Lợi nhuận gộp về bán hàng và cung cấp dịch vụ,27.0,Tổng lợi nhuận kế toán trước thuế,25.0,Lợi nhuận sau thuế thu nhập doanh nghiệp,23.0,Lợi nhuận sau thuế của cổ đông Công ty mẹ,2550.0,Nợ phải trả,2.99,Tỷ suất lợi nhuận gộp biên,1.89,Tỷ suất sinh lợi trên doanh thu thuần,70.85,Tỷ số Nợ trên Tổng tài sản,124.05,Tỷ số Nợ vay trên Vốn chủ sở hữu,,21.99440820130476,-32.97491039426524,21.052631578947366,-134.84848484848487,CURRENT,COMPLETE,,,,YES
SNZ,Bất động sản,NORMAL,2026Q2,2026,Q2,293847,True,Chưa kiểm toán,23538.0,Tổng cộng tài sản,12439.0,Vốn chủ sở hữu,2471.44,Thu nhập trên mỗi cổ phần của 4 quý gần nhất (EPS),33040.0,Giá trị sổ sách của cổ phiếu (BVPS),11.13,Chỉ số giá thị trường trên thu nhập (P/E),0.83,Chỉ số giá thị trường trên giá trị sổ sách (P/B),1.86,Tỷ suất lợi nhuận trên vốn chủ sở hữu bình quân (ROEA),0.99,Tỷ suất sinh lợi trên tổng tài sản bình quân (ROAA),1459.0,Doanh thu thuần về bán hàng và cung cấp dịch vụ,540.0,Lợi nhuận gộp về bán hàng và cung cấp dịch vụ,474.0,Tổng lợi nhuận kế toán trước thuế,396.0,Lợi nhuận sau thuế thu nhập doanh nghiệp,230.0,Lợi nhuận sau thuế của cổ đông Công ty mẹ,11099.0,Nợ phải trả,37.03,Tỷ suất lợi nhuận gộp biên,27.12,Tỷ suất sinh lợi trên doanh thu thuần,47.15,Tỷ số Nợ trên Tổng tài sản,33.57,Tỷ số Nợ vay trên Vốn chủ sở hữu,,12.664092664092674,-30.556877677296523,15.57788944723617,-53.06122448979591,CURRENT,COMPLETE,,,,YES
SP2,Điện,NORMAL,2026Q2,2026,Q2,291832,False,Chưa kiểm toán,558.0,Tổng cộng tài sản,195.0,Vốn chủ sở hữu,3104.67,Thu nhập trên mỗi cổ phần của 4 quý gần nhất (EPS),9431.0,Giá trị sổ sách của cổ phiếu (BVPS),7.73,Chỉ số giá thị trường trên thu nhập (P/E),2.54,Chỉ số giá thị trường trên giá trị sổ sách (P/B),12.37,Tỷ suất lợi nhuận trên vốn chủ sở hữu bình quân (ROEA),4.15,Tỷ suất sinh lợi trên tổng tài sản bình quân (ROAA),53.0,Doanh thu thuần về bán hàng và cung cấp dịch vụ,28.0,Lợi nhuận gộp về bán hàng và cung cấp dịch vụ,24.0,Tổng lợi nhuận kế toán trước thuế,23.0,Lợi nhuận sau thuế thu nhập doanh nghiệp,23.0,Lợi nhuận sau thuế của cổ đông Công ty mẹ,364.0,Nợ phải trả,52.65,Tỷ suất lợi nhuận gộp biên,42.75,Tỷ suất sinh lợi trên doanh thu thuần,65.17,Tỷ số Nợ trên Tổng tài sản,64.88,Tỷ số Nợ vay trên Vốn chủ sở hữu,,211.76470588235296,1.9230769230769162,-483.33333333333337,4.545454545454541,CURRENT,COMPLETE,,,,YES
SRA,Dược & Y tế,NORMAL,2026Q2,2026,Q2,293853,True,Chưa kiểm toán,801.0,Tổng cộng tài sản,657.0,Vốn chủ sở hữu,-77.98,Thu nhập trên mỗi cổ phần của 4 quý gần nhất (EPS),15207.0,Giá trị sổ sách của cổ phiếu (BVPS),-21.8,Chỉ số giá thị trường trên thu nhập (P/E),0.11,Chỉ số giá thị trường trên giá trị sổ sách (P/B),-0.54,Tỷ suất lợi nhuận trên vốn chủ sở hữu bình quân (ROEA),-0.45,Tỷ suất sinh lợi trên tổng tài sản bình quân (ROAA),31.0,Doanh thu thuần về bán hàng và cung cấp dịch vụ,1.0,Lợi nhuận gộp về bán hàng và cung cấp dịch vụ,-4.0,Tổng lợi nhuận kế toán trước thuế,-4.0,Lợi nhuận sau thuế thu nhập doanh nghiệp,-4.0,Lợi nhuận sau thuế của cổ đông Công ty mẹ,144.0,Nợ phải trả,2.78,Tỷ suất lợi nhuận gộp biên,-11.43,Tỷ suất sinh lợi trên doanh thu thuần,17.95,Tỷ số Nợ trên Tổng tài sản,3.38,Tỷ số Nợ vay trên Vốn chủ sở hữu,,3000.0,-24.390243902439025,0.0,-500.0,CURRENT,COMPLETE,,,,YES
SRC,Ô tô & Phụ tùng,NORMAL,2026Q2,2026,Q2,291413,False,Chưa kiểm toán,1236.0,Tổng cộng tài sản,565.0,Vốn chủ sở hữu,897.98,Thu nhập trên mỗi cổ phần của 4 quý gần nhất (EPS),20134.0,Giá trị sổ sách của cổ phiếu (BVPS),45.55,Chỉ số giá thị trường trên thu nhập (P/E),2.03,Chỉ số giá thị trường trên giá trị sổ sách (P/B),0.34,Tỷ suất lợi nhuận trên vốn chủ sở hữu bình quân (ROEA),0.15,Tỷ suất sinh lợi trên tổng tài sản bình quân (ROAA),326.0,Doanh thu thuần về bán hàng và cung cấp dịch vụ,32.0,Lợi nhuận gộp về bán hàng và cung cấp dịch vụ,3.0,Tổng lợi nhuận kế toán trước thuế,2.0,Lợi nhuận sau thuế thu nhập doanh nghiệp,2.0,Lợi nhuận sau thuế của cổ đông Công ty mẹ,671.0,Nợ phải trả,9.93,Tỷ suất lợi nhuận gộp biên,0.59,Tỷ suất sinh lợi trên doanh thu thuần,54.27,Tỷ số Nợ trên Tổng tài sản,77.74,Tỷ số Nợ vay trên Vốn chủ sở hữu,,-5.780346820809246,-13.297872340425531,-77.77777777777779,-75.0,CURRENT,COMPLETE,,,,YES
SRF,Xây dựng,NORMAL,2026Q2,2026,Q2,293174,True,Chưa kiểm toán,1942.0,Tổng cộng tài sản,457.0,Vốn chủ sở hữu,704.79,Thu nhập trên mỗi cổ phần của 4 quý gần nhất (EPS),13537.0,Giá trị sổ sách của cổ phiếu (BVPS),11.31,Chỉ số giá thị trường trên thu nhập (P/E),0.59,Chỉ số giá thị trường trên giá trị sổ sách (P/B),1.86,Tỷ suất lợi nhuận trên vốn chủ sở hữu bình quân (ROEA),0.41,Tỷ suất sinh lợi trên tổng tài sản bình quân (ROAA),471.0,Doanh thu thuần về bán hàng và cung cấp dịch vụ,4.0,Lợi nhuận gộp về bán hàng và cung cấp dịch vụ,28.0,Tổng lợi nhuận kế toán trước thuế,8.0,Lợi nhuận sau thuế thu nhập doanh nghiệp,8.0,Lợi nhuận sau thuế của cổ đông Công ty mẹ,1484.0,Nợ phải trả,0.76,Tỷ suất lợi nhuận gộp biên,1.78,Tỷ suất sinh lợi trên doanh thu thuần,76.44,Tỷ số Nợ trên Tổng tài sản,155.8,Tỷ số Nợ vay trên Vốn chủ sở hữu,,160.22099447513813,91.46341463414633,300.0,-214.28571428571428,CURRENT,COMPLETE,,,,YES
SSB,Ngân hàng,BANK,2026Q2,2026,Q2,293302,True,Chưa kiểm toán,427108.0,Tổng cộng tài sản,42195.0,Vốn và các quỹ,1040.75,Thu nhập trên mỗi cổ phần của 4 quý gần nhất (EPS),12306.14,Giá trị sổ sách của cổ phiếu (BVPS),15.57,Chỉ số giá thị trường trên thu nhập (P/E),1.32,Chỉ số giá thị trường trên giá trị sổ sách (P/B),2.37,Tỷ suất lợi nhuận trên vốn chủ sở hữu bình quân (ROEA),0.24,Tỷ suất sinh lợi trên tổng tài sản bình quân (ROAA),2250.0,Thu nhập lãi thuần,,,1237.0,Tổng lợi nhuận trước thuế,991.0,Lợi nhuận sau thuế,991.0,Lợi nhuận sau thuế của cổ đông của Ngân hàng mẹ,427108.0,Tổng nợ phải trả và vốn chủ sở hữu,,,,,,,,,,-6.755076668048076,-8.685064935064934,-10.801080108010797,-17.827529021558874,CURRENT,COMPLETE,,,,YES
SSH,Bất động sản,NORMAL,2026Q2,2026,Q2,294479,True,Chưa kiểm toán,11678.0,Tổng cộng tài sản,7716.0,Vốn chủ sở hữu,4476.05,Thu nhập trên mỗi cổ phần của 4 quý gần nhất (EPS),20577.0,Giá trị sổ sách của cổ phiếu (BVPS),13.78,Chỉ số giá thị trường trên thu nhập (P/E),3.0,Chỉ số giá thị trường trên giá trị sổ sách (P/B),22.42,Tỷ suất lợi nhuận trên vốn chủ sở hữu bình quân (ROEA),13.64,Tỷ suất sinh lợi trên tổng tài sản bình quân (ROAA),8.0,Doanh thu thuần về bán hàng và cung cấp dịch vụ,-37.0,Lợi nhuận gộp về bán hàng và cung cấp dịch vụ,1572.0,Tổng lợi nhuận kế toán trước thuế,1568.0,Lợi nhuận sau thuế thu nhập doanh nghiệp,1582.0,Lợi nhuận sau thuế của cổ đông Công ty mẹ,3962.0,Nợ phải trả,-489.93,Tỷ suất lợi nhuận gộp biên,20537.35,Tỷ suất sinh lợi trên doanh thu thuần,33.93,Tỷ số Nợ trên Tổng tài sản,25.67,Tỷ số Nợ vay trên Vốn chủ sở hữu,,-98.57904085257549,-94.20289855072464,473.18840579710144,-732.8000000000001,CURRENT,COMPLETE,,,,YES
ST8,Thương mại & Phân phối,NORMAL,2026Q2,2026,Q2,293552,True,Chưa kiểm toán,335.0,Tổng cộng tài sản,267.0,Vốn chủ sở hữu,-811.41,Thu nhập trên mỗi cổ phần của 4 quý gần nhất (EPS),10399.0,Giá trị sổ sách của cổ phiếu (BVPS),-3.7,Chỉ số giá thị trường trên thu nhập (P/E),0.29,Chỉ số giá thị trường trên giá trị sổ sách (P/B),-7.11,Tỷ suất lợi nhuận trên vốn chủ sở hữu bình quân (ROEA),-5.75,Tỷ suất sinh lợi trên tổng tài sản bình quân (ROAA),15.0,Doanh thu thuần về bán hàng và cung cấp dịch vụ,0.0,Lợi nhuận gộp về bán hàng và cung cấp dịch vụ,-21.0,Tổng lợi nhuận kế toán trước thuế,-21.0,Lợi nhuận sau thuế thu nhập doanh nghiệp,-20.0,Lợi nhuận sau thuế của cổ đông Công ty mẹ,67.0,Nợ phải trả,0.48,Tỷ suất lợi nhuận gộp biên,-136.45,Tỷ suất sinh lợi trên doanh thu thuần,20.11,Tỷ số Nợ trên Tổng tài sản,2.53,Tỷ số Nợ vay trên Vốn chủ sở hữu,,275.0,-44.44444444444444,1900.0,-1100.0,CURRENT,COMPLETE,,,,YES
STG,Cảng & Logistics,NORMAL,2026Q2,2026,Q2,293554,True,Chưa kiểm toán,4034.0,Tổng cộng tài sản,2879.0,Vốn chủ sở hữu,3558.18,Thu nhập trên mỗi cổ phần của 4 quý gần nhất (EPS),29301.0,Giá trị sổ sách của cổ phiếu (BVPS),7.28,Chỉ số giá thị trường trên thu nhập (P/E),0.88,Chỉ số giá thị trường trên giá trị sổ sách (P/B),3.96,Tỷ suất lợi nhuận trên vốn chủ sở hữu bình quân (ROEA),2.85,Tỷ suất sinh lợi trên tổng tài sản bình quân (ROAA),867.0,Doanh thu thuần về bán hàng và cung cấp dịch vụ,168.0,Lợi nhuận gộp về bán hàng và cung cấp dịch vụ,142.0,Tổng lợi nhuận kế toán trước thuế,118.0,Lợi nhuận sau thuế thu nhập doanh nghiệp,112.0,Lợi nhuận sau thuế của cổ đông Công ty mẹ,1155.0,Nợ phải trả,19.32,Tỷ suất lợi nhuận gộp biên,13.63,Tỷ suất sinh lợi trên doanh thu thuần,28.64,Tỷ số Nợ trên Tổng tài sản,20.23,Tỷ số Nợ vay trên Vốn chủ sở hữu,,28.064992614475635,27.876106194690276,41.77215189873418,43.58974358974359,CURRENT,COMPLETE,,,,YES
STK,Dệt may,NORMAL,2026Q2,2026,Q2,292655,True,Chưa kiểm toán,3927.0,Tổng cộng tài sản,1684.0,Vốn chủ sở hữu,-431.96,Thu nhập trên mỗi cổ phần của 4 quý gần nhất (EPS),12020.0,Giá trị sổ sách của cổ phiếu (BVPS),-23.84,Chỉ số giá thị trường trên thu nhập (P/E),0.86,Chỉ số giá thị trường trên giá trị sổ sách (P/B),-2.26,Tỷ suất lợi nhuận trên vốn chủ sở hữu bình quân (ROEA),-0.95,Tỷ suất sinh lợi trên tổng tài sản bình quân (ROAA),395.0,Doanh thu thuần về bán hàng và cung cấp dịch vụ,45.0,Lợi nhuận gộp về bán hàng và cung cấp dịch vụ,-34.0,Tổng lợi nhuận kế toán trước thuế,-38.0,Lợi nhuận sau thuế thu nhập doanh nghiệp,-38.0,Lợi nhuận sau thuế của cổ đông Công ty mẹ,2243.0,Nợ phải trả,11.29,Tỷ suất lợi nhuận gộp biên,-9.74,Tỷ suất sinh lợi trên doanh thu thuần,57.11,Tỷ số Nợ trên Tổng tài sản,121.43,Tỷ số Nợ vay trên Vốn chủ sở hữu,,47.38805970149254,18.61861861861862,11.764705882352944,533.3333333333333,CURRENT,COMPLETE,,,,YES
SVC,Bán lẻ,NORMAL,2026Q2,2026,Q2,293583,True,Chưa kiểm toán,12169.0,Tổng cộng tài sản,3061.0,Vốn chủ sở hữu,4931.23,Thu nhập trên mỗi cổ phần của 4 quý gần nhất (EPS),32823.0,Giá trị sổ sách của cổ phiếu (BVPS),3.75,Chỉ số giá thị trường trên thu nhập (P/E),0.56,Chỉ số giá thị trường trên giá trị sổ sách (P/B),0.46,Tỷ suất lợi nhuận trên vốn chủ sở hữu bình quân (ROEA),0.12,Tỷ suất sinh lợi trên tổng tài sản bình quân (ROAA),6148.0,Doanh thu thuần về bán hàng và cung cấp dịch vụ,545.0,Lợi nhuận gộp về bán hàng và cung cấp dịch vụ,59.0,Tổng lợi nhuận kế toán trước thuế,70.0,Lợi nhuận sau thuế thu nhập doanh nghiệp,14.0,Lợi nhuận sau thuế của cổ đông Công ty mẹ,9108.0,Nợ phải trả,8.87,Tỷ suất lợi nhuận gộp biên,1.14,Tỷ suất sinh lợi trên doanh thu thuần,74.84,Tỷ số Nợ trên Tổng tài sản,199.2,Tỷ số Nợ vay trên Vốn chủ sở hữu,,-4.6082234290147355,-7.437518819632638,-41.666666666666664,-80.82191780821918,CURRENT,COMPLETE,,,,YES
SVD,Dệt may,NORMAL,2026Q2,2026,Q2,291502,False,Chưa kiểm toán,338.0,Tổng cộng tài sản,261.0,Vốn chủ sở hữu,71.32,Thu nhập trên mỗi cổ phần của 4 quý gần nhất (EPS),9473.0,Giá trị sổ sách của cổ phiếu (BVPS),61.41,Chỉ số giá thị trường trên thu nhập (P/E),0.46,Chỉ số giá thị trường trên giá trị sổ sách (P/B),0.04,Tỷ suất lợi nhuận trên vốn chủ sở hữu bình quân (ROEA),0.04,Tỷ suất sinh lợi trên tổng tài sản bình quân (ROAA),71.0,Doanh thu thuần về bán hàng và cung cấp dịch vụ,3.0,Lợi nhuận gộp về bán hàng và cung cấp dịch vụ,0.0,Tổng lợi nhuận kế toán trước thuế,0.0,Lợi nhuận sau thuế thu nhập doanh nghiệp,0.0,Lợi nhuận sau thuế của cổ đông Công ty mẹ,76.0,Nợ phải trả,3.58,Tỷ suất lợi nhuận gộp biên,0.16,Tỷ suất sinh lợi trên doanh thu thuần,22.57,Tỷ số Nợ trên Tổng tài sản,26.39,Tỷ số Nợ vay trên Vốn chủ sở hữu,,7.575757575757569,39.2156862745098,,,CURRENT,COMPLETE,,,,YES
SVG,Hóa chất,NORMAL,2026Q2,2026,Q2,292290,False,Chưa kiểm toán,375.0,Tổng cộng tài sản,291.0,Vốn chủ sở hữu,-411.83,Thu nhập trên mỗi cổ phần của 4 quý gần nhất (EPS),9918.0,Giá trị sổ sách của cổ phiếu (BVPS),-10.93,Chỉ số giá thị trường trên thu nhập (P/E),0.45,Chỉ số giá thị trường trên giá trị sổ sách (P/B),-2.89,Tỷ suất lợi nhuận trên vốn chủ sở hữu bình quân (ROEA),-2.26,Tỷ suất sinh lợi trên tổng tài sản bình quân (ROAA),75.0,Doanh thu thuần về bán hàng và cung cấp dịch vụ,-1.0,Lợi nhuận gộp về bán hàng và cung cấp dịch vụ,-9.0,Tổng lợi nhuận kế toán trước thuế,-9.0,Lợi nhuận sau thuế thu nhập doanh nghiệp,-9.0,Lợi nhuận sau thuế của cổ đông Công ty mẹ,83.0,Nợ phải trả,-1.37,Tỷ suất lợi nhuận gộp biên,-11.36,Tỷ suất sinh lợi trên doanh thu thuần,22.28,Tỷ số Nợ trên Tổng tài sản,20.38,Tỷ số Nợ vay trên Vốn chủ sở hữu,,29.31034482758621,11.940298507462677,125.0,800.0,CURRENT,COMPLETE,,,,YES
SWC,Cảng & Logistics,NORMAL,2026Q2,2026,Q2,292640,True,Chưa kiểm toán,2403.0,Tổng cộng tài sản,2142.0,Vốn chủ sở hữu,5178.88,Thu nhập trên mỗi cổ phần của 4 quý gần nhất (EPS),31924.0,Giá trị sổ sách của cổ phiếu (BVPS),4.92,Chỉ số giá thị trường trên thu nhập (P/E),0.8,Chỉ số giá thị trường trên giá trị sổ sách (P/B),5.1,Tỷ suất lợi nhuận trên vốn chủ sở hữu bình quân (ROEA),4.58,Tỷ suất sinh lợi trên tổng tài sản bình quân (ROAA),370.0,Doanh thu thuần về bán hàng và cung cấp dịch vụ,87.0,Lợi nhuận gộp về bán hàng và cung cấp dịch vụ,124.0,Tổng lợi nhuận kế toán trước thuế,107.0,Lợi nhuận sau thuế thu nhập doanh nghiệp,107.0,Lợi nhuận sau thuế của cổ đông Công ty mẹ,261.0,Nợ phải trả,23.43,Tỷ suất lợi nhuận gộp biên,28.78,Tỷ suất sinh lợi trên doanh thu thuần,10.87,Tỷ số Nợ trên Tổng tài sản,2.66,Tỷ số Nợ vay trên Vốn chủ sở hữu,,17.08860759493671,34.54545454545455,46.57534246575344,33.74999999999999,CURRENT,COMPLETE,,,,YES
SZB,Bất động sản,NORMAL,2026Q2,2026,Q2,291318,False,Chưa kiểm toán,2059.0,Tổng cộng tài sản,863.0,Vốn chủ sở hữu,7458.25,Thu nhập trên mỗi cổ phần của 4 quý gần nhất (EPS),28773.0,Giá trị sổ sách của cổ phiếu (BVPS),5.94,Chỉ số giá thị trường trên thu nhập (P/E),1.54,Chỉ số giá thị trường trên giá trị sổ sách (P/B),6.37,Tỷ suất lợi nhuận trên vốn chủ sở hữu bình quân (ROEA),2.61,Tỷ suất sinh lợi trên tổng tài sản bình quân (ROAA),133.0,Doanh thu thuần về bán hàng và cung cấp dịch vụ,66.0,Lợi nhuận gộp về bán hàng và cung cấp dịch vụ,67.0,Tổng lợi nhuận kế toán trước thuế,54.0,Lợi nhuận sau thuế thu nhập doanh nghiệp,54.0,Lợi nhuận sau thuế của cổ đông Công ty mẹ,1196.0,Nợ phải trả,49.74,Tỷ suất lợi nhuận gộp biên,40.47,Tỷ suất sinh lợi trên doanh thu thuần,58.08,Tỷ số Nợ trên Tổng tài sản,21.79,Tỷ số Nợ vay trên Vốn chủ sở hữu,,2.3076923076922995,24.29906542056075,31.70731707317074,35.00000000000001,CURRENT,COMPLETE,,,,YES
SZE,Dịch vụ công nghiệp,NORMAL,2026Q2,2026,Q2,291655,False,Chưa kiểm toán,519.0,Tổng cộng tài sản,351.0,Vốn chủ sở hữu,279.22,Thu nhập trên mỗi cổ phần của 4 quý gần nhất (EPS),11697.0,Giá trị sổ sách của cổ phiếu (BVPS),25.79,Chỉ số giá thị trường trên thu nhập (P/E),0.62,Chỉ số giá thị trường trên giá trị sổ sách (P/B),0.97,Tỷ suất lợi nhuận trên vốn chủ sở hữu bình quân (ROEA),0.65,Tỷ suất sinh lợi trên tổng tài sản bình quân (ROAA),83.0,Doanh thu thuần về bán hàng và cung cấp dịch vụ,10.0,Lợi nhuận gộp về bán hàng và cung cấp dịch vụ,4.0,Tổng lợi nhuận kế toán trước thuế,3.0,Lợi nhuận sau thuế thu nhập doanh nghiệp,3.0,Lợi nhuận sau thuế của cổ đông Công ty mẹ,168.0,Nợ phải trả,12.05,Tỷ suất lợi nhuận gộp biên,4.13,Tỷ suất sinh lợi trên doanh thu thuần,32.44,Tỷ số Nợ trên Tổng tài sản,7.17,Tỷ số Nợ vay trên Vốn chủ sở hữu,,3.750000000000009,-48.12499999999999,0.0,-40.0,CURRENT,COMPLETE,,,,YES
SZG,Bất động sản,NORMAL,2026Q2,2026,Q2,291992,False,Chưa kiểm toán,5103.0,Tổng cộng tài sản,1055.0,Vốn chủ sở hữu,4251.98,Thu nhập trên mỗi cổ phần của 4 quý gần nhất (EPS),19212.0,Giá trị sổ sách của cổ phiếu (BVPS),8.21,Chỉ số giá thị trường trên thu nhập (P/E),1.82,Chỉ số giá thị trường trên giá trị sổ sách (P/B),4.0,Tỷ suất lợi nhuận trên vốn chủ sở hữu bình quân (ROEA),0.86,Tỷ suất sinh lợi trên tổng tài sản bình quân (ROAA),132.0,Doanh thu thuần về bán hàng và cung cấp dịch vụ,78.0,Lợi nhuận gộp về bán hàng và cung cấp dịch vụ,55.0,Tổng lợi nhuận kế toán trước thuế,44.0,Lợi nhuận sau thuế thu nhập doanh nghiệp,44.0,Lợi nhuận sau thuế của cổ đông Công ty mẹ,4049.0,Nợ phải trả,58.83,Tỷ suất lợi nhuận gộp biên,32.93,Tỷ suất sinh lợi trên doanh thu thuần,79.33,Tỷ số Nợ trên Tổng tài sản,,,,-0.7518796992481258,-6.382978723404253,-35.29411764705882,-25.423728813559322,CURRENT,COMPLETE,,,,YES
SZL,Bất động sản,NORMAL,2026Q2,2026,Q2,291362,False,Chưa kiểm toán,2256.0,Tổng cộng tài sản,768.0,Vốn chủ sở hữu,5238.9,Thu nhập trên mỗi cổ phần của 4 quý gần nhất (EPS),27437.0,Giá trị sổ sách của cổ phiếu (BVPS),9.16,Chỉ số giá thị trường trên thu nhập (P/E),1.75,Chỉ số giá thị trường trên giá trị sổ sách (P/B),4.28,Tỷ suất lợi nhuận trên vốn chủ sở hữu bình quân (ROEA),1.43,Tỷ suất sinh lợi trên tổng tài sản bình quân (ROAA),158.0,Doanh thu thuần về bán hàng và cung cấp dịch vụ,55.0,Lợi nhuận gộp về bán hàng và cung cấp dịch vụ,40.0,Tổng lợi nhuận kế toán trước thuế,32.0,Lợi nhuận sau thuế thu nhập doanh nghiệp,32.0,Lợi nhuận sau thuế của cổ đông Công ty mẹ,1488.0,Nợ phải trả,34.79,Tỷ suất lợi nhuận gộp biên,20.11,Tỷ suất sinh lợi trên doanh thu thuần,65.97,Tỷ số Nợ trên Tổng tài sản,33.7,Tỷ số Nợ vay trên Vốn chủ sở hữu,,13.669064748201443,15.328467153284663,0.0,-8.571428571428575,CURRENT,COMPLETE,,,,YES
TA9,Xây dựng,NORMAL,2026Q2,2026,Q2,293992,False,Chưa kiểm toán,5345.0,Tổng cộng tài sản,175.0,Vốn chủ sở hữu,1967.24,Thu nhập trên mỗi cổ phần của 4 quý gần nhất (EPS),14058.0,Giá trị sổ sách của cổ phiếu (BVPS),5.79,Chỉ số giá thị trường trên thu nhập (P/E),0.81,Chỉ số giá thị trường trên giá trị sổ sách (P/B),3.38,Tỷ suất lợi nhuận trên vốn chủ sở hữu bình quân (ROEA),0.13,Tỷ suất sinh lợi trên tổng tài sản bình quân (ROAA),705.0,Doanh thu thuần về bán hàng và cung cấp dịch vụ,32.0,Lợi nhuận gộp về bán hàng và cung cấp dịch vụ,7.0,Tổng lợi nhuận kế toán trước thuế,6.0,Lợi nhuận sau thuế thu nhập doanh nghiệp,6.0,Lợi nhuận sau thuế của cổ đông Công ty mẹ,5171.0,Nợ phải trả,4.57,Tỷ suất lợi nhuận gộp biên,0.82,Tỷ suất sinh lợi trên doanh thu thuần,96.73,Tỷ số Nợ trên Tổng tài sản,72.91,Tỷ số Nợ vay trên Vốn chủ sở hữu,,840.0,-23.452768729641694,500.0,-14.28571428571429,CURRENT,COMPLETE,,,,YES
TAR,Thực phẩm & đồ uống,NORMAL,2026Q2,2026,Q2,294128,True,Chưa kiểm toán,2379.0,Tổng cộng tài sản,1143.0,Vốn chủ sở hữu,-131.34,Thu nhập trên mỗi cổ phần của 4 quý gần nhất (EPS),14600.0,Giá trị sổ sách của cổ phiếu (BVPS),-23.6,Chỉ số giá thị trường trên thu nhập (P/E),0.21,Chỉ số giá thị trường trên giá trị sổ sách (P/B),-2.22,Tỷ suất lợi nhuận trên vốn chủ sở hữu bình quân (ROEA),-1.07,Tỷ suất sinh lợi trên tổng tài sản bình quân (ROAA),94.0,Doanh thu thuần về bán hàng và cung cấp dịch vụ,7.0,Lợi nhuận gộp về bán hàng và cung cấp dịch vụ,-25.0,Tổng lợi nhuận kế toán trước thuế,-26.0,Lợi nhuận sau thuế thu nhập doanh nghiệp,-26.0,Lợi nhuận sau thuế của cổ đông Công ty mẹ,1236.0,Nợ phải trả,6.97,Tỷ suất lợi nhuận gộp biên,-27.54,Tỷ suất sinh lợi trên doanh thu thuần,51.94,Tỷ số Nợ trên Tổng tài sản,100.21,Tỷ số Nợ vay trên Vốn chủ sở hữu,,-81.56862745098039,-89.73799126637554,-2700.0,225.0,CURRENT,COMPLETE,,,,YES
TBC,Điện,NORMAL,2026Q2,2026,Q2,293558,True,Chưa kiểm toán,1631.0,Tổng cộng tài sản,1463.0,Vốn chủ sở hữu,3535.96,Thu nhập trên mỗi cổ phần của 4 quý gần nhất (EPS),23043.0,Giá trị sổ sách của cổ phiếu (BVPS),9.33,Chỉ số giá thị trường trên thu nhập (P/E),1.43,Chỉ số giá thị trường trên giá trị sổ sách (P/B),3.56,Tỷ suất lợi nhuận trên vốn chủ sở hữu bình quân (ROEA),3.05,Tỷ suất sinh lợi trên tổng tài sản bình quân (ROAA),139.0,Doanh thu thuần về bán hàng và cung cấp dịch vụ,88.0,Lợi nhuận gộp về bán hàng và cung cấp dịch vụ,80.0,Tổng lợi nhuận kế toán trước thuế,66.0,Lợi nhuận sau thuế thu nhập doanh nghiệp,51.0,Lợi nhuận sau thuế của cổ đông Công ty mẹ,168.0,Nợ phải trả,63.52,Tỷ suất lợi nhuận gộp biên,47.86,Tỷ suất sinh lợi trên doanh thu thuần,10.28,Tỷ số Nợ trên Tổng tài sản,6.27,Tỷ số Nợ vay trên Vốn chủ sở hữu,,-7.947019867549665,-10.322580645161295,-28.169014084507037,-16.393442622950815,CURRENT,COMPLETE,,,,YES
TBD,Thiết bị điện,NORMAL,2026Q2,2026,Q2,294355,True,Chưa kiểm toán,2492.0,Tổng cộng tài sản,702.0,Vốn chủ sở hữu,6035.69,Thu nhập trên mỗi cổ phần của 4 quý gần nhất (EPS),21659.0,Giá trị sổ sách của cổ phiếu (BVPS),22.37,Chỉ số giá thị trường trên thu nhập (P/E),6.23,Chỉ số giá thị trường trên giá trị sổ sách (P/B),6.8,Tỷ suất lợi nhuận trên vốn chủ sở hữu bình quân (ROEA),2.1,Tỷ suất sinh lợi trên tổng tài sản bình quân (ROAA),716.0,Doanh thu thuần về bán hàng và cung cấp dịch vụ,111.0,Lợi nhuận gộp về bán hàng và cung cấp dịch vụ,63.0,Tổng lợi nhuận kế toán trước thuế,50.0,Lợi nhuận sau thuế thu nhập doanh nghiệp,50.0,Lợi nhuận sau thuế của cổ đông Công ty mẹ,1789.0,Nợ phải trả,15.47,Tỷ suất lợi nhuận gộp biên,6.99,Tỷ suất sinh lợi trên doanh thu thuần,71.82,Tỷ số Nợ trên Tổng tài sản,132.8,Tỷ số Nợ vay trên Vốn chủ sở hữu,,81.26582278481011,0.0,212.5,-27.536231884057973,CURRENT,COMPLETE,,,,YES
TCD,Xây dựng,NORMAL,2026Q2,2026,Q2,294360,True,Chưa kiểm toán,6291.0,Tổng cộng tài sản,1906.0,Vốn chủ sở hữu,-56.21,Thu nhập trên mỗi cổ phần của 4 quý gần nhất (EPS),5675.0,Giá trị sổ sách của cổ phiếu (BVPS),-33.63,Chỉ số giá thị trường trên thu nhập (P/E),0.33,Chỉ số giá thị trường trên giá trị sổ sách (P/B),-1.98,Tỷ suất lợi nhuận trên vốn chủ sở hữu bình quân (ROEA),-0.6,Tỷ suất sinh lợi trên tổng tài sản bình quân (ROAA),372.0,Doanh thu thuần về bán hàng và cung cấp dịch vụ,146.0,Lợi nhuận gộp về bán hàng và cung cấp dịch vụ,35.0,Tổng lợi nhuận kế toán trước thuế,15.0,Lợi nhuận sau thuế thu nhập doanh nghiệp,-19.0,Lợi nhuận sau thuế của cổ đông Công ty mẹ,4385.0,Nợ phải trả,39.19,Tỷ suất lợi nhuận gộp biên,4.0,Tỷ suất sinh lợi trên doanh thu thuần,69.71,Tỷ số Nợ trên Tổng tài sản,78.79,Tỷ số Nợ vay trên Vốn chủ sở hữu,,,,,,CURRENT,COMPLETE,,,,YES
TCI,Chứng khoán,SECURITIES,2026Q2,2026,Q2,291598,False,Chưa kiểm toán,2414.0,Tổng cộng tài sản,1321.0,Vốn chủ sở hữu,121.53,Thu nhập trên mỗi cổ phần của 4 quý gần nhất (EPS),11424.68,Giá trị sổ sách của cổ phiếu (BVPS),88.04,Chỉ số giá thị trường trên thu nhập (P/E),0.94,Chỉ số giá thị trường trên giá trị sổ sách (P/B),2.5,Tỷ suất lợi nhuận trên vốn chủ sở hữu bình quân (ROEA),1.26,Tỷ suất sinh lợi trên tổng tài sản bình quân (ROAA),64.0,Doanh thu thuần về hoạt động kinh doanh,,,39.0,Tổng lợi nhuận kế toán trước thuế,34.0,Lợi nhuận sau thuế TNDN,34.0,Lợi nhuận sau thuế của cổ đông Công ty mẹ,1093.0,Nợ phải trả,,,,,,,,,,-20.98765432098766,-13.513513513513509,3300.0,100.0,CURRENT,COMPLETE,,,,YES
TCL,Cảng & Logistics,NORMAL,2026Q2,2026,Q2,292962,True,Chưa kiểm toán,1344.0,Tổng cộng tài sản,704.0,Vốn chủ sở hữu,5265.02,Thu nhập trên mỗi cổ phần của 4 quý gần nhất (EPS),23355.0,Giá trị sổ sách của cổ phiếu (BVPS),5.7,Chỉ số giá thị trường trên thu nhập (P/E),1.28,Chỉ số giá thị trường trên giá trị sổ sách (P/B),6.79,Tỷ suất lợi nhuận trên vốn chủ sở hữu bình quân (ROEA),3.9,Tỷ suất sinh lợi trên tổng tài sản bình quân (ROAA),628.0,Doanh thu thuần về bán hàng và cung cấp dịch vụ,77.0,Lợi nhuận gộp về bán hàng và cung cấp dịch vụ,60.0,Tổng lợi nhuận kế toán trước thuế,50.0,Lợi nhuận sau thuế thu nhập doanh nghiệp,49.0,Lợi nhuận sau thuế của cổ đông Công ty mẹ,639.0,Nợ phải trả,12.25,Tỷ suất lợi nhuận gộp biên,7.97,Tỷ suất sinh lợi trên doanh thu thuần,47.59,Tỷ số Nợ trên Tổng tài sản,,,,42.08144796380091,23.62204724409449,58.06451612903225,-2.0000000000000018,CURRENT,COMPLETE,,,,YES
TCO,Thực phẩm & đồ uống,NORMAL,2026Q2,2026,Q2,289520,True,Chưa kiểm toán,1374.0,Tổng cộng tài sản,386.0,Vốn chủ sở hữu,428.23,Thu nhập trên mỗi cổ phần của 4 quý gần nhất (EPS),12322.0,Giá trị sổ sách của cổ phiếu (BVPS),25.22,Chỉ số giá thị trường trên thu nhập (P/E),0.88,Chỉ số giá thị trường trên giá trị sổ sách (P/B),2.49,Tỷ suất lợi nhuận trên vốn chủ sở hữu bình quân (ROEA),0.71,Tỷ suất sinh lợi trên tổng tài sản bình quân (ROAA),508.0,Doanh thu thuần về bán hàng và cung cấp dịch vụ,9.0,Lợi nhuận gộp về bán hàng và cung cấp dịch vụ,13.0,Tổng lợi nhuận kế toán trước thuế,9.0,Lợi nhuận sau thuế thu nhập doanh nghiệp,9.0,Lợi nhuận sau thuế của cổ đông Công ty mẹ,988.0,Nợ phải trả,1.84,Tỷ suất lợi nhuận gộp biên,1.86,Tỷ suất sinh lợi trên doanh thu thuần,71.91,Tỷ số Nợ trên Tổng tài sản,229.07,Tỷ số Nợ vay trên Vốn chủ sở hữu,,761.0169491525423,28.607594936708857,,80.0,CURRENT,COMPLETE,,,,YES
TCT,Cảng & Logistics,NORMAL,2026Q2,2026,Q2,291428,False,Chưa kiểm toán,381.0,Tổng cộng tài sản,370.0,Vốn chủ sở hữu,1886.26,Thu nhập trên mỗi cổ phần của 4 quý gần nhất (EPS),28969.0,Giá trị sổ sách của cổ phiếu (BVPS),9.7,Chỉ số giá thị trường trên thu nhập (P/E),0.63,Chỉ số giá thị trường trên giá trị sổ sách (P/B),1.87,Tỷ suất lợi nhuận trên vốn chủ sở hữu bình quân (ROEA),1.81,Tỷ suất sinh lợi trên tổng tài sản bình quân (ROAA),12.0,Doanh thu thuần về bán hàng và cung cấp dịch vụ,5.0,Lợi nhuận gộp về bán hàng và cung cấp dịch vụ,9.0,Tổng lợi nhuận kế toán trước thuế,7.0,Lợi nhuận sau thuế thu nhập doanh nghiệp,7.0,Lợi nhuận sau thuế của cổ đông Công ty mẹ,11.0,Nợ phải trả,43.45,Tỷ suất lợi nhuận gộp biên,55.55,Tỷ suất sinh lợi trên doanh thu thuần,2.86,Tỷ số Nợ trên Tổng tài sản,,,,-29.411764705882348,33.33333333333333,-22.22222222222222,16.666666666666675,CURRENT,COMPLETE,,,,YES
TCW,Cảng & Logistics,NORMAL,2026Q2,2026,Q2,294363,True,Chưa kiểm toán,826.0,Tổng cộng tài sản,415.0,Vốn chủ sở hữu,6568.14,Thu nhập trên mỗi cổ phần của 4 quý gần nhất (EPS),20756.0,Giá trị sổ sách của cổ phiếu (BVPS),4.42,Chỉ số giá thị trường trên thu nhập (P/E),1.4,Chỉ số giá thị trường trên giá trị sổ sách (P/B),9.08,Tỷ suất lợi nhuận trên vốn chủ sở hữu bình quân (ROEA),5.0,Tỷ suất sinh lợi trên tổng tài sản bình quân (ROAA),386.0,Doanh thu thuần về bán hàng và cung cấp dịch vụ,85.0,Lợi nhuận gộp về bán hàng và cung cấp dịch vụ,51.0,Tổng lợi nhuận kế toán trước thuế,41.0,Lợi nhuận sau thuế thu nhập doanh nghiệp,39.0,Lợi nhuận sau thuế của cổ đông Công ty mẹ,411.0,Nợ phải trả,21.99,Tỷ suất lợi nhuận gộp biên,10.53,Tỷ suất sinh lợi trên doanh thu thuần,49.76,Tỷ số Nợ trên Tổng tài sản,1.16,Tỷ số Nợ vay trên Vốn chủ sở hữu,,15.915915915915924,24.91909385113269,-2.500000000000002,30.000000000000004,CURRENT,COMPLETE,,,,YES
TD6,Dầu khí,NORMAL,2026Q2,2026,Q2,292274,False,Chưa kiểm toán,2438.0,Tổng cộng tài sản,693.0,Vốn chủ sở hữu,941.14,Thu nhập trên mỗi cổ phần của 4 quý gần nhất (EPS),11195.0,Giá trị sổ sách của cổ phiếu (BVPS),7.33,Chỉ số giá thị trường trên thu nhập (P/E),0.62,Chỉ số giá thị trường trên giá trị sổ sách (P/B),0.77,Tỷ suất lợi nhuận trên vốn chủ sở hữu bình quân (ROEA),0.22,Tỷ suất sinh lợi trên tổng tài sản bình quân (ROAA),1844.0,Doanh thu thuần về bán hàng và cung cấp dịch vụ,72.0,Lợi nhuận gộp về bán hàng và cung cấp dịch vụ,9.0,Tổng lợi nhuận kế toán trước thuế,6.0,Lợi nhuận sau thuế thu nhập doanh nghiệp,6.0,Lợi nhuận sau thuế của cổ đông Công ty mẹ,1745.0,Nợ phải trả,3.9,Tỷ suất lợi nhuận gộp biên,0.3,Tỷ suất sinh lợi trên doanh thu thuần,71.56,Tỷ số Nợ trên Tổng tài sản,146.14,Tỷ số Nợ vay trên Vốn chủ sở hữu,,29.767769176636172,16.48768161718257,0.0,0.0,CURRENT,COMPLETE,,,,YES
TDB,Điện,NORMAL,2024Q3,2024,Q3,259990,False,Chưa kiểm toán,1815.0,Tổng cộng tài sản,599.0,Vốn chủ sở hữu,2730.06,Thu nhập trên mỗi cổ phần của 4 quý gần nhất (EPS),71508.0,Giá trị sổ sách của cổ phiếu (BVPS),14.69,Chỉ số giá thị trường trên thu nhập (P/E),0.56,Chỉ số giá thị trường trên giá trị sổ sách (P/B),7.51,Tỷ suất lợi nhuận trên vốn chủ sở hữu bình quân (ROEA),2.48,Tỷ suất sinh lợi trên tổng tài sản bình quân (ROAA),325.0,Doanh thu thuần về bán hàng và cung cấp dịch vụ,52.0,Lợi nhuận gộp về bán hàng và cung cấp dịch vụ,28.0,Tổng lợi nhuận kế toán trước thuế,22.0,Lợi nhuận sau thuế thu nhập doanh nghiệp,22.0,Lợi nhuận sau thuế của cổ đông Công ty mẹ,1213.0,Nợ phải trả,15.99,Tỷ suất lợi nhuận gộp biên,6.91,Tỷ suất sinh lợi trên doanh thu thuần,66.83,Tỷ số Nợ trên Tổng tài sản,113.06,Tỷ số Nợ vay trên Vốn chủ sở hữu,,,,,,STALE,COMPLETE,,,,REVIEW
TDF,Vật liệu xây dựng,NORMAL,2026Q2,2026,Q2,294678,True,Chưa kiểm toán,1674.0,Tổng cộng tài sản,823.0,Vốn chủ sở hữu,944.94,Thu nhập trên mỗi cổ phần của 4 quý gần nhất (EPS),27443.0,Giá trị sổ sách của cổ phiếu (BVPS),9.31,Chỉ số giá thị trường trên thu nhập (P/E),0.32,Chỉ số giá thị trường trên giá trị sổ sách (P/B),0.32,Tỷ suất lợi nhuận trên vốn chủ sở hữu bình quân (ROEA),0.15,Tỷ suất sinh lợi trên tổng tài sản bình quân (ROAA),115.0,Doanh thu thuần về bán hàng và cung cấp dịch vụ,36.0,Lợi nhuận gộp về bán hàng và cung cấp dịch vụ,5.0,Tổng lợi nhuận kế toán trước thuế,3.0,Lợi nhuận sau thuế thu nhập doanh nghiệp,3.0,Lợi nhuận sau thuế của cổ đông Công ty mẹ,851.0,Nợ phải trả,30.91,Tỷ suất lợi nhuận gộp biên,2.36,Tỷ suất sinh lợi trên doanh thu thuần,50.81,Tỷ số Nợ trên Tổng tài sản,79.73,Tỷ số Nợ vay trên Vốn chủ sở hữu,,-26.751592356687905,-12.213740458015266,200.0,,CURRENT,COMPLETE,,,,YES
TDG,Dầu khí,NORMAL,2026Q2,2026,Q2,293765,True,Chưa kiểm toán,837.0,Tổng cộng tài sản,260.0,Vốn chủ sở hữu,168.63,Thu nhập trên mỗi cổ phần của 4 quý gần nhất (EPS),10727.0,Giá trị sổ sách của cổ phiếu (BVPS),14.05,Chỉ số giá thị trường trên thu nhập (P/E),0.22,Chỉ số giá thị trường trên giá trị sổ sách (P/B),0.0,Tỷ suất lợi nhuận trên vốn chủ sở hữu bình quân (ROEA),0.0,Tỷ suất sinh lợi trên tổng tài sản bình quân (ROAA),408.0,Doanh thu thuần về bán hàng và cung cấp dịch vụ,22.0,Lợi nhuận gộp về bán hàng và cung cấp dịch vụ,1.0,Tổng lợi nhuận kế toán trước thuế,0.0,Lợi nhuận sau thuế thu nhập doanh nghiệp,0.0,Lợi nhuận sau thuế của cổ đông Công ty mẹ,578.0,Nợ phải trả,5.49,Tỷ suất lợi nhuận gộp biên,,,68.98,Tỷ số Nợ trên Tổng tài sản,201.24,Tỷ số Nợ vay trên Vốn chủ sở hữu,,60.629921259842526,25.538461538461533,,,CURRENT,COMPLETE,,,,YES
TDH,Bất động sản,NORMAL,2026Q2,2026,Q2,292569,True,Chưa kiểm toán,677.0,Tổng cộng tài sản,194.0,Vốn chủ sở hữu,926.57,Thu nhập trên mỗi cổ phần của 4 quý gần nhất (EPS),1719.0,Giá trị sổ sách của cổ phiếu (BVPS),3.94,Chỉ số giá thị trường trên thu nhập (P/E),2.12,Chỉ số giá thị trường trên giá trị sổ sách (P/B),3.16,Tỷ suất lợi nhuận trên vốn chủ sở hữu bình quân (ROEA),0.88,Tỷ suất sinh lợi trên tổng tài sản bình quân (ROAA),70.0,Doanh thu thuần về bán hàng và cung cấp dịch vụ,6.0,Lợi nhuận gộp về bán hàng và cung cấp dịch vụ,7.0,Tổng lợi nhuận kế toán trước thuế,6.0,Lợi nhuận sau thuế thu nhập doanh nghiệp,6.0,Lợi nhuận sau thuế của cổ đông Công ty mẹ,484.0,Nợ phải trả,8.18,Tỷ suất lợi nhuận gộp biên,8.4,Tỷ suất sinh lợi trên doanh thu thuần,71.41,Tỷ số Nợ trên Tổng tài sản,0.39,Tỷ số Nợ vay trên Vốn chủ sở hữu,,48.93617021276595,288.88888888888886,-14.28571428571429,-53.84615384615385,CURRENT,COMPLETE,,,,YES
TDM,Nước,NORMAL,2026Q2,2026,Q2,291288,False,Chưa kiểm toán,3566.0,Tổng cộng tài sản,2566.0,Vốn chủ sở hữu,1402.93,Thu nhập trên mỗi cổ phần của 4 quý gần nhất (EPS),23094.0,Giá trị sổ sách của cổ phiếu (BVPS),40.63,Chỉ số giá thị trường trên thu nhập (P/E),2.47,Chỉ số giá thị trường trên giá trị sổ sách (P/B),0.76,Tỷ suất lợi nhuận trên vốn chủ sở hữu bình quân (ROEA),0.57,Tỷ suất sinh lợi trên tổng tài sản bình quân (ROAA),90.0,Doanh thu thuần về bán hàng và cung cấp dịch vụ,43.0,Lợi nhuận gộp về bán hàng và cung cấp dịch vụ,23.0,Tổng lợi nhuận kế toán trước thuế,20.0,Lợi nhuận sau thuế thu nhập doanh nghiệp,20.0,Lợi nhuận sau thuế của cổ đông Công ty mẹ,1001.0,Nợ phải trả,48.43,Tỷ suất lợi nhuận gộp biên,22.22,Tỷ suất sinh lợi trên doanh thu thuần,28.06,Tỷ số Nợ trên Tổng tài sản,33.66,Tỷ số Nợ vay trên Vốn chủ sở hữu,,15.384615384615374,-9.999999999999998,-83.60655737704919,-62.264150943396224,CURRENT,COMPLETE,,,,YES
TDT,Dệt may,NORMAL,2026Q2,2026,Q2,291988,False,Chưa kiểm toán,710.0,Tổng cộng tài sản,282.0,Vốn chủ sở hữu,956.94,Thu nhập trên mỗi cổ phần của 4 quý gần nhất (EPS),11805.0,Giá trị sổ sách của cổ phiếu (BVPS),7.42,Chỉ số giá thị trường trên thu nhập (P/E),0.6,Chỉ số giá thị trường trên giá trị sổ sách (P/B),1.26,Tỷ suất lợi nhuận trên vốn chủ sở hữu bình quân (ROEA),0.52,Tỷ suất sinh lợi trên tổng tài sản bình quân (ROAA),188.0,Doanh thu thuần về bán hàng và cung cấp dịch vụ,45.0,Lợi nhuận gộp về bán hàng và cung cấp dịch vụ,4.0,Tổng lợi nhuận kế toán trước thuế,4.0,Lợi nhuận sau thuế thu nhập doanh nghiệp,4.0,Lợi nhuận sau thuế của cổ đông Công ty mẹ,428.0,Nợ phải trả,24.01,Tỷ suất lợi nhuận gộp biên,1.91,Tỷ suất sinh lợi trên doanh thu thuần,60.27,Tỷ số Nợ trên Tổng tài sản,132.83,Tỷ số Nợ vay trên Vốn chủ sở hữu,,-0.5291005291005346,0.5347593582887722,0.0,100.0,CURRENT,COMPLETE,,,,YES
TEG,Thương mại & Phân phối,NORMAL,2026Q2,2026,Q2,293565,True,Chưa kiểm toán,1854.0,Tổng cộng tài sản,1467.0,Vốn chủ sở hữu,110.67,Thu nhập trên mỗi cổ phần của 4 quý gần nhất (EPS),12145.0,Giá trị sổ sách của cổ phiếu (BVPS),53.31,Chỉ số giá thị trường trên thu nhập (P/E),0.49,Chỉ số giá thị trường trên giá trị sổ sách (P/B),-0.42,Tỷ suất lợi nhuận trên vốn chủ sở hữu bình quân (ROEA),-0.33,Tỷ suất sinh lợi trên tổng tài sản bình quân (ROAA),9.0,Doanh thu thuần về bán hàng và cung cấp dịch vụ,3.0,Lợi nhuận gộp về bán hàng và cung cấp dịch vụ,-3.0,Tổng lợi nhuận kế toán trước thuế,-5.0,Lợi nhuận sau thuế thu nhập doanh nghiệp,-6.0,Lợi nhuận sau thuế của cổ đông Công ty mẹ,387.0,Nợ phải trả,30.3,Tỷ suất lợi nhuận gộp biên,-56.69,Tỷ suất sinh lợi trên doanh thu thuần,20.87,Tỷ số Nợ trên Tổng tài sản,16.3,Tỷ số Nợ vay trên Vốn chủ sở hữu,,-9.999999999999998,-40.0,-700.0,500.0,CURRENT,COMPLETE,,,,YES
TGP,Thiết bị điện,NORMAL,2026Q2,2026,Q2,292442,False,Chưa kiểm toán,295.0,Tổng cộng tài sản,173.0,Vốn chủ sở hữu,1245.09,Thu nhập trên mỗi cổ phần của 4 quý gần nhất (EPS),13219.0,Giá trị sổ sách của cổ phiếu (BVPS),4.74,Chỉ số giá thị trường trên thu nhập (P/E),0.45,Chỉ số giá thị trường trên giá trị sổ sách (P/B),8.57,Tỷ suất lợi nhuận trên vốn chủ sở hữu bình quân (ROEA),5.9,Tỷ suất sinh lợi trên tổng tài sản bình quân (ROAA),146.0,Doanh thu thuần về bán hàng và cung cấp dịch vụ,22.0,Lợi nhuận gộp về bán hàng và cung cấp dịch vụ,17.0,Tổng lợi nhuận kế toán trước thuế,14.0,Lợi nhuận sau thuế thu nhập doanh nghiệp,14.0,Lợi nhuận sau thuế của cổ đông Công ty mẹ,122.0,Nợ phải trả,15.08,Tỷ suất lợi nhuận gộp biên,9.72,Tỷ suất sinh lợi trên doanh thu thuần,41.28,Tỷ số Nợ trên Tổng tài sản,55.28,Tỷ số Nợ vay trên Vốn chủ sở hữu,,53.68421052631578,,1300.0,,CURRENT,COMPLETE,,,,YES
THD,Thương mại & Phân phối,NORMAL,2026Q2,2026,Q2,293573,False,Chưa kiểm toán,5400.0,Tổng cộng tài sản,5063.0,Vốn chủ sở hữu,475.93,Thu nhập trên mỗi cổ phần của 4 quý gần nhất (EPS),13151.0,Giá trị sổ sách của cổ phiếu (BVPS),344.38,Chỉ số giá thị trường trên thu nhập (P/E),12.46,Chỉ số giá thị trường trên giá trị sổ sách (P/B),2.13,Tỷ suất lợi nhuận trên vốn chủ sở hữu bình quân (ROEA),2.03,Tỷ suất sinh lợi trên tổng tài sản bình quân (ROAA),333.0,Doanh thu thuần về bán hàng và cung cấp dịch vụ,32.0,Lợi nhuận gộp về bán hàng và cung cấp dịch vụ,83.0,Tổng lợi nhuận kế toán trước thuế,71.0,Lợi nhuận sau thuế thu nhập doanh nghiệp,101.0,Lợi nhuận sau thuế của cổ đông Công ty mẹ,337.0,Nợ phải trả,9.53,Tỷ suất lợi nhuận gộp biên,21.36,Tỷ suất sinh lợi trên doanh thu thuần,6.24,Tỷ số Nợ trên Tổng tài sản,,,,39.915966386554615,8.469055374592838,236.66666666666666,339.1304347826087,CURRENT,COMPLETE,,,,YES
THG,Vật liệu xây dựng,NORMAL,2026Q2,2026,Q2,292168,True,Chưa kiểm toán,2355.0,Tổng cộng tài sản,778.0,Vốn chủ sở hữu,4802.08,Thu nhập trên mỗi cổ phần của 4 quý gần nhất (EPS),22120.0,Giá trị sổ sách của cổ phiếu (BVPS),7.06,Chỉ số giá thị trường trên thu nhập (P/E),1.53,Chỉ số giá thị trường trên giá trị sổ sách (P/B),3.56,Tỷ suất lợi nhuận trên vốn chủ sở hữu bình quân (ROEA),1.19,Tỷ suất sinh lợi trên tổng tài sản bình quân (ROAA),556.0,Doanh thu thuần về bán hàng và cung cấp dịch vụ,118.0,Lợi nhuận gộp về bán hàng và cung cấp dịch vụ,34.0,Tổng lợi nhuận kế toán trước thuế,29.0,Lợi nhuận sau thuế thu nhập doanh nghiệp,28.0,Lợi nhuận sau thuế của cổ đông Công ty mẹ,1576.0,Nợ phải trả,21.23,Tỷ suất lợi nhuận gộp biên,5.13,Tỷ suất sinh lợi trên doanh thu thuần,66.95,Tỷ số Nợ trên Tổng tài sản,78.39,Tỷ số Nợ vay trên Vốn chủ sở hữu,,24.384787472035786,-11.040000000000006,-12.5,-31.707317073170728,CURRENT,COMPLETE,,,,YES
THN,Nước,NORMAL,2026Q2,2026,Q2,291381,False,Chưa kiểm toán,781.0,Tổng cộng tài sản,413.0,Vốn chủ sở hữu,1937.28,Thu nhập trên mỗi cổ phần của 4 quý gần nhất (EPS),12503.0,Giá trị sổ sách của cổ phiếu (BVPS),1.96,Chỉ số giá thị trường trên thu nhập (P/E),0.3,Chỉ số giá thị trường trên giá trị sổ sách (P/B),4.11,Tỷ suất lợi nhuận trên vốn chủ sở hữu bình quân (ROEA),2.34,Tỷ suất sinh lợi trên tổng tài sản bình quân (ROAA),134.0,Doanh thu thuần về bán hàng và cung cấp dịch vụ,43.0,Lợi nhuận gộp về bán hàng và cung cấp dịch vụ,20.0,Tổng lợi nhuận kế toán trước thuế,18.0,Lợi nhuận sau thuế thu nhập doanh nghiệp,18.0,Lợi nhuận sau thuế của cổ đông Công ty mẹ,368.0,Nợ phải trả,32.07,Tỷ suất lợi nhuận gộp biên,13.24,Tỷ suất sinh lợi trên doanh thu thuần,47.16,Tỷ số Nợ trên Tổng tài sản,40.27,Tỷ số Nợ vay trên Vốn chủ sở hữu,,16.521739130434774,10.743801652892571,63.63636363636365,0.0,CURRENT,COMPLETE,,,,YES
THP,Thực phẩm & đồ uống,NORMAL,2026Q2,2026,Q2,295180,False,Chưa kiểm toán,1956.0,Tổng cộng tài sản,393.0,Vốn chủ sở hữu,1966.82,Thu nhập trên mỗi cổ phần của 4 quý gần nhất (EPS),18178.0,Giá trị sổ sách của cổ phiếu (BVPS),4.83,Chỉ số giá thị trường trên thu nhập (P/E),0.52,Chỉ số giá thị trường trên giá trị sổ sách (P/B),3.46,Tỷ suất lợi nhuận trên vốn chủ sở hữu bình quân (ROEA),0.79,Tỷ suất sinh lợi trên tổng tài sản bình quân (ROAA),697.0,Doanh thu thuần về bán hàng và cung cấp dịch vụ,90.0,Lợi nhuận gộp về bán hàng và cung cấp dịch vụ,15.0,Tổng lợi nhuận kế toán trước thuế,13.0,Lợi nhuận sau thuế thu nhập doanh nghiệp,13.0,Lợi nhuận sau thuế của cổ đông Công ty mẹ,1563.0,Nợ phải trả,12.93,Tỷ suất lợi nhuận gộp biên,1.91,Tỷ suất sinh lợi trên doanh thu thuần,79.92,Tỷ số Nợ trên Tổng tài sản,347.91,Tỷ số Nợ vay trên Vốn chủ sở hữu,,6.412213740458017,-11.994949494949491,225.0,18.181818181818187,CURRENT,COMPLETE,,,,YES
THT,Dầu khí,NORMAL,2026Q2,2026,Q2,292404,False,Chưa kiểm toán,2641.0,Tổng cộng tài sản,354.0,Vốn chủ sở hữu,3151.92,Thu nhập trên mỗi cổ phần của 4 quý gần nhất (EPS),14426.0,Giá trị sổ sách của cổ phiếu (BVPS),2.57,Chỉ số giá thị trường trên thu nhập (P/E),0.56,Chỉ số giá thị trường trên giá trị sổ sách (P/B),2.01,Tỷ suất lợi nhuận trên vốn chủ sở hữu bình quân (ROEA),0.3,Tỷ suất sinh lợi trên tổng tài sản bình quân (ROAA),2283.0,Doanh thu thuần về bán hàng và cung cấp dịch vụ,52.0,Lợi nhuận gộp về bán hàng và cung cấp dịch vụ,9.0,Tổng lợi nhuận kế toán trước thuế,7.0,Lợi nhuận sau thuế thu nhập doanh nghiệp,7.0,Lợi nhuận sau thuế của cổ đông Công ty mẹ,2286.0,Nợ phải trả,2.26,Tỷ suất lợi nhuận gộp biên,0.32,Tỷ suất sinh lợi trên doanh thu thuần,86.58,Tỷ số Nợ trên Tổng tài sản,124.12,Tỷ số Nợ vay trên Vốn chủ sở hữu,,181.85185185185185,93.47457627118645,-22.22222222222222,-78.125,CURRENT,COMPLETE,,,,YES
TID,Thực phẩm & đồ uống,NORMAL,2026Q2,2026,Q2,293857,True,Chưa kiểm toán,18606.0,Tổng cộng tài sản,4831.0,Vốn chủ sở hữu,886.04,Thu nhập trên mỗi cổ phần của 4 quý gần nhất (EPS),24156.0,Giá trị sổ sách của cổ phiếu (BVPS),22.8,Chỉ số giá thị trường trên thu nhập (P/E),0.84,Chỉ số giá thị trường trên giá trị sổ sách (P/B),-0.99,Tỷ suất lợi nhuận trên vốn chủ sở hữu bình quân (ROEA),-0.26,Tỷ suất sinh lợi trên tổng tài sản bình quân (ROAA),3673.0,Doanh thu thuần về bán hàng và cung cấp dịch vụ,197.0,Lợi nhuận gộp về bán hàng và cung cấp dịch vụ,14.0,Tổng lợi nhuận kế toán trước thuế,-13.0,Lợi nhuận sau thuế thu nhập doanh nghiệp,-48.0,Lợi nhuận sau thuế của cổ đông Công ty mẹ,13774.0,Nợ phải trả,5.35,Tỷ suất lợi nhuận gộp biên,-0.35,Tỷ suất sinh lợi trên doanh thu thuần,74.03,Tỷ số Nợ trên Tổng tài sản,78.25,Tỷ số Nợ vay trên Vốn chủ sở hữu,,10.966767371601204,3.2321528948847655,-139.6694214876033,-119.75308641975309,CURRENT,COMPLETE,,,,YES
TIN,Ngân hàng,BANK,2026Q2,2026,Q2,291897,False,Chưa kiểm toán,23216.0,Tổng cộng tài sản,2832.0,Vốn và các quỹ,17833.7,Thu nhập trên mỗi cổ phần của 4 quý gần nhất (EPS),31058.35,Giá trị sổ sách của cổ phiếu (BVPS),6.94,Chỉ số giá thị trường trên thu nhập (P/E),3.99,Chỉ số giá thị trường trên giá trị sổ sách (P/B),14.23,Tỷ suất lợi nhuận trên vốn chủ sở hữu bình quân (ROEA),1.76,Tỷ suất sinh lợi trên tổng tài sản bình quân (ROAA),1772.0,Thu nhập lãi thuần,,,472.0,Tổng lợi nhuận trước thuế,377.0,Lợi nhuận sau thuế,377.0,Lợi nhuận sau thuế của cổ đông của Ngân hàng mẹ,23216.0,Tổng nợ phải trả và vốn chủ sở hữu,,,,,,,,,,18.054630246502335,176.44305772230888,-18.398268398268403,80.38277511961722,CURRENT,COMPLETE,,,,YES
TIP,Bất động sản,NORMAL,2026Q2,2026,Q2,292621,True,Chưa kiểm toán,2212.0,Tổng cộng tài sản,1974.0,Vốn chủ sở hữu,3384.45,Thu nhập trên mỗi cổ phần của 4 quý gần nhất (EPS),30372.0,Giá trị sổ sách của cổ phiếu (BVPS),5.33,Chỉ số giá thị trường trên thu nhập (P/E),0.59,Chỉ số giá thị trường trên giá trị sổ sách (P/B),2.95,Tỷ suất lợi nhuận trên vốn chủ sở hữu bình quân (ROEA),2.62,Tỷ suất sinh lợi trên tổng tài sản bình quân (ROAA),38.0,Doanh thu thuần về bán hàng và cung cấp dịch vụ,25.0,Lợi nhuận gộp về bán hàng và cung cấp dịch vụ,72.0,Tổng lợi nhuận kế toán trước thuế,58.0,Lợi nhuận sau thuế thu nhập doanh nghiệp,58.0,Lợi nhuận sau thuế của cổ đông Công ty mẹ,237.0,Nợ phải trả,64.53,Tỷ suất lợi nhuận gộp biên,152.53,Tỷ suất sinh lợi trên doanh thu thuần,10.72,Tỷ số Nợ trên Tổng tài sản,,,,15.15151515151516,5.555555555555558,56.75675675675676,-18.309859154929576,CURRENT,COMPLETE,,,,YES
TIS,Kim loại & Khoáng sản,NORMAL,2026Q2,2026,Q2,291125,True,Chưa kiểm toán,10802.0,Tổng cộng tài sản,1508.0,Vốn chủ sở hữu,100.99,Thu nhập trên mỗi cổ phần của 4 quý gần nhất (EPS),8197.0,Giá trị sổ sách của cổ phiếu (BVPS),43.57,Chỉ số giá thị trường trên thu nhập (P/E),0.54,Chỉ số giá thị trường trên giá trị sổ sách (P/B),0.55,Tỷ suất lợi nhuận trên vốn chủ sở hữu bình quân (ROEA),0.08,Tỷ suất sinh lợi trên tổng tài sản bình quân (ROAA),3260.0,Doanh thu thuần về bán hàng và cung cấp dịch vụ,135.0,Lợi nhuận gộp về bán hàng và cung cấp dịch vụ,13.0,Tổng lợi nhuận kế toán trước thuế,8.0,Lợi nhuận sau thuế thu nhập doanh nghiệp,8.0,Lợi nhuận sau thuế của cổ đông Công ty mẹ,9294.0,Nợ phải trả,4.14,Tỷ suất lợi nhuận gộp biên,0.25,Tỷ suất sinh lợi trên doanh thu thuần,86.04,Tỷ số Nợ trên Tổng tài sản,291.14,Tỷ số Nợ vay trên Vốn chủ sở hữu,,-10.488742449203736,-4.08943807002059,-46.666666666666664,-42.85714285714286,CURRENT,COMPLETE,,,,YES
TIX,Bất động sản,NORMAL,2026Q2,2026,Q2,288202,False,Chưa kiểm toán,1228.0,Tổng cộng tài sản,849.0,Vốn chủ sở hữu,4176.09,Thu nhập trên mỗi cổ phần của 4 quý gần nhất (EPS),28294.0,Giá trị sổ sách của cổ phiếu (BVPS),9.2,Chỉ số giá thị trường trên thu nhập (P/E),1.36,Chỉ số giá thị trường trên giá trị sổ sách (P/B),3.95,Tỷ suất lợi nhuận trên vốn chủ sở hữu bình quân (ROEA),2.77,Tỷ suất sinh lợi trên tổng tài sản bình quân (ROAA),62.0,Doanh thu thuần về bán hàng và cung cấp dịch vụ,52.0,Lợi nhuận gộp về bán hàng và cung cấp dịch vụ,43.0,Tổng lợi nhuận kế toán trước thuế,34.0,Lợi nhuận sau thuế thu nhập doanh nghiệp,34.0,Lợi nhuận sau thuế của cổ đông Công ty mẹ,379.0,Nợ phải trả,84.33,Tỷ suất lợi nhuận gộp biên,54.43,Tỷ suất sinh lợi trên doanh thu thuần,30.88,Tỷ số Nợ trên Tổng tài sản,,,,6.896551724137923,8.771929824561408,9.677419354838701,25.92592592592593,CURRENT,COMPLETE,,,,YES
TLD,Vật liệu xây dựng,NORMAL,2026Q2,2026,Q2,293564,True,Chưa kiểm toán,1490.0,Tổng cộng tài sản,1057.0,Vốn chủ sở hữu,1254.96,Thu nhập trên mỗi cổ phần của 4 quý gần nhất (EPS),13592.0,Giá trị sổ sách của cổ phiếu (BVPS),6.79,Chỉ số giá thị trường trên thu nhập (P/E),0.63,Chỉ số giá thị trường trên giá trị sổ sách (P/B),1.2,Tỷ suất lợi nhuận trên vốn chủ sở hữu bình quân (ROEA),0.86,Tỷ suất sinh lợi trên tổng tài sản bình quân (ROAA),171.0,Doanh thu thuần về bán hàng và cung cấp dịch vụ,29.0,Lợi nhuận gộp về bán hàng và cung cấp dịch vụ,16.0,Tổng lợi nhuận kế toán trước thuế,14.0,Lợi nhuận sau thuế thu nhập doanh nghiệp,13.0,Lợi nhuận sau thuế của cổ đông Công ty mẹ,433.0,Nợ phải trả,16.77,Tỷ suất lợi nhuận gộp biên,8.1,Tỷ suất sinh lợi trên doanh thu thuần,29.08,Tỷ số Nợ trên Tổng tài sản,30.3,Tỷ số Nợ vay trên Vốn chủ sở hữu,,-18.571428571428573,-3.93258426966292,-51.85185185185186,116.66666666666666,CURRENT,COMPLETE,,,,YES
TLG,Hàng tiêu dùng lâu bền,NORMAL,2026Q2,2026,Q2,292932,True,Chưa kiểm toán,3790.0,Tổng cộng tài sản,2545.0,Vốn chủ sở hữu,5072.22,Thu nhập trên mỗi cổ phần của 4 quý gần nhất (EPS),26367.0,Giá trị sổ sách của cổ phiếu (BVPS),9.69,Chỉ số giá thị trường trên thu nhập (P/E),1.86,Chỉ số giá thị trường trên giá trị sổ sách (P/B),8.07,Tỷ suất lợi nhuận trên vốn chủ sở hữu bình quân (ROEA),5.52,Tỷ suất sinh lợi trên tổng tài sản bình quân (ROAA),1354.0,Doanh thu thuần về bán hàng và cung cấp dịch vụ,684.0,Lợi nhuận gộp về bán hàng và cung cấp dịch vụ,253.0,Tổng lợi nhuận kế toán trước thuế,199.0,Lợi nhuận sau thuế thu nhập doanh nghiệp,199.0,Lợi nhuận sau thuế của cổ đông Công ty mẹ,1245.0,Nợ phải trả,50.52,Tỷ suất lợi nhuận gộp biên,14.72,Tỷ suất sinh lợi trên doanh thu thuần,32.84,Tỷ số Nợ trên Tổng tài sản,23.23,Tỷ số Nợ vay trên Vốn chủ sở hữu,,35.400000000000006,8.6677367576244,71.55172413793103,-10.76233183856502,CURRENT,COMPLETE,,,,YES
TLH,Kim loại & Khoáng sản,NORMAL,2026Q2,2026,Q2,292990,True,Chưa kiểm toán,2473.0,Tổng cộng tài sản,1278.0,Vốn chủ sở hữu,107.73,Thu nhập trên mỗi cổ phần của 4 quý gần nhất (EPS),11382.0,Giá trị sổ sách của cổ phiếu (BVPS),40.84,Chỉ số giá thị trường trên thu nhập (P/E),0.39,Chỉ số giá thị trường trên giá trị sổ sách (P/B),0.67,Tỷ suất lợi nhuận trên vốn chủ sở hữu bình quân (ROEA),0.34,Tỷ suất sinh lợi trên tổng tài sản bình quân (ROAA),1052.0,Doanh thu thuần về bán hàng và cung cấp dịch vụ,37.0,Lợi nhuận gộp về bán hàng và cung cấp dịch vụ,8.0,Tổng lợi nhuận kế toán trước thuế,8.0,Lợi nhuận sau thuế thu nhập doanh nghiệp,9.0,Lợi nhuận sau thuế của cổ đông Công ty mẹ,1194.0,Nợ phải trả,3.56,Tỷ suất lợi nhuận gộp biên,0.79,Tỷ suất sinh lợi trên doanh thu thuần,48.3,Tỷ số Nợ trên Tổng tài sản,66.82,Tỷ số Nợ vay trên Vốn chủ sở hữu,,1.9379844961240345,-44.04255319148936,50.0,80.0,CURRENT,COMPLETE,,,,YES
TLP,Thương mại & Phân phối,NORMAL,2026Q2,2026,Q2,295183,True,Chưa kiểm toán,8973.0,Tổng cộng tài sản,2925.0,Vốn chủ sở hữu,970.42,Thu nhập trên mỗi cổ phần của 4 quý gần nhất (EPS),12365.0,Giá trị sổ sách của cổ phiếu (BVPS),6.7,Chỉ số giá thị trường trên thu nhập (P/E),0.53,Chỉ số giá thị trường trên giá trị sổ sách (P/B),1.85,Tỷ suất lợi nhuận trên vốn chủ sở hữu bình quân (ROEA),0.57,Tỷ suất sinh lợi trên tổng tài sản bình quân (ROAA),8469.0,Doanh thu thuần về bán hàng và cung cấp dịch vụ,249.0,Lợi nhuận gộp về bán hàng và cung cấp dịch vụ,64.0,Tổng lợi nhuận kế toán trước thuế,57.0,Lợi nhuận sau thuế thu nhập doanh nghiệp,54.0,Lợi nhuận sau thuế của cổ đông Công ty mẹ,6048.0,Nợ phải trả,2.94,Tỷ suất lợi nhuận gộp biên,0.67,Tỷ suất sinh lợi trên doanh thu thuần,67.4,Tỷ số Nợ trên Tổng tài sản,152.84,Tỷ số Nợ vay trên Vốn chủ sở hữu,,41.95440831377808,68.6044196695202,1.8867924528301883,200.0,CURRENT,COMPLETE,,,,YES
TMP,Điện,NORMAL,2026Q2,2026,Q2,292669,True,Chưa kiểm toán,2201.0,Tổng cộng tài sản,1846.0,Vốn chủ sở hữu,5007.48,Thu nhập trên mỗi cổ phần của 4 quý gần nhất (EPS),26376.0,Giá trị sổ sách của cổ phiếu (BVPS),9.49,Chỉ số giá thị trường trên thu nhập (P/E),1.8,Chỉ số giá thị trường trên giá trị sổ sách (P/B),5.85,Tỷ suất lợi nhuận trên vốn chủ sở hữu bình quân (ROEA),4.89,Tỷ suất sinh lợi trên tổng tài sản bình quân (ROAA),191.0,Doanh thu thuần về bán hàng và cung cấp dịch vụ,104.0,Lợi nhuận gộp về bán hàng và cung cấp dịch vụ,126.0,Tổng lợi nhuận kế toán trước thuế,106.0,Lợi nhuận sau thuế thu nhập doanh nghiệp,105.0,Lợi nhuận sau thuế của cổ đông Công ty mẹ,354.0,Nợ phải trả,54.48,Tỷ suất lợi nhuận gộp biên,55.34,Tỷ suất sinh lợi trên doanh thu thuần,16.1,Tỷ số Nợ trên Tổng tài sản,12.67,Tỷ số Nợ vay trên Vốn chủ sở hữu,,19.375000000000007,2.6881720430107503,64.0625,25.0,CURRENT,COMPLETE,,,,YES
TMS,Cảng & Logistics,NORMAL,2026Q2,2026,Q2,293024,True,Chưa kiểm toán,8836.0,Tổng cộng tài sản,5654.0,Vốn chủ sở hữu,3433.21,Thu nhập trên mỗi cổ phần của 4 quý gần nhất (EPS),32734.0,Giá trị sổ sách của cổ phiếu (BVPS),10.91,Chỉ số giá thị trường trên thu nhập (P/E),1.14,Chỉ số giá thị trường trên giá trị sổ sách (P/B),5.41,Tỷ suất lợi nhuận trên vốn chủ sở hữu bình quân (ROEA),3.37,Tỷ suất sinh lợi trên tổng tài sản bình quân (ROAA),958.0,Doanh thu thuần về bán hàng và cung cấp dịch vụ,167.0,Lợi nhuận gộp về bán hàng và cung cấp dịch vụ,379.0,Tổng lợi nhuận kế toán trước thuế,316.0,Lợi nhuận sau thuế thu nhập doanh nghiệp,299.0,Lợi nhuận sau thuế của cổ đông Công ty mẹ,3182.0,Nợ phải trả,17.46,Tỷ suất lợi nhuận gộp biên,33.03,Tỷ suất sinh lợi trên doanh thu thuần,36.01,Tỷ số Nợ trên Tổng tài sản,34.67,Tỷ số Nợ vay trên Vốn chủ sở hữu,,21.882951653944026,10.879629629629628,202.02020202020202,218.08510638297872,CURRENT,COMPLETE,,,,YES
TMT,Ô tô & Phụ tùng,NORMAL,2026Q2,2026,Q2,293078,True,Chưa kiểm toán,2158.0,Tổng cộng tài sản,241.0,Vốn chủ sở hữu,1927.14,Thu nhập trên mỗi cổ phần của 4 quý gần nhất (EPS),6530.0,Giá trị sổ sách của cổ phiếu (BVPS),6.17,Chỉ số giá thị trường trên thu nhập (P/E),1.82,Chỉ số giá thị trường trên giá trị sổ sách (P/B),13.98,Tỷ suất lợi nhuận trên vốn chủ sở hữu bình quân (ROEA),1.75,Tỷ suất sinh lợi trên tổng tài sản bình quân (ROAA),592.0,Doanh thu thuần về bán hàng và cung cấp dịch vụ,86.0,Lợi nhuận gộp về bán hàng và cung cấp dịch vụ,32.0,Tổng lợi nhuận kế toán trước thuế,31.0,Lợi nhuận sau thuế thu nhập doanh nghiệp,31.0,Lợi nhuận sau thuế của cổ đông Công ty mẹ,1917.0,Nợ phải trả,14.51,Tỷ suất lợi nhuận gộp biên,5.29,Tỷ suất sinh lợi trên doanh thu thuần,88.84,Tỷ số Nợ trên Tổng tài sản,355.03,Tỷ số Nợ vay trên Vốn chủ sở hữu,,16.30648330058939,6.093189964157708,-3.125,47.61904761904763,CURRENT,COMPLETE,,,,YES
TN1,Bất động sản,NORMAL,2026Q2,2026,Q2,293567,True,Chưa kiểm toán,1962.0,Tổng cộng tài sản,1249.0,Vốn chủ sở hữu,5066.19,Thu nhập trên mỗi cổ phần của 4 quý gần nhất (EPS),20789.0,Giá trị sổ sách của cổ phiếu (BVPS),2.88,Chỉ số giá thị trường trên thu nhập (P/E),0.7,Chỉ số giá thị trường trên giá trị sổ sách (P/B),9.44,Tỷ suất lợi nhuận trên vốn chủ sở hữu bình quân (ROEA),5.93,Tỷ suất sinh lợi trên tổng tài sản bình quân (ROAA),318.0,Doanh thu thuần về bán hàng và cung cấp dịch vụ,116.0,Lợi nhuận gộp về bán hàng và cung cấp dịch vụ,124.0,Tổng lợi nhuận kế toán trước thuế,117.0,Lợi nhuận sau thuế thu nhập doanh nghiệp,114.0,Lợi nhuận sau thuế của cổ đông Công ty mẹ,713.0,Nợ phải trả,36.51,Tỷ suất lợi nhuận gộp biên,36.78,Tỷ suất sinh lợi trên doanh thu thuần,36.33,Tỷ số Nợ trên Tổng tài sản,34.5,Tỷ số Nợ vay trên Vốn chủ sở hữu,,8.904109589041088,41.333333333333336,776.923076923077,570.5882352941177,CURRENT,COMPLETE,,,,YES
TNH,Dược & Y tế,NORMAL,2026Q2,2026,Q2,293570,True,Chưa kiểm toán,3024.0,Tổng cộng tài sản,1683.0,Vốn chủ sở hữu,-699.7,Thu nhập trên mỗi cổ phần của 4 quý gần nhất (EPS),10156.0,Giá trị sổ sách của cổ phiếu (BVPS),-11.72,Chỉ số giá thị trường trên thu nhập (P/E),0.81,Chỉ số giá thị trường trên giá trị sổ sách (P/B),-1.41,Tỷ suất lợi nhuận trên vốn chủ sở hữu bình quân (ROEA),-0.8,Tỷ suất sinh lợi trên tổng tài sản bình quân (ROAA),159.0,Doanh thu thuần về bán hàng và cung cấp dịch vụ,12.0,Lợi nhuận gộp về bán hàng và cung cấp dịch vụ,-25.0,Tổng lợi nhuận kế toán trước thuế,-25.0,Lợi nhuận sau thuế thu nhập doanh nghiệp,-24.0,Lợi nhuận sau thuế của cổ đông Công ty mẹ,1341.0,Nợ phải trả,7.79,Tỷ suất lợi nhuận gộp biên,-15.98,Tỷ suất sinh lợi trên doanh thu thuần,44.34,Tỷ số Nợ trên Tổng tài sản,74.54,Tỷ số Nợ vay trên Vốn chủ sở hữu,,35.897435897435905,29.268292682926834,-47.82608695652174,19.999999999999996,CURRENT,COMPLETE,,,,YES
TNS,Kim loại & Khoáng sản,NORMAL,2026Q2,2026,Q2,291248,False,Chưa kiểm toán,300.0,Tổng cộng tài sản,97.0,Vốn chủ sở hữu,294.57,Thu nhập trên mỗi cổ phần của 4 quý gần nhất (EPS),4829.0,Giá trị sổ sách của cổ phiếu (BVPS),12.22,Chỉ số giá thị trường trên thu nhập (P/E),0.75,Chỉ số giá thị trường trên giá trị sổ sách (P/B),3.6,Tỷ suất lợi nhuận trên vốn chủ sở hữu bình quân (ROEA),0.92,Tỷ suất sinh lợi trên tổng tài sản bình quân (ROAA),257.0,Doanh thu thuần về bán hàng và cung cấp dịch vụ,10.0,Lợi nhuận gộp về bán hàng và cung cấp dịch vụ,4.0,Tổng lợi nhuận kế toán trước thuế,3.0,Lợi nhuận sau thuế thu nhập doanh nghiệp,3.0,Lợi nhuận sau thuế của cổ đông Công ty mẹ,204.0,Nợ phải trả,3.71,Tỷ suất lợi nhuận gộp biên,1.33,Tỷ suất sinh lợi trên doanh thu thuần,67.85,Tỷ số Nợ trên Tổng tài sản,34.0,Tỷ số Nợ vay trên Vốn chủ sở hữu,,-37.62135922330098,-10.763888888888884,,0.0,CURRENT,COMPLETE,,,,YES
TNT,Vật liệu xây dựng,NORMAL,2026Q2,2026,Q2,293048,True,Chưa kiểm toán,753.0,Tổng cộng tài sản,681.0,Vốn chủ sở hữu,482.45,Thu nhập trên mỗi cổ phần của 4 quý gần nhất (EPS),13354.0,Giá trị sổ sách của cổ phiếu (BVPS),23.73,Chỉ số giá thị trường trên thu nhập (P/E),0.86,Chỉ số giá thị trường trên giá trị sổ sách (P/B),1.28,Tỷ suất lợi nhuận trên vốn chủ sở hữu bình quân (ROEA),1.03,Tỷ suất sinh lợi trên tổng tài sản bình quân (ROAA),106.0,Doanh thu thuần về bán hàng và cung cấp dịch vụ,23.0,Lợi nhuận gộp về bán hàng và cung cấp dịch vụ,21.0,Tổng lợi nhuận kế toán trước thuế,17.0,Lợi nhuận sau thuế thu nhập doanh nghiệp,9.0,Lợi nhuận sau thuế của cổ đông Công ty mẹ,72.0,Nợ phải trả,21.94,Tỷ suất lợi nhuận gộp biên,15.87,Tỷ suất sinh lợi trên doanh thu thuần,9.56,Tỷ số Nợ trên Tổng tài sản,5.49,Tỷ số Nợ vay trên Vốn chủ sở hữu,,-53.303964757709245,-19.696969696969703,0.0,800.0,CURRENT,COMPLETE,,,,YES
TPC,Bao bì,NORMAL,2026Q2,2026,Q2,292014,True,Chưa kiểm toán,460.0,Tổng cộng tài sản,242.0,Vốn chủ sở hữu,876.35,Thu nhập trên mỗi cổ phần của 4 quý gần nhất (EPS),14418.0,Giá trị sổ sách của cổ phiếu (BVPS),10.86,Chỉ số giá thị trường trên thu nhập (P/E),0.66,Chỉ số giá thị trường trên giá trị sổ sách (P/B),4.06,Tỷ suất lợi nhuận trên vốn chủ sở hữu bình quân (ROEA),2.12,Tỷ suất sinh lợi trên tổng tài sản bình quân (ROAA),134.0,Doanh thu thuần về bán hàng và cung cấp dịch vụ,17.0,Lợi nhuận gộp về bán hàng và cung cấp dịch vụ,10.0,Tổng lợi nhuận kế toán trước thuế,10.0,Lợi nhuận sau thuế thu nhập doanh nghiệp,10.0,Lợi nhuận sau thuế của cổ đông Công ty mẹ,217.0,Nợ phải trả,12.81,Tỷ suất lợi nhuận gộp biên,7.2,Tỷ suất sinh lợi trên doanh thu thuần,47.28,Tỷ số Nợ trên Tổng tài sản,77.55,Tỷ số Nợ vay trên Vốn chủ sở hữu,,21.818181818181827,11.66666666666667,400.0,400.0,CURRENT,COMPLETE,,,,YES
TPP,Bao bì,NORMAL,2026Q2,2026,Q2,292077,False,Chưa kiểm toán,3241.0,Tổng cộng tài sản,989.0,Vốn chủ sở hữu,4091.85,Thu nhập trên mỗi cổ phần của 4 quý gần nhất (EPS),15730.0,Giá trị sổ sách của cổ phiếu (BVPS),2.4,Chỉ số giá thị trường trên thu nhập (P/E),0.62,Chỉ số giá thị trường trên giá trị sổ sách (P/B),1.69,Tỷ suất lợi nhuận trên vốn chủ sở hữu bình quân (ROEA),0.52,Tỷ suất sinh lợi trên tổng tài sản bình quân (ROAA),881.0,Doanh thu thuần về bán hàng và cung cấp dịch vụ,132.0,Lợi nhuận gộp về bán hàng và cung cấp dịch vụ,21.0,Tổng lợi nhuận kế toán trước thuế,17.0,Lợi nhuận sau thuế thu nhập doanh nghiệp,17.0,Lợi nhuận sau thuế của cổ đông Công ty mẹ,2252.0,Nợ phải trả,14.97,Tỷ suất lợi nhuận gộp biên,1.88,Tỷ suất sinh lợi trên doanh thu thuần,69.48,Tỷ số Nợ trên Tổng tài sản,186.16,Tỷ số Nợ vay trên Vốn chủ sở hữu,,16.534391534391535,2.5611175785797524,88.88888888888889,-31.999999999999996,CURRENT,COMPLETE,,,,YES
TRA,Dược & Y tế,NORMAL,2026Q2,2026,Q2,293577,True,Chưa kiểm toán,2359.0,Tổng cộng tài sản,1623.0,Vốn chủ sở hữu,6227.7,Thu nhập trên mỗi cổ phần của 4 quý gần nhất (EPS),39151.0,Giá trị sổ sách của cổ phiếu (BVPS),12.72,Chỉ số giá thị trường trên thu nhập (P/E),2.02,Chỉ số giá thị trường trên giá trị sổ sách (P/B),3.61,Tỷ suất lợi nhuận trên vốn chủ sở hữu bình quân (ROEA),2.42,Tỷ suất sinh lợi trên tổng tài sản bình quân (ROAA),737.0,Doanh thu thuần về bán hàng và cung cấp dịch vụ,414.0,Lợi nhuận gộp về bán hàng và cung cấp dịch vụ,84.0,Tổng lợi nhuận kế toán trước thuế,65.0,Lợi nhuận sau thuế thu nhập doanh nghiệp,58.0,Lợi nhuận sau thuế của cổ đông Công ty mẹ,737.0,Nợ phải trả,56.19,Tỷ suất lợi nhuận gộp biên,8.79,Tỷ suất sinh lợi trên doanh thu thuần,31.22,Tỷ số Nợ trên Tổng tài sản,7.96,Tỷ số Nợ vay trên Vốn chủ sở hữu,,16.429699842022117,4.539007092198588,-6.451612903225811,-15.94202898550725,CURRENT,COMPLETE,,,,YES
TRC,Hóa chất,NORMAL,2026Q2,2026,Q2,291105,True,Chưa kiểm toán,2434.0,Tổng cộng tài sản,2242.0,Vốn chủ sở hữu,9942.04,Thu nhập trên mỗi cổ phần của 4 quý gần nhất (EPS),74725.0,Giá trị sổ sách của cổ phiếu (BVPS),8.07,Chỉ số giá thị trường trên thu nhập (P/E),1.07,Chỉ số giá thị trường trên giá trị sổ sách (P/B),1.88,Tỷ suất lợi nhuận trên vốn chủ sở hữu bình quân (ROEA),1.74,Tỷ suất sinh lợi trên tổng tài sản bình quân (ROAA),127.0,Doanh thu thuần về bán hàng và cung cấp dịch vụ,43.0,Lợi nhuận gộp về bán hàng và cung cấp dịch vụ,46.0,Tổng lợi nhuận kế toán trước thuế,42.0,Lợi nhuận sau thuế thu nhập doanh nghiệp,42.0,Lợi nhuận sau thuế của cổ đông Công ty mẹ,192.0,Nợ phải trả,33.58,Tỷ suất lợi nhuận gộp biên,33.09,Tỷ suất sinh lợi trên doanh thu thuần,7.88,Tỷ số Nợ trên Tổng tài sản,,,,-53.81818181818182,-3.7878787878787845,-58.00000000000001,19.999999999999996,CURRENT,COMPLETE,,,,YES
TRV,Cảng & Logistics,NORMAL,2026Q2,2026,Q2,292593,False,Chưa kiểm toán,2523.0,Tổng cộng tài sản,867.0,Vốn chủ sở hữu,662.69,Thu nhập trên mỗi cổ phần của 4 quý gần nhất (EPS),6647.0,Giá trị sổ sách của cổ phiếu (BVPS),17.81,Chỉ số giá thị trường trên thu nhập (P/E),1.78,Chỉ số giá thị trường trên giá trị sổ sách (P/B),9.12,Tỷ suất lợi nhuận trên vốn chủ sở hữu bình quân (ROEA),3.17,Tỷ suất sinh lợi trên tổng tài sản bình quân (ROAA),1565.0,Doanh thu thuần về bán hàng và cung cấp dịch vụ,180.0,Lợi nhuận gộp về bán hàng và cung cấp dịch vụ,76.0,Tổng lợi nhuận kế toán trước thuế,76.0,Lợi nhuận sau thuế thu nhập doanh nghiệp,76.0,Lợi nhuận sau thuế của cổ đông Công ty mẹ,1657.0,Nợ phải trả,11.47,Tỷ suất lợi nhuận gộp biên,4.83,Tỷ suất sinh lợi trên doanh thu thuần,65.65,Tỷ số Nợ trên Tổng tài sản,72.79,Tỷ số Nợ vay trên Vốn chủ sở hữu,,12.752161383285298,9.517144856543048,72.72727272727273,16.92307692307693,CURRENT,COMPLETE,,,,YES
TS3,Xây dựng,NORMAL,2017Q2,2017,Q2,112924,False,Chưa kiểm toán,262.0,Tổng cộng tài sản,31.0,Vốn chủ sở hữu,210.88,Thu nhập trên mỗi cổ phần của 4 quý gần nhất (EPS),11073.93,Giá trị sổ sách của cổ phiếu (BVPS),0.0,Chỉ số giá thị trường trên thu nhập (P/E),0.0,Chỉ số giá thị trường trên giá trị sổ sách (P/B),3.84,Tỷ suất lợi nhuận trên vốn chủ sở hữu bình quân (ROEA),0.46,Tỷ suất sinh lợi trên tổng tài sản bình quân (ROAA),119.0,Doanh thu thuần về bán hàng và cung cấp dịch vụ,8.0,Lợi nhuận gộp về bán hàng và cung cấp dịch vụ,1.0,Tổng lợi nhuận kế toán trước thuế,1.0,Lợi nhuận sau thuế thu nhập doanh nghiệp,1.0,Lợi nhuận sau thuế của cổ đông Công ty mẹ,230.0,Nợ phải trả,6.69,Tỷ suất lợi nhuận gộp biên,0.51,Tỷ suất sinh lợi trên doanh thu thuần,87.98,Tỷ số Nợ trên Tổng tài sản,317.29,Tỷ số Nợ vay trên Vốn chủ sở hữu,,,,,,STALE,COMPLETE,,,,REVIEW
TSA,Xây dựng,NORMAL,2026Q2,2026,Q2,291645,False,Chưa kiểm toán,726.0,Tổng cộng tài sản,432.0,Vốn chủ sở hữu,746.74,Thu nhập trên mỗi cổ phần của 4 quý gần nhất (EPS),10698.0,Giá trị sổ sách của cổ phiếu (BVPS),20.62,Chỉ số giá thị trường trên thu nhập (P/E),1.44,Chỉ số giá thị trường trên giá trị sổ sách (P/B),1.63,Tỷ suất lợi nhuận trên vốn chủ sở hữu bình quân (ROEA),1.06,Tỷ suất sinh lợi trên tổng tài sản bình quân (ROAA),180.0,Doanh thu thuần về bán hàng và cung cấp dịch vụ,20.0,Lợi nhuận gộp về bán hàng và cung cấp dịch vụ,9.0,Tổng lợi nhuận kế toán trước thuế,7.0,Lợi nhuận sau thuế thu nhập doanh nghiệp,7.0,Lợi nhuận sau thuế của cổ đông Công ty mẹ,294.0,Nợ phải trả,11.19,Tỷ suất lợi nhuận gộp biên,3.97,Tỷ suất sinh lợi trên doanh thu thuần,40.45,Tỷ số Nợ trên Tổng tài sản,26.28,Tỷ số Nợ vay trên Vốn chủ sở hữu,,0.0,-15.492957746478876,0.0,-22.22222222222222,CURRENT,COMPLETE,,,,YES
TSB,Thiết bị điện,NORMAL,2026Q2,2026,Q2,292036,False,Chưa kiểm toán,138.0,Tổng cộng tài sản,74.0,Vốn chủ sở hữu,-206.72,Thu nhập trên mỗi cổ phần của 4 quý gần nhất (EPS),10985.0,Giá trị sổ sách của cổ phiếu (BVPS),-96.75,Chỉ số giá thị trường trên thu nhập (P/E),1.82,Chỉ số giá thị trường trên giá trị sổ sách (P/B),-2.5,Tỷ suất lợi nhuận trên vốn chủ sở hữu bình quân (ROEA),-1.41,Tỷ suất sinh lợi trên tổng tài sản bình quân (ROAA),42.0,Doanh thu thuần về bán hàng và cung cấp dịch vụ,4.0,Lợi nhuận gộp về bán hàng và cung cấp dịch vụ,-2.0,Tổng lợi nhuận kế toán trước thuế,-2.0,Lợi nhuận sau thuế thu nhập doanh nghiệp,-2.0,Lợi nhuận sau thuế của cổ đông Công ty mẹ,64.0,Nợ phải trả,10.04,Tỷ suất lợi nhuận gộp biên,-4.45,Tỷ suất sinh lợi trên doanh thu thuần,46.2,Tỷ số Nợ trên Tổng tài sản,59.26,Tỷ số Nợ vay trên Vốn chủ sở hữu,,-4.545454545454541,-27.586206896551722,100.0,,CURRENT,COMPLETE,,,,YES
TSC,Thương mại & Phân phối,NORMAL,2026Q2,2026,Q2,293607,True,Chưa kiểm toán,3950.0,Tổng cộng tài sản,2482.0,Vốn chủ sở hữu,-183.08,Thu nhập trên mỗi cổ phần của 4 quý gần nhất (EPS),12609.0,Giá trị sổ sách của cổ phiếu (BVPS),-12.45,Chỉ số giá thị trường trên thu nhập (P/E),0.18,Chỉ số giá thị trường trên giá trị sổ sách (P/B),-0.18,Tỷ suất lợi nhuận trên vốn chủ sở hữu bình quân (ROEA),-0.11,Tỷ suất sinh lợi trên tổng tài sản bình quân (ROAA),197.0,Doanh thu thuần về bán hàng và cung cấp dịch vụ,55.0,Lợi nhuận gộp về bán hàng và cung cấp dịch vụ,-5.0,Tổng lợi nhuận kế toán trước thuế,-8.0,Lợi nhuận sau thuế thu nhập doanh nghiệp,-5.0,Lợi nhuận sau thuế của cổ đông Công ty mẹ,1468.0,Nợ phải trả,27.63,Tỷ suất lợi nhuận gộp biên,-3.82,Tỷ suất sinh lợi trên doanh thu thuần,37.16,Tỷ số Nợ trên Tổng tài sản,53.78,Tỷ số Nợ vay trên Vốn chủ sở hữu,,25.47770700636942,-4.3689320388349495,-54.54545454545454,-600.0,CURRENT,COMPLETE,,,,YES
TSJ,Du lịch & Giải trí,NORMAL,2026Q2,2026,Q2,291864,False,Chưa kiểm toán,1222.0,Tổng cộng tài sản,1042.0,Vốn chủ sở hữu,3903.83,Thu nhập trên mỗi cổ phần của 4 quý gần nhất (EPS),13929.0,Giá trị sổ sách của cổ phiếu (BVPS),6.28,Chỉ số giá thị trường trên thu nhập (P/E),1.76,Chỉ số giá thị trường trên giá trị sổ sách (P/B),25.75,Tỷ suất lợi nhuận trên vốn chủ sở hữu bình quân (ROEA),23.16,Tỷ suất sinh lợi trên tổng tài sản bình quân (ROAA),36.0,Doanh thu thuần về bán hàng và cung cấp dịch vụ,9.0,Lợi nhuận gộp về bán hàng và cung cấp dịch vụ,297.0,Tổng lợi nhuận kế toán trước thuế,249.0,Lợi nhuận sau thuế thu nhập doanh nghiệp,249.0,Lợi nhuận sau thuế của cổ đông Công ty mẹ,180.0,Nợ phải trả,23.95,Tỷ suất lợi nhuận gộp biên,694.46,Tỷ suất sinh lợi trên doanh thu thuần,14.71,Tỷ số Nợ trên Tổng tài sản,,,,43.99999999999999,-2.7027027027026973,2390.0,322.0338983050848,CURRENT,COMPLETE,,,,YES
TTA,Điện,NORMAL,2026Q2,2026,Q2,292619,False,Chưa kiểm toán,4299.0,Tổng cộng tài sản,2470.0,Vốn chủ sở hữu,1975.6,Thu nhập trên mỗi cổ phần của 4 quý gần nhất (EPS),13831.0,Giá trị sổ sách của cổ phiếu (BVPS),5.92,Chỉ số giá thị trường trên thu nhập (P/E),0.85,Chỉ số giá thị trường trên giá trị sổ sách (P/B),2.97,Tỷ suất lợi nhuận trên vốn chủ sở hữu bình quân (ROEA),1.72,Tỷ suất sinh lợi trên tổng tài sản bình quân (ROAA),193.0,Doanh thu thuần về bán hàng và cung cấp dịch vụ,120.0,Lợi nhuận gộp về bán hàng và cung cấp dịch vụ,77.0,Tổng lợi nhuận kế toán trước thuế,73.0,Lợi nhuận sau thuế thu nhập doanh nghiệp,73.0,Lợi nhuận sau thuế của cổ đông Công ty mẹ,1829.0,Nợ phải trả,62.02,Tỷ suất lợi nhuận gộp biên,37.67,Tỷ suất sinh lợi trên doanh thu thuần,42.55,Tỷ số Nợ trên Tổng tài sản,65.98,Tỷ số Nợ vay trên Vốn chủ sở hữu,,12.209302325581394,3.208556149732611,21.666666666666657,12.307692307692308,CURRENT,COMPLETE,,,,YES
TTH,Thương mại & Phân phối,NORMAL,2026Q2,2026,Q2,291383,False,Chưa kiểm toán,468.0,Tổng cộng tài sản,403.0,Vốn chủ sở hữu,81.38,Thu nhập trên mỗi cổ phần của 4 quý gần nhất (EPS),10783.0,Giá trị sổ sách của cổ phiếu (BVPS),28.26,Chỉ số giá thị trường trên thu nhập (P/E),0.21,Chỉ số giá thị trường trên giá trị sổ sách (P/B),1.0,Tỷ suất lợi nhuận trên vốn chủ sở hữu bình quân (ROEA),0.85,Tỷ suất sinh lợi trên tổng tài sản bình quân (ROAA),161.0,Doanh thu thuần về bán hàng và cung cấp dịch vụ,1.0,Lợi nhuận gộp về bán hàng và cung cấp dịch vụ,4.0,Tổng lợi nhuận kế toán trước thuế,4.0,Lợi nhuận sau thuế thu nhập doanh nghiệp,4.0,Lợi nhuận sau thuế của cổ đông Công ty mẹ,65.0,Nợ phải trả,0.46,Tỷ suất lợi nhuận gộp biên,2.49,Tỷ suất sinh lợi trên doanh thu thuần,13.87,Tỷ số Nợ trên Tổng tài sản,,,,13.38028169014085,17.51824817518248,-500.0,300.0,CURRENT,COMPLETE,,,,YES
TTL,Xây dựng,NORMAL,2026Q2,2026,Q2,293863,True,Chưa kiểm toán,4450.0,Tổng cộng tài sản,680.0,Vốn chủ sở hữu,1147.8,Thu nhập trên mỗi cổ phần của 4 quý gần nhất (EPS),16239.0,Giá trị sổ sách của cổ phiếu (BVPS),6.88,Chỉ số giá thị trường trên thu nhập (P/E),0.49,Chỉ số giá thị trường trên giá trị sổ sách (P/B),1.06,Tỷ suất lợi nhuận trên vốn chủ sở hữu bình quân (ROEA),0.18,Tỷ suất sinh lợi trên tổng tài sản bình quân (ROAA),499.0,Doanh thu thuần về bán hàng và cung cấp dịch vụ,61.0,Lợi nhuận gộp về bán hàng và cung cấp dịch vụ,11.0,Tổng lợi nhuận kế toán trước thuế,7.0,Lợi nhuận sau thuế thu nhập doanh nghiệp,7.0,Lợi nhuận sau thuế của cổ đông Công ty mẹ,3770.0,Nợ phải trả,12.29,Tỷ suất lợi nhuận gộp biên,1.31,Tỷ suất sinh lợi trên doanh thu thuần,84.73,Tỷ số Nợ trên Tổng tài sản,155.12,Tỷ số Nợ vay trên Vốn chủ sở hữu,,29.274611398963724,2.6748971193415683,250.0,0.0,CURRENT,COMPLETE,,,,YES
TTN,Viễn thông,NORMAL,2026Q2,2026,Q2,292302,True,Chưa kiểm toán,686.0,Tổng cộng tài sản,492.0,Vốn chủ sở hữu,1869.24,Thu nhập trên mỗi cổ phần của 4 quý gần nhất (EPS),13391.0,Giá trị sổ sách của cổ phiếu (BVPS),7.38,Chỉ số giá thị trường trên thu nhập (P/E),1.03,Chỉ số giá thị trường trên giá trị sổ sách (P/B),3.23,Tỷ suất lợi nhuận trên vốn chủ sở hữu bình quân (ROEA),2.48,Tỷ suất sinh lợi trên tổng tài sản bình quân (ROAA),202.0,Doanh thu thuần về bán hàng và cung cấp dịch vụ,34.0,Lợi nhuận gộp về bán hàng và cung cấp dịch vụ,21.0,Tổng lợi nhuận kế toán trước thuế,16.0,Lợi nhuận sau thuế thu nhập doanh nghiệp,16.0,Lợi nhuận sau thuế của cổ đông Công ty mẹ,194.0,Nợ phải trả,17.04,Tỷ suất lợi nhuận gộp biên,8.1,Tỷ suất sinh lợi trên doanh thu thuần,28.34,Tỷ số Nợ trên Tổng tài sản,,,,121.97802197802199,108.24742268041238,-5.882352941176472,-15.789473684210531,CURRENT,COMPLETE,,,,YES
TTS,Kim loại & Khoáng sản,NORMAL,2026Q2,2026,Q2,291065,False,Chưa kiểm toán,1057.0,Tổng cộng tài sản,305.0,Vốn chủ sở hữu,-41.55,Thu nhập trên mỗi cổ phần của 4 quý gần nhất (EPS),6000.0,Giá trị sổ sách của cổ phiếu (BVPS),-389.94,Chỉ số giá thị trường trên thu nhập (P/E),2.7,Chỉ số giá thị trường trên giá trị sổ sách (P/B),-0.3,Tỷ suất lợi nhuận trên vốn chủ sở hữu bình quân (ROEA),-0.08,Tỷ suất sinh lợi trên tổng tài sản bình quân (ROAA),1603.0,Doanh thu thuần về bán hàng và cung cấp dịch vụ,8.0,Lợi nhuận gộp về bán hàng và cung cấp dịch vụ,-1.0,Tổng lợi nhuận kế toán trước thuế,-1.0,Lợi nhuận sau thuế thu nhập doanh nghiệp,-1.0,Lợi nhuận sau thuế của cổ đông Công ty mẹ,753.0,Nợ phải trả,0.48,Tỷ suất lợi nhuận gộp biên,-0.06,Tỷ suất sinh lợi trên doanh thu thuần,71.17,Tỷ số Nợ trên Tổng tài sản,81.36,Tỷ số Nợ vay trên Vốn chủ sở hữu,,4.361979166666674,1.327433628318575,-50.0,-200.0,CURRENT,COMPLETE,,,,YES
TV1,Dịch vụ công nghiệp,NORMAL,2026Q2,2026,Q2,293897,True,Chưa kiểm toán,1100.0,Tổng cộng tài sản,505.0,Vốn chủ sở hữu,5775.85,Thu nhập trên mỗi cổ phần của 4 quý gần nhất (EPS),18911.0,Giá trị sổ sách của cổ phiếu (BVPS),3.98,Chỉ số giá thị trường trên thu nhập (P/E),1.22,Chỉ số giá thị trường trên giá trị sổ sách (P/B),5.98,Tỷ suất lợi nhuận trên vốn chủ sở hữu bình quân (ROEA),2.93,Tỷ suất sinh lợi trên tổng tài sản bình quân (ROAA),134.0,Doanh thu thuần về bán hàng và cung cấp dịch vụ,48.0,Lợi nhuận gộp về bán hàng và cung cấp dịch vụ,39.0,Tổng lợi nhuận kế toán trước thuế,31.0,Lợi nhuận sau thuế thu nhập doanh nghiệp,31.0,Lợi nhuận sau thuế của cổ đông Công ty mẹ,595.0,Nợ phải trả,35.48,Tỷ suất lợi nhuận gộp biên,23.38,Tỷ suất sinh lợi trên doanh thu thuần,54.1,Tỷ số Nợ trên Tổng tài sản,26.55,Tỷ số Nợ vay trên Vốn chủ sở hữu,,-7.586206896551728,3.875968992248069,-3.125,-3.125,CURRENT,COMPLETE,,,,YES
TVB,Chứng khoán,SECURITIES,2026Q2,2026,Q2,291691,False,Chưa kiểm toán,1109.0,Tổng cộng tài sản,1096.0,Vốn chủ sở hữu,193.47,Thu nhập trên mỗi cổ phần của 4 quý gần nhất (EPS),10043.66,Giá trị sổ sách của cổ phiếu (BVPS),38.66,Chỉ số giá thị trường trên thu nhập (P/E),0.74,Chỉ số giá thị trường trên giá trị sổ sách (P/B),2.45,Tỷ suất lợi nhuận trên vốn chủ sở hữu bình quân (ROEA),2.4,Tỷ suất sinh lợi trên tổng tài sản bình quân (ROAA),11.0,Doanh thu thuần về hoạt động kinh doanh,,,26.0,Tổng lợi nhuận kế toán trước thuế,26.0,Lợi nhuận sau thuế TNDN,26.0,Lợi nhuận sau thuế của cổ đông Công ty mẹ,13.0,Nợ phải trả,,,,,,,,,,-38.888888888888886,120.00000000000001,-229.99999999999997,-196.29629629629628,CURRENT,COMPLETE,,,,YES
TVC,Chứng khoán,SECURITIES,2026Q2,2026,Q2,294258,True,Chưa kiểm toán,1876.0,Tổng cộng tài sản,1628.0,Vốn chủ sở hữu,-106.66,Thu nhập trên mỗi cổ phần của 4 quý gần nhất (EPS),17616.0,Giá trị sổ sách của cổ phiếu (BVPS),-93.76,Chỉ số giá thị trường trên thu nhập (P/E),0.57,Chỉ số giá thị trường trên giá trị sổ sách (P/B),1.09,Tỷ suất lợi nhuận trên vốn chủ sở hữu bình quân (ROEA),0.91,Tỷ suất sinh lợi trên tổng tài sản bình quân (ROAA),10.0,Doanh thu hoạt động tài chính,,,27.0,Tổng lợi nhuận kế toán trước thuế,,,18.0,Lợi nhuận sau thuế của cổ đông Công ty mẹ,248.0,Nợ phải trả,,,,,,,,,,-75.0,-85.5072463768116,-220.00000000000003,-75.67567567567568,CURRENT,PARTIAL,net_profit_bil_vnd,,,REVIEW
TVD,Dầu khí,NORMAL,2026Q2,2026,Q2,291958,False,Chưa kiểm toán,2621.0,Tổng cộng tài sản,623.0,Vốn chủ sở hữu,2053.33,Thu nhập trên mỗi cổ phần của 4 quý gần nhất (EPS),13860.0,Giá trị sổ sách của cổ phiếu (BVPS),4.48,Chỉ số giá thị trường trên thu nhập (P/E),0.66,Chỉ số giá thị trường trên giá trị sổ sách (P/B),2.32,Tỷ suất lợi nhuận trên vốn chủ sở hữu bình quân (ROEA),0.57,Tỷ suất sinh lợi trên tổng tài sản bình quân (ROAA),1718.0,Doanh thu thuần về bán hàng và cung cấp dịch vụ,100.0,Lợi nhuận gộp về bán hàng và cung cấp dịch vụ,19.0,Tổng lợi nhuận kế toán trước thuế,15.0,Lợi nhuận sau thuế thu nhập doanh nghiệp,15.0,Lợi nhuận sau thuế của cổ đông Công ty mẹ,1997.0,Nợ phải trả,5.81,Tỷ suất lợi nhuận gộp biên,0.88,Tỷ suất sinh lợi trên doanh thu thuần,76.22,Tỷ số Nợ trên Tổng tài sản,177.33,Tỷ số Nợ vay trên Vốn chủ sở hữu,,12.581913499344699,2.628434886499398,-28.57142857142857,-16.666666666666664,CURRENT,COMPLETE,,,,YES
TVS,Chứng khoán,SECURITIES,2026Q2,2026,Q2,291586,True,Chưa kiểm toán,7187.0,Tổng cộng tài sản,3012.0,Vốn chủ sở hữu,1002.28,Thu nhập trên mỗi cổ phần của 4 quý gần nhất (EPS),13420.41,Giá trị sổ sách của cổ phiếu (BVPS),14.77,Chỉ số giá thị trường trên thu nhập (P/E),1.1,Chỉ số giá thị trường trên giá trị sổ sách (P/B),0.22,Tỷ suất lợi nhuận trên vốn chủ sở hữu bình quân (ROEA),0.05,Tỷ suất sinh lợi trên tổng tài sản bình quân (ROAA),177.0,Doanh thu thuần về hoạt động kinh doanh,,,15.0,Tổng lợi nhuận kế toán trước thuế,7.0,Lợi nhuận sau thuế TNDN,3.0,Lợi nhuận sau thuế của cổ đông Công ty mẹ,4175.0,Nợ phải trả,,,,,,,,,,-31.660231660231663,-21.333333333333336,50.0,-94.23076923076923,CURRENT,COMPLETE,,,,YES
TVT,Dệt may,NORMAL,2026Q2,2026,Q2,293617,True,Chưa kiểm toán,1194.0,Tổng cộng tài sản,600.0,Vốn chủ sở hữu,2358.69,Thu nhập trên mỗi cổ phần của 4 quý gần nhất (EPS),28579.0,Giá trị sổ sách của cổ phiếu (BVPS),6.78,Chỉ số giá thị trường trên thu nhập (P/E),0.56,Chỉ số giá thị trường trên giá trị sổ sách (P/B),3.09,Tỷ suất lợi nhuận trên vốn chủ sở hữu bình quân (ROEA),1.48,Tỷ suất sinh lợi trên tổng tài sản bình quân (ROAA),417.0,Doanh thu thuần về bán hàng và cung cấp dịch vụ,77.0,Lợi nhuận gộp về bán hàng và cung cấp dịch vụ,25.0,Tổng lợi nhuận kế toán trước thuế,20.0,Lợi nhuận sau thuế thu nhập doanh nghiệp,18.0,Lợi nhuận sau thuế của cổ đông Công ty mẹ,593.0,Nợ phải trả,18.39,Tỷ suất lợi nhuận gộp biên,4.74,Tỷ suất sinh lợi trên doanh thu thuần,49.72,Tỷ số Nợ trên Tổng tài sản,56.8,Tỷ số Nợ vay trên Vốn chủ sở hữu,,12.096774193548377,0.7246376811594235,63.63636363636365,38.46153846153846,CURRENT,COMPLETE,,,,YES
TXM,Vật liệu xây dựng,NORMAL,2026Q2,2026,Q2,291889,False,Chưa kiểm toán,154.0,Tổng cộng tài sản,112.0,Vốn chủ sở hữu,167.19,Thu nhập trên mỗi cổ phần của 4 quý gần nhất (EPS),15929.0,Giá trị sổ sách của cổ phiếu (BVPS),29.31,Chỉ số giá thị trường trên thu nhập (P/E),0.31,Chỉ số giá thị trường trên giá trị sổ sách (P/B),0.63,Tỷ suất lợi nhuận trên vốn chủ sở hữu bình quân (ROEA),0.46,Tỷ suất sinh lợi trên tổng tài sản bình quân (ROAA),84.0,Doanh thu thuần về bán hàng và cung cấp dịch vụ,5.0,Lợi nhuận gộp về bán hàng và cung cấp dịch vụ,1.0,Tổng lợi nhuận kế toán trước thuế,1.0,Lợi nhuận sau thuế thu nhập doanh nghiệp,1.0,Lợi nhuận sau thuế của cổ đông Công ty mẹ,43.0,Nợ phải trả,6.49,Tỷ suất lợi nhuận gộp biên,0.83,Tỷ suất sinh lợi trên doanh thu thuần,27.73,Tỷ số Nợ trên Tổng tài sản,1.79,Tỷ số Nợ vay trên Vốn chủ sở hữu,,68.0,7.692307692307687,,,CURRENT,COMPLETE,,,,YES
UDC,Xây dựng,NORMAL,2026Q2,2026,Q2,294203,True,Chưa kiểm toán,869.0,Tổng cộng tài sản,112.0,Vốn chủ sở hữu,-1746.92,Thu nhập trên mỗi cổ phần của 4 quý gần nhất (EPS),3238.0,Giá trị sổ sách của cổ phiếu (BVPS),-1.66,Chỉ số giá thị trường trên thu nhập (P/E),0.9,Chỉ số giá thị trường trên giá trị sổ sách (P/B),-13.36,Tỷ suất lợi nhuận trên vốn chủ sở hữu bình quân (ROEA),-1.84,Tỷ suất sinh lợi trên tổng tài sản bình quân (ROAA),26.0,Doanh thu thuần về bán hàng và cung cấp dịch vụ,0.0,Lợi nhuận gộp về bán hàng và cung cấp dịch vụ,-15.0,Tổng lợi nhuận kế toán trước thuế,-15.0,Lợi nhuận sau thuế thu nhập doanh nghiệp,-16.0,Lợi nhuận sau thuế của cổ đông Công ty mẹ,756.0,Nợ phải trả,-1.12,Tỷ suất lợi nhuận gộp biên,-60.16,Tỷ suất sinh lợi trên doanh thu thuần,87.06,Tỷ số Nợ trên Tổng tài sản,193.6,Tỷ số Nợ vay trên Vốn chủ sở hữu,,-21.212121212121215,-65.33333333333333,60.00000000000001,6.666666666666665,CURRENT,COMPLETE,,,,YES
ULG,Cảng & Logistics,NORMAL,2026Q1,2026,Q1,291583,True,Chưa kiểm toán,1069.0,Tổng cộng tài sản,835.0,Vốn chủ sở hữu,174.18,Thu nhập trên mỗi cổ phần của 4 quý gần nhất (EPS),11603.0,Giá trị sổ sách của cổ phiếu (BVPS),,,,,1.51,Tỷ suất lợi nhuận trên vốn chủ sở hữu bình quân (ROEA),1.14,Tỷ suất sinh lợi trên tổng tài sản bình quân (ROAA),205.0,Doanh thu thuần về bán hàng và cung cấp dịch vụ,35.0,Lợi nhuận gộp về bán hàng và cung cấp dịch vụ,16.0,Tổng lợi nhuận kế toán trước thuế,13.0,Lợi nhuận sau thuế thu nhập doanh nghiệp,13.0,Lợi nhuận sau thuế của cổ đông Công ty mẹ,234.0,Nợ phải trả,17.09,Tỷ suất lợi nhuận gộp biên,6.31,Tỷ suất sinh lợi trên doanh thu thuần,21.86,Tỷ số Nợ trên Tổng tài sản,10.7,Tỷ số Nợ vay trên Vốn chủ sở hữu,,,,,,LAGGING,COMPLETE,,pb,,REVIEW
UNI,Bất động sản,NORMAL,2026Q2,2026,Q2,291300,False,Chưa kiểm toán,905.0,Tổng cộng tài sản,434.0,Vốn chủ sở hữu,-0.09,Thu nhập trên mỗi cổ phần của 4 quý gần nhất (EPS),10172.0,Giá trị sổ sách của cổ phiếu (BVPS),-78227.21,Chỉ số giá thị trường trên thu nhập (P/E),0.7,Chỉ số giá thị trường trên giá trị sổ sách (P/B),0.2,Tỷ suất lợi nhuận trên vốn chủ sở hữu bình quân (ROEA),0.09,Tỷ suất sinh lợi trên tổng tài sản bình quân (ROAA),6.0,Doanh thu thuần về bán hàng và cung cấp dịch vụ,2.0,Lợi nhuận gộp về bán hàng và cung cấp dịch vụ,1.0,Tổng lợi nhuận kế toán trước thuế,1.0,Lợi nhuận sau thuế thu nhập doanh nghiệp,1.0,Lợi nhuận sau thuế của cổ đông Công ty mẹ,472.0,Nợ phải trả,40.76,Tỷ suất lợi nhuận gộp biên,14.91,Tỷ suất sinh lợi trên doanh thu thuần,52.11,Tỷ số Nợ trên Tổng tài sản,15.28,Tỷ số Nợ vay trên Vốn chủ sở hữu,,,500.0,-200.0,,CURRENT,COMPLETE,,,,YES
VAF,Hóa chất,NORMAL,2026Q2,2026,Q2,292180,False,Chưa kiểm toán,1057.0,Tổng cộng tài sản,718.0,Vốn chủ sở hữu,5418.97,Thu nhập trên mỗi cổ phần của 4 quý gần nhất (EPS),19054.0,Giá trị sổ sách của cổ phiếu (BVPS),4.34,Chỉ số giá thị trường trên thu nhập (P/E),1.23,Chỉ số giá thị trường trên giá trị sổ sách (P/B),5.87,Tỷ suất lợi nhuận trên vốn chủ sở hữu bình quân (ROEA),3.8,Tỷ suất sinh lợi trên tổng tài sản bình quân (ROAA),360.0,Doanh thu thuần về bán hàng và cung cấp dịch vụ,126.0,Lợi nhuận gộp về bán hàng và cung cấp dịch vụ,52.0,Tổng lợi nhuận kế toán trước thuế,42.0,Lợi nhuận sau thuế thu nhập doanh nghiệp,42.0,Lợi nhuận sau thuế của cổ đông Công ty mẹ,339.0,Nợ phải trả,34.87,Tỷ suất lợi nhuận gộp biên,11.69,Tỷ suất sinh lợi trên doanh thu thuần,32.11,Tỷ số Nợ trên Tổng tài sản,0.08,Tỷ số Nợ vay trên Vốn chủ sở hữu,,-46.58753709198813,3.746397694524495,-43.24324324324324,5.000000000000004,CURRENT,COMPLETE,,,,YES
VAV,Nước,NORMAL,2026Q2,2026,Q2,291826,False,Chưa kiểm toán,1346.0,Tổng cộng tài sản,866.0,Vốn chủ sở hữu,3446.96,Thu nhập trên mỗi cổ phần của 4 quý gần nhất (EPS),18047.0,Giá trị sổ sách của cổ phiếu (BVPS),10.15,Chỉ số giá thị trường trên thu nhập (P/E),1.94,Chỉ số giá thị trường trên giá trị sổ sách (P/B),4.62,Tỷ suất lợi nhuận trên vốn chủ sở hữu bình quân (ROEA),2.99,Tỷ suất sinh lợi trên tổng tài sản bình quân (ROAA),306.0,Doanh thu thuần về bán hàng và cung cấp dịch vụ,65.0,Lợi nhuận gộp về bán hàng và cung cấp dịch vụ,51.0,Tổng lợi nhuận kế toán trước thuế,40.0,Lợi nhuận sau thuế thu nhập doanh nghiệp,40.0,Lợi nhuận sau thuế của cổ đông Công ty mẹ,479.0,Nợ phải trả,21.18,Tỷ suất lợi nhuận gộp biên,13.23,Tỷ suất sinh lợi trên doanh thu thuần,35.63,Tỷ số Nợ trên Tổng tài sản,15.57,Tỷ số Nợ vay trên Vốn chủ sở hữu,,26.970954356846466,5.154639175257736,42.85714285714286,11.111111111111116,CURRENT,COMPLETE,,,,YES
VBB,Ngân hàng,BANK,2026Q2,2026,Q2,293160,True,Chưa kiểm toán,204825.0,Tổng cộng tài sản,13154.0,Vốn và các quỹ,1678.39,Thu nhập trên mỗi cổ phần của 4 quý gần nhất (EPS),12214.74,Giá trị sổ sách của cổ phiếu (BVPS),8.16,Chỉ số giá thị trường trên thu nhập (P/E),1.12,Chỉ số giá thị trường trên giá trị sổ sách (P/B),4.82,Tỷ suất lợi nhuận trên vốn chủ sở hữu bình quân (ROEA),0.31,Tỷ suất sinh lợi trên tổng tài sản bình quân (ROAA),994.0,Thu nhập lãi thuần,,,777.0,Tổng lợi nhuận trước thuế,619.0,Lợi nhuận sau thuế,619.0,Lợi nhuận sau thuế của cổ đông của Ngân hàng mẹ,204825.0,Tổng nợ phải trả và vốn chủ sở hữu,,,,,,,,,,29.427083333333325,44.68704512372634,372.51908396946567,191.98113207547172,CURRENT,COMPLETE,,,,YES
VC2,Xây dựng,NORMAL,2026Q2,2026,Q2,294260,True,Chưa kiểm toán,3103.0,Tổng cộng tài sản,950.0,Vốn chủ sở hữu,222.57,Thu nhập trên mỗi cổ phần của 4 quý gần nhất (EPS),12557.0,Giá trị sổ sách của cổ phiếu (BVPS),19.32,Chỉ số giá thị trường trên thu nhập (P/E),0.34,Chỉ số giá thị trường trên giá trị sổ sách (P/B),0.5,Tỷ suất lợi nhuận trên vốn chủ sở hữu bình quân (ROEA),0.15,Tỷ suất sinh lợi trên tổng tài sản bình quân (ROAA),337.0,Doanh thu thuần về bán hàng và cung cấp dịch vụ,33.0,Lợi nhuận gộp về bán hàng và cung cấp dịch vụ,8.0,Tổng lợi nhuận kế toán trước thuế,5.0,Lợi nhuận sau thuế thu nhập doanh nghiệp,5.0,Lợi nhuận sau thuế của cổ đông Công ty mẹ,2153.0,Nợ phải trả,9.69,Tỷ suất lợi nhuận gộp biên,1.47,Tỷ suất sinh lợi trên doanh thu thuần,69.39,Tỷ số Nợ trên Tổng tài sản,106.97,Tỷ số Nợ vay trên Vốn chủ sở hữu,,38.68312757201646,26.217228464419474,150.0,25.0,CURRENT,COMPLETE,,,,YES
VCC,Xây dựng,NORMAL,2026Q2,2026,Q2,293867,True,Chưa kiểm toán,1493.0,Tổng cộng tài sản,305.0,Vốn chủ sở hữu,1184.73,Thu nhập trên mỗi cổ phần của 4 quý gần nhất (EPS),12697.0,Giá trị sổ sách của cổ phiếu (BVPS),7.93,Chỉ số giá thị trường trên thu nhập (P/E),0.74,Chỉ số giá thị trường trên giá trị sổ sách (P/B),2.97,Tỷ suất lợi nhuận trên vốn chủ sở hữu bình quân (ROEA),0.62,Tỷ suất sinh lợi trên tổng tài sản bình quân (ROAA),568.0,Doanh thu thuần về bán hàng và cung cấp dịch vụ,59.0,Lợi nhuận gộp về bán hàng và cung cấp dịch vụ,11.0,Tổng lợi nhuận kế toán trước thuế,9.0,Lợi nhuận sau thuế thu nhập doanh nghiệp,9.0,Lợi nhuận sau thuế của cổ đông Công ty mẹ,1188.0,Nợ phải trả,10.47,Tỷ suất lợi nhuận gộp biên,1.57,Tỷ suất sinh lợi trên doanh thu thuần,79.59,Tỷ số Nợ trên Tổng tài sản,146.08,Tỷ số Nợ vay trên Vốn chủ sở hữu,,60.00000000000001,14.747474747474755,80.0,0.0,CURRENT,COMPLETE,,,,YES
VCF,Thực phẩm & đồ uống,NORMAL,2026Q2,2026,Q2,291422,False,Chưa kiểm toán,1793.0,Tổng cộng tài sản,1352.0,Vốn chủ sở hữu,18210.88,Thu nhập trên mỗi cổ phần của 4 quý gần nhất (EPS),50873.0,Giá trị sổ sách của cổ phiếu (BVPS),16.18,Chỉ số giá thị trường trên thu nhập (P/E),5.79,Chỉ số giá thị trường trên giá trị sổ sách (P/B),7.93,Tỷ suất lợi nhuận trên vốn chủ sở hữu bình quân (ROEA),5.81,Tỷ suất sinh lợi trên tổng tài sản bình quân (ROAA),613.0,Doanh thu thuần về bán hàng và cung cấp dịch vụ,128.0,Lợi nhuận gộp về bán hàng và cung cấp dịch vụ,129.0,Tổng lợi nhuận kế toán trước thuế,103.0,Lợi nhuận sau thuế thu nhập doanh nghiệp,103.0,Lợi nhuận sau thuế của cổ đông Công ty mẹ,441.0,Nợ phải trả,20.93,Tỷ suất lợi nhuận gộp biên,16.82,Tỷ suất sinh lợi trên doanh thu thuần,24.6,Tỷ số Nợ trên Tổng tài sản,9.93,Tỷ số Nợ vay trên Vốn chủ sở hữu,,-7.261724659606661,-3.6163522012578664,-8.03571428571429,-14.876033057851235,CURRENT,COMPLETE,,,,YES
VCP,Điện,NORMAL,2026Q2,2026,Q2,293873,True,Chưa kiểm toán,7024.0,Tổng cộng tài sản,3073.0,Vốn chủ sở hữu,6966.79,Thu nhập trên mỗi cổ phần của 4 quý gần nhất (EPS),36676.0,Giá trị sổ sách của cổ phiếu (BVPS),3.42,Chỉ số giá thị trường trên thu nhập (P/E),0.65,Chỉ số giá thị trường trên giá trị sổ sách (P/B),6.07,Tỷ suất lợi nhuận trên vốn chủ sở hữu bình quân (ROEA),2.61,Tỷ suất sinh lợi trên tổng tài sản bình quân (ROAA),785.0,Doanh thu thuần về bán hàng và cung cấp dịch vụ,321.0,Lợi nhuận gộp về bán hàng và cung cấp dịch vụ,232.0,Tổng lợi nhuận kế toán trước thuế,201.0,Lợi nhuận sau thuế thu nhập doanh nghiệp,178.0,Lợi nhuận sau thuế của cổ đông Công ty mẹ,3950.0,Nợ phải trả,40.86,Tỷ suất lợi nhuận gộp biên,25.61,Tỷ suất sinh lợi trên doanh thu thuần,56.25,Tỷ số Nợ trên Tổng tài sản,111.84,Tỷ số Nợ vay trên Vốn chủ sở hữu,,20.030581039755347,46.45522388059702,27.142857142857135,74.50980392156863,CURRENT,COMPLETE,,,,YES
VCR,Bất động sản,NORMAL,2026Q2,2026,Q2,292176,False,Chưa kiểm toán,5578.0,Tổng cộng tài sản,1436.0,Vốn chủ sở hữu,-649.78,Thu nhập trên mỗi cổ phần của 4 quý gần nhất (EPS),6836.0,Giá trị sổ sách của cổ phiếu (BVPS),-75.41,Chỉ số giá thị trường trên thu nhập (P/E),7.17,Chỉ số giá thị trường trên giá trị sổ sách (P/B),-2.55,Tỷ suất lợi nhuận trên vốn chủ sở hữu bình quân (ROEA),-0.67,Tỷ suất sinh lợi trên tổng tài sản bình quân (ROAA),,,,,-37.0,Tổng lợi nhuận kế toán trước thuế,-37.0,Lợi nhuận sau thuế thu nhập doanh nghiệp,-37.0,Lợi nhuận sau thuế của cổ đông Công ty mẹ,4142.0,Nợ phải trả,,,,,74.26,Tỷ số Nợ trên Tổng tài sản,155.41,Tỷ số Nợ vay trên Vốn chủ sở hữu,,,,12.12121212121211,640.0,CURRENT,PARTIAL,income_bil_vnd,,,REVIEW
VCS,Vật liệu xây dựng,NORMAL,2026Q2,2026,Q2,293881,True,Chưa kiểm toán,6277.0,Tổng cộng tài sản,5041.0,Vốn chủ sở hữu,3583.72,Thu nhập trên mỗi cổ phần của 4 quý gần nhất (EPS),31505.0,Giá trị sổ sách của cổ phiếu (BVPS),10.07,Chỉ số giá thị trường trên thu nhập (P/E),1.15,Chỉ số giá thị trường trên giá trị sổ sách (P/B),2.53,Tỷ suất lợi nhuận trên vốn chủ sở hữu bình quân (ROEA),2.11,Tỷ suất sinh lợi trên tổng tài sản bình quân (ROAA),889.0,Doanh thu thuần về bán hàng và cung cấp dịch vụ,231.0,Lợi nhuận gộp về bán hàng và cung cấp dịch vụ,160.0,Tổng lợi nhuận kế toán trước thuế,130.0,Lợi nhuận sau thuế thu nhập doanh nghiệp,130.0,Lợi nhuận sau thuế của cổ đông Công ty mẹ,1236.0,Nợ phải trả,26.02,Tỷ suất lợi nhuận gộp biên,14.64,Tỷ suất sinh lợi trên doanh thu thuần,19.7,Tỷ số Nợ trên Tổng tài sản,20.18,Tỷ số Nợ vay trên Vốn chủ sở hữu,,19.489247311827953,-20.483005366726292,5.691056910569103,-38.095238095238095,CURRENT,COMPLETE,,,,YES
VCX,Vật liệu xây dựng,NORMAL,2026Q2,2026,Q2,291456,False,Chưa kiểm toán,592.0,Tổng cộng tài sản,271.0,Vốn chủ sở hữu,681.76,Thu nhập trên mỗi cổ phần của 4 quý gần nhất (EPS),10224.0,Giá trị sổ sách của cổ phiếu (BVPS),13.49,Chỉ số giá thị trường trên thu nhập (P/E),0.9,Chỉ số giá thị trường trên giá trị sổ sách (P/B),3.45,Tỷ suất lợi nhuận trên vốn chủ sở hữu bình quân (ROEA),1.61,Tỷ suất sinh lợi trên tổng tài sản bình quân (ROAA),188.0,Doanh thu thuần về bán hàng và cung cấp dịch vụ,18.0,Lợi nhuận gộp về bán hàng và cung cấp dịch vụ,10.0,Tổng lợi nhuận kế toán trước thuế,9.0,Lợi nhuận sau thuế thu nhập doanh nghiệp,9.0,Lợi nhuận sau thuế của cổ đông Công ty mẹ,320.0,Nợ phải trả,9.46,Tỷ suất lợi nhuận gộp biên,4.89,Tỷ suất sinh lợi trên doanh thu thuần,54.16,Tỷ số Nợ trên Tổng tài sản,74.78,Tỷ số Nợ vay trên Vốn chủ sở hữu,,6.818181818181812,-14.932126696832581,-280.0,12.5,CURRENT,COMPLETE,,,,YES
VDP,Dược & Y tế,NORMAL,2026Q2,2026,Q2,291550,False,Chưa kiểm toán,1063.0,Tổng cộng tài sản,774.0,Vốn chủ sở hữu,2830.5,Thu nhập trên mỗi cổ phần của 4 quý gần nhất (EPS),35047.0,Giá trị sổ sách của cổ phiếu (BVPS),20.49,Chỉ số giá thị trường trên thu nhập (P/E),1.65,Chỉ số giá thị trường trên giá trị sổ sách (P/B),2.48,Tỷ suất lợi nhuận trên vốn chủ sở hữu bình quân (ROEA),1.81,Tỷ suất sinh lợi trên tổng tài sản bình quân (ROAA),233.0,Doanh thu thuần về bán hàng và cung cấp dịch vụ,76.0,Lợi nhuận gộp về bán hàng và cung cấp dịch vụ,24.0,Tổng lợi nhuận kế toán trước thuế,19.0,Lợi nhuận sau thuế thu nhập doanh nghiệp,19.0,Lợi nhuận sau thuế của cổ đông Công ty mẹ,289.0,Nợ phải trả,32.64,Tỷ suất lợi nhuận gộp biên,8.19,Tỷ suất sinh lợi trên doanh thu thuần,27.17,Tỷ số Nợ trên Tổng tài sản,28.31,Tỷ số Nợ vay trên Vốn chủ sở hữu,,18.877551020408156,3.5555555555555562,58.33333333333333,5.555555555555558,CURRENT,COMPLETE,,,,YES
VE3,Xây dựng,NORMAL,2026Q2,2026,Q2,292450,False,Chưa kiểm toán,217.0,Tổng cộng tài sản,31.0,Vốn chủ sở hữu,-1948.17,Thu nhập trên mỗi cổ phần của 4 quý gần nhất (EPS),9149.0,Giá trị sổ sách của cổ phiếu (BVPS),-1.97,Chỉ số giá thị trường trên thu nhập (P/E),0.74,Chỉ số giá thị trường trên giá trị sổ sách (P/B),-19.68,Tỷ suất lợi nhuận trên vốn chủ sở hữu bình quân (ROEA),-3.03,Tỷ suất sinh lợi trên tổng tài sản bình quân (ROAA),35.0,Doanh thu thuần về bán hàng và cung cấp dịch vụ,-4.0,Lợi nhuận gộp về bán hàng và cung cấp dịch vụ,-7.0,Tổng lợi nhuận kế toán trước thuế,-7.0,Lợi nhuận sau thuế thu nhập doanh nghiệp,-7.0,Lợi nhuận sau thuế của cổ đông Công ty mẹ,185.0,Nợ phải trả,-10.11,Tỷ suất lợi nhuận gộp biên,-19.57,Tỷ suất sinh lợi trên doanh thu thuần,85.64,Tỷ số Nợ trên Tổng tài sản,263.17,Tỷ số Nợ vay trên Vốn chủ sở hữu,,20.68965517241379,-23.913043478260864,250.0,,CURRENT,COMPLETE,,,,YES
VEC,Điện,NORMAL,2026Q2,2026,Q2,294731,True,Chưa kiểm toán,824.0,Tổng cộng tài sản,600.0,Vốn chủ sở hữu,1739.1,Thu nhập trên mỗi cổ phần của 4 quý gần nhất (EPS),13704.0,Giá trị sổ sách của cổ phiếu (BVPS),14.15,Chỉ số giá thị trường trên thu nhập (P/E),1.8,Chỉ số giá thị trường trên giá trị sổ sách (P/B),-0.36,Tỷ suất lợi nhuận trên vốn chủ sở hữu bình quân (ROEA),-0.27,Tỷ suất sinh lợi trên tổng tài sản bình quân (ROAA),76.0,Doanh thu thuần về bán hàng và cung cấp dịch vụ,32.0,Lợi nhuận gộp về bán hàng và cung cấp dịch vụ,14.0,Tổng lợi nhuận kế toán trước thuế,2.0,Lợi nhuận sau thuế thu nhập doanh nghiệp,-2.0,Lợi nhuận sau thuế của cổ đông Công ty mẹ,224.0,Nợ phải trả,43.0,Tỷ suất lợi nhuận gộp biên,2.16,Tỷ suất sinh lợi trên doanh thu thuần,27.19,Tỷ số Nợ trên Tổng tài sản,0.32,Tỷ số Nợ vay trên Vốn chủ sở hữu,,28.81355932203389,-28.971962616822434,-133.33333333333331,0.0,CURRENT,COMPLETE,,,,YES
VEF,Dịch vụ công nghiệp,NORMAL,2026Q2,2026,Q2,291895,False,Chưa kiểm toán,32902.0,Tổng cộng tài sản,7217.0,Vốn chủ sở hữu,4161.27,Thu nhập trên mỗi cổ phần của 4 quý gần nhất (EPS),43317.0,Giá trị sổ sách của cổ phiếu (BVPS),20.96,Chỉ số giá thị trường trên thu nhập (P/E),2.01,Chỉ số giá thị trường trên giá trị sổ sách (P/B),5.72,Tỷ suất lợi nhuận trên vốn chủ sở hữu bình quân (ROEA),1.27,Tỷ suất sinh lợi trên tổng tài sản bình quân (ROAA),388.0,Doanh thu thuần về bán hàng và cung cấp dịch vụ,158.0,Lợi nhuận gộp về bán hàng và cung cấp dịch vụ,505.0,Tổng lợi nhuận kế toán trước thuế,401.0,Lợi nhuận sau thuế thu nhập doanh nghiệp,401.0,Lợi nhuận sau thuế của cổ đông Công ty mẹ,25685.0,Nợ phải trả,40.61,Tỷ suất lợi nhuận gộp biên,103.38,Tỷ suất sinh lợi trên doanh thu thuần,78.07,Tỷ số Nợ trên Tổng tài sản,18.84,Tỷ số Nợ vay trên Vốn chủ sở hữu,,218.0327868852459,7659.999999999999,186.42857142857144,14.899713467048702,CURRENT,COMPLETE,,,,YES
VFG,Hóa chất,NORMAL,2026Q2,2026,Q2,291718,True,Chưa kiểm toán,2977.0,Tổng cộng tài sản,1751.0,Vốn chủ sở hữu,8259.08,Thu nhập trên mỗi cổ phần của 4 quý gần nhất (EPS),41989.0,Giá trị sổ sách của cổ phiếu (BVPS),5.67,Chỉ số giá thị trường trên thu nhập (P/E),1.11,Chỉ số giá thị trường trên giá trị sổ sách (P/B),4.24,Tỷ suất lợi nhuận trên vốn chủ sở hữu bình quân (ROEA),2.48,Tỷ suất sinh lợi trên tổng tài sản bình quân (ROAA),936.0,Doanh thu thuần về bán hàng và cung cấp dịch vụ,259.0,Lợi nhuận gộp về bán hàng và cung cấp dịch vụ,95.0,Tổng lợi nhuận kế toán trước thuế,76.0,Lợi nhuận sau thuế thu nhập doanh nghiệp,75.0,Lợi nhuận sau thuế của cổ đông Công ty mẹ,1225.0,Nợ phải trả,27.71,Tỷ suất lợi nhuận gộp biên,8.09,Tỷ suất sinh lợi trên doanh thu thuần,41.16,Tỷ số Nợ trên Tổng tài sản,5.09,Tỷ số Nợ vay trên Vốn chủ sở hữu,,-16.353887399463808,16.999999999999993,-21.875,8.695652173913038,CURRENT,COMPLETE,,,,YES
VGG,Dệt may,NORMAL,2026Q2,2026,Q2,294450,True,Chưa kiểm toán,6308.0,Tổng cộng tài sản,2539.0,Vốn chủ sở hữu,10222.82,Thu nhập trên mỗi cổ phần của 4 quý gần nhất (EPS),57564.0,Giá trị sổ sách của cổ phiếu (BVPS),3.82,Chỉ số giá thị trường trên thu nhập (P/E),0.68,Chỉ số giá thị trường trên giá trị sổ sách (P/B),5.26,Tỷ suất lợi nhuận trên vốn chủ sở hữu bình quân (ROEA),2.16,Tỷ suất sinh lợi trên tổng tài sản bình quân (ROAA),2973.0,Doanh thu thuần về bán hàng và cung cấp dịch vụ,308.0,Lợi nhuận gộp về bán hàng và cung cấp dịch vụ,167.0,Tổng lợi nhuận kế toán trước thuế,139.0,Lợi nhuận sau thuế thu nhập doanh nghiệp,134.0,Lợi nhuận sau thuế của cổ đông Công ty mẹ,3769.0,Nợ phải trả,10.35,Tỷ suất lợi nhuận gộp biên,4.68,Tỷ suất sinh lợi trên doanh thu thuần,59.75,Tỷ số Nợ trên Tổng tài sản,0.26,Tỷ số Nợ vay trên Vốn chủ sở hữu,,44.53087019931941,1.8848526387936992,48.88888888888889,34.00000000000001,CURRENT,COMPLETE,,,,YES
VGR,Cảng & Logistics,NORMAL,2026Q2,2026,Q2,291913,False,Chưa kiểm toán,1231.0,Tổng cộng tài sản,1142.0,Vốn chủ sở hữu,6626.14,Thu nhập trên mỗi cổ phần của 4 quý gần nhất (EPS),13888.0,Giá trị sổ sách của cổ phiếu (BVPS),24.45,Chỉ số giá thị trường trên thu nhập (P/E),11.66,Chỉ số giá thị trường trên giá trị sổ sách (P/B),12.34,Tỷ suất lợi nhuận trên vốn chủ sở hữu bình quân (ROEA),9.9,Tỷ suất sinh lợi trên tổng tài sản bình quân (ROAA),306.0,Doanh thu thuần về bán hàng và cung cấp dịch vụ,161.0,Lợi nhuận gộp về bán hàng và cung cấp dịch vụ,145.0,Tổng lợi nhuận kế toán trước thuế,133.0,Lợi nhuận sau thuế thu nhập doanh nghiệp,133.0,Lợi nhuận sau thuế của cổ đông Công ty mẹ,89.0,Nợ phải trả,52.83,Tỷ suất lợi nhuận gộp biên,43.41,Tỷ suất sinh lợi trên doanh thu thuần,7.25,Tỷ số Nợ trên Tổng tài sản,,,,5.882352941176472,2.684563758389258,11.764705882352944,6.400000000000006,CURRENT,COMPLETE,,,,YES
VGS,Kim loại & Khoáng sản,NORMAL,2026Q2,2026,Q2,294112,True,Chưa kiểm toán,3635.0,Tổng cộng tài sản,1337.0,Vốn chủ sở hữu,4066.6,Thu nhập trên mỗi cổ phần của 4 quý gần nhất (EPS),21736.0,Giá trị sổ sách của cổ phiếu (BVPS),5.19,Chỉ số giá thị trường trên thu nhập (P/E),0.97,Chỉ số giá thị trường trên giá trị sổ sách (P/B),4.31,Tỷ suất lợi nhuận trên vốn chủ sở hữu bình quân (ROEA),1.71,Tỷ suất sinh lợi trên tổng tài sản bình quân (ROAA),2365.0,Doanh thu thuần về bán hàng và cung cấp dịch vụ,85.0,Lợi nhuận gộp về bán hàng và cung cấp dịch vụ,66.0,Tổng lợi nhuận kế toán trước thuế,58.0,Lợi nhuận sau thuế thu nhập doanh nghiệp,58.0,Lợi nhuận sau thuế của cổ đông Công ty mẹ,2298.0,Nợ phải trả,3.58,Tỷ suất lợi nhuận gộp biên,2.44,Tỷ suất sinh lợi trên doanh thu thuần,63.22,Tỷ số Nợ trên Tổng tài sản,81.21,Tỷ số Nợ vay trên Vốn chủ sở hữu,,39.03586125808347,11.556603773584895,28.888888888888896,65.71428571428572,CURRENT,COMPLETE,,,,YES
VGV,Dịch vụ công nghiệp,NORMAL,2026Q2,2026,Q2,294670,True,Chưa kiểm toán,1519.0,Tổng cộng tài sản,523.0,Vốn chủ sở hữu,1699.21,Thu nhập trên mỗi cổ phần của 4 quý gần nhất (EPS),14610.0,Giá trị sổ sách của cổ phiếu (BVPS),25.89,Chỉ số giá thị trường trên thu nhập (P/E),3.01,Chỉ số giá thị trường trên giá trị sổ sách (P/B),4.06,Tỷ suất lợi nhuận trên vốn chủ sở hữu bình quân (ROEA),1.43,Tỷ suất sinh lợi trên tổng tài sản bình quân (ROAA),325.0,Doanh thu thuần về bán hàng và cung cấp dịch vụ,61.0,Lợi nhuận gộp về bán hàng và cung cấp dịch vụ,31.0,Tổng lợi nhuận kế toán trước thuế,26.0,Lợi nhuận sau thuế thu nhập doanh nghiệp,21.0,Lợi nhuận sau thuế của cổ đông Công ty mẹ,997.0,Nợ phải trả,18.68,Tỷ suất lợi nhuận gộp biên,7.88,Tỷ suất sinh lợi trên doanh thu thuần,65.6,Tỷ số Nợ trên Tổng tài sản,7.33,Tỷ số Nợ vay trên Vốn chủ sở hữu,,-8.963585434173671,32.11382113821137,39.99999999999999,75.0,CURRENT,COMPLETE,,,,YES
VHD,Bất động sản,NORMAL,2026Q2,2026,Q2,291057,False,Chưa kiểm toán,122.0,Tổng cộng tài sản,12.0,Vốn chủ sở hữu,-1909.72,Thu nhập trên mỗi cổ phần của 4 quý gần nhất (EPS),312.0,Giá trị sổ sách của cổ phiếu (BVPS),-1.31,Chỉ số giá thị trường trên thu nhập (P/E),8.02,Chỉ số giá thị trường trên giá trị sổ sách (P/B),-31.09,Tỷ suất lợi nhuận trên vốn chủ sở hữu bình quân (ROEA),0.29,Tỷ suất sinh lợi trên tổng tài sản bình quân (ROAA),1.0,Doanh thu thuần về bán hàng và cung cấp dịch vụ,0.0,Lợi nhuận gộp về bán hàng và cung cấp dịch vụ,5.0,Tổng lợi nhuận kế toán trước thuế,5.0,Lợi nhuận sau thuế thu nhập doanh nghiệp,5.0,Lợi nhuận sau thuế của cổ đông Công ty mẹ,110.0,Nợ phải trả,4.26,Tỷ suất lợi nhuận gộp biên,654.15,Tỷ suất sinh lợi trên doanh thu thuần,90.26,Tỷ số Nợ trên Tổng tài sản,173.61,Tỷ số Nợ vay trên Vốn chủ sở hữu,,0.0,-50.0,-121.73913043478262,-115.15151515151516,CURRENT,COMPLETE,,,,YES
VHF,Thương mại & Phân phối,NORMAL,2026Q2,2026,Q2,294536,False,Chưa kiểm toán,414.0,Tổng cộng tài sản,230.0,Vốn chủ sở hữu,407.78,Thu nhập trên mỗi cổ phần của 4 quý gần nhất (EPS),10717.0,Giá trị sổ sách của cổ phiếu (BVPS),3.68,Chỉ số giá thị trường trên thu nhập (P/E),0.14,Chỉ số giá thị trường trên giá trị sổ sách (P/B),1.33,Tỷ suất lợi nhuận trên vốn chủ sở hữu bình quân (ROEA),0.7,Tỷ suất sinh lợi trên tổng tài sản bình quân (ROAA),144.0,Doanh thu thuần về bán hàng và cung cấp dịch vụ,9.0,Lợi nhuận gộp về bán hàng và cung cấp dịch vụ,3.0,Tổng lợi nhuận kế toán trước thuế,3.0,Lợi nhuận sau thuế thu nhập doanh nghiệp,3.0,Lợi nhuận sau thuế của cổ đông Công ty mẹ,183.0,Nợ phải trả,6.24,Tỷ suất lợi nhuận gộp biên,2.15,Tỷ suất sinh lợi trên doanh thu thuần,44.33,Tỷ số Nợ trên Tổng tài sản,46.07,Tỷ số Nợ vay trên Vốn chủ sở hữu,,-49.1166077738516,0.6993006993007089,0.0,200.0,CURRENT,COMPLETE,,,,YES
VHL,Vật liệu xây dựng,NORMAL,2026Q2,2026,Q2,294056,True,Chưa kiểm toán,773.0,Tổng cộng tài sản,520.0,Vốn chủ sở hữu,1483.05,Thu nhập trên mỗi cổ phần của 4 quý gần nhất (EPS),20795.0,Giá trị sổ sách của cổ phiếu (BVPS),8.77,Chỉ số giá thị trường trên thu nhập (P/E),0.63,Chỉ số giá thị trường trên giá trị sổ sách (P/B),2.11,Tỷ suất lợi nhuận trên vốn chủ sở hữu bình quân (ROEA),1.4,Tỷ suất sinh lợi trên tổng tài sản bình quân (ROAA),240.0,Doanh thu thuần về bán hàng và cung cấp dịch vụ,52.0,Lợi nhuận gộp về bán hàng và cung cấp dịch vụ,13.0,Tổng lợi nhuận kế toán trước thuế,11.0,Lợi nhuận sau thuế thu nhập doanh nghiệp,11.0,Lợi nhuận sau thuế của cổ đông Công ty mẹ,253.0,Nợ phải trả,21.76,Tỷ suất lợi nhuận gộp biên,4.52,Tỷ suất sinh lợi trên doanh thu thuần,32.77,Tỷ số Nợ trên Tổng tài sản,7.3,Tỷ số Nợ vay trên Vốn chủ sở hữu,,11.627906976744185,-17.525773195876294,57.14285714285714,0.0,CURRENT,COMPLETE,,,,YES
VID,Gỗ & Giấy,NORMAL,2026Q2,2026,Q2,292386,True,Chưa kiểm toán,1129.0,Tổng cộng tài sản,628.0,Vốn chủ sở hữu,-65.89,Thu nhập trên mỗi cổ phần của 4 quý gần nhất (EPS),15386.0,Giá trị sổ sách của cổ phiếu (BVPS),-75.43,Chỉ số giá thị trường trên thu nhập (P/E),0.32,Chỉ số giá thị trường trên giá trị sổ sách (P/B),-1.16,Tỷ suất lợi nhuận trên vốn chủ sở hữu bình quân (ROEA),-0.66,Tỷ suất sinh lợi trên tổng tài sản bình quân (ROAA),258.0,Doanh thu thuần về bán hàng và cung cấp dịch vụ,15.0,Lợi nhuận gộp về bán hàng và cung cấp dịch vụ,-7.0,Tổng lợi nhuận kế toán trước thuế,-7.0,Lợi nhuận sau thuế thu nhập doanh nghiệp,-7.0,Lợi nhuận sau thuế của cổ đông Công ty mẹ,500.0,Nợ phải trả,5.91,Tỷ suất lợi nhuận gộp biên,-2.7,Tỷ suất sinh lợi trên doanh thu thuần,44.34,Tỷ số Nợ trên Tổng tài sản,60.61,Tỷ số Nợ vay trên Vốn chủ sở hữu,,1.5748031496062964,-3.731343283582089,,-450.0,CURRENT,COMPLETE,,,,YES
VIF,Gỗ & Giấy,NORMAL,2026Q2,2026,Q2,293871,True,Chưa kiểm toán,5795.0,Tổng cộng tài sản,5071.0,Vốn chủ sở hữu,1392.1,Thu nhập trên mỗi cổ phần của 4 quý gần nhất (EPS),14488.0,Giá trị sổ sách của cổ phiếu (BVPS),11.28,Chỉ số giá thị trường trên thu nhập (P/E),1.08,Chỉ số giá thị trường trên giá trị sổ sách (P/B),1.94,Tỷ suất lợi nhuận trên vốn chủ sở hữu bình quân (ROEA),1.75,Tỷ suất sinh lợi trên tổng tài sản bình quân (ROAA),513.0,Doanh thu thuần về bán hàng và cung cấp dịch vụ,63.0,Lợi nhuận gộp về bán hàng và cung cấp dịch vụ,108.0,Tổng lợi nhuận kế toán trước thuế,101.0,Lợi nhuận sau thuế thu nhập doanh nghiệp,100.0,Lợi nhuận sau thuế của cổ đông Công ty mẹ,724.0,Nợ phải trả,12.25,Tỷ suất lợi nhuận gộp biên,19.65,Tỷ suất sinh lợi trên doanh thu thuần,12.5,Tỷ số Nợ trên Tổng tài sản,2.23,Tỷ số Nợ vay trên Vốn chủ sở hữu,,-12.157534246575342,-6.386861313868608,-37.88819875776398,13.636363636363647,CURRENT,COMPLETE,,,,YES
VIG,Chứng khoán,SECURITIES,2026Q2,2026,Q2,291490,False,Chưa kiểm toán,363.0,Tổng cộng tài sản,353.0,Vốn chủ sở hữu,322.16,Thu nhập trên mỗi cổ phần của 4 quý gần nhất (EPS),7830.04,Giá trị sổ sách của cổ phiếu (BVPS),13.97,Chỉ số giá thị trường trên thu nhập (P/E),0.57,Chỉ số giá thị trường trên giá trị sổ sách (P/B),-0.63,Tỷ suất lợi nhuận trên vốn chủ sở hữu bình quân (ROEA),-0.62,Tỷ suất sinh lợi trên tổng tài sản bình quân (ROAA),3.0,Doanh thu thuần về hoạt động kinh doanh,,,-3.0,Tổng lợi nhuận kế toán trước thuế,-2.0,Lợi nhuận sau thuế TNDN,-2.0,Lợi nhuận sau thuế của cổ đông Công ty mẹ,9.0,Nợ phải trả,,,,,,,,,,-40.0,-25.0,100.0,-88.23529411764706,CURRENT,COMPLETE,,,,YES
VIM,Vật liệu xây dựng,NORMAL,,,,,,,,,,,,,,,,,,,,,,,,,,,,,,,,,,,,,,,,,,,,,,,,NO_DATA,NO_FINANCIAL_DATA,income_bil_vnd|pbt_bil_vnd|net_profit_bil_vnd|total_assets_bil_vnd|equity_bil_vnd,,Không có kỳ báo cáo hợp lệ sau khi chặn kỳ tương lai,NO
VIN,Cảng & Logistics,NORMAL,2026Q2,2026,Q2,294403,True,Chưa kiểm toán,588.0,Tổng cộng tài sản,535.0,Vốn chủ sở hữu,376.55,Thu nhập trên mỗi cổ phần của 4 quý gần nhất (EPS),20994.0,Giá trị sổ sách của cổ phiếu (BVPS),42.22,Chỉ số giá thị trường trên thu nhập (P/E),0.76,Chỉ số giá thị trường trên giá trị sổ sách (P/B),1.44,Tỷ suất lợi nhuận trên vốn chủ sở hữu bình quân (ROEA),1.34,Tỷ suất sinh lợi trên tổng tài sản bình quân (ROAA),177.0,Doanh thu thuần về bán hàng và cung cấp dịch vụ,10.0,Lợi nhuận gộp về bán hàng và cung cấp dịch vụ,9.0,Tổng lợi nhuận kế toán trước thuế,8.0,Lợi nhuận sau thuế thu nhập doanh nghiệp,8.0,Lợi nhuận sau thuế của cổ đông Công ty mẹ,52.0,Nợ phải trả,5.89,Tỷ suất lợi nhuận gộp biên,4.49,Tỷ suất sinh lợi trên doanh thu thuần,8.92,Tỷ số Nợ trên Tổng tài sản,4.03,Tỷ số Nợ vay trên Vốn chủ sở hữu,,-20.98214285714286,29.197080291970813,100.0,-50.0,CURRENT,COMPLETE,,,,YES
VIP,Dầu khí,NORMAL,2026Q2,2026,Q2,292862,True,Chưa kiểm toán,1445.0,Tổng cộng tài sản,1223.0,Vốn chủ sở hữu,771.63,Thu nhập trên mỗi cổ phần của 4 quý gần nhất (EPS),17868.0,Giá trị sổ sách của cổ phiếu (BVPS),13.41,Chỉ số giá thị trường trên thu nhập (P/E),0.58,Chỉ số giá thị trường trên giá trị sổ sách (P/B),1.61,Tỷ suất lợi nhuận trên vốn chủ sở hữu bình quân (ROEA),1.41,Tỷ suất sinh lợi trên tổng tài sản bình quân (ROAA),179.0,Doanh thu thuần về bán hàng và cung cấp dịch vụ,31.0,Lợi nhuận gộp về bán hàng và cung cấp dịch vụ,26.0,Tổng lợi nhuận kế toán trước thuế,20.0,Lợi nhuận sau thuế thu nhập doanh nghiệp,20.0,Lợi nhuận sau thuế của cổ đông Công ty mẹ,222.0,Nợ phải trả,17.36,Tỷ suất lợi nhuận gộp biên,11.24,Tỷ suất sinh lợi trên doanh thu thuần,15.34,Tỷ số Nợ trên Tổng tài sản,,,,22.602739726027398,20.134228187919454,100.0,-47.36842105263158,CURRENT,COMPLETE,,,,YES
VIT,Vật liệu xây dựng,NORMAL,2026Q2,2026,Q2,294392,True,Chưa kiểm toán,3118.0,Tổng cộng tài sản,895.0,Vốn chủ sở hữu,1970.29,Thu nhập trên mỗi cổ phần của 4 quý gần nhất (EPS),13002.0,Giá trị sổ sách của cổ phiếu (BVPS),14.46,Chỉ số giá thị trường trên thu nhập (P/E),2.19,Chỉ số giá thị trường trên giá trị sổ sách (P/B),5.49,Tỷ suất lợi nhuận trên vốn chủ sở hữu bình quân (ROEA),1.57,Tỷ suất sinh lợi trên tổng tài sản bình quân (ROAA),1098.0,Doanh thu thuần về bán hàng và cung cấp dịch vụ,194.0,Lợi nhuận gộp về bán hàng và cung cấp dịch vụ,56.0,Tổng lợi nhuận kế toán trước thuế,44.0,Lợi nhuận sau thuế thu nhập doanh nghiệp,48.0,Lợi nhuận sau thuế của cổ đông Công ty mẹ,2224.0,Nợ phải trả,17.7,Tỷ suất lợi nhuận gộp biên,4.02,Tỷ suất sinh lợi trên doanh thu thuần,71.31,Tỷ số Nợ trên Tổng tài sản,165.16,Tỷ số Nợ vay trên Vốn chủ sở hữu,,27.2305909617613,100.0,,100.0,CURRENT,COMPLETE,,,,YES
VLB,Vật liệu xây dựng,NORMAL,2026Q2,2026,Q2,291603,False,Chưa kiểm toán,1549.0,Tổng cộng tài sản,1064.0,Vốn chủ sở hữu,13106.54,Thu nhập trên mỗi cổ phần của 4 quý gần nhất (EPS),22780.0,Giá trị sổ sách của cổ phiếu (BVPS),3.76,Chỉ số giá thị trường trên thu nhập (P/E),2.16,Chỉ số giá thị trường trên giá trị sổ sách (P/B),40.64,Tỷ suất lợi nhuận trên vốn chủ sở hữu bình quân (ROEA),28.32,Tỷ suất sinh lợi trên tổng tài sản bình quân (ROAA),440.0,Doanh thu thuần về bán hàng và cung cấp dịch vụ,143.0,Lợi nhuận gộp về bán hàng và cung cấp dịch vụ,468.0,Tổng lợi nhuận kế toán trước thuế,374.0,Lợi nhuận sau thuế thu nhập doanh nghiệp,374.0,Lợi nhuận sau thuế của cổ đông Công ty mẹ,485.0,Nợ phải trả,32.39,Tỷ suất lợi nhuận gộp biên,85.04,Tỷ suất sinh lợi trên doanh thu thuần,31.29,Tỷ số Nợ trên Tổng tài sản,,,,25.0,7.579462102689494,405.4054054054054,373.4177215189874,CURRENT,COMPLETE,,,,YES
VLC,Thực phẩm & đồ uống,NORMAL,2026Q2,2026,Q2,294407,True,Chưa kiểm toán,6574.0,Tổng cộng tài sản,5932.0,Vốn chủ sở hữu,93.9,Thu nhập trên mỗi cổ phần của 4 quý gần nhất (EPS),27916.0,Giá trị sổ sách của cổ phiếu (BVPS),130.99,Chỉ số giá thị trường trên thu nhập (P/E),0.44,Chỉ số giá thị trường trên giá trị sổ sách (P/B),0.26,Tỷ suất lợi nhuận trên vốn chủ sở hữu bình quân (ROEA),0.24,Tỷ suất sinh lợi trên tổng tài sản bình quân (ROAA),870.0,Doanh thu thuần về bán hàng và cung cấp dịch vụ,193.0,Lợi nhuận gộp về bán hàng và cung cấp dịch vụ,35.0,Tổng lợi nhuận kế toán trước thuế,28.0,Lợi nhuận sau thuế thu nhập doanh nghiệp,15.0,Lợi nhuận sau thuế của cổ đông Công ty mẹ,642.0,Nợ phải trả,22.21,Tỷ suất lợi nhuận gộp biên,3.2,Tỷ suất sinh lợi trên doanh thu thuần,9.76,Tỷ số Nợ trên Tổng tài sản,,,,5.968331303288665,4.191616766467066,-25.0,0.0,CURRENT,COMPLETE,,,,YES
VLS,Kim loại & Khoáng sản,NORMAL,2026Q2,2026,Q2,292366,False,Chưa kiểm toán,899.0,Tổng cộng tài sản,257.0,Vốn chủ sở hữu,670.36,Thu nhập trên mỗi cổ phần của 4 quý gần nhất (EPS),10489.0,Giá trị sổ sách của cổ phiếu (BVPS),22.53,Chỉ số giá thị trường trên thu nhập (P/E),1.44,Chỉ số giá thị trường trên giá trị sổ sách (P/B),-0.02,Tỷ suất lợi nhuận trên vốn chủ sở hữu bình quân (ROEA),-0.01,Tỷ suất sinh lợi trên tổng tài sản bình quân (ROAA),294.0,Doanh thu thuần về bán hàng và cung cấp dịch vụ,11.0,Lợi nhuận gộp về bán hàng và cung cấp dịch vụ,0.0,Tổng lợi nhuận kế toán trước thuế,0.0,Lợi nhuận sau thuế thu nhập doanh nghiệp,0.0,Lợi nhuận sau thuế của cổ đông Công ty mẹ,642.0,Nợ phải trả,3.59,Tỷ suất lợi nhuận gộp biên,-0.02,Tỷ suất sinh lợi trên doanh thu thuần,71.41,Tỷ số Nợ trên Tổng tài sản,189.96,Tỷ số Nợ vay trên Vốn chủ sở hữu,,23.01255230125523,,,,CURRENT,COMPLETE,,,,YES
VLW,Nước,NORMAL,2026Q2,2026,Q2,291401,False,Chưa kiểm toán,662.0,Tổng cộng tài sản,540.0,Vốn chủ sở hữu,3021.87,Thu nhập trên mỗi cổ phần của 4 quý gần nhất (EPS),18682.0,Giá trị sổ sách của cổ phiếu (BVPS),14.69,Chỉ số giá thị trường trên thu nhập (P/E),2.38,Chỉ số giá thị trường trên giá trị sổ sách (P/B),5.23,Tỷ suất lợi nhuận trên vốn chủ sở hữu bình quân (ROEA),4.26,Tỷ suất sinh lợi trên tổng tài sản bình quân (ROAA),63.0,Doanh thu thuần về bán hàng và cung cấp dịch vụ,43.0,Lợi nhuận gộp về bán hàng và cung cấp dịch vụ,34.0,Tổng lợi nhuận kế toán trước thuế,28.0,Lợi nhuận sau thuế thu nhập doanh nghiệp,28.0,Lợi nhuận sau thuế của cổ đông Công ty mẹ,122.0,Nợ phải trả,67.57,Tỷ suất lợi nhuận gộp biên,43.48,Tỷ suất sinh lợi trên doanh thu thuần,18.44,Tỷ số Nợ trên Tổng tài sản,8.93,Tỷ số Nợ vay trên Vốn chủ sở hữu,,8.62068965517242,18.867924528301884,55.55555555555556,86.66666666666667,CURRENT,COMPLETE,,,,YES
VMC,Xây dựng,NORMAL,2026Q2,2026,Q2,294606,True,Chưa kiểm toán,1083.0,Tổng cộng tài sản,324.0,Vốn chủ sở hữu,-770.4,Thu nhập trên mỗi cổ phần của 4 quý gần nhất (EPS),11285.0,Giá trị sổ sách của cổ phiếu (BVPS),-5.32,Chỉ số giá thị trường trên thu nhập (P/E),0.36,Chỉ số giá thị trường trên giá trị sổ sách (P/B),-6.83,Tỷ suất lợi nhuận trên vốn chủ sở hữu bình quân (ROEA),-2.06,Tỷ suất sinh lợi trên tổng tài sản bình quân (ROAA),74.0,Doanh thu thuần về bán hàng và cung cấp dịch vụ,-24.0,Lợi nhuận gộp về bán hàng và cung cấp dịch vụ,-23.0,Tổng lợi nhuận kế toán trước thuế,-23.0,Lợi nhuận sau thuế thu nhập doanh nghiệp,-23.0,Lợi nhuận sau thuế của cổ đông Công ty mẹ,759.0,Nợ phải trả,-32.98,Tỷ suất lợi nhuận gộp biên,-30.97,Tỷ suất sinh lợi trên doanh thu thuần,70.05,Tỷ số Nợ trên Tổng tài sản,145.86,Tỷ số Nợ vay trên Vốn chủ sở hữu,,-30.188679245283023,-68.10344827586206,,,CURRENT,COMPLETE,,,,YES
VNA,Cảng & Logistics,NORMAL,2026Q2,2026,Q2,293875,True,Chưa kiểm toán,1147.0,Tổng cộng tài sản,670.0,Vốn chủ sở hữu,3784.47,Thu nhập trên mỗi cổ phần của 4 quý gần nhất (EPS),19705.0,Giá trị sổ sách của cổ phiếu (BVPS),3.96,Chỉ số giá thị trường trên thu nhập (P/E),0.76,Chỉ số giá thị trường trên giá trị sổ sách (P/B),7.5,Tỷ suất lợi nhuận trên vốn chủ sở hữu bình quân (ROEA),4.62,Tỷ suất sinh lợi trên tổng tài sản bình quân (ROAA),146.0,Doanh thu thuần về bán hàng và cung cấp dịch vụ,29.0,Lợi nhuận gộp về bán hàng và cung cấp dịch vụ,61.0,Tổng lợi nhuận kế toán trước thuế,49.0,Lợi nhuận sau thuế thu nhập doanh nghiệp,49.0,Lợi nhuận sau thuế của cổ đông Công ty mẹ,477.0,Nợ phải trả,20.08,Tỷ suất lợi nhuận gộp biên,33.31,Tỷ suất sinh lợi trên doanh thu thuần,41.6,Tỷ số Nợ trên Tổng tài sản,57.24,Tỷ số Nợ vay trên Vốn chủ sở hữu,,31.53153153153154,-23.958333333333336,32.432432432432435,,CURRENT,COMPLETE,,,,YES
VNB,Truyền thông,NORMAL,2026Q2,2026,Q2,291619,False,Chưa kiểm toán,1245.0,Tổng cộng tài sản,1228.0,Vốn chủ sở hữu,1236.31,Thu nhập trên mỗi cổ phần của 4 quý gần nhất (EPS),18092.0,Giá trị sổ sách của cổ phiếu (BVPS),11.49,Chỉ số giá thị trường trên thu nhập (P/E),0.78,Chỉ số giá thị trường trên giá trị sổ sách (P/B),1.85,Tỷ suất lợi nhuận trên vốn chủ sở hữu bình quân (ROEA),1.83,Tỷ suất sinh lợi trên tổng tài sản bình quân (ROAA),9.0,Doanh thu thuần về bán hàng và cung cấp dịch vụ,4.0,Lợi nhuận gộp về bán hàng và cung cấp dịch vụ,28.0,Tổng lợi nhuận kế toán trước thuế,23.0,Lợi nhuận sau thuế thu nhập doanh nghiệp,23.0,Lợi nhuận sau thuế của cổ đông Công ty mẹ,17.0,Nợ phải trả,40.47,Tỷ suất lợi nhuận gộp biên,246.25,Tỷ suất sinh lợi trên doanh thu thuần,1.35,Tỷ số Nợ trên Tổng tài sản,,,,125.0,28.57142857142858,14.999999999999991,9.523809523809534,CURRENT,COMPLETE,,,,YES
VNC,Dịch vụ công nghiệp,NORMAL,2026Q2,2026,Q2,293879,True,Chưa kiểm toán,587.0,Tổng cộng tài sản,355.0,Vốn chủ sở hữu,5521.12,Thu nhập trên mỗi cổ phần của 4 quý gần nhất (EPS),16887.0,Giá trị sổ sách của cổ phiếu (BVPS),6.43,Chỉ số giá thị trường trên thu nhập (P/E),2.1,Chỉ số giá thị trường trên giá trị sổ sách (P/B),8.0,Tỷ suất lợi nhuận trên vốn chủ sở hữu bình quân (ROEA),5.11,Tỷ suất sinh lợi trên tổng tài sản bình quân (ROAA),344.0,Doanh thu thuần về bán hàng và cung cấp dịch vụ,92.0,Lợi nhuận gộp về bán hàng và cung cấp dịch vụ,38.0,Tổng lợi nhuận kế toán trước thuế,30.0,Lợi nhuận sau thuế thu nhập doanh nghiệp,28.0,Lợi nhuận sau thuế của cổ đông Công ty mẹ,232.0,Nợ phải trả,26.67,Tỷ suất lợi nhuận gộp biên,8.6,Tỷ suất sinh lợi trên doanh thu thuần,39.54,Tỷ số Nợ trên Tổng tài sản,0.8,Tỷ số Nợ vay trên Vốn chủ sở hữu,,33.852140077821005,9.904153354632594,27.27272727272727,115.38461538461537,CURRENT,COMPLETE,,,,YES
VNF,Cảng & Logistics,NORMAL,2026Q2,2026,Q2,294114,True,Chưa kiểm toán,951.0,Tổng cộng tài sản,610.0,Vốn chủ sở hữu,2008.88,Thu nhập trên mỗi cổ phần của 4 quý gần nhất (EPS),19242.0,Giá trị sổ sách của cổ phiếu (BVPS),7.57,Chỉ số giá thị trường trên thu nhập (P/E),0.79,Chỉ số giá thị trường trên giá trị sổ sách (P/B),3.8,Tỷ suất lợi nhuận trên vốn chủ sở hữu bình quân (ROEA),2.61,Tỷ suất sinh lợi trên tổng tài sản bình quân (ROAA),416.0,Doanh thu thuần về bán hàng và cung cấp dịch vụ,36.0,Lợi nhuận gộp về bán hàng và cung cấp dịch vụ,31.0,Tổng lợi nhuận kế toán trước thuế,25.0,Lợi nhuận sau thuế thu nhập doanh nghiệp,24.0,Lợi nhuận sau thuế của cổ đông Công ty mẹ,341.0,Nợ phải trả,8.6,Tỷ suất lợi nhuận gộp biên,6.12,Tỷ suất sinh lợi trên doanh thu thuần,35.89,Tỷ số Nợ trên Tổng tài sản,2.89,Tỷ số Nợ vay trên Vốn chủ sở hữu,,52.38095238095237,-0.23980815347721673,140.0,33.33333333333333,CURRENT,COMPLETE,,,,YES
VNG,Du lịch & Giải trí,NORMAL,2026Q2,2026,Q2,293588,True,Chưa kiểm toán,4454.0,Tổng cộng tài sản,1093.0,Vốn chủ sở hữu,636.85,Thu nhập trên mỗi cổ phần của 4 quý gần nhất (EPS),11240.0,Giá trị sổ sách của cổ phiếu (BVPS),9.59,Chỉ số giá thị trường trên thu nhập (P/E),0.54,Chỉ số giá thị trường trên giá trị sổ sách (P/B),0.12,Tỷ suất lợi nhuận trên vốn chủ sở hữu bình quân (ROEA),0.03,Tỷ suất sinh lợi trên tổng tài sản bình quân (ROAA),226.0,Doanh thu thuần về bán hàng và cung cấp dịch vụ,91.0,Lợi nhuận gộp về bán hàng và cung cấp dịch vụ,13.0,Tổng lợi nhuận kế toán trước thuế,1.0,Lợi nhuận sau thuế thu nhập doanh nghiệp,1.0,Lợi nhuận sau thuế của cổ đông Công ty mẹ,3361.0,Nợ phải trả,40.11,Tỷ suất lợi nhuận gộp biên,0.59,Tỷ suất sinh lợi trên doanh thu thuần,75.45,Tỷ số Nợ trên Tổng tài sản,259.76,Tỷ số Nợ vay trên Vốn chủ sở hữu,,41.25000000000001,28.409090909090917,-102.4390243902439,-102.08333333333333,CURRENT,COMPLETE,,,,YES
VNR,Bảo hiểm,INSURANCE,2026Q2,2026,Q2,292938,True,Chưa kiểm toán,10436.0,Tổng cộng tài sản,4220.0,Vốn chủ sở hữu,2371.77,Thu nhập trên mỗi cổ phần của 4 quý gần nhất (EPS),21032.09,Giá trị sổ sách của cổ phiếu (BVPS),8.31,Chỉ số giá thị trường trên thu nhập (P/E),1.97,Chỉ số giá thị trường trên giá trị sổ sách (P/B),6.69,Tỷ suất lợi nhuận trên vốn chủ sở hữu bình quân (ROEA),1.29,Tỷ suất sinh lợi trên tổng tài sản bình quân (ROAA),642.0,Doanh thu thuần hoạt động kinh doanh bảo hiểm,22.0,Lợi nhuận gộp hoạt động kinh doanh bảo hiểm,161.0,Tổng lợi nhuận kế toán,134.0,Lợi nhuận sau thuế thu nhập doanh nghiệp,134.0,Lợi nhuận sau thuế của cổ đông Công ty mẹ,6216.0,Nợ phải trả,,,,,,,,,,-32.206969376979934,1.4218009478673022,27.61904761904761,-4.964539007092195,CURRENT,COMPLETE,,,,YES
VNS,Cảng & Logistics,NORMAL,2026Q2,2026,Q2,292880,True,Chưa kiểm toán,1716.0,Tổng cộng tài sản,1106.0,Vốn chủ sở hữu,3.84,Thu nhập trên mỗi cổ phần của 4 quý gần nhất (EPS),16301.0,Giá trị sổ sách của cổ phiếu (BVPS),2057.52,Chỉ số giá thị trường trên thu nhập (P/E),0.49,Chỉ số giá thị trường trên giá trị sổ sách (P/B),-1.8,Tỷ suất lợi nhuận trên vốn chủ sở hữu bình quân (ROEA),-1.14,Tỷ suất sinh lợi trên tổng tài sản bình quân (ROAA),194.0,Doanh thu thuần về bán hàng và cung cấp dịch vụ,25.0,Lợi nhuận gộp về bán hàng và cung cấp dịch vụ,-21.0,Tổng lợi nhuận kế toán trước thuế,-20.0,Lợi nhuận sau thuế thu nhập doanh nghiệp,-20.0,Lợi nhuận sau thuế của cổ đông Công ty mẹ,610.0,Nợ phải trả,12.82,Tỷ suất lợi nhuận gộp biên,-10.34,Tỷ suất sinh lợi trên doanh thu thuần,35.53,Tỷ số Nợ trên Tổng tài sản,42.23,Tỷ số Nợ vay trên Vốn chủ sở hữu,,-13.777777777777779,-10.599078341013824,-433.33333333333337,-300.0,CURRENT,COMPLETE,,,,YES
VNZ,Du lịch & Giải trí,NORMAL,2026Q2,2026,Q2,294408,True,Chưa kiểm toán,11612.0,Tổng cộng tài sản,840.0,Vốn chủ sở hữu,15863.75,Thu nhập trên mỗi cổ phần của 4 quý gần nhất (EPS),28251.0,Giá trị sổ sách của cổ phiếu (BVPS),25.85,Chỉ số giá thị trường trên thu nhập (P/E),14.51,Chỉ số giá thị trường trên giá trị sổ sách (P/B),63.23,Tỷ suất lợi nhuận trên vốn chủ sở hữu bình quân (ROEA),4.27,Tỷ suất sinh lợi trên tổng tài sản bình quân (ROAA),3087.0,Doanh thu thuần về bán hàng và cung cấp dịch vụ,1327.0,Lợi nhuận gộp về bán hàng và cung cấp dịch vụ,528.0,Tổng lợi nhuận kế toán trước thuế,467.0,Lợi nhuận sau thuế thu nhập doanh nghiệp,477.0,Lợi nhuận sau thuế của cổ đông Công ty mẹ,10773.0,Nợ phải trả,42.98,Tỷ suất lợi nhuận gộp biên,15.12,Tỷ suất sinh lợi trên doanh thu thuần,92.77,Tỷ số Nợ trên Tổng tài sản,267.27,Tỷ số Nợ vay trên Vốn chủ sở hữu,,10.843806104129271,20.070011668611443,162.0879120879121,1544.8275862068965,CURRENT,COMPLETE,,,,YES
VPD,Điện,NORMAL,2026Q2,2026,Q2,291063,False,Chưa kiểm toán,1807.0,Tổng cộng tài sản,1446.0,Vốn chủ sở hữu,2525.34,Thu nhập trên mỗi cổ phần của 4 quý gần nhất (EPS),13561.0,Giá trị sổ sách của cổ phiếu (BVPS),8.71,Chỉ số giá thị trường trên thu nhập (P/E),1.62,Chỉ số giá thị trường trên giá trị sổ sách (P/B),3.28,Tỷ suất lợi nhuận trên vốn chủ sở hữu bình quân (ROEA),2.86,Tỷ suất sinh lợi trên tổng tài sản bình quân (ROAA),140.0,Doanh thu thuần về bán hàng và cung cấp dịch vụ,71.0,Lợi nhuận gộp về bán hàng và cung cấp dịch vụ,64.0,Tổng lợi nhuận kế toán trước thuế,51.0,Lợi nhuận sau thuế thu nhập doanh nghiệp,51.0,Lợi nhuận sau thuế của cổ đông Công ty mẹ,361.0,Nợ phải trả,51.08,Tỷ suất lợi nhuận gộp biên,36.4,Tỷ suất sinh lợi trên doanh thu thuần,19.99,Tỷ số Nợ trên Tổng tài sản,0.9,Tỷ số Nợ vay trên Vốn chủ sở hữu,,30.841121495327094,-19.075144508670515,64.51612903225808,-26.086956521739136,CURRENT,COMPLETE,,,,YES
VPH,Bất động sản,NORMAL,2026Q2,2026,Q2,293595,True,Chưa kiểm toán,2012.0,Tổng cộng tài sản,1006.0,Vốn chủ sở hữu,-334.89,Thu nhập trên mỗi cổ phần của 4 quý gần nhất (EPS),10546.0,Giá trị sổ sách của cổ phiếu (BVPS),-10.51,Chỉ số giá thị trường trên thu nhập (P/E),0.33,Chỉ số giá thị trường trên giá trị sổ sách (P/B),-1.19,Tỷ suất lợi nhuận trên vốn chủ sở hữu bình quân (ROEA),-0.59,Tỷ suất sinh lợi trên tổng tài sản bình quân (ROAA),16.0,Doanh thu thuần về bán hàng và cung cấp dịch vụ,-1.0,Lợi nhuận gộp về bán hàng và cung cấp dịch vụ,-12.0,Tổng lợi nhuận kế toán trước thuế,-12.0,Lợi nhuận sau thuế thu nhập doanh nghiệp,-12.0,Lợi nhuận sau thuế của cổ đông Công ty mẹ,1007.0,Nợ phải trả,-3.74,Tỷ suất lợi nhuận gộp biên,-77.2,Tỷ suất sinh lợi trên doanh thu thuần,50.03,Tỷ số Nợ trên Tổng tài sản,65.99,Tỷ số Nợ vay trên Vốn chủ sở hữu,,-54.28571428571429,-52.94117647058824,33.33333333333333,,CURRENT,COMPLETE,,,,YES
VPS,Hóa chất,NORMAL,2026Q2,2026,Q2,292870,True,Chưa kiểm toán,623.0,Tổng cộng tài sản,439.0,Vốn chủ sở hữu,5178.12,Thu nhập trên mỗi cổ phần của 4 quý gần nhất (EPS),17932.0,Giá trị sổ sách của cổ phiếu (BVPS),1.67,Chỉ số giá thị trường trên thu nhập (P/E),0.48,Chỉ số giá thị trường trên giá trị sổ sách (P/B),26.35,Tỷ suất lợi nhuận trên vốn chủ sở hữu bình quân (ROEA),18.31,Tỷ suất sinh lợi trên tổng tài sản bình quân (ROAA),150.0,Doanh thu thuần về bán hàng và cung cấp dịch vụ,37.0,Lợi nhuận gộp về bán hàng và cung cấp dịch vụ,133.0,Tổng lợi nhuận kế toán trước thuế,104.0,Lợi nhuận sau thuế thu nhập doanh nghiệp,104.0,Lợi nhuận sau thuế của cổ đông Công ty mẹ,185.0,Nợ phải trả,24.87,Tỷ suất lợi nhuận gộp biên,69.49,Tỷ suất sinh lợi trên doanh thu thuần,29.61,Tỷ số Nợ trên Tổng tài sản,9.05,Tỷ số Nợ vay trên Vốn chủ sở hữu,,59.57446808510638,13.636363636363647,,1385.7142857142858,CURRENT,COMPLETE,,,,YES
VRC,Bất động sản,NORMAL,2026Q2,2026,Q2,292797,True,Chưa kiểm toán,1747.0,Tổng cộng tài sản,1274.0,Vốn chủ sở hữu,10.85,Thu nhập trên mỗi cổ phần của 4 quý gần nhất (EPS),25479.0,Giá trị sổ sách của cổ phiếu (BVPS),1105.62,Chỉ số giá thị trường trên thu nhập (P/E),0.47,Chỉ số giá thị trường trên giá trị sổ sách (P/B),0.01,Tỷ suất lợi nhuận trên vốn chủ sở hữu bình quân (ROEA),0.01,Tỷ suất sinh lợi trên tổng tài sản bình quân (ROAA),1.0,Doanh thu thuần về bán hàng và cung cấp dịch vụ,1.0,Lợi nhuận gộp về bán hàng và cung cấp dịch vụ,1.0,Tổng lợi nhuận kế toán trước thuế,0.0,Lợi nhuận sau thuế thu nhập doanh nghiệp,0.0,Lợi nhuận sau thuế của cổ đông Công ty mẹ,473.0,Nợ phải trả,94.06,Tỷ suất lợi nhuận gộp biên,34.65,Tỷ suất sinh lợi trên doanh thu thuần,27.1,Tỷ số Nợ trên Tổng tài sản,26.51,Tỷ số Nợ vay trên Vốn chủ sở hữu,,0.0,-66.66666666666667,,,CURRENT,COMPLETE,,,,YES
VRG,Bất động sản,NORMAL,2026Q2,2026,Q2,291113,False,Chưa kiểm toán,900.0,Tổng cộng tài sản,319.0,Vốn chủ sở hữu,1413.53,Thu nhập trên mỗi cổ phần của 4 quý gần nhất (EPS),12320.0,Giá trị sổ sách của cổ phiếu (BVPS),10.26,Chỉ số giá thị trường trên thu nhập (P/E),1.18,Chỉ số giá thị trường trên giá trị sổ sách (P/B),0.02,Tỷ suất lợi nhuận trên vốn chủ sở hữu bình quân (ROEA),0.01,Tỷ suất sinh lợi trên tổng tài sản bình quân (ROAA),14.0,Doanh thu thuần về bán hàng và cung cấp dịch vụ,6.0,Lợi nhuận gộp về bán hàng và cung cấp dịch vụ,0.0,Tổng lợi nhuận kế toán trước thuế,0.0,Lợi nhuận sau thuế thu nhập doanh nghiệp,0.0,Lợi nhuận sau thuế của cổ đông Công ty mẹ,581.0,Nợ phải trả,46.95,Tỷ suất lợi nhuận gộp biên,0.59,Tỷ suất sinh lợi trên doanh thu thuần,64.57,Tỷ số Nợ trên Tổng tài sản,7.69,Tỷ số Nợ vay trên Vốn chủ sở hữu,,100.0,55.55555555555556,-100.0,-100.0,CURRENT,COMPLETE,,,,YES
VSF,Thực phẩm & đồ uống,NORMAL,2026Q2,2026,Q2,294177,True,Chưa kiểm toán,7131.0,Tổng cộng tài sản,2436.0,Vốn chủ sở hữu,59.72,Thu nhập trên mỗi cổ phần của 4 quý gần nhất (EPS),4872.0,Giá trị sổ sách của cổ phiếu (BVPS),428.64,Chỉ số giá thị trường trên thu nhập (P/E),5.25,Chỉ số giá thị trường trên giá trị sổ sách (P/B),0.34,Tỷ suất lợi nhuận trên vốn chủ sở hữu bình quân (ROEA),0.12,Tỷ suất sinh lợi trên tổng tài sản bình quân (ROAA),5333.0,Doanh thu thuần về bán hàng và cung cấp dịch vụ,443.0,Lợi nhuận gộp về bán hàng và cung cấp dịch vụ,29.0,Tổng lợi nhuận kế toán trước thuế,22.0,Lợi nhuận sau thuế thu nhập doanh nghiệp,8.0,Lợi nhuận sau thuế của cổ đông Công ty mẹ,4695.0,Nợ phải trả,8.32,Tỷ suất lợi nhuận gộp biên,0.42,Tỷ suất sinh lợi trên doanh thu thuần,65.84,Tỷ số Nợ trên Tổng tài sản,124.17,Tỷ số Nợ vay trên Vốn chủ sở hữu,,80.84096303831807,-15.201144856097947,-300.0,0.0,CURRENT,COMPLETE,,,,YES
VSH,Điện,NORMAL,2026Q2,2026,Q2,292356,True,Chưa kiểm toán,8053.0,Tổng cộng tài sản,5097.0,Vốn chủ sở hữu,3958.05,Thu nhập trên mỗi cổ phần của 4 quý gần nhất (EPS),21577.0,Giá trị sổ sách của cổ phiếu (BVPS),10.71,Chỉ số giá thị trường trên thu nhập (P/E),1.97,Chỉ số giá thị trường trên giá trị sổ sách (P/B),4.8,Tỷ suất lợi nhuận trên vốn chủ sở hữu bình quân (ROEA),2.92,Tỷ suất sinh lợi trên tổng tài sản bình quân (ROAA),576.0,Doanh thu thuần về bán hàng và cung cấp dịch vụ,322.0,Lợi nhuận gộp về bán hàng và cung cấp dịch vụ,271.0,Tổng lợi nhuận kế toán trước thuế,239.0,Lợi nhuận sau thuế thu nhập doanh nghiệp,239.0,Lợi nhuận sau thuế của cổ đông Công ty mẹ,2956.0,Nợ phải trả,55.9,Tỷ suất lợi nhuận gộp biên,41.44,Tỷ suất sinh lợi trên doanh thu thuần,36.71,Tỷ số Nợ trên Tổng tài sản,48.77,Tỷ số Nợ vay trên Vốn chủ sở hữu,,-6.796116504854366,14.741035856573713,-11.152416356877326,43.97590361445782,CURRENT,COMPLETE,,,,YES
VSN,Thực phẩm & đồ uống,NORMAL,2026Q2,2026,Q2,294322,False,Chưa kiểm toán,1844.0,Tổng cộng tài sản,1245.0,Vốn chủ sở hữu,1062.18,Thu nhập trên mỗi cổ phần của 4 quý gần nhất (EPS),15387.0,Giá trị sổ sách của cổ phiếu (BVPS),12.24,Chỉ số giá thị trường trên thu nhập (P/E),0.84,Chỉ số giá thị trường trên giá trị sổ sách (P/B),1.22,Tỷ suất lợi nhuận trên vốn chủ sở hữu bình quân (ROEA),0.82,Tỷ suất sinh lợi trên tổng tài sản bình quân (ROAA),650.0,Doanh thu thuần về bán hàng và cung cấp dịch vụ,149.0,Lợi nhuận gộp về bán hàng và cung cấp dịch vụ,20.0,Tổng lợi nhuận kế toán trước thuế,15.0,Lợi nhuận sau thuế thu nhập doanh nghiệp,15.0,Lợi nhuận sau thuế của cổ đông Công ty mẹ,600.0,Nợ phải trả,22.89,Tỷ suất lợi nhuận gộp biên,2.37,Tỷ suất sinh lợi trên doanh thu thuần,32.51,Tỷ số Nợ trên Tổng tài sản,21.43,Tỷ số Nợ vay trên Vốn chủ sở hữu,,-13.101604278074863,-1.5151515151515138,-31.818181818181824,0.0,CURRENT,COMPLETE,,,,YES
VST,Cảng & Logistics,NORMAL,2026Q2,2026,Q2,293996,True,Chưa kiểm toán,632.0,Tổng cộng tài sản,-356.0,Vốn chủ sở hữu,3851.36,Thu nhập trên mỗi cổ phần của 4 quý gần nhất (EPS),-5154.0,Giá trị sổ sách của cổ phiếu (BVPS),0.75,Chỉ số giá thị trường trên thu nhập (P/E),-0.56,Chỉ số giá thị trường trên giá trị sổ sách (P/B),-3.37,Tỷ suất lợi nhuận trên vốn chủ sở hữu bình quân (ROEA),2.01,Tỷ suất sinh lợi trên tổng tài sản bình quân (ROAA),154.0,Doanh thu thuần về bán hàng và cung cấp dịch vụ,28.0,Lợi nhuận gộp về bán hàng và cung cấp dịch vụ,16.0,Tổng lợi nhuận kế toán trước thuế,12.0,Lợi nhuận sau thuế thu nhập doanh nghiệp,12.0,Lợi nhuận sau thuế của cổ đông Công ty mẹ,987.0,Nợ phải trả,18.29,Tỷ suất lợi nhuận gộp biên,7.89,Tỷ suất sinh lợi trên doanh thu thuần,156.29,Tỷ số Nợ trên Tổng tài sản,-112.86,Tỷ số Nợ vay trên Vốn chủ sở hữu,,9.219858156028371,25.203252032520318,-78.57142857142857,500.0,CURRENT,COMPLETE,,,,YES
VTD,Du lịch & Giải trí,NORMAL,2026Q2,2026,Q2,294324,True,Chưa kiểm toán,359.0,Tổng cộng tài sản,270.0,Vốn chủ sở hữu,164.62,Thu nhập trên mỗi cổ phần của 4 quý gần nhất (EPS),11260.0,Giá trị sổ sách của cổ phiếu (BVPS),29.16,Chỉ số giá thị trường trên thu nhập (P/E),0.43,Chỉ số giá thị trường trên giá trị sổ sách (P/B),2.19,Tỷ suất lợi nhuận trên vốn chủ sở hữu bình quân (ROEA),1.55,Tỷ suất sinh lợi trên tổng tài sản bình quân (ROAA),57.0,Doanh thu thuần về bán hàng và cung cấp dịch vụ,8.0,Lợi nhuận gộp về bán hàng và cung cấp dịch vụ,7.0,Tổng lợi nhuận kế toán trước thuế,6.0,Lợi nhuận sau thuế thu nhập doanh nghiệp,6.0,Lợi nhuận sau thuế của cổ đông Công ty mẹ,89.0,Nợ phải trả,13.54,Tỷ suất lợi nhuận gộp biên,10.14,Tỷ suất sinh lợi trên doanh thu thuần,24.68,Tỷ số Nợ trên Tổng tài sản,28.99,Tỷ số Nợ vay trên Vốn chủ sở hữu,,200.0,26.66666666666666,,,CURRENT,COMPLETE,,,,YES
VTK,Viễn thông,NORMAL,2018Q3,2018,Q3,134315,False,Chưa kiểm toán,111.0,Tổng cộng tài sản,90.0,Vốn chủ sở hữu,996.51,Thu nhập trên mỗi cổ phần của 4 quý gần nhất (EPS),21631.57,Giá trị sổ sách của cổ phiếu (BVPS),0.0,Chỉ số giá thị trường trên thu nhập (P/E),0.0,Chỉ số giá thị trường trên giá trị sổ sách (P/B),9.21,Tỷ suất lợi nhuận trên vốn chủ sở hữu bình quân (ROEA),7.48,Tỷ suất sinh lợi trên tổng tài sản bình quân (ROAA),20.0,Doanh thu thuần về bán hàng và cung cấp dịch vụ,6.0,Lợi nhuận gộp về bán hàng và cung cấp dịch vụ,5.0,Tổng lợi nhuận kế toán trước thuế,4.0,Lợi nhuận sau thuế thu nhập doanh nghiệp,4.0,Lợi nhuận sau thuế của cổ đông Công ty mẹ,21.0,Nợ phải trả,31.84,Tỷ suất lợi nhuận gộp biên,20.32,Tỷ suất sinh lợi trên doanh thu thuần,18.77,Tỷ số Nợ trên Tổng tài sản,0.0,Tỷ số Nợ vay trên Vốn chủ sở hữu,,,-16.666666666666664,,-19.999999999999996,STALE,COMPLETE,,,,REVIEW
VTR,Du lịch & Giải trí,NORMAL,2026Q2,2026,Q2,294133,True,Chưa kiểm toán,3030.0,Tổng cộng tài sản,792.0,Vốn chủ sở hữu,-7.69,Thu nhập trên mỗi cổ phần của 4 quý gần nhất (EPS),12018.0,Giá trị sổ sách của cổ phiếu (BVPS),-1417.75,Chỉ số giá thị trường trên thu nhập (P/E),0.91,Chỉ số giá thị trường trên giá trị sổ sách (P/B),3.65,Tỷ suất lợi nhuận trên vốn chủ sở hữu bình quân (ROEA),0.98,Tỷ suất sinh lợi trên tổng tài sản bình quân (ROAA),2181.0,Doanh thu thuần về bán hàng và cung cấp dịch vụ,159.0,Lợi nhuận gộp về bán hàng và cung cấp dịch vụ,29.0,Tổng lợi nhuận kế toán trước thuế,29.0,Lợi nhuận sau thuế thu nhập doanh nghiệp,28.0,Lợi nhuận sau thuế của cổ đông Công ty mẹ,2237.0,Nợ phải trả,7.28,Tỷ suất lợi nhuận gộp biên,1.31,Tỷ suất sinh lợi trên doanh thu thuần,73.85,Tỷ số Nợ trên Tổng tài sản,102.04,Tỷ số Nợ vay trên Vốn chủ sở hữu,,43.58130348913758,7.7037037037037015,-227.27272727272725,2700.0,CURRENT,COMPLETE,,,,YES
VUA,Chứng khoán,SECURITIES,2026Q2,2026,Q2,291546,False,Chưa kiểm toán,3004.0,Tổng cộng tài sản,1989.0,Vốn chủ sở hữu,795.49,Thu nhập trên mỗi cổ phần của 4 quý gần nhất (EPS),9946.27,Giá trị sổ sách của cổ phiếu (BVPS),19.74,Chỉ số giá thị trường trên thu nhập (P/E),1.58,Chỉ số giá thị trường trên giá trị sổ sách (P/B),2.03,Tỷ suất lợi nhuận trên vốn chủ sở hữu bình quân (ROEA),1.61,Tỷ suất sinh lợi trên tổng tài sản bình quân (ROAA),67.0,Doanh thu thuần về hoạt động kinh doanh,,,40.0,Tổng lợi nhuận kế toán trước thuế,40.0,Lợi nhuận sau thuế TNDN,40.0,Lợi nhuận sau thuế của cổ đông Công ty mẹ,1014.0,Nợ phải trả,,,,,,,,,,103.03030303030303,3250.0,122.22222222222223,,CURRENT,COMPLETE,,,,YES
VVN,Xây dựng,NORMAL,2026Q2,2026,Q2,294136,True,Chưa kiểm toán,4726.0,Tổng cộng tài sản,-2977.0,Vốn chủ sở hữu,-12406.68,Thu nhập trên mỗi cổ phần của 4 quý gần nhất (EPS),-54123.0,Giá trị sổ sách của cổ phiếu (BVPS),-0.23,Chỉ số giá thị trường trên thu nhập (P/E),-0.05,Chỉ số giá thị trường trên giá trị sổ sách (P/B),3.54,Tỷ suất lợi nhuận trên vốn chủ sở hữu bình quân (ROEA),-2.24,Tỷ suất sinh lợi trên tổng tài sản bình quân (ROAA),1089.0,Doanh thu thuần về bán hàng và cung cấp dịch vụ,37.0,Lợi nhuận gộp về bán hàng và cung cấp dịch vụ,-84.0,Tổng lợi nhuận kế toán trước thuế,-90.0,Lợi nhuận sau thuế thu nhập doanh nghiệp,-103.0,Lợi nhuận sau thuế của cổ đông Công ty mẹ,7703.0,Nợ phải trả,3.38,Tỷ suất lợi nhuận gộp biên,-8.25,Tỷ suất sinh lợi trên doanh thu thuần,162.98,Tỷ số Nợ trên Tổng tài sản,-165.46,Tỷ số Nợ vay trên Vốn chủ sở hữu,,66.7687595712098,2.2535211267605604,-10.434782608695647,14.444444444444438,CURRENT,COMPLETE,,,,YES
WSS,Chứng khoán,SECURITIES,2026Q2,2026,Q2,291482,False,Chưa kiểm toán,594.0,Tổng cộng tài sản,543.0,Vốn chủ sở hữu,616.55,Thu nhập trên mỗi cổ phần của 4 quý gần nhất (EPS),10801.65,Giá trị sổ sách của cổ phiếu (BVPS),11.03,Chỉ số giá thị trường trên thu nhập (P/E),0.63,Chỉ số giá thị trường trên giá trị sổ sách (P/B),0.39,Tỷ suất lợi nhuận trên vốn chủ sở hữu bình quân (ROEA),0.37,Tỷ suất sinh lợi trên tổng tài sản bình quân (ROAA),9.0,Doanh thu thuần về hoạt động kinh doanh,,,2.0,Tổng lợi nhuận kế toán trước thuế,2.0,Lợi nhuận sau thuế TNDN,2.0,Lợi nhuận sau thuế của cổ đông Công ty mẹ,50.0,Nợ phải trả,,,,,,,,,,-40.0,-70.96774193548387,-83.33333333333334,-92.3076923076923,CURRENT,COMPLETE,,,,YES
XDH,Bất động sản,NORMAL,2026Q2,2026,Q2,292138,False,Chưa kiểm toán,910.0,Tổng cộng tài sản,545.0,Vốn chủ sở hữu,1579.65,Thu nhập trên mỗi cổ phần của 4 quý gần nhất (EPS),20162.0,Giá trị sổ sách của cổ phiếu (BVPS),10.26,Chỉ số giá thị trường trên thu nhập (P/E),0.8,Chỉ số giá thị trường trên giá trị sổ sách (P/B),1.69,Tỷ suất lợi nhuận trên vốn chủ sở hữu bình quân (ROEA),1.03,Tỷ suất sinh lợi trên tổng tài sản bình quân (ROAA),59.0,Doanh thu thuần về bán hàng và cung cấp dịch vụ,16.0,Lợi nhuận gộp về bán hàng và cung cấp dịch vụ,12.0,Tổng lợi nhuận kế toán trước thuế,9.0,Lợi nhuận sau thuế thu nhập doanh nghiệp,9.0,Lợi nhuận sau thuế của cổ đông Công ty mẹ,366.0,Nợ phải trả,27.41,Tỷ suất lợi nhuận gộp biên,15.94,Tỷ suất sinh lợi trên doanh thu thuần,40.15,Tỷ số Nợ trên Tổng tài sản,6.18,Tỷ số Nợ vay trên Vốn chủ sở hữu,,43.90243902439024,227.77777777777777,50.0,350.0,CURRENT,COMPLETE,,,,YES
XHC,Gỗ & Giấy,NORMAL,2026Q2,2026,Q2,292120,False,Chưa kiểm toán,666.0,Tổng cộng tài sản,359.0,Vốn chủ sở hữu,89.05,Thu nhập trên mỗi cổ phần của 4 quý gần nhất (EPS),17042.0,Giá trị sổ sách của cổ phiếu (BVPS),177.42,Chỉ số giá thị trường trên thu nhập (P/E),0.93,Chỉ số giá thị trường trên giá trị sổ sách (P/B),0.25,Tỷ suất lợi nhuận trên vốn chủ sở hữu bình quân (ROEA),0.15,Tỷ suất sinh lợi trên tổng tài sản bình quân (ROAA),95.0,Doanh thu thuần về bán hàng và cung cấp dịch vụ,18.0,Lợi nhuận gộp về bán hàng và cung cấp dịch vụ,1.0,Tổng lợi nhuận kế toán trước thuế,1.0,Lợi nhuận sau thuế thu nhập doanh nghiệp,1.0,Lợi nhuận sau thuế của cổ đông Công ty mẹ,307.0,Nợ phải trả,19.5,Tỷ suất lợi nhuận gộp biên,1.02,Tỷ suất sinh lợi trên doanh thu thuần,46.07,Tỷ số Nợ trên Tổng tài sản,50.16,Tỷ số Nợ vay trên Vốn chủ sở hữu,,-32.14285714285714,-18.103448275862068,,-98.4375,CURRENT,COMPLETE,,,,YES
XMC,Xây dựng,NORMAL,2026Q2,2026,Q2,294104,True,Chưa kiểm toán,3567.0,Tổng cộng tài sản,931.0,Vốn chủ sở hữu,580.8,Thu nhập trên mỗi cổ phần của 4 quý gần nhất (EPS),13040.0,Giá trị sổ sách của cổ phiếu (BVPS),17.22,Chỉ số giá thị trường trên thu nhập (P/E),0.77,Chỉ số giá thị trường trên giá trị sổ sách (P/B),1.88,Tỷ suất lợi nhuận trên vốn chủ sở hữu bình quân (ROEA),0.51,Tỷ suất sinh lợi trên tổng tài sản bình quân (ROAA),662.0,Doanh thu thuần về bán hàng và cung cấp dịch vụ,48.0,Lợi nhuận gộp về bán hàng và cung cấp dịch vụ,20.0,Tổng lợi nhuận kế toán trước thuế,18.0,Lợi nhuận sau thuế thu nhập doanh nghiệp,17.0,Lợi nhuận sau thuế của cổ đông Công ty mẹ,2636.0,Nợ phải trả,7.2,Tỷ suất lợi nhuận gộp biên,2.72,Tỷ suất sinh lợi trên doanh thu thuần,73.9,Tỷ số Nợ trên Tổng tài sản,143.81,Tỷ số Nợ vay trên Vốn chủ sở hữu,,37.916666666666664,16.344463971880497,325.0,21.42857142857142,CURRENT,COMPLETE,,,,YES
YBM,Vật liệu xây dựng,NORMAL,2026Q2,2026,Q2,294676,True,Chưa kiểm toán,736.0,Tổng cộng tài sản,379.0,Vốn chủ sở hữu,1477.18,Thu nhập trên mỗi cổ phần của 4 quý gần nhất (EPS),11772.0,Giá trị sổ sách của cổ phiếu (BVPS),6.6,Chỉ số giá thị trường trên thu nhập (P/E),0.83,Chỉ số giá thị trường trên giá trị sổ sách (P/B),2.03,Tỷ suất lợi nhuận trên vốn chủ sở hữu bình quân (ROEA),1.01,Tỷ suất sinh lợi trên tổng tài sản bình quân (ROAA),231.0,Doanh thu thuần về bán hàng và cung cấp dịch vụ,59.0,Lợi nhuận gộp về bán hàng và cung cấp dịch vụ,9.0,Tổng lợi nhuận kế toán trước thuế,8.0,Lợi nhuận sau thuế thu nhập doanh nghiệp,8.0,Lợi nhuận sau thuế của cổ đông Công ty mẹ,357.0,Nợ phải trả,25.35,Tỷ suất lợi nhuận gộp biên,3.27,Tỷ suất sinh lợi trên doanh thu thuần,48.54,Tỷ số Nợ trên Tổng tài sản,76.17,Tỷ số Nợ vay trên Vốn chủ sở hữu,,-12.5,-3.347280334728031,14.28571428571428,-11.111111111111116,CURRENT,COMPLETE,,,,YES
