candidate_closing_boundary_volume,candidate_closing_share_pct,closing_bar_isolated,closing_boundary_bars,closing_inference_quality,closing_window_bars,daily_open,daily_previous_close,daily_volume,final_bar,final_price,final_time,first_continuous_after_opening,inferred_closing_price_impact_pct,intraday_sum_volume,last_bar_before_opening,last_continuous_bar,last_continuous_price,last_continuous_time,minute_bar_count,opening_bar_isolated,opening_bar_mixed,opening_boundary_bar,opening_boundary_time,opening_boundary_volume,opening_inference_quality,opening_window_bars,provider,quality_tier,reconciled_exactly,reconciled_within_rounding_or_provider_semantics,symbol,total_day_volume,trading_date,volume_diff,volume_diff_pct
254300,5.422174840085288,True,"[{""close"": 70.7, ""high"": 70.7, ""low"": 70.7, ""open"": 70.7, ""time"": ""2026-08-25 14:45:00"", ""volume"": 254300}]",INFERRED_BOUNDARY,"[{""close"": 70.9, ""high"": 70.9, ""low"": 70.8, ""open"": 70.9, ""time"": ""2026-08-25 14:28:00"", ""volume"": 11500}, {""close"": 70.9, ""high"": 71, ""low"": 70.8, ""open"": 70.9, ""time"": ""2026-08-25 14:29:00"", ""volume"": 30600}, {""close"": 70.7, ""high"": 70.7, ""low"": 70.7, ""open"": 70.7, ""time"": ""2026-08-25 14:45:00"", ""volume"": 254300}]",71.4,71.4,4690000,"{""close"": 70.7, ""high"": 70.7, ""low"": 70.7, ""open"": 70.7, ""time"": ""2026-08-25 14:45:00"", ""volume"": 254300}",70.7,2026-08-25 14:45:00,"{""close"": 71.4, ""high"": 71.4, ""low"": 71.3, ""open"": 71.3, ""time"": ""2026-08-25 09:16:00"", ""volume"": 5400}",-0.28208744710860767,4690000,,"{""close"": 70.9, ""high"": 71, ""low"": 70.8, ""open"": 70.9, ""time"": ""2026-08-25 14:29:00"", ""volume"": 30600}",70.9,2026-08-25 14:29:00,226,False,True,"{""close"": 71.3, ""high"": 71.4, ""low"": 71.3, ""open"": 71.4, ""time"": ""2026-08-25 09:15:00"", ""volume"": 78900}",2026-08-25 09:15:00,78900,UNAVAILABLE,"[{""close"": 71.3, ""high"": 71.4, ""low"": 71.3, ""open"": 71.4, ""time"": ""2026-08-25 09:15:00"", ""volume"": 78900}, {""close"": 71.4, ""high"": 71.4, ""low"": 71.3, ""open"": 71.3, ""time"": ""2026-08-25 09:16:00"", ""volume"": 5400}, {""close"": 71.4, ""high"": 71.4, ""low"": 71.3, ""open"": 71.4, ""time"": ""2026-08-25 09:17:00"", ""volume"": 3900}]",KBS,INFERRED_BOUNDARY,True,True,FPT,4690000,2026-08-25,0,0.0
426000,4.192376959640991,True,"[{""close"": 72.6, ""high"": 72.6, ""low"": 72.6, ""open"": 72.6, ""time"": ""2026-08-26 14:45:00"", ""volume"": 426000}]",INFERRED_BOUNDARY,"[{""close"": 72.5, ""high"": 72.6, ""low"": 72.4, ""open"": 72.4, ""time"": ""2026-08-26 14:28:00"", ""volume"": 82900}, {""close"": 72.6, ""high"": 72.6, ""low"": 72.4, ""open"": 72.5, ""time"": ""2026-08-26 14:29:00"", ""volume"": 71400}, {""close"": 72.6, ""high"": 72.6, ""low"": 72.6, ""open"": 72.6, ""time"": ""2026-08-26 14:45:00"", ""volume"": 426000}]",70.7,70.7,10161300,"{""close"": 72.6, ""high"": 72.6, ""low"": 72.6, ""open"": 72.6, ""time"": ""2026-08-26 14:45:00"", ""volume"": 426000}",72.6,2026-08-26 14:45:00,"{""close"": 70.9, ""high"": 70.9, ""low"": 70.7, ""open"": 70.8, ""time"": ""2026-08-26 09:16:00"", ""volume"": 58800}",0.0,10161300,,"{""close"": 72.6, ""high"": 72.6, ""low"": 72.4, ""open"": 72.5, ""time"": ""2026-08-26 14:29:00"", ""volume"": 71400}",72.6,2026-08-26 14:29:00,226,True,False,"{""close"": 70.7, ""high"": 70.7, ""low"": 70.7, ""open"": 70.7, ""time"": ""2026-08-26 09:15:00"", ""volume"": 27600}",2026-08-26 09:15:00,27600,INFERRED_BOUNDARY,"[{""close"": 70.7, ""high"": 70.7, ""low"": 70.7, ""open"": 70.7, ""time"": ""2026-08-26 09:15:00"", ""volume"": 27600}, {""close"": 70.9, ""high"": 70.9, ""low"": 70.7, ""open"": 70.8, ""time"": ""2026-08-26 09:16:00"", ""volume"": 58800}, {""close"": 70.9, ""high"": 70.9, ""low"": 70.8, ""open"": 70.8, ""time"": ""2026-08-26 09:17:00"", ""volume"": 43100}]",KBS,INFERRED_BOUNDARY,True,True,FPT,10161300,2026-08-26,0,0.0
240800,6.796691975500297,True,"[{""close"": 72.2, ""high"": 72.2, ""low"": 72.2, ""open"": 72.2, ""time"": ""2026-08-27 14:45:00"", ""volume"": 240800}]",INFERRED_BOUNDARY,"[{""close"": 72.4, ""high"": 72.4, ""low"": 72.3, ""open"": 72.3, ""time"": ""2026-08-27 14:28:00"", ""volume"": 10900}, {""close"": 72.4, ""high"": 72.5, ""low"": 72.3, ""open"": 72.4, ""time"": ""2026-08-27 14:29:00"", ""volume"": 112500}, {""close"": 72.2, ""high"": 72.2, ""low"": 72.2, ""open"": 72.2, ""time"": ""2026-08-27 14:45:00"", ""volume"": 240800}]",72.6,72.6,3542900,"{""close"": 72.2, ""high"": 72.2, ""low"": 72.2, ""open"": 72.2, ""time"": ""2026-08-27 14:45:00"", ""volume"": 240800}",72.2,2026-08-27 14:45:00,"{""close"": 72.6, ""high"": 72.6, ""low"": 72.5, ""open"": 72.5, ""time"": ""2026-08-27 09:16:00"", ""volume"": 16000}",-0.27624309392265584,3542900,,"{""close"": 72.4, ""high"": 72.5, ""low"": 72.3, ""open"": 72.4, ""time"": ""2026-08-27 14:29:00"", ""volume"": 112500}",72.4,2026-08-27 14:29:00,226,False,True,"{""close"": 72.5, ""high"": 72.6, ""low"": 72.5, ""open"": 72.6, ""time"": ""2026-08-27 09:15:00"", ""volume"": 100800}",2026-08-27 09:15:00,100800,UNAVAILABLE,"[{""close"": 72.5, ""high"": 72.6, ""low"": 72.5, ""open"": 72.6, ""time"": ""2026-08-27 09:15:00"", ""volume"": 100800}, {""close"": 72.6, ""high"": 72.6, ""low"": 72.5, ""open"": 72.5, ""time"": ""2026-08-27 09:16:00"", ""volume"": 16000}, {""close"": 72.5, ""high"": 72.7, ""low"": 72.5, ""open"": 72.6, ""time"": ""2026-08-27 09:17:00"", ""volume"": 23900}]",KBS,INFERRED_BOUNDARY,True,True,FPT,3542900,2026-08-27,0,0.0
583800,5.725325592342696,True,"[{""close"": 73.2, ""high"": 73.2, ""low"": 73.2, ""open"": 73.2, ""time"": ""2026-08-28 14:45:00"", ""volume"": 583800}]",INFERRED_BOUNDARY,"[{""close"": 73.5, ""high"": 73.5, ""low"": 73.3, ""open"": 73.5, ""time"": ""2026-08-28 14:28:00"", ""volume"": 118800}, {""close"": 73.4, ""high"": 73.5, ""low"": 73.3, ""open"": 73.5, ""time"": ""2026-08-28 14:29:00"", ""volume"": 19000}, {""close"": 73.2, ""high"": 73.2, ""low"": 73.2, ""open"": 73.2, ""time"": ""2026-08-28 14:45:00"", ""volume"": 583800}]",72.2,72.2,10196800,"{""close"": 73.2, ""high"": 73.2, ""low"": 73.2, ""open"": 73.2, ""time"": ""2026-08-28 14:45:00"", ""volume"": 583800}",73.2,2026-08-28 14:45:00,"{""close"": 72.4, ""high"": 72.5, ""low"": 72.3, ""open"": 72.4, ""time"": ""2026-08-28 09:16:00"", ""volume"": 27200}",-0.2724795640327014,10196800,,"{""close"": 73.4, ""high"": 73.5, ""low"": 73.3, ""open"": 73.5, ""time"": ""2026-08-28 14:29:00"", ""volume"": 19000}",73.4,2026-08-28 14:29:00,226,False,True,"{""close"": 72.4, ""high"": 72.5, ""low"": 72.2, ""open"": 72.2, ""time"": ""2026-08-28 09:15:00"", ""volume"": 112500}",2026-08-28 09:15:00,112500,UNAVAILABLE,"[{""close"": 72.4, ""high"": 72.5, ""low"": 72.2, ""open"": 72.2, ""time"": ""2026-08-28 09:15:00"", ""volume"": 112500}, {""close"": 72.4, ""high"": 72.5, ""low"": 72.3, ""open"": 72.4, ""time"": ""2026-08-28 09:16:00"", ""volume"": 27200}, {""close"": 72.7, ""high"": 72.7, ""low"": 72.4, ""open"": 72.4, ""time"": ""2026-08-28 09:17:00"", ""volume"": 67400}]",KBS,INFERRED_BOUNDARY,True,True,FPT,10196800,2026-08-28,0,0.0
176100,4.297008442730955,True,"[{""close"": 72.2, ""high"": 72.2, ""low"": 72.2, ""open"": 72.2, ""time"": ""2026-09-03 14:45:00"", ""volume"": 176100}]",INFERRED_BOUNDARY,"[{""close"": 72.3, ""high"": 72.4, ""low"": 72.3, ""open"": 72.3, ""time"": ""2026-09-03 14:28:00"", ""volume"": 24300}, {""close"": 72.3, ""high"": 72.3, ""low"": 72.2, ""open"": 72.3, ""time"": ""2026-09-03 14:29:00"", ""volume"": 9700}, {""close"": 72.2, ""high"": 72.2, ""low"": 72.2, ""open"": 72.2, ""time"": ""2026-09-03 14:45:00"", ""volume"": 176100}]",73,73.2,4098200,"{""close"": 72.2, ""high"": 72.2, ""low"": 72.2, ""open"": 72.2, ""time"": ""2026-09-03 14:45:00"", ""volume"": 176100}",72.2,2026-09-03 14:45:00,"{""close"": 72.7, ""high"": 72.7, ""low"": 72.5, ""open"": 72.6, ""time"": ""2026-09-03 09:16:00"", ""volume"": 66100}",-0.13831258644535865,4098200,,"{""close"": 72.3, ""high"": 72.3, ""low"": 72.2, ""open"": 72.3, ""time"": ""2026-09-03 14:29:00"", ""volume"": 9700}",72.3,2026-09-03 14:29:00,226,False,True,"{""close"": 72.7, ""high"": 73, ""low"": 72.6, ""open"": 73, ""time"": ""2026-09-03 09:15:00"", ""volume"": 163800}",2026-09-03 09:15:00,163800,UNAVAILABLE,"[{""close"": 72.7, ""high"": 73, ""low"": 72.6, ""open"": 73, ""time"": ""2026-09-03 09:15:00"", ""volume"": 163800}, {""close"": 72.7, ""high"": 72.7, ""low"": 72.5, ""open"": 72.6, ""time"": ""2026-09-03 09:16:00"", ""volume"": 66100}, {""close"": 72.7, ""high"": 72.8, ""low"": 72.5, ""open"": 72.7, ""time"": ""2026-09-03 09:17:00"", ""volume"": 57200}]",KBS,INFERRED_BOUNDARY,True,True,FPT,4098200,2026-09-03,0,0.0
230300,6.48823777996901,True,"[{""close"": 72.8, ""high"": 72.8, ""low"": 72.8, ""open"": 72.8, ""time"": ""2026-09-04 14:45:00"", ""volume"": 230300}]",INFERRED_BOUNDARY,"[{""close"": 72.7, ""high"": 72.8, ""low"": 72.7, ""open"": 72.7, ""time"": ""2026-09-04 14:28:00"", ""volume"": 19600}, {""close"": 72.8, ""high"": 72.8, ""low"": 72.7, ""open"": 72.7, ""time"": ""2026-09-04 14:29:00"", ""volume"": 27100}, {""close"": 72.8, ""high"": 72.8, ""low"": 72.8, ""open"": 72.8, ""time"": ""2026-09-04 14:45:00"", ""volume"": 230300}]",72.5,72.2,3549500,"{""close"": 72.8, ""high"": 72.8, ""low"": 72.8, ""open"": 72.8, ""time"": ""2026-09-04 14:45:00"", ""volume"": 230300}",72.8,2026-09-04 14:45:00,"{""close"": 72.7, ""high"": 72.7, ""low"": 72.6, ""open"": 72.7, ""time"": ""2026-09-04 09:16:00"", ""volume"": 12400}",0.0,3549500,,"{""close"": 72.8, ""high"": 72.8, ""low"": 72.7, ""open"": 72.7, ""time"": ""2026-09-04 14:29:00"", ""volume"": 27100}",72.8,2026-09-04 14:29:00,226,False,True,"{""close"": 72.7, ""high"": 72.7, ""low"": 72.5, ""open"": 72.5, ""time"": ""2026-09-04 09:15:00"", ""volume"": 79100}",2026-09-04 09:15:00,79100,UNAVAILABLE,"[{""close"": 72.7, ""high"": 72.7, ""low"": 72.5, ""open"": 72.5, ""time"": ""2026-09-04 09:15:00"", ""volume"": 79100}, {""close"": 72.7, ""high"": 72.7, ""low"": 72.6, ""open"": 72.7, ""time"": ""2026-09-04 09:16:00"", ""volume"": 12400}, {""close"": 72.7, ""high"": 72.7, ""low"": 72.6, ""open"": 72.7, ""time"": ""2026-09-04 09:17:00"", ""volume"": 2900}]",KBS,INFERRED_BOUNDARY,True,True,FPT,3549500,2026-09-04,0,0.0
185700,2.645223782798211,True,"[{""close"": 72.4, ""high"": 72.4, ""low"": 72.4, ""open"": 72.4, ""time"": ""2026-09-07 14:45:00"", ""volume"": 185700}]",INFERRED_BOUNDARY,"[{""close"": 72.4, ""high"": 72.5, ""low"": 72.4, ""open"": 72.4, ""time"": ""2026-09-07 14:28:00"", ""volume"": 62800}, {""close"": 72.5, ""high"": 72.5, ""low"": 72.4, ""open"": 72.5, ""time"": ""2026-09-07 14:29:00"", ""volume"": 51000}, {""close"": 72.4, ""high"": 72.4, ""low"": 72.4, ""open"": 72.4, ""time"": ""2026-09-07 14:45:00"", ""volume"": 185700}]",73,72.8,7020200,"{""close"": 72.4, ""high"": 72.4, ""low"": 72.4, ""open"": 72.4, ""time"": ""2026-09-07 14:45:00"", ""volume"": 185700}",72.4,2026-09-07 14:45:00,"{""close"": 73.1, ""high"": 73.3, ""low"": 73, ""open"": 73.2, ""time"": ""2026-09-07 09:16:00"", ""volume"": 74200}",-0.1379310344827508,7020200,,"{""close"": 72.5, ""high"": 72.5, ""low"": 72.4, ""open"": 72.5, ""time"": ""2026-09-07 14:29:00"", ""volume"": 51000}",72.5,2026-09-07 14:29:00,226,False,True,"{""close"": 73.1, ""high"": 73.2, ""low"": 73, ""open"": 73, ""time"": ""2026-09-07 09:15:00"", ""volume"": 129100}",2026-09-07 09:15:00,129100,UNAVAILABLE,"[{""close"": 73.1, ""high"": 73.2, ""low"": 73, ""open"": 73, ""time"": ""2026-09-07 09:15:00"", ""volume"": 129100}, {""close"": 73.1, ""high"": 73.3, ""low"": 73, ""open"": 73.2, ""time"": ""2026-09-07 09:16:00"", ""volume"": 74200}, {""close"": 73, ""high"": 73.1, ""low"": 73, ""open"": 73.1, ""time"": ""2026-09-07 09:17:00"", ""volume"": 67000}]",KBS,INFERRED_BOUNDARY,True,True,FPT,7020200,2026-09-07,0,0.0
149900,3.5080739527264218,True,"[{""close"": 72.2, ""high"": 72.2, ""low"": 72.2, ""open"": 72.2, ""time"": ""2026-09-08 14:45:00"", ""volume"": 149900}]",INFERRED_BOUNDARY,"[{""close"": 72.2, ""high"": 72.2, ""low"": 72.1, ""open"": 72.1, ""time"": ""2026-09-08 14:28:00"", ""volume"": 2100}, {""close"": 72.2, ""high"": 72.2, ""low"": 72.1, ""open"": 72.2, ""time"": ""2026-09-08 14:29:00"", ""volume"": 8600}, {""close"": 72.2, ""high"": 72.2, ""low"": 72.2, ""open"": 72.2, ""time"": ""2026-09-08 14:45:00"", ""volume"": 149900}]",72.4,72.4,4273000,"{""close"": 72.2, ""high"": 72.2, ""low"": 72.2, ""open"": 72.2, ""time"": ""2026-09-08 14:45:00"", ""volume"": 149900}",72.2,2026-09-08 14:45:00,"{""close"": 72.4, ""high"": 72.4, ""low"": 72.3, ""open"": 72.4, ""time"": ""2026-09-08 09:16:00"", ""volume"": 5600}",0.0,4273000,,"{""close"": 72.2, ""high"": 72.2, ""low"": 72.1, ""open"": 72.2, ""time"": ""2026-09-08 14:29:00"", ""volume"": 8600}",72.2,2026-09-08 14:29:00,226,False,True,"{""close"": 72.4, ""high"": 72.4, ""low"": 72.3, ""open"": 72.4, ""time"": ""2026-09-08 09:15:00"", ""volume"": 44700}",2026-09-08 09:15:00,44700,UNAVAILABLE,"[{""close"": 72.4, ""high"": 72.4, ""low"": 72.3, ""open"": 72.4, ""time"": ""2026-09-08 09:15:00"", ""volume"": 44700}, {""close"": 72.4, ""high"": 72.4, ""low"": 72.3, ""open"": 72.4, ""time"": ""2026-09-08 09:16:00"", ""volume"": 5600}, {""close"": 72.5, ""high"": 72.5, ""low"": 72.4, ""open"": 72.4, ""time"": ""2026-09-08 09:17:00"", ""volume"": 34400}]",KBS,INFERRED_BOUNDARY,True,True,FPT,4273000,2026-09-08,0,0.0
270300,7.3445099584273015,True,"[{""close"": 72.4, ""high"": 72.4, ""low"": 72.4, ""open"": 72.4, ""time"": ""2026-09-09 14:45:00"", ""volume"": 270300}]",INFERRED_BOUNDARY,"[{""close"": 72.4, ""high"": 72.5, ""low"": 72.4, ""open"": 72.4, ""time"": ""2026-09-09 14:28:00"", ""volume"": 23200}, {""close"": 72.5, ""high"": 72.5, ""low"": 72.4, ""open"": 72.4, ""time"": ""2026-09-09 14:29:00"", ""volume"": 19100}, {""close"": 72.4, ""high"": 72.4, ""low"": 72.4, ""open"": 72.4, ""time"": ""2026-09-09 14:45:00"", ""volume"": 270300}]",72.3,72.2,3680300,"{""close"": 72.4, ""high"": 72.4, ""low"": 72.4, ""open"": 72.4, ""time"": ""2026-09-09 14:45:00"", ""volume"": 270300}",72.4,2026-09-09 14:45:00,"{""close"": 72.4, ""high"": 72.4, ""low"": 72.4, ""open"": 72.4, ""time"": ""2026-09-09 09:16:00"", ""volume"": 2100}",-0.1379310344827508,3680300,,"{""close"": 72.5, ""high"": 72.5, ""low"": 72.4, ""open"": 72.4, ""time"": ""2026-09-09 14:29:00"", ""volume"": 19100}",72.5,2026-09-09 14:29:00,226,False,True,"{""close"": 72.4, ""high"": 72.4, ""low"": 72.3, ""open"": 72.3, ""time"": ""2026-09-09 09:15:00"", ""volume"": 15900}",2026-09-09 09:15:00,15900,UNAVAILABLE,"[{""close"": 72.4, ""high"": 72.4, ""low"": 72.3, ""open"": 72.3, ""time"": ""2026-09-09 09:15:00"", ""volume"": 15900}, {""close"": 72.4, ""high"": 72.4, ""low"": 72.4, ""open"": 72.4, ""time"": ""2026-09-09 09:16:00"", ""volume"": 2100}, {""close"": 72.4, ""high"": 72.4, ""low"": 72.3, ""open"": 72.4, ""time"": ""2026-09-09 09:17:00"", ""volume"": 6700}]",KBS,INFERRED_BOUNDARY,True,True,FPT,3680300,2026-09-09,0,0.0
320300,2.683343665700451,True,"[{""close"": 74.5, ""high"": 74.5, ""low"": 74.5, ""open"": 74.5, ""time"": ""2026-09-10 14:45:00"", ""volume"": 320300}]",INFERRED_BOUNDARY,"[{""close"": 74.4, ""high"": 74.5, ""low"": 74.4, ""open"": 74.4, ""time"": ""2026-09-10 14:28:00"", ""volume"": 96200}, {""close"": 74.4, ""high"": 74.5, ""low"": 74.3, ""open"": 74.4, ""time"": ""2026-09-10 14:29:00"", ""volume"": 51300}, {""close"": 74.5, ""high"": 74.5, ""low"": 74.5, ""open"": 74.5, ""time"": ""2026-09-10 14:45:00"", ""volume"": 320300}]",72.3,72.4,11936600,"{""close"": 74.5, ""high"": 74.5, ""low"": 74.5, ""open"": 74.5, ""time"": ""2026-09-10 14:45:00"", ""volume"": 320300}",74.5,2026-09-10 14:45:00,"{""close"": 72.3, ""high"": 72.4, ""low"": 72.3, ""open"": 72.3, ""time"": ""2026-09-10 09:16:00"", ""volume"": 2200}",0.13440860215053,11936600,,"{""close"": 74.4, ""high"": 74.5, ""low"": 74.3, ""open"": 74.4, ""time"": ""2026-09-10 14:29:00"", ""volume"": 51300}",74.4,2026-09-10 14:29:00,226,False,True,"{""close"": 72.3, ""high"": 72.3, ""low"": 72.2, ""open"": 72.3, ""time"": ""2026-09-10 09:15:00"", ""volume"": 28400}",2026-09-10 09:15:00,28400,UNAVAILABLE,"[{""close"": 72.3, ""high"": 72.3, ""low"": 72.2, ""open"": 72.3, ""time"": ""2026-09-10 09:15:00"", ""volume"": 28400}, {""close"": 72.3, ""high"": 72.4, ""low"": 72.3, ""open"": 72.3, ""time"": ""2026-09-10 09:16:00"", ""volume"": 2200}, {""close"": 72.3, ""high"": 72.3, ""low"": 72.3, ""open"": 72.3, ""time"": ""2026-09-10 09:17:00"", ""volume"": 2800}]",KBS,INFERRED_BOUNDARY,True,True,FPT,11936600,2026-09-10,0,0.0
529600,9.364832366671381,True,"[{""close"": 72.7, ""high"": 72.7, ""low"": 72.7, ""open"": 72.7, ""time"": ""2026-09-11 14:45:00"", ""volume"": 529600}]",INFERRED_BOUNDARY,"[{""close"": 72.8, ""high"": 72.8, ""low"": 72.7, ""open"": 72.8, ""time"": ""2026-09-11 14:28:00"", ""volume"": 44000}, {""close"": 72.7, ""high"": 72.9, ""low"": 72.7, ""open"": 72.8, ""time"": ""2026-09-11 14:29:00"", ""volume"": 42300}, {""close"": 72.7, ""high"": 72.7, ""low"": 72.7, ""open"": 72.7, ""time"": ""2026-09-11 14:45:00"", ""volume"": 529600}]",74.4,74.5,5655200,"{""close"": 72.7, ""high"": 72.7, ""low"": 72.7, ""open"": 72.7, ""time"": ""2026-09-11 14:45:00"", ""volume"": 529600}",72.7,2026-09-11 14:45:00,"{""close"": 73.9, ""high"": 74, ""low"": 73.7, ""open"": 73.9, ""time"": ""2026-09-11 09:16:00"", ""volume"": 13800}",0.0,5655200,,"{""close"": 72.7, ""high"": 72.9, ""low"": 72.7, ""open"": 72.8, ""time"": ""2026-09-11 14:29:00"", ""volume"": 42300}",72.7,2026-09-11 14:29:00,226,False,True,"{""close"": 74, ""high"": 74.4, ""low"": 74, ""open"": 74.4, ""time"": ""2026-09-11 09:15:00"", ""volume"": 165600}",2026-09-11 09:15:00,165600,UNAVAILABLE,"[{""close"": 74, ""high"": 74.4, ""low"": 74, ""open"": 74.4, ""time"": ""2026-09-11 09:15:00"", ""volume"": 165600}, {""close"": 73.9, ""high"": 74, ""low"": 73.7, ""open"": 73.9, ""time"": ""2026-09-11 09:16:00"", ""volume"": 13800}, {""close"": 74, ""high"": 74.1, ""low"": 73.9, ""open"": 73.9, ""time"": ""2026-09-11 09:17:00"", ""volume"": 32700}]",KBS,INFERRED_BOUNDARY,True,True,FPT,5655200,2026-09-11,0,0.0
154700,3.1829310947883873,True,"[{""close"": 72.4, ""high"": 72.4, ""low"": 72.4, ""open"": 72.4, ""time"": ""2026-09-14 14:45:00"", ""volume"": 154700}]",INFERRED_BOUNDARY,"[{""close"": 72.3, ""high"": 72.3, ""low"": 72.2, ""open"": 72.3, ""time"": ""2026-09-14 14:28:00"", ""volume"": 27500}, {""close"": 72.2, ""high"": 72.4, ""low"": 72.2, ""open"": 72.3, ""time"": ""2026-09-14 14:29:00"", ""volume"": 14400}, {""close"": 72.4, ""high"": 72.4, ""low"": 72.4, ""open"": 72.4, ""time"": ""2026-09-14 14:45:00"", ""volume"": 154700}]",72.8,72.7,4860300,"{""close"": 72.4, ""high"": 72.4, ""low"": 72.4, ""open"": 72.4, ""time"": ""2026-09-14 14:45:00"", ""volume"": 154700}",72.4,2026-09-14 14:45:00,"{""close"": 72.8, ""high"": 72.8, ""low"": 72.8, ""open"": 72.8, ""time"": ""2026-09-14 09:16:00"", ""volume"": 7900}",0.27700831024931144,4860300,,"{""close"": 72.2, ""high"": 72.4, ""low"": 72.2, ""open"": 72.3, ""time"": ""2026-09-14 14:29:00"", ""volume"": 14400}",72.2,2026-09-14 14:29:00,226,False,True,"{""close"": 72.8, ""high"": 72.9, ""low"": 72.8, ""open"": 72.8, ""time"": ""2026-09-14 09:15:00"", ""volume"": 63800}",2026-09-14 09:15:00,63800,UNAVAILABLE,"[{""close"": 72.8, ""high"": 72.9, ""low"": 72.8, ""open"": 72.8, ""time"": ""2026-09-14 09:15:00"", ""volume"": 63800}, {""close"": 72.8, ""high"": 72.8, ""low"": 72.8, ""open"": 72.8, ""time"": ""2026-09-14 09:16:00"", ""volume"": 7900}, {""close"": 72.7, ""high"": 72.8, ""low"": 72.7, ""open"": 72.8, ""time"": ""2026-09-14 09:17:00"", ""volume"": 10300}]",KBS,INFERRED_BOUNDARY,True,True,FPT,4860300,2026-09-14,0,0.0
183900,4.623507228158391,True,"[{""close"": 72.7, ""high"": 72.7, ""low"": 72.7, ""open"": 72.7, ""time"": ""2026-09-15 14:45:00"", ""volume"": 183900}]",INFERRED_BOUNDARY,"[{""close"": 72.5, ""high"": 72.6, ""low"": 72.5, ""open"": 72.5, ""time"": ""2026-09-15 14:28:00"", ""volume"": 16400}, {""close"": 72.6, ""high"": 72.6, ""low"": 72.5, ""open"": 72.5, ""time"": ""2026-09-15 14:29:00"", ""volume"": 34500}, {""close"": 72.7, ""high"": 72.7, ""low"": 72.7, ""open"": 72.7, ""time"": ""2026-09-15 14:45:00"", ""volume"": 183900}]",72.7,72.4,3977500,"{""close"": 72.7, ""high"": 72.7, ""low"": 72.7, ""open"": 72.7, ""time"": ""2026-09-15 14:45:00"", ""volume"": 183900}",72.7,2026-09-15 14:45:00,"{""close"": 72.8, ""high"": 72.8, ""low"": 72.7, ""open"": 72.8, ""time"": ""2026-09-15 09:16:00"", ""volume"": 4700}",0.13774104683196767,3977500,,"{""close"": 72.6, ""high"": 72.6, ""low"": 72.5, ""open"": 72.5, ""time"": ""2026-09-15 14:29:00"", ""volume"": 34500}",72.6,2026-09-15 14:29:00,226,False,True,"{""close"": 72.8, ""high"": 72.8, ""low"": 72.6, ""open"": 72.7, ""time"": ""2026-09-15 09:15:00"", ""volume"": 30800}",2026-09-15 09:15:00,30800,UNAVAILABLE,"[{""close"": 72.8, ""high"": 72.8, ""low"": 72.6, ""open"": 72.7, ""time"": ""2026-09-15 09:15:00"", ""volume"": 30800}, {""close"": 72.8, ""high"": 72.8, ""low"": 72.7, ""open"": 72.8, ""time"": ""2026-09-15 09:16:00"", ""volume"": 4700}, {""close"": 72.8, ""high"": 72.8, ""low"": 72.8, ""open"": 72.8, ""time"": ""2026-09-15 09:17:00"", ""volume"": 23700}]",KBS,INFERRED_BOUNDARY,True,True,FPT,3977500,2026-09-15,0,0.0
2140600,27.627418334817566,True,"[{""close"": 73.8, ""high"": 73.8, ""low"": 73.8, ""open"": 73.8, ""time"": ""2026-09-16 14:45:00"", ""volume"": 2140600}]",INFERRED_BOUNDARY,"[{""close"": 73, ""high"": 73, ""low"": 72.8, ""open"": 72.9, ""time"": ""2026-09-16 14:28:00"", ""volume"": 142100}, {""close"": 72.9, ""high"": 73, ""low"": 72.8, ""open"": 73, ""time"": ""2026-09-16 14:29:00"", ""volume"": 53900}, {""close"": 73.8, ""high"": 73.8, ""low"": 73.8, ""open"": 73.8, ""time"": ""2026-09-16 14:45:00"", ""volume"": 2140600}]",72.8,72.7,7748100,"{""close"": 73.8, ""high"": 73.8, ""low"": 73.8, ""open"": 73.8, ""time"": ""2026-09-16 14:45:00"", ""volume"": 2140600}",73.8,2026-09-16 14:45:00,"{""close"": 73, ""high"": 73.1, ""low"": 72.9, ""open"": 72.9, ""time"": ""2026-09-16 09:16:00"", ""volume"": 25400}",1.234567901234556,7748100,,"{""close"": 72.9, ""high"": 73, ""low"": 72.8, ""open"": 73, ""time"": ""2026-09-16 14:29:00"", ""volume"": 53900}",72.9,2026-09-16 14:29:00,226,False,True,"{""close"": 72.9, ""high"": 72.9, ""low"": 72.7, ""open"": 72.8, ""time"": ""2026-09-16 09:15:00"", ""volume"": 26700}",2026-09-16 09:15:00,26700,UNAVAILABLE,"[{""close"": 72.9, ""high"": 72.9, ""low"": 72.7, ""open"": 72.8, ""time"": ""2026-09-16 09:15:00"", ""volume"": 26700}, {""close"": 73, ""high"": 73.1, ""low"": 72.9, ""open"": 72.9, ""time"": ""2026-09-16 09:16:00"", ""volume"": 25400}, {""close"": 72.9, ""high"": 73, ""low"": 72.9, ""open"": 73, ""time"": ""2026-09-16 09:17:00"", ""volume"": 6500}]",KBS,INFERRED_BOUNDARY,True,True,FPT,7748100,2026-09-16,0,0.0
1887000,28.475711892797317,True,"[{""close"": 74.3, ""high"": 74.3, ""low"": 74.3, ""open"": 74.3, ""time"": ""2026-09-17 14:45:00"", ""volume"": 1887000}]",INFERRED_BOUNDARY,"[{""close"": 74, ""high"": 74, ""low"": 73.8, ""open"": 73.9, ""time"": ""2026-09-17 14:28:00"", ""volume"": 62700}, {""close"": 74, ""high"": 74, ""low"": 73.9, ""open"": 74, ""time"": ""2026-09-17 14:29:00"", ""volume"": 257800}, {""close"": 74.3, ""high"": 74.3, ""low"": 74.3, ""open"": 74.3, ""time"": ""2026-09-17 14:45:00"", ""volume"": 1887000}]",73.3,73.8,6626700,"{""close"": 74.3, ""high"": 74.3, ""low"": 74.3, ""open"": 74.3, ""time"": ""2026-09-17 14:45:00"", ""volume"": 1887000}",74.3,2026-09-17 14:45:00,"{""close"": 72.8, ""high"": 72.9, ""low"": 72.6, ""open"": 72.9, ""time"": ""2026-09-17 09:16:00"", ""volume"": 31200}",0.40540540540540154,6626700,,"{""close"": 74, ""high"": 74, ""low"": 73.9, ""open"": 74, ""time"": ""2026-09-17 14:29:00"", ""volume"": 257800}",74,2026-09-17 14:29:00,226,False,True,"{""close"": 72.9, ""high"": 73.3, ""low"": 72.9, ""open"": 73.3, ""time"": ""2026-09-17 09:15:00"", ""volume"": 85500}",2026-09-17 09:15:00,85500,UNAVAILABLE,"[{""close"": 72.9, ""high"": 73.3, ""low"": 72.9, ""open"": 73.3, ""time"": ""2026-09-17 09:15:00"", ""volume"": 85500}, {""close"": 72.8, ""high"": 72.9, ""low"": 72.6, ""open"": 72.9, ""time"": ""2026-09-17 09:16:00"", ""volume"": 31200}, {""close"": 72.9, ""high"": 72.9, ""low"": 72.8, ""open"": 72.8, ""time"": ""2026-09-17 09:17:00"", ""volume"": 11500}]",KBS,INFERRED_BOUNDARY,True,True,FPT,6626700,2026-09-17,0,0.0
2199500,8.510646530542756,True,"[{""close"": 21.8, ""high"": 21.8, ""low"": 21.8, ""open"": 21.8, ""time"": ""2026-08-25 14:45:00"", ""volume"": 2199500}]",INFERRED_BOUNDARY,"[{""close"": 21.95, ""high"": 21.95, ""low"": 21.9, ""open"": 21.9, ""time"": ""2026-08-25 14:28:00"", ""volume"": 46000}, {""close"": 21.9, ""high"": 21.95, ""low"": 21.9, ""open"": 21.95, ""time"": ""2026-08-25 14:29:00"", ""volume"": 97900}, {""close"": 21.8, ""high"": 21.8, ""low"": 21.8, ""open"": 21.8, ""time"": ""2026-08-25 14:45:00"", ""volume"": 2199500}]",22.25,22.25,25844100,"{""close"": 21.8, ""high"": 21.8, ""low"": 21.8, ""open"": 21.8, ""time"": ""2026-08-25 14:45:00"", ""volume"": 2199500}",21.8,2026-08-25 14:45:00,"{""close"": 22.25, ""high"": 22.3, ""low"": 22.25, ""open"": 22.25, ""time"": ""2026-08-25 09:16:00"", ""volume"": 30300}",-0.4566210045662003,25844100,,"{""close"": 21.9, ""high"": 21.95, ""low"": 21.9, ""open"": 21.95, ""time"": ""2026-08-25 14:29:00"", ""volume"": 97900}",21.9,2026-08-25 14:29:00,226,False,True,"{""close"": 22.25, ""high"": 22.3, ""low"": 22.25, ""open"": 22.25, ""time"": ""2026-08-25 09:15:00"", ""volume"": 192600}",2026-08-25 09:15:00,192600,UNAVAILABLE,"[{""close"": 22.25, ""high"": 22.3, ""low"": 22.25, ""open"": 22.25, ""time"": ""2026-08-25 09:15:00"", ""volume"": 192600}, {""close"": 22.25, ""high"": 22.3, ""low"": 22.25, ""open"": 22.25, ""time"": ""2026-08-25 09:16:00"", ""volume"": 30300}, {""close"": 22.25, ""high"": 22.3, ""low"": 22.25, ""open"": 22.25, ""time"": ""2026-08-25 09:17:00"", ""volume"": 103100}]",KBS,INFERRED_BOUNDARY,True,True,HPG,25844100,2026-08-25,0,0.0
950700,4.901829356322313,True,"[{""close"": 22.05, ""high"": 22.05, ""low"": 22.05, ""open"": 22.05, ""time"": ""2026-08-26 14:45:00"", ""volume"": 950700}]",INFERRED_BOUNDARY,"[{""close"": 22.05, ""high"": 22.1, ""low"": 22.05, ""open"": 22.1, ""time"": ""2026-08-26 14:28:00"", ""volume"": 341900}, {""close"": 22.1, ""high"": 22.1, ""low"": 22.05, ""open"": 22.05, ""time"": ""2026-08-26 14:29:00"", ""volume"": 488800}, {""close"": 22.05, ""high"": 22.05, ""low"": 22.05, ""open"": 22.05, ""time"": ""2026-08-26 14:45:00"", ""volume"": 950700}]",21.8,21.8,19394800,"{""close"": 22.05, ""high"": 22.05, ""low"": 22.05, ""open"": 22.05, ""time"": ""2026-08-26 14:45:00"", ""volume"": 950700}",22.05,2026-08-26 14:45:00,"{""close"": 21.85, ""high"": 21.85, ""low"": 21.8, ""open"": 21.85, ""time"": ""2026-08-26 09:16:00"", ""volume"": 89400}",-0.2262443438914059,19394800,,"{""close"": 22.1, ""high"": 22.1, ""low"": 22.05, ""open"": 22.05, ""time"": ""2026-08-26 14:29:00"", ""volume"": 488800}",22.1,2026-08-26 14:29:00,226,False,True,"{""close"": 21.85, ""high"": 21.9, ""low"": 21.8, ""open"": 21.8, ""time"": ""2026-08-26 09:15:00"", ""volume"": 163200}",2026-08-26 09:15:00,163200,UNAVAILABLE,"[{""close"": 21.85, ""high"": 21.9, ""low"": 21.8, ""open"": 21.8, ""time"": ""2026-08-26 09:15:00"", ""volume"": 163200}, {""close"": 21.85, ""high"": 21.85, ""low"": 21.8, ""open"": 21.85, ""time"": ""2026-08-26 09:16:00"", ""volume"": 89400}, {""close"": 21.8, ""high"": 21.85, ""low"": 21.8, ""open"": 21.85, ""time"": ""2026-08-26 09:17:00"", ""volume"": 79000}]",KBS,INFERRED_BOUNDARY,True,True,HPG,19394800,2026-08-26,0,0.0
1429000,7.441971888198563,True,"[{""close"": 22.2, ""high"": 22.2, ""low"": 22.2, ""open"": 22.2, ""time"": ""2026-08-27 14:45:00"", ""volume"": 1429000}]",INFERRED_BOUNDARY,"[{""close"": 22.2, ""high"": 22.25, ""low"": 22.2, ""open"": 22.25, ""time"": ""2026-08-27 14:28:00"", ""volume"": 56200}, {""close"": 22.25, ""high"": 22.25, ""low"": 22.2, ""open"": 22.25, ""time"": ""2026-08-27 14:29:00"", ""volume"": 39000}, {""close"": 22.2, ""high"": 22.2, ""low"": 22.2, ""open"": 22.2, ""time"": ""2026-08-27 14:45:00"", ""volume"": 1429000}]",22.05,22.05,19201900,"{""close"": 22.2, ""high"": 22.2, ""low"": 22.2, ""open"": 22.2, ""time"": ""2026-08-27 14:45:00"", ""volume"": 1429000}",22.2,2026-08-27 14:45:00,"{""close"": 22.1, ""high"": 22.1, ""low"": 22.05, ""open"": 22.1, ""time"": ""2026-08-27 09:16:00"", ""volume"": 32700}",-0.2247191011235987,19201900,,"{""close"": 22.25, ""high"": 22.25, ""low"": 22.2, ""open"": 22.25, ""time"": ""2026-08-27 14:29:00"", ""volume"": 39000}",22.25,2026-08-27 14:29:00,226,False,True,"{""close"": 22.1, ""high"": 22.1, ""low"": 22.05, ""open"": 22.05, ""time"": ""2026-08-27 09:15:00"", ""volume"": 229200}",2026-08-27 09:15:00,229200,UNAVAILABLE,"[{""close"": 22.1, ""high"": 22.1, ""low"": 22.05, ""open"": 22.05, ""time"": ""2026-08-27 09:15:00"", ""volume"": 229200}, {""close"": 22.1, ""high"": 22.1, ""low"": 22.05, ""open"": 22.1, ""time"": ""2026-08-27 09:16:00"", ""volume"": 32700}, {""close"": 22.15, ""high"": 22.15, ""low"": 22.1, ""open"": 22.1, ""time"": ""2026-08-27 09:17:00"", ""volume"": 22000}]",KBS,INFERRED_BOUNDARY,True,True,HPG,19201900,2026-08-27,0,0.0
2341400,13.671051632830611,True,"[{""close"": 22.1, ""high"": 22.1, ""low"": 22.1, ""open"": 22.1, ""time"": ""2026-08-28 14:45:00"", ""volume"": 2341400}]",INFERRED_BOUNDARY,"[{""close"": 22.2, ""high"": 22.25, ""low"": 22.2, ""open"": 22.2, ""time"": ""2026-08-28 14:28:00"", ""volume"": 174100}, {""close"": 22.2, ""high"": 22.25, ""low"": 22.2, ""open"": 22.2, ""time"": ""2026-08-28 14:29:00"", ""volume"": 204200}, {""close"": 22.1, ""high"": 22.1, ""low"": 22.1, ""open"": 22.1, ""time"": ""2026-08-28 14:45:00"", ""volume"": 2341400}]",22.25,22.2,17126700,"{""close"": 22.1, ""high"": 22.1, ""low"": 22.1, ""open"": 22.1, ""time"": ""2026-08-28 14:45:00"", ""volume"": 2341400}",22.1,2026-08-28 14:45:00,"{""close"": 22.25, ""high"": 22.25, ""low"": 22.25, ""open"": 22.25, ""time"": ""2026-08-28 09:16:00"", ""volume"": 56200}",-0.4504504504504409,17126700,,"{""close"": 22.2, ""high"": 22.25, ""low"": 22.2, ""open"": 22.2, ""time"": ""2026-08-28 14:29:00"", ""volume"": 204200}",22.2,2026-08-28 14:29:00,226,False,True,"{""close"": 22.25, ""high"": 22.3, ""low"": 22.25, ""open"": 22.25, ""time"": ""2026-08-28 09:15:00"", ""volume"": 149800}",2026-08-28 09:15:00,149800,UNAVAILABLE,"[{""close"": 22.25, ""high"": 22.3, ""low"": 22.25, ""open"": 22.25, ""time"": ""2026-08-28 09:15:00"", ""volume"": 149800}, {""close"": 22.25, ""high"": 22.25, ""low"": 22.25, ""open"": 22.25, ""time"": ""2026-08-28 09:16:00"", ""volume"": 56200}, {""close"": 22.15, ""high"": 22.2, ""low"": 22.15, ""open"": 22.2, ""time"": ""2026-08-28 09:17:00"", ""volume"": 82400}]",KBS,INFERRED_BOUNDARY,True,True,HPG,17126700,2026-08-28,0,0.0
2081700,7.7141141942369265,True,"[{""close"": 21.6, ""high"": 21.6, ""low"": 21.6, ""open"": 21.6, ""time"": ""2026-09-03 14:45:00"", ""volume"": 2081700}]",INFERRED_BOUNDARY,"[{""close"": 21.7, ""high"": 21.7, ""low"": 21.65, ""open"": 21.65, ""time"": ""2026-09-03 14:28:00"", ""volume"": 150500}, {""close"": 21.65, ""high"": 21.7, ""low"": 21.65, ""open"": 21.7, ""time"": ""2026-09-03 14:29:00"", ""volume"": 74500}, {""close"": 21.6, ""high"": 21.6, ""low"": 21.6, ""open"": 21.6, ""time"": ""2026-09-03 14:45:00"", ""volume"": 2081700}]",22,22.1,26985600,"{""close"": 21.6, ""high"": 21.6, ""low"": 21.6, ""open"": 21.6, ""time"": ""2026-09-03 14:45:00"", ""volume"": 2081700}",21.6,2026-09-03 14:45:00,"{""close"": 21.9, ""high"": 21.9, ""low"": 21.85, ""open"": 21.9, ""time"": ""2026-09-03 09:16:00"", ""volume"": 208700}",-0.23094688221707696,26985600,,"{""close"": 21.65, ""high"": 21.7, ""low"": 21.65, ""open"": 21.7, ""time"": ""2026-09-03 14:29:00"", ""volume"": 74500}",21.65,2026-09-03 14:29:00,226,False,True,"{""close"": 21.9, ""high"": 22, ""low"": 21.9, ""open"": 22, ""time"": ""2026-09-03 09:15:00"", ""volume"": 722100}",2026-09-03 09:15:00,722100,UNAVAILABLE,"[{""close"": 21.9, ""high"": 22, ""low"": 21.9, ""open"": 22, ""time"": ""2026-09-03 09:15:00"", ""volume"": 722100}, {""close"": 21.9, ""high"": 21.9, ""low"": 21.85, ""open"": 21.9, ""time"": ""2026-09-03 09:16:00"", ""volume"": 208700}, {""close"": 21.9, ""high"": 22, ""low"": 21.85, ""open"": 21.9, ""time"": ""2026-09-03 09:17:00"", ""volume"": 265500}]",KBS,INFERRED_BOUNDARY,True,True,HPG,26985600,2026-09-03,0,0.0
828700,5.9529197106508915,True,"[{""close"": 21.7, ""high"": 21.7, ""low"": 21.7, ""open"": 21.7, ""time"": ""2026-09-04 14:45:00"", ""volume"": 828700}]",INFERRED_BOUNDARY,"[{""close"": 21.8, ""high"": 21.8, ""low"": 21.7, ""open"": 21.7, ""time"": ""2026-09-04 14:28:00"", ""volume"": 193800}, {""close"": 21.8, ""high"": 21.8, ""low"": 21.75, ""open"": 21.75, ""time"": ""2026-09-04 14:29:00"", ""volume"": 53400}, {""close"": 21.7, ""high"": 21.7, ""low"": 21.7, ""open"": 21.7, ""time"": ""2026-09-04 14:45:00"", ""volume"": 828700}]",21.75,21.6,13920900,"{""close"": 21.7, ""high"": 21.7, ""low"": 21.7, ""open"": 21.7, ""time"": ""2026-09-04 14:45:00"", ""volume"": 828700}",21.7,2026-09-04 14:45:00,"{""close"": 21.75, ""high"": 21.75, ""low"": 21.7, ""open"": 21.75, ""time"": ""2026-09-04 09:16:00"", ""volume"": 47000}",-0.45871559633028175,13920900,,"{""close"": 21.8, ""high"": 21.8, ""low"": 21.75, ""open"": 21.75, ""time"": ""2026-09-04 14:29:00"", ""volume"": 53400}",21.8,2026-09-04 14:29:00,225,False,True,"{""close"": 21.75, ""high"": 21.75, ""low"": 21.7, ""open"": 21.75, ""time"": ""2026-09-04 09:15:00"", ""volume"": 171600}",2026-09-04 09:15:00,171600,UNAVAILABLE,"[{""close"": 21.75, ""high"": 21.75, ""low"": 21.7, ""open"": 21.75, ""time"": ""2026-09-04 09:15:00"", ""volume"": 171600}, {""close"": 21.75, ""high"": 21.75, ""low"": 21.7, ""open"": 21.75, ""time"": ""2026-09-04 09:16:00"", ""volume"": 47000}, {""close"": 21.75, ""high"": 21.8, ""low"": 21.7, ""open"": 21.75, ""time"": ""2026-09-04 09:17:00"", ""volume"": 83600}]",KBS,INFERRED_BOUNDARY,True,True,HPG,13920900,2026-09-04,0,0.0
1928300,9.661886580685247,True,"[{""close"": 21.55, ""high"": 21.55, ""low"": 21.55, ""open"": 21.55, ""time"": ""2026-09-07 14:45:00"", ""volume"": 1928300}]",INFERRED_BOUNDARY,"[{""close"": 21.65, ""high"": 21.7, ""low"": 21.65, ""open"": 21.7, ""time"": ""2026-09-07 14:28:00"", ""volume"": 61100}, {""close"": 21.65, ""high"": 21.7, ""low"": 21.6, ""open"": 21.7, ""time"": ""2026-09-07 14:29:00"", ""volume"": 531100}, {""close"": 21.55, ""high"": 21.55, ""low"": 21.55, ""open"": 21.55, ""time"": ""2026-09-07 14:45:00"", ""volume"": 1928300}]",21.8,21.7,19957800,"{""close"": 21.55, ""high"": 21.55, ""low"": 21.55, ""open"": 21.55, ""time"": ""2026-09-07 14:45:00"", ""volume"": 1928300}",21.55,2026-09-07 14:45:00,"{""close"": 21.8, ""high"": 21.85, ""low"": 21.8, ""open"": 21.85, ""time"": ""2026-09-07 09:16:00"", ""volume"": 38100}",-0.46189376443417035,19957800,,"{""close"": 21.65, ""high"": 21.7, ""low"": 21.6, ""open"": 21.7, ""time"": ""2026-09-07 14:29:00"", ""volume"": 531100}",21.65,2026-09-07 14:29:00,226,False,True,"{""close"": 21.85, ""high"": 21.85, ""low"": 21.75, ""open"": 21.8, ""time"": ""2026-09-07 09:15:00"", ""volume"": 179600}",2026-09-07 09:15:00,179600,UNAVAILABLE,"[{""close"": 21.85, ""high"": 21.85, ""low"": 21.75, ""open"": 21.8, ""time"": ""2026-09-07 09:15:00"", ""volume"": 179600}, {""close"": 21.8, ""high"": 21.85, ""low"": 21.8, ""open"": 21.85, ""time"": ""2026-09-07 09:16:00"", ""volume"": 38100}, {""close"": 21.85, ""high"": 21.85, ""low"": 21.8, ""open"": 21.8, ""time"": ""2026-09-07 09:17:00"", ""volume"": 18600}]",KBS,INFERRED_BOUNDARY,True,True,HPG,19957800,2026-09-07,0,0.0
1452100,10.846604320415908,True,"[{""close"": 21.85, ""high"": 21.85, ""low"": 21.85, ""open"": 21.85, ""time"": ""2026-09-08 14:45:00"", ""volume"": 1452100}]",INFERRED_BOUNDARY,"[{""close"": 21.75, ""high"": 21.8, ""low"": 21.7, ""open"": 21.75, ""time"": ""2026-09-08 14:28:00"", ""volume"": 24500}, {""close"": 21.75, ""high"": 21.75, ""low"": 21.7, ""open"": 21.75, ""time"": ""2026-09-08 14:29:00"", ""volume"": 60800}, {""close"": 21.85, ""high"": 21.85, ""low"": 21.85, ""open"": 21.85, ""time"": ""2026-09-08 14:45:00"", ""volume"": 1452100}]",21.55,21.55,13387600,"{""close"": 21.85, ""high"": 21.85, ""low"": 21.85, ""open"": 21.85, ""time"": ""2026-09-08 14:45:00"", ""volume"": 1452100}",21.85,2026-09-08 14:45:00,"{""close"": 21.65, ""high"": 21.65, ""low"": 21.6, ""open"": 21.6, ""time"": ""2026-09-08 09:16:00"", ""volume"": 63500}",0.4597701149425352,13387600,,"{""close"": 21.75, ""high"": 21.75, ""low"": 21.7, ""open"": 21.75, ""time"": ""2026-09-08 14:29:00"", ""volume"": 60800}",21.75,2026-09-08 14:29:00,226,False,True,"{""close"": 21.6, ""high"": 21.6, ""low"": 21.55, ""open"": 21.55, ""time"": ""2026-09-08 09:15:00"", ""volume"": 193400}",2026-09-08 09:15:00,193400,UNAVAILABLE,"[{""close"": 21.6, ""high"": 21.6, ""low"": 21.55, ""open"": 21.55, ""time"": ""2026-09-08 09:15:00"", ""volume"": 193400}, {""close"": 21.65, ""high"": 21.65, ""low"": 21.6, ""open"": 21.6, ""time"": ""2026-09-08 09:16:00"", ""volume"": 63500}, {""close"": 21.6, ""high"": 21.6, ""low"": 21.55, ""open"": 21.6, ""time"": ""2026-09-08 09:17:00"", ""volume"": 127400}]",KBS,INFERRED_BOUNDARY,True,True,HPG,13387600,2026-09-08,0,0.0
1488700,6.636264755179915,True,"[{""close"": 22.05, ""high"": 22.05, ""low"": 22.05, ""open"": 22.05, ""time"": ""2026-09-09 14:45:00"", ""volume"": 1488700}]",INFERRED_BOUNDARY,"[{""close"": 22.05, ""high"": 22.05, ""low"": 22, ""open"": 22.05, ""time"": ""2026-09-09 14:28:00"", ""volume"": 204400}, {""close"": 22.05, ""high"": 22.05, ""low"": 22, ""open"": 22.05, ""time"": ""2026-09-09 14:29:00"", ""volume"": 125500}, {""close"": 22.05, ""high"": 22.05, ""low"": 22.05, ""open"": 22.05, ""time"": ""2026-09-09 14:45:00"", ""volume"": 1488700}]",21.9,21.85,22432800,"{""close"": 22.05, ""high"": 22.05, ""low"": 22.05, ""open"": 22.05, ""time"": ""2026-09-09 14:45:00"", ""volume"": 1488700}",22.05,2026-09-09 14:45:00,"{""close"": 21.95, ""high"": 21.95, ""low"": 21.9, ""open"": 21.9, ""time"": ""2026-09-09 09:16:00"", ""volume"": 43200}",0.0,22432800,,"{""close"": 22.05, ""high"": 22.05, ""low"": 22, ""open"": 22.05, ""time"": ""2026-09-09 14:29:00"", ""volume"": 125500}",22.05,2026-09-09 14:29:00,226,False,True,"{""close"": 21.9, ""high"": 21.95, ""low"": 21.9, ""open"": 21.9, ""time"": ""2026-09-09 09:15:00"", ""volume"": 149300}",2026-09-09 09:15:00,149300,UNAVAILABLE,"[{""close"": 21.9, ""high"": 21.95, ""low"": 21.9, ""open"": 21.9, ""time"": ""2026-09-09 09:15:00"", ""volume"": 149300}, {""close"": 21.95, ""high"": 21.95, ""low"": 21.9, ""open"": 21.9, ""time"": ""2026-09-09 09:16:00"", ""volume"": 43200}, {""close"": 21.95, ""high"": 21.95, ""low"": 21.9, ""open"": 21.95, ""time"": ""2026-09-09 09:17:00"", ""volume"": 25000}]",KBS,INFERRED_BOUNDARY,True,True,HPG,22432800,2026-09-09,0,0.0
1313200,9.806293591409412,True,"[{""close"": 21.85, ""high"": 21.85, ""low"": 21.85, ""open"": 21.85, ""time"": ""2026-09-10 14:45:00"", ""volume"": 1313200}]",INFERRED_BOUNDARY,"[{""close"": 21.95, ""high"": 21.95, ""low"": 21.9, ""open"": 21.95, ""time"": ""2026-09-10 14:28:00"", ""volume"": 27200}, {""close"": 21.95, ""high"": 21.95, ""low"": 21.9, ""open"": 21.9, ""time"": ""2026-09-10 14:29:00"", ""volume"": 92700}, {""close"": 21.85, ""high"": 21.85, ""low"": 21.85, ""open"": 21.85, ""time"": ""2026-09-10 14:45:00"", ""volume"": 1313200}]",22,22.05,13391400,"{""close"": 21.85, ""high"": 21.85, ""low"": 21.85, ""open"": 21.85, ""time"": ""2026-09-10 14:45:00"", ""volume"": 1313200}",21.85,2026-09-10 14:45:00,"{""close"": 22, ""high"": 22.05, ""low"": 22, ""open"": 22, ""time"": ""2026-09-10 09:16:00"", ""volume"": 19500}",-0.4555808656036349,13391400,,"{""close"": 21.95, ""high"": 21.95, ""low"": 21.9, ""open"": 21.9, ""time"": ""2026-09-10 14:29:00"", ""volume"": 92700}",21.95,2026-09-10 14:29:00,226,False,True,"{""close"": 22, ""high"": 22.05, ""low"": 22, ""open"": 22, ""time"": ""2026-09-10 09:15:00"", ""volume"": 184700}",2026-09-10 09:15:00,184700,UNAVAILABLE,"[{""close"": 22, ""high"": 22.05, ""low"": 22, ""open"": 22, ""time"": ""2026-09-10 09:15:00"", ""volume"": 184700}, {""close"": 22, ""high"": 22.05, ""low"": 22, ""open"": 22, ""time"": ""2026-09-10 09:16:00"", ""volume"": 19500}, {""close"": 22, ""high"": 22.05, ""low"": 22, ""open"": 22, ""time"": ""2026-09-10 09:17:00"", ""volume"": 36900}]",KBS,INFERRED_BOUNDARY,True,True,HPG,13391400,2026-09-10,0,0.0
2500200,11.3481937390215,True,"[{""close"": 21.3, ""high"": 21.3, ""low"": 21.3, ""open"": 21.3, ""time"": ""2026-09-11 14:45:00"", ""volume"": 2500200}]",INFERRED_BOUNDARY,"[{""close"": 21.45, ""high"": 21.5, ""low"": 21.4, ""open"": 21.45, ""time"": ""2026-09-11 14:28:00"", ""volume"": 707700}, {""close"": 21.45, ""high"": 21.45, ""low"": 21.4, ""open"": 21.45, ""time"": ""2026-09-11 14:29:00"", ""volume"": 195700}, {""close"": 21.3, ""high"": 21.3, ""low"": 21.3, ""open"": 21.3, ""time"": ""2026-09-11 14:45:00"", ""volume"": 2500200}]",21.75,21.85,22031700,"{""close"": 21.3, ""high"": 21.3, ""low"": 21.3, ""open"": 21.3, ""time"": ""2026-09-11 14:45:00"", ""volume"": 2500200}",21.3,2026-09-11 14:45:00,"{""close"": 21.55, ""high"": 21.75, ""low"": 21.5, ""open"": 21.75, ""time"": ""2026-09-11 09:16:00"", ""volume"": 776900}",-0.6993006993006927,22031700,,"{""close"": 21.45, ""high"": 21.45, ""low"": 21.4, ""open"": 21.45, ""time"": ""2026-09-11 14:29:00"", ""volume"": 195700}",21.45,2026-09-11 14:29:00,226,False,True,"{""close"": 21.7, ""high"": 21.8, ""low"": 21.7, ""open"": 21.75, ""time"": ""2026-09-11 09:15:00"", ""volume"": 333500}",2026-09-11 09:15:00,333500,UNAVAILABLE,"[{""close"": 21.7, ""high"": 21.8, ""low"": 21.7, ""open"": 21.75, ""time"": ""2026-09-11 09:15:00"", ""volume"": 333500}, {""close"": 21.55, ""high"": 21.75, ""low"": 21.5, ""open"": 21.75, ""time"": ""2026-09-11 09:16:00"", ""volume"": 776900}, {""close"": 21.65, ""high"": 21.65, ""low"": 21.55, ""open"": 21.6, ""time"": ""2026-09-11 09:17:00"", ""volume"": 195700}]",KBS,INFERRED_BOUNDARY,True,True,HPG,22031700,2026-09-11,0,0.0
1923900,8.000914913083257,True,"[{""close"": 20.9, ""high"": 20.9, ""low"": 20.9, ""open"": 20.9, ""time"": ""2026-09-14 14:45:00"", ""volume"": 1923900}]",INFERRED_BOUNDARY,"[{""close"": 21.05, ""high"": 21.05, ""low"": 20.95, ""open"": 21, ""time"": ""2026-09-14 14:28:00"", ""volume"": 420300}, {""close"": 21.1, ""high"": 21.1, ""low"": 21, ""open"": 21, ""time"": ""2026-09-14 14:29:00"", ""volume"": 236600}, {""close"": 20.9, ""high"": 20.9, ""low"": 20.9, ""open"": 20.9, ""time"": ""2026-09-14 14:45:00"", ""volume"": 1923900}]",21.3,21.3,24046000,"{""close"": 20.9, ""high"": 20.9, ""low"": 20.9, ""open"": 20.9, ""time"": ""2026-09-14 14:45:00"", ""volume"": 1923900}",20.9,2026-09-14 14:45:00,"{""close"": 21.35, ""high"": 21.4, ""low"": 21.3, ""open"": 21.35, ""time"": ""2026-09-14 09:16:00"", ""volume"": 36400}",-0.9478672985782125,24046000,,"{""close"": 21.1, ""high"": 21.1, ""low"": 21, ""open"": 21, ""time"": ""2026-09-14 14:29:00"", ""volume"": 236600}",21.1,2026-09-14 14:29:00,226,False,True,"{""close"": 21.35, ""high"": 21.35, ""low"": 21.3, ""open"": 21.3, ""time"": ""2026-09-14 09:15:00"", ""volume"": 519900}",2026-09-14 09:15:00,519900,UNAVAILABLE,"[{""close"": 21.35, ""high"": 21.35, ""low"": 21.3, ""open"": 21.3, ""time"": ""2026-09-14 09:15:00"", ""volume"": 519900}, {""close"": 21.35, ""high"": 21.4, ""low"": 21.3, ""open"": 21.35, ""time"": ""2026-09-14 09:16:00"", ""volume"": 36400}, {""close"": 21.3, ""high"": 21.4, ""low"": 21.3, ""open"": 21.35, ""time"": ""2026-09-14 09:17:00"", ""volume"": 344700}]",KBS,INFERRED_BOUNDARY,True,True,HPG,24046000,2026-09-14,0,0.0
1431300,11.990248969607613,True,"[{""close"": 21.2, ""high"": 21.2, ""low"": 21.2, ""open"": 21.2, ""time"": ""2026-09-15 14:45:00"", ""volume"": 1431300}]",INFERRED_BOUNDARY,"[{""close"": 21.15, ""high"": 21.15, ""low"": 21.1, ""open"": 21.15, ""time"": ""2026-09-15 14:28:00"", ""volume"": 31900}, {""close"": 21.15, ""high"": 21.15, ""low"": 21.1, ""open"": 21.1, ""time"": ""2026-09-15 14:29:00"", ""volume"": 27600}, {""close"": 21.2, ""high"": 21.2, ""low"": 21.2, ""open"": 21.2, ""time"": ""2026-09-15 14:45:00"", ""volume"": 1431300}]",21,20.9,11937200,"{""close"": 21.2, ""high"": 21.2, ""low"": 21.2, ""open"": 21.2, ""time"": ""2026-09-15 14:45:00"", ""volume"": 1431300}",21.2,2026-09-15 14:45:00,"{""close"": 21.05, ""high"": 21.05, ""low"": 21, ""open"": 21.05, ""time"": ""2026-09-15 09:16:00"", ""volume"": 72100}",0.23640661938534616,11937200,,"{""close"": 21.15, ""high"": 21.15, ""low"": 21.1, ""open"": 21.1, ""time"": ""2026-09-15 14:29:00"", ""volume"": 27600}",21.15,2026-09-15 14:29:00,226,False,True,"{""close"": 21.05, ""high"": 21.05, ""low"": 21, ""open"": 21, ""time"": ""2026-09-15 09:15:00"", ""volume"": 129100}",2026-09-15 09:15:00,129100,UNAVAILABLE,"[{""close"": 21.05, ""high"": 21.05, ""low"": 21, ""open"": 21, ""time"": ""2026-09-15 09:15:00"", ""volume"": 129100}, {""close"": 21.05, ""high"": 21.05, ""low"": 21, ""open"": 21.05, ""time"": ""2026-09-15 09:16:00"", ""volume"": 72100}, {""close"": 21.05, ""high"": 21.05, ""low"": 21, ""open"": 21.05, ""time"": ""2026-09-15 09:17:00"", ""volume"": 120600}]",KBS,INFERRED_BOUNDARY,True,True,HPG,11937200,2026-09-15,0,0.0
1468100,11.95764610059051,True,"[{""close"": 20.95, ""high"": 20.95, ""low"": 20.95, ""open"": 20.95, ""time"": ""2026-09-16 14:45:00"", ""volume"": 1468100}]",INFERRED_BOUNDARY,"[{""close"": 21.1, ""high"": 21.1, ""low"": 21, ""open"": 21.1, ""time"": ""2026-09-16 14:28:00"", ""volume"": 131700}, {""close"": 21.1, ""high"": 21.15, ""low"": 21.05, ""open"": 21.05, ""time"": ""2026-09-16 14:29:00"", ""volume"": 224700}, {""close"": 20.95, ""high"": 20.95, ""low"": 20.95, ""open"": 20.95, ""time"": ""2026-09-16 14:45:00"", ""volume"": 1468100}]",21.2,21.2,12277500,"{""close"": 20.95, ""high"": 20.95, ""low"": 20.95, ""open"": 20.95, ""time"": ""2026-09-16 14:45:00"", ""volume"": 1468100}",20.95,2026-09-16 14:45:00,"{""close"": 21.2, ""high"": 21.2, ""low"": 21.2, ""open"": 21.2, ""time"": ""2026-09-16 09:16:00"", ""volume"": 26600}",-0.7109004739336593,12277500,,"{""close"": 21.1, ""high"": 21.15, ""low"": 21.05, ""open"": 21.05, ""time"": ""2026-09-16 14:29:00"", ""volume"": 224700}",21.1,2026-09-16 14:29:00,226,False,True,"{""close"": 21.25, ""high"": 21.25, ""low"": 21.2, ""open"": 21.2, ""time"": ""2026-09-16 09:15:00"", ""volume"": 132800}",2026-09-16 09:15:00,132800,UNAVAILABLE,"[{""close"": 21.25, ""high"": 21.25, ""low"": 21.2, ""open"": 21.2, ""time"": ""2026-09-16 09:15:00"", ""volume"": 132800}, {""close"": 21.2, ""high"": 21.2, ""low"": 21.2, ""open"": 21.2, ""time"": ""2026-09-16 09:16:00"", ""volume"": 26600}, {""close"": 21.15, ""high"": 21.2, ""low"": 21.15, ""open"": 21.2, ""time"": ""2026-09-16 09:17:00"", ""volume"": 17600}]",KBS,INFERRED_BOUNDARY,True,True,HPG,12277500,2026-09-16,0,0.0
1001500,5.698727104090679,True,"[{""close"": 21.2, ""high"": 21.2, ""low"": 21.2, ""open"": 21.2, ""time"": ""2026-09-17 14:45:00"", ""volume"": 1001500}]",INFERRED_BOUNDARY,"[{""close"": 21.35, ""high"": 21.35, ""low"": 21.25, ""open"": 21.35, ""time"": ""2026-09-17 14:28:00"", ""volume"": 335500}, {""close"": 21.3, ""high"": 21.35, ""low"": 21.25, ""open"": 21.35, ""time"": ""2026-09-17 14:29:00"", ""volume"": 191500}, {""close"": 21.2, ""high"": 21.2, ""low"": 21.2, ""open"": 21.2, ""time"": ""2026-09-17 14:45:00"", ""volume"": 1001500}]",20.8,20.95,17574100,"{""close"": 21.2, ""high"": 21.2, ""low"": 21.2, ""open"": 21.2, ""time"": ""2026-09-17 14:45:00"", ""volume"": 1001500}",21.2,2026-09-17 14:45:00,"{""close"": 20.8, ""high"": 20.85, ""low"": 20.75, ""open"": 20.8, ""time"": ""2026-09-17 09:16:00"", ""volume"": 352100}",-0.46948356807512404,17574100,,"{""close"": 21.3, ""high"": 21.35, ""low"": 21.25, ""open"": 21.35, ""time"": ""2026-09-17 14:29:00"", ""volume"": 191500}",21.3,2026-09-17 14:29:00,226,False,True,"{""close"": 20.8, ""high"": 20.85, ""low"": 20.8, ""open"": 20.8, ""time"": ""2026-09-17 09:15:00"", ""volume"": 414600}",2026-09-17 09:15:00,414600,UNAVAILABLE,"[{""close"": 20.8, ""high"": 20.85, ""low"": 20.8, ""open"": 20.8, ""time"": ""2026-09-17 09:15:00"", ""volume"": 414600}, {""close"": 20.8, ""high"": 20.85, ""low"": 20.75, ""open"": 20.8, ""time"": ""2026-09-17 09:16:00"", ""volume"": 352100}, {""close"": 20.85, ""high"": 20.85, ""low"": 20.8, ""open"": 20.8, ""time"": ""2026-09-17 09:17:00"", ""volume"": 105000}]",KBS,INFERRED_BOUNDARY,True,True,HPG,17574100,2026-09-17,0,0.0
1586200,5.173802852734822,True,"[{""close"": 21.25, ""high"": 21.25, ""low"": 21.25, ""open"": 21.25, ""time"": ""2026-08-25 14:45:00"", ""volume"": 1586200}]",INFERRED_BOUNDARY,"[{""close"": 21.3, ""high"": 21.35, ""low"": 21.25, ""open"": 21.3, ""time"": ""2026-08-25 14:28:00"", ""volume"": 76600}, {""close"": 21.3, ""high"": 21.3, ""low"": 21.25, ""open"": 21.3, ""time"": ""2026-08-25 14:29:00"", ""volume"": 59600}, {""close"": 21.25, ""high"": 21.25, ""low"": 21.25, ""open"": 21.25, ""time"": ""2026-08-25 14:45:00"", ""volume"": 1586200}]",21.25,21.25,30658300,"{""close"": 21.25, ""high"": 21.25, ""low"": 21.25, ""open"": 21.25, ""time"": ""2026-08-25 14:45:00"", ""volume"": 1586200}",21.25,2026-08-25 14:45:00,"{""close"": 21.3, ""high"": 21.3, ""low"": 21.25, ""open"": 21.3, ""time"": ""2026-08-25 09:16:00"", ""volume"": 17800}",-0.23474178403756202,30658300,,"{""close"": 21.3, ""high"": 21.3, ""low"": 21.25, ""open"": 21.3, ""time"": ""2026-08-25 14:29:00"", ""volume"": 59600}",21.3,2026-08-25 14:29:00,226,False,True,"{""close"": 21.3, ""high"": 21.3, ""low"": 21.25, ""open"": 21.25, ""time"": ""2026-08-25 09:15:00"", ""volume"": 155400}",2026-08-25 09:15:00,155400,UNAVAILABLE,"[{""close"": 21.3, ""high"": 21.3, ""low"": 21.25, ""open"": 21.25, ""time"": ""2026-08-25 09:15:00"", ""volume"": 155400}, {""close"": 21.3, ""high"": 21.3, ""low"": 21.25, ""open"": 21.3, ""time"": ""2026-08-25 09:16:00"", ""volume"": 17800}, {""close"": 21.3, ""high"": 21.3, ""low"": 21.25, ""open"": 21.3, ""time"": ""2026-08-25 09:17:00"", ""volume"": 76300}]",KBS,INFERRED_BOUNDARY,True,True,SSI,30658300,2026-08-25,0,0.0
2277700,8.148378695515298,True,"[{""close"": 21.65, ""high"": 21.65, ""low"": 21.65, ""open"": 21.65, ""time"": ""2026-08-26 14:45:00"", ""volume"": 2277700}]",INFERRED_BOUNDARY,"[{""close"": 21.6, ""high"": 21.65, ""low"": 21.6, ""open"": 21.6, ""time"": ""2026-08-26 14:28:00"", ""volume"": 521100}, {""close"": 21.6, ""high"": 21.6, ""low"": 21.55, ""open"": 21.6, ""time"": ""2026-08-26 14:29:00"", ""volume"": 220500}, {""close"": 21.65, ""high"": 21.65, ""low"": 21.65, ""open"": 21.65, ""time"": ""2026-08-26 14:45:00"", ""volume"": 2277700}]",21.1,21.25,27952800,"{""close"": 21.65, ""high"": 21.65, ""low"": 21.65, ""open"": 21.65, ""time"": ""2026-08-26 14:45:00"", ""volume"": 2277700}",21.65,2026-08-26 14:45:00,"{""close"": 21.3, ""high"": 21.3, ""low"": 21.2, ""open"": 21.25, ""time"": ""2026-08-26 09:16:00"", ""volume"": 65500}",0.23148148148146833,27952800,,"{""close"": 21.6, ""high"": 21.6, ""low"": 21.55, ""open"": 21.6, ""time"": ""2026-08-26 14:29:00"", ""volume"": 220500}",21.6,2026-08-26 14:29:00,226,False,True,"{""close"": 21.2, ""high"": 21.2, ""low"": 21.1, ""open"": 21.1, ""time"": ""2026-08-26 09:15:00"", ""volume"": 572900}",2026-08-26 09:15:00,572900,UNAVAILABLE,"[{""close"": 21.2, ""high"": 21.2, ""low"": 21.1, ""open"": 21.1, ""time"": ""2026-08-26 09:15:00"", ""volume"": 572900}, {""close"": 21.3, ""high"": 21.3, ""low"": 21.2, ""open"": 21.25, ""time"": ""2026-08-26 09:16:00"", ""volume"": 65500}, {""close"": 21.3, ""high"": 21.35, ""low"": 21.3, ""open"": 21.3, ""time"": ""2026-08-26 09:17:00"", ""volume"": 48400}]",KBS,INFERRED_BOUNDARY,True,True,SSI,27952800,2026-08-26,0,0.0
1611300,10.095738148644754,True,"[{""close"": 21.4, ""high"": 21.4, ""low"": 21.4, ""open"": 21.4, ""time"": ""2026-08-27 14:45:00"", ""volume"": 1611300}]",INFERRED_BOUNDARY,"[{""close"": 21.45, ""high"": 21.45, ""low"": 21.35, ""open"": 21.45, ""time"": ""2026-08-27 14:28:00"", ""volume"": 212800}, {""close"": 21.4, ""high"": 21.45, ""low"": 21.4, ""open"": 21.45, ""time"": ""2026-08-27 14:29:00"", ""volume"": 173400}, {""close"": 21.4, ""high"": 21.4, ""low"": 21.4, ""open"": 21.4, ""time"": ""2026-08-27 14:45:00"", ""volume"": 1611300}]",21.75,21.65,15960200,"{""close"": 21.4, ""high"": 21.4, ""low"": 21.4, ""open"": 21.4, ""time"": ""2026-08-27 14:45:00"", ""volume"": 1611300}",21.4,2026-08-27 14:45:00,"{""close"": 21.7, ""high"": 21.7, ""low"": 21.65, ""open"": 21.65, ""time"": ""2026-08-27 09:16:00"", ""volume"": 63700}",0.0,15960200,,"{""close"": 21.4, ""high"": 21.45, ""low"": 21.4, ""open"": 21.45, ""time"": ""2026-08-27 14:29:00"", ""volume"": 173400}",21.4,2026-08-27 14:29:00,226,False,True,"{""close"": 21.65, ""high"": 21.75, ""low"": 21.65, ""open"": 21.75, ""time"": ""2026-08-27 09:15:00"", ""volume"": 653300}",2026-08-27 09:15:00,653300,UNAVAILABLE,"[{""close"": 21.65, ""high"": 21.75, ""low"": 21.65, ""open"": 21.75, ""time"": ""2026-08-27 09:15:00"", ""volume"": 653300}, {""close"": 21.7, ""high"": 21.7, ""low"": 21.65, ""open"": 21.65, ""time"": ""2026-08-27 09:16:00"", ""volume"": 63700}, {""close"": 21.7, ""high"": 21.75, ""low"": 21.65, ""open"": 21.75, ""time"": ""2026-08-27 09:17:00"", ""volume"": 41800}]",KBS,INFERRED_BOUNDARY,True,True,SSI,15960200,2026-08-27,0,0.0
2129100,10.488694024336175,True,"[{""close"": 21.35, ""high"": 21.35, ""low"": 21.35, ""open"": 21.35, ""time"": ""2026-08-28 14:45:00"", ""volume"": 2129100}]",INFERRED_BOUNDARY,"[{""close"": 21.45, ""high"": 21.45, ""low"": 21.4, ""open"": 21.4, ""time"": ""2026-08-28 14:28:00"", ""volume"": 155400}, {""close"": 21.4, ""high"": 21.45, ""low"": 21.4, ""open"": 21.45, ""time"": ""2026-08-28 14:29:00"", ""volume"": 138700}, {""close"": 21.35, ""high"": 21.35, ""low"": 21.35, ""open"": 21.35, ""time"": ""2026-08-28 14:45:00"", ""volume"": 2129100}]",21.3,21.4,20299000,"{""close"": 21.35, ""high"": 21.35, ""low"": 21.35, ""open"": 21.35, ""time"": ""2026-08-28 14:45:00"", ""volume"": 2129100}",21.35,2026-08-28 14:45:00,"{""close"": 21.3, ""high"": 21.35, ""low"": 21.3, ""open"": 21.35, ""time"": ""2026-08-28 09:16:00"", ""volume"": 5100}",-0.23364485981307087,20299000,,"{""close"": 21.4, ""high"": 21.45, ""low"": 21.4, ""open"": 21.45, ""time"": ""2026-08-28 14:29:00"", ""volume"": 138700}",21.4,2026-08-28 14:29:00,226,False,True,"{""close"": 21.3, ""high"": 21.35, ""low"": 21.3, ""open"": 21.3, ""time"": ""2026-08-28 09:15:00"", ""volume"": 526600}",2026-08-28 09:15:00,526600,UNAVAILABLE,"[{""close"": 21.3, ""high"": 21.35, ""low"": 21.3, ""open"": 21.3, ""time"": ""2026-08-28 09:15:00"", ""volume"": 526600}, {""close"": 21.3, ""high"": 21.35, ""low"": 21.3, ""open"": 21.35, ""time"": ""2026-08-28 09:16:00"", ""volume"": 5100}, {""close"": 21.3, ""high"": 21.35, ""low"": 21.3, ""open"": 21.3, ""time"": ""2026-08-28 09:17:00"", ""volume"": 40000}]",KBS,INFERRED_BOUNDARY,True,True,SSI,20299000,2026-08-28,0,0.0
1406600,6.409047208970661,True,"[{""close"": 20.9, ""high"": 20.9, ""low"": 20.9, ""open"": 20.9, ""time"": ""2026-09-03 14:45:00"", ""volume"": 1406600}]",INFERRED_BOUNDARY,"[{""close"": 20.9, ""high"": 20.95, ""low"": 20.9, ""open"": 20.95, ""time"": ""2026-09-03 14:28:00"", ""volume"": 366000}, {""close"": 20.95, ""high"": 21, ""low"": 20.9, ""open"": 20.95, ""time"": ""2026-09-03 14:29:00"", ""volume"": 197500}, {""close"": 20.9, ""high"": 20.9, ""low"": 20.9, ""open"": 20.9, ""time"": ""2026-09-03 14:45:00"", ""volume"": 1406600}]",21.1,21.35,21947100,"{""close"": 20.9, ""high"": 20.9, ""low"": 20.9, ""open"": 20.9, ""time"": ""2026-09-03 14:45:00"", ""volume"": 1406600}",20.9,2026-09-03 14:45:00,"{""close"": 21.1, ""high"": 21.15, ""low"": 21.1, ""open"": 21.15, ""time"": ""2026-09-03 09:16:00"", ""volume"": 94500}",-0.2386634844868769,21947100,,"{""close"": 20.95, ""high"": 21, ""low"": 20.9, ""open"": 20.95, ""time"": ""2026-09-03 14:29:00"", ""volume"": 197500}",20.95,2026-09-03 14:29:00,226,False,True,"{""close"": 21.15, ""high"": 21.2, ""low"": 21.1, ""open"": 21.1, ""time"": ""2026-09-03 09:15:00"", ""volume"": 1112900}",2026-09-03 09:15:00,1112900,UNAVAILABLE,"[{""close"": 21.15, ""high"": 21.2, ""low"": 21.1, ""open"": 21.1, ""time"": ""2026-09-03 09:15:00"", ""volume"": 1112900}, {""close"": 21.1, ""high"": 21.15, ""low"": 21.1, ""open"": 21.15, ""time"": ""2026-09-03 09:16:00"", ""volume"": 94500}, {""close"": 21.15, ""high"": 21.15, ""low"": 21.1, ""open"": 21.15, ""time"": ""2026-09-03 09:17:00"", ""volume"": 166600}]",KBS,INFERRED_BOUNDARY,True,True,SSI,21947100,2026-09-03,0,0.0
844600,7.29789513704075,True,"[{""close"": 21.05, ""high"": 21.05, ""low"": 21.05, ""open"": 21.05, ""time"": ""2026-09-04 14:45:00"", ""volume"": 844600}]",INFERRED_BOUNDARY,"[{""close"": 21.05, ""high"": 21.1, ""low"": 21.05, ""open"": 21.1, ""time"": ""2026-09-04 14:28:00"", ""volume"": 91200}, {""close"": 21.1, ""high"": 21.1, ""low"": 21.05, ""open"": 21.1, ""time"": ""2026-09-04 14:29:00"", ""volume"": 186100}, {""close"": 21.05, ""high"": 21.05, ""low"": 21.05, ""open"": 21.05, ""time"": ""2026-09-04 14:45:00"", ""volume"": 844600}]",21,20.9,11573200,"{""close"": 21.05, ""high"": 21.05, ""low"": 21.05, ""open"": 21.05, ""time"": ""2026-09-04 14:45:00"", ""volume"": 844600}",21.05,2026-09-04 14:45:00,"{""close"": 21.05, ""high"": 21.05, ""low"": 21, ""open"": 21, ""time"": ""2026-09-04 09:16:00"", ""volume"": 64200}",-0.23696682464455313,11573200,,"{""close"": 21.1, ""high"": 21.1, ""low"": 21.05, ""open"": 21.1, ""time"": ""2026-09-04 14:29:00"", ""volume"": 186100}",21.1,2026-09-04 14:29:00,225,False,True,"{""close"": 21, ""high"": 21, ""low"": 20.95, ""open"": 21, ""time"": ""2026-09-04 09:15:00"", ""volume"": 157800}",2026-09-04 09:15:00,157800,UNAVAILABLE,"[{""close"": 21, ""high"": 21, ""low"": 20.95, ""open"": 21, ""time"": ""2026-09-04 09:15:00"", ""volume"": 157800}, {""close"": 21.05, ""high"": 21.05, ""low"": 21, ""open"": 21, ""time"": ""2026-09-04 09:16:00"", ""volume"": 64200}, {""close"": 21.15, ""high"": 21.15, ""low"": 21.1, ""open"": 21.1, ""time"": ""2026-09-04 09:17:00"", ""volume"": 67800}]",KBS,INFERRED_BOUNDARY,True,True,SSI,11573200,2026-09-04,0,0.0
586200,3.901030159448452,True,"[{""close"": 20.85, ""high"": 20.85, ""low"": 20.85, ""open"": 20.85, ""time"": ""2026-09-07 14:45:00"", ""volume"": 586200}]",INFERRED_BOUNDARY,"[{""close"": 20.9, ""high"": 20.95, ""low"": 20.9, ""open"": 20.95, ""time"": ""2026-09-07 14:28:00"", ""volume"": 90400}, {""close"": 20.9, ""high"": 20.95, ""low"": 20.85, ""open"": 20.9, ""time"": ""2026-09-07 14:29:00"", ""volume"": 83700}, {""close"": 20.85, ""high"": 20.85, ""low"": 20.85, ""open"": 20.85, ""time"": ""2026-09-07 14:45:00"", ""volume"": 586200}]",21.1,21.05,15026800,"{""close"": 20.85, ""high"": 20.85, ""low"": 20.85, ""open"": 20.85, ""time"": ""2026-09-07 14:45:00"", ""volume"": 586200}",20.85,2026-09-07 14:45:00,"{""close"": 21.15, ""high"": 21.15, ""low"": 21.1, ""open"": 21.1, ""time"": ""2026-09-07 09:16:00"", ""volume"": 16900}",-0.23923444976075198,15026800,,"{""close"": 20.9, ""high"": 20.95, ""low"": 20.85, ""open"": 20.9, ""time"": ""2026-09-07 14:29:00"", ""volume"": 83700}",20.9,2026-09-07 14:29:00,225,False,True,"{""close"": 21.1, ""high"": 21.1, ""low"": 21.05, ""open"": 21.1, ""time"": ""2026-09-07 09:15:00"", ""volume"": 189400}",2026-09-07 09:15:00,189400,UNAVAILABLE,"[{""close"": 21.1, ""high"": 21.1, ""low"": 21.05, ""open"": 21.1, ""time"": ""2026-09-07 09:15:00"", ""volume"": 189400}, {""close"": 21.15, ""high"": 21.15, ""low"": 21.1, ""open"": 21.1, ""time"": ""2026-09-07 09:16:00"", ""volume"": 16900}, {""close"": 21.15, ""high"": 21.2, ""low"": 21.1, ""open"": 21.15, ""time"": ""2026-09-07 09:17:00"", ""volume"": 75000}]",KBS,INFERRED_BOUNDARY,True,True,SSI,15026800,2026-09-07,0,0.0
708400,5.124013569522101,True,"[{""close"": 21, ""high"": 21, ""low"": 21, ""open"": 21, ""time"": ""2026-09-08 14:45:00"", ""volume"": 708400}]",INFERRED_BOUNDARY,"[{""close"": 21.05, ""high"": 21.05, ""low"": 21, ""open"": 21.05, ""time"": ""2026-09-08 14:28:00"", ""volume"": 48400}, {""close"": 21.05, ""high"": 21.05, ""low"": 21, ""open"": 21, ""time"": ""2026-09-08 14:29:00"", ""volume"": 80700}, {""close"": 21, ""high"": 21, ""low"": 21, ""open"": 21, ""time"": ""2026-09-08 14:45:00"", ""volume"": 708400}]",20.85,20.85,13825100,"{""close"": 21, ""high"": 21, ""low"": 21, ""open"": 21, ""time"": ""2026-09-08 14:45:00"", ""volume"": 708400}",21,2026-09-08 14:45:00,"{""close"": 20.95, ""high"": 20.95, ""low"": 20.9, ""open"": 20.9, ""time"": ""2026-09-08 09:16:00"", ""volume"": 14900}",-0.23752969121140477,13825100,,"{""close"": 21.05, ""high"": 21.05, ""low"": 21, ""open"": 21, ""time"": ""2026-09-08 14:29:00"", ""volume"": 80700}",21.05,2026-09-08 14:29:00,226,False,True,"{""close"": 20.9, ""high"": 20.9, ""low"": 20.85, ""open"": 20.85, ""time"": ""2026-09-08 09:15:00"", ""volume"": 69300}",2026-09-08 09:15:00,69300,UNAVAILABLE,"[{""close"": 20.9, ""high"": 20.9, ""low"": 20.85, ""open"": 20.85, ""time"": ""2026-09-08 09:15:00"", ""volume"": 69300}, {""close"": 20.95, ""high"": 20.95, ""low"": 20.9, ""open"": 20.9, ""time"": ""2026-09-08 09:16:00"", ""volume"": 14900}, {""close"": 20.95, ""high"": 21, ""low"": 20.9, ""open"": 20.95, ""time"": ""2026-09-08 09:17:00"", ""volume"": 34800}]",KBS,INFERRED_BOUNDARY,True,True,SSI,13825100,2026-09-08,0,0.0
515300,5.4310708263069145,True,"[{""close"": 20.9, ""high"": 20.9, ""low"": 20.9, ""open"": 20.9, ""time"": ""2026-09-09 14:45:00"", ""volume"": 515300}]",INFERRED_BOUNDARY,"[{""close"": 20.95, ""high"": 21, ""low"": 20.95, ""open"": 20.95, ""time"": ""2026-09-09 14:28:00"", ""volume"": 75100}, {""close"": 20.95, ""high"": 20.95, ""low"": 20.9, ""open"": 20.95, ""time"": ""2026-09-09 14:29:00"", ""volume"": 37300}, {""close"": 20.9, ""high"": 20.9, ""low"": 20.9, ""open"": 20.9, ""time"": ""2026-09-09 14:45:00"", ""volume"": 515300}]",21.05,21,9488000,"{""close"": 20.9, ""high"": 20.9, ""low"": 20.9, ""open"": 20.9, ""time"": ""2026-09-09 14:45:00"", ""volume"": 515300}",20.9,2026-09-09 14:45:00,"{""close"": 21.1, ""high"": 21.15, ""low"": 21.1, ""open"": 21.1, ""time"": ""2026-09-09 09:16:00"", ""volume"": 78700}",-0.2386634844868769,9488000,,"{""close"": 20.95, ""high"": 20.95, ""low"": 20.9, ""open"": 20.95, ""time"": ""2026-09-09 14:29:00"", ""volume"": 37300}",20.95,2026-09-09 14:29:00,226,False,True,"{""close"": 21.1, ""high"": 21.1, ""low"": 21, ""open"": 21.05, ""time"": ""2026-09-09 09:15:00"", ""volume"": 68300}",2026-09-09 09:15:00,68300,UNAVAILABLE,"[{""close"": 21.1, ""high"": 21.1, ""low"": 21, ""open"": 21.05, ""time"": ""2026-09-09 09:15:00"", ""volume"": 68300}, {""close"": 21.1, ""high"": 21.15, ""low"": 21.1, ""open"": 21.1, ""time"": ""2026-09-09 09:16:00"", ""volume"": 78700}, {""close"": 21.1, ""high"": 21.1, ""low"": 21.05, ""open"": 21.1, ""time"": ""2026-09-09 09:17:00"", ""volume"": 57500}]",KBS,INFERRED_BOUNDARY,True,True,SSI,9488000,2026-09-09,0,0.0
732900,5.722428264688658,True,"[{""close"": 21, ""high"": 21, ""low"": 21, ""open"": 21, ""time"": ""2026-09-10 14:45:00"", ""volume"": 732900}]",INFERRED_BOUNDARY,"[{""close"": 21.05, ""high"": 21.1, ""low"": 21, ""open"": 21.05, ""time"": ""2026-09-10 14:28:00"", ""volume"": 80400}, {""close"": 21.05, ""high"": 21.1, ""low"": 21.05, ""open"": 21.1, ""time"": ""2026-09-10 14:29:00"", ""volume"": 114500}, {""close"": 21, ""high"": 21, ""low"": 21, ""open"": 21, ""time"": ""2026-09-10 14:45:00"", ""volume"": 732900}]",20.85,20.9,12807500,"{""close"": 21, ""high"": 21, ""low"": 21, ""open"": 21, ""time"": ""2026-09-10 14:45:00"", ""volume"": 732900}",21,2026-09-10 14:45:00,"{""close"": 20.85, ""high"": 20.85, ""low"": 20.8, ""open"": 20.8, ""time"": ""2026-09-10 09:16:00"", ""volume"": 14400}",-0.23752969121140477,12807500,,"{""close"": 21.05, ""high"": 21.1, ""low"": 21.05, ""open"": 21.1, ""time"": ""2026-09-10 14:29:00"", ""volume"": 114500}",21.05,2026-09-10 14:29:00,226,False,True,"{""close"": 20.85, ""high"": 20.9, ""low"": 20.8, ""open"": 20.85, ""time"": ""2026-09-10 09:15:00"", ""volume"": 89500}",2026-09-10 09:15:00,89500,UNAVAILABLE,"[{""close"": 20.85, ""high"": 20.9, ""low"": 20.8, ""open"": 20.85, ""time"": ""2026-09-10 09:15:00"", ""volume"": 89500}, {""close"": 20.85, ""high"": 20.85, ""low"": 20.8, ""open"": 20.8, ""time"": ""2026-09-10 09:16:00"", ""volume"": 14400}, {""close"": 20.85, ""high"": 20.9, ""low"": 20.8, ""open"": 20.85, ""time"": ""2026-09-10 09:17:00"", ""volume"": 17000}]",KBS,INFERRED_BOUNDARY,True,True,SSI,12807500,2026-09-10,0,0.0
1506600,6.274702528456063,True,"[{""close"": 20.3, ""high"": 20.3, ""low"": 20.3, ""open"": 20.3, ""time"": ""2026-09-11 14:45:00"", ""volume"": 1506600}]",INFERRED_BOUNDARY,"[{""close"": 20.35, ""high"": 20.4, ""low"": 20.3, ""open"": 20.4, ""time"": ""2026-09-11 14:28:00"", ""volume"": 353400}, {""close"": 20.4, ""high"": 20.4, ""low"": 20.3, ""open"": 20.35, ""time"": ""2026-09-11 14:29:00"", ""volume"": 475900}, {""close"": 20.3, ""high"": 20.3, ""low"": 20.3, ""open"": 20.3, ""time"": ""2026-09-11 14:45:00"", ""volume"": 1506600}]",20.85,21,24010700,"{""close"": 20.3, ""high"": 20.3, ""low"": 20.3, ""open"": 20.3, ""time"": ""2026-09-11 14:45:00"", ""volume"": 1506600}",20.3,2026-09-11 14:45:00,"{""close"": 20.85, ""high"": 20.9, ""low"": 20.8, ""open"": 20.85, ""time"": ""2026-09-11 09:16:00"", ""volume"": 97700}",-0.49019607843136215,24010700,,"{""close"": 20.4, ""high"": 20.4, ""low"": 20.3, ""open"": 20.35, ""time"": ""2026-09-11 14:29:00"", ""volume"": 475900}",20.4,2026-09-11 14:29:00,226,False,True,"{""close"": 20.85, ""high"": 20.9, ""low"": 20.85, ""open"": 20.85, ""time"": ""2026-09-11 09:15:00"", ""volume"": 158900}",2026-09-11 09:15:00,158900,UNAVAILABLE,"[{""close"": 20.85, ""high"": 20.9, ""low"": 20.85, ""open"": 20.85, ""time"": ""2026-09-11 09:15:00"", ""volume"": 158900}, {""close"": 20.85, ""high"": 20.9, ""low"": 20.8, ""open"": 20.85, ""time"": ""2026-09-11 09:16:00"", ""volume"": 97700}, {""close"": 20.85, ""high"": 20.85, ""low"": 20.8, ""open"": 20.85, ""time"": ""2026-09-11 09:17:00"", ""volume"": 105900}]",KBS,INFERRED_BOUNDARY,True,True,SSI,24010700,2026-09-11,0,0.0
910500,3.713598172771025,True,"[{""close"": 20.3, ""high"": 20.3, ""low"": 20.3, ""open"": 20.3, ""time"": ""2026-09-14 14:45:00"", ""volume"": 910500}]",INFERRED_BOUNDARY,"[{""close"": 20.3, ""high"": 20.3, ""low"": 20.2, ""open"": 20.25, ""time"": ""2026-09-14 14:28:00"", ""volume"": 552200}, {""close"": 20.3, ""high"": 20.35, ""low"": 20.3, ""open"": 20.35, ""time"": ""2026-09-14 14:29:00"", ""volume"": 248500}, {""close"": 20.3, ""high"": 20.3, ""low"": 20.3, ""open"": 20.3, ""time"": ""2026-09-14 14:45:00"", ""volume"": 910500}]",20.25,20.3,24518000,"{""close"": 20.3, ""high"": 20.3, ""low"": 20.3, ""open"": 20.3, ""time"": ""2026-09-14 14:45:00"", ""volume"": 910500}",20.3,2026-09-14 14:45:00,"{""close"": 20.35, ""high"": 20.4, ""low"": 20.25, ""open"": 20.25, ""time"": ""2026-09-14 09:16:00"", ""volume"": 186300}",0.0,24518000,,"{""close"": 20.3, ""high"": 20.35, ""low"": 20.3, ""open"": 20.35, ""time"": ""2026-09-14 14:29:00"", ""volume"": 248500}",20.3,2026-09-14 14:29:00,226,False,True,"{""close"": 20.25, ""high"": 20.3, ""low"": 20.25, ""open"": 20.25, ""time"": ""2026-09-14 09:15:00"", ""volume"": 331900}",2026-09-14 09:15:00,331900,UNAVAILABLE,"[{""close"": 20.25, ""high"": 20.3, ""low"": 20.25, ""open"": 20.25, ""time"": ""2026-09-14 09:15:00"", ""volume"": 331900}, {""close"": 20.35, ""high"": 20.4, ""low"": 20.25, ""open"": 20.25, ""time"": ""2026-09-14 09:16:00"", ""volume"": 186300}, {""close"": 20.35, ""high"": 20.35, ""low"": 20.3, ""open"": 20.35, ""time"": ""2026-09-14 09:17:00"", ""volume"": 104500}]",KBS,INFERRED_BOUNDARY,True,True,SSI,24518000,2026-09-14,0,0.0
1156800,7.05172361242342,True,"[{""close"": 20.65, ""high"": 20.65, ""low"": 20.65, ""open"": 20.65, ""time"": ""2026-09-15 14:45:00"", ""volume"": 1156800}]",INFERRED_BOUNDARY,"[{""close"": 20.65, ""high"": 20.7, ""low"": 20.65, ""open"": 20.7, ""time"": ""2026-09-15 14:28:00"", ""volume"": 97900}, {""close"": 20.7, ""high"": 20.7, ""low"": 20.65, ""open"": 20.65, ""time"": ""2026-09-15 14:29:00"", ""volume"": 98600}, {""close"": 20.65, ""high"": 20.65, ""low"": 20.65, ""open"": 20.65, ""time"": ""2026-09-15 14:45:00"", ""volume"": 1156800}]",20.3,20.3,16404500,"{""close"": 20.65, ""high"": 20.65, ""low"": 20.65, ""open"": 20.65, ""time"": ""2026-09-15 14:45:00"", ""volume"": 1156800}",20.65,2026-09-15 14:45:00,"{""close"": 20.5, ""high"": 20.5, ""low"": 20.4, ""open"": 20.4, ""time"": ""2026-09-15 09:16:00"", ""volume"": 55500}",-0.24154589371981022,16404500,,"{""close"": 20.7, ""high"": 20.7, ""low"": 20.65, ""open"": 20.65, ""time"": ""2026-09-15 14:29:00"", ""volume"": 98600}",20.7,2026-09-15 14:29:00,226,False,True,"{""close"": 20.35, ""high"": 20.35, ""low"": 20.25, ""open"": 20.3, ""time"": ""2026-09-15 09:15:00"", ""volume"": 437300}",2026-09-15 09:15:00,437300,UNAVAILABLE,"[{""close"": 20.35, ""high"": 20.35, ""low"": 20.25, ""open"": 20.3, ""time"": ""2026-09-15 09:15:00"", ""volume"": 437300}, {""close"": 20.5, ""high"": 20.5, ""low"": 20.4, ""open"": 20.4, ""time"": ""2026-09-15 09:16:00"", ""volume"": 55500}, {""close"": 20.45, ""high"": 20.5, ""low"": 20.4, ""open"": 20.5, ""time"": ""2026-09-15 09:17:00"", ""volume"": 75700}]",KBS,INFERRED_BOUNDARY,True,True,SSI,16404500,2026-09-15,0,0.0
1228100,8.804972827255911,True,"[{""close"": 20.55, ""high"": 20.55, ""low"": 20.55, ""open"": 20.55, ""time"": ""2026-09-16 14:45:00"", ""volume"": 1228100}]",INFERRED_BOUNDARY,"[{""close"": 20.6, ""high"": 20.6, ""low"": 20.55, ""open"": 20.55, ""time"": ""2026-09-16 14:28:00"", ""volume"": 194600}, {""close"": 20.6, ""high"": 20.6, ""low"": 20.55, ""open"": 20.6, ""time"": ""2026-09-16 14:29:00"", ""volume"": 243000}, {""close"": 20.55, ""high"": 20.55, ""low"": 20.55, ""open"": 20.55, ""time"": ""2026-09-16 14:45:00"", ""volume"": 1228100}]",20.65,20.65,13947800,"{""close"": 20.55, ""high"": 20.55, ""low"": 20.55, ""open"": 20.55, ""time"": ""2026-09-16 14:45:00"", ""volume"": 1228100}",20.55,2026-09-16 14:45:00,"{""close"": 20.6, ""high"": 20.65, ""low"": 20.6, ""open"": 20.65, ""time"": ""2026-09-16 09:16:00"", ""volume"": 29400}",-0.2427184466019452,13947800,,"{""close"": 20.6, ""high"": 20.6, ""low"": 20.55, ""open"": 20.6, ""time"": ""2026-09-16 14:29:00"", ""volume"": 243000}",20.6,2026-09-16 14:29:00,226,False,True,"{""close"": 20.65, ""high"": 20.65, ""low"": 20.6, ""open"": 20.65, ""time"": ""2026-09-16 09:15:00"", ""volume"": 145700}",2026-09-16 09:15:00,145700,UNAVAILABLE,"[{""close"": 20.65, ""high"": 20.65, ""low"": 20.6, ""open"": 20.65, ""time"": ""2026-09-16 09:15:00"", ""volume"": 145700}, {""close"": 20.6, ""high"": 20.65, ""low"": 20.6, ""open"": 20.65, ""time"": ""2026-09-16 09:16:00"", ""volume"": 29400}, {""close"": 20.6, ""high"": 20.65, ""low"": 20.6, ""open"": 20.65, ""time"": ""2026-09-16 09:17:00"", ""volume"": 32600}]",KBS,INFERRED_BOUNDARY,True,True,SSI,13947800,2026-09-16,0,0.0
689600,1.6832814223923294,True,"[{""close"": 21.15, ""high"": 21.15, ""low"": 21.15, ""open"": 21.15, ""time"": ""2026-09-17 14:45:00"", ""volume"": 689600}]",INFERRED_BOUNDARY,"[{""close"": 21.25, ""high"": 21.25, ""low"": 21.15, ""open"": 21.2, ""time"": ""2026-09-17 14:28:00"", ""volume"": 81400}, {""close"": 21.25, ""high"": 21.25, ""low"": 21.2, ""open"": 21.25, ""time"": ""2026-09-17 14:29:00"", ""volume"": 383000}, {""close"": 21.15, ""high"": 21.15, ""low"": 21.15, ""open"": 21.15, ""time"": ""2026-09-17 14:45:00"", ""volume"": 689600}]",20.4,20.55,40967600,"{""close"": 21.15, ""high"": 21.15, ""low"": 21.15, ""open"": 21.15, ""time"": ""2026-09-17 14:45:00"", ""volume"": 689600}",21.15,2026-09-17 14:45:00,"{""close"": 20.4, ""high"": 20.4, ""low"": 20.35, ""open"": 20.4, ""time"": ""2026-09-17 09:16:00"", ""volume"": 225500}",-0.47058823529412436,40967600,,"{""close"": 21.25, ""high"": 21.25, ""low"": 21.2, ""open"": 21.25, ""time"": ""2026-09-17 14:29:00"", ""volume"": 383000}",21.25,2026-09-17 14:29:00,226,False,True,"{""close"": 20.4, ""high"": 20.45, ""low"": 20.4, ""open"": 20.4, ""time"": ""2026-09-17 09:15:00"", ""volume"": 221500}",2026-09-17 09:15:00,221500,UNAVAILABLE,"[{""close"": 20.4, ""high"": 20.45, ""low"": 20.4, ""open"": 20.4, ""time"": ""2026-09-17 09:15:00"", ""volume"": 221500}, {""close"": 20.4, ""high"": 20.4, ""low"": 20.35, ""open"": 20.4, ""time"": ""2026-09-17 09:16:00"", ""volume"": 225500}, {""close"": 20.5, ""high"": 20.55, ""low"": 20.4, ""open"": 20.4, ""time"": ""2026-09-17 09:17:00"", ""volume"": 279800}]",KBS,INFERRED_BOUNDARY,True,True,SSI,40967600,2026-09-17,0,0.0
841300,8.159880506682702,True,"[{""close"": 220.5, ""high"": 220.5, ""low"": 220.5, ""open"": 220.5, ""time"": ""2026-08-25 14:45:00"", ""volume"": 841300}]",INFERRED_BOUNDARY,"[{""close"": 220.2, ""high"": 220.6, ""low"": 220.2, ""open"": 220.6, ""time"": ""2026-08-25 14:28:00"", ""volume"": 21900}, {""close"": 220, ""high"": 220.2, ""low"": 219.4, ""open"": 220.2, ""time"": ""2026-08-25 14:29:00"", ""volume"": 39800}, {""close"": 220.5, ""high"": 220.5, ""low"": 220.5, ""open"": 220.5, ""time"": ""2026-08-25 14:45:00"", ""volume"": 841300}]",216.5,214.5,10310200,"{""close"": 220.5, ""high"": 220.5, ""low"": 220.5, ""open"": 220.5, ""time"": ""2026-08-25 14:45:00"", ""volume"": 841300}",220.5,2026-08-25 14:45:00,"{""close"": 215.4, ""high"": 215.9, ""low"": 215.4, ""open"": 215.9, ""time"": ""2026-08-25 09:16:00"", ""volume"": 7300}",0.22727272727272727,10310200,,"{""close"": 220, ""high"": 220.2, ""low"": 219.4, ""open"": 220.2, ""time"": ""2026-08-25 14:29:00"", ""volume"": 39800}",220,2026-08-25 14:29:00,226,False,True,"{""close"": 215.9, ""high"": 216.5, ""low"": 215.9, ""open"": 216.5, ""time"": ""2026-08-25 09:15:00"", ""volume"": 58900}",2026-08-25 09:15:00,58900,UNAVAILABLE,"[{""close"": 215.9, ""high"": 216.5, ""low"": 215.9, ""open"": 216.5, ""time"": ""2026-08-25 09:15:00"", ""volume"": 58900}, {""close"": 215.4, ""high"": 215.9, ""low"": 215.4, ""open"": 215.9, ""time"": ""2026-08-25 09:16:00"", ""volume"": 7300}, {""close"": 215.4, ""high"": 215.5, ""low"": 215.3, ""open"": 215.5, ""time"": ""2026-08-25 09:17:00"", ""volume"": 5400}]",KBS,INFERRED_BOUNDARY,True,True,VIC,10310200,2026-08-25,0,0.0
1065800,10.676577244405266,True,"[{""close"": 230, ""high"": 230, ""low"": 230, ""open"": 230, ""time"": ""2026-08-26 14:45:00"", ""volume"": 1065800}]",INFERRED_BOUNDARY,"[{""close"": 225, ""high"": 225.2, ""low"": 224.9, ""open"": 224.9, ""time"": ""2026-08-26 14:28:00"", ""volume"": 49700}, {""close"": 225, ""high"": 225.2, ""low"": 225, ""open"": 225.1, ""time"": ""2026-08-26 14:29:00"", ""volume"": 31400}, {""close"": 230, ""high"": 230, ""low"": 230, ""open"": 230, ""time"": ""2026-08-26 14:45:00"", ""volume"": 1065800}]",219.1,220.5,9982600,"{""close"": 230, ""high"": 230, ""low"": 230, ""open"": 230, ""time"": ""2026-08-26 14:45:00"", ""volume"": 1065800}",230,2026-08-26 14:45:00,"{""close"": 220, ""high"": 220, ""low"": 219.4, ""open"": 220, ""time"": ""2026-08-26 09:16:00"", ""volume"": 5400}",2.2222222222222223,9982600,,"{""close"": 225, ""high"": 225.2, ""low"": 225, ""open"": 225.1, ""time"": ""2026-08-26 14:29:00"", ""volume"": 31400}",225,2026-08-26 14:29:00,226,False,True,"{""close"": 220, ""high"": 220, ""low"": 219.1, ""open"": 219.1, ""time"": ""2026-08-26 09:15:00"", ""volume"": 19700}",2026-08-26 09:15:00,19700,UNAVAILABLE,"[{""close"": 220, ""high"": 220, ""low"": 219.1, ""open"": 219.1, ""time"": ""2026-08-26 09:15:00"", ""volume"": 19700}, {""close"": 220, ""high"": 220, ""low"": 219.4, ""open"": 220, ""time"": ""2026-08-26 09:16:00"", ""volume"": 5400}, {""close"": 220.5, ""high"": 220.5, ""low"": 220, ""open"": 220, ""time"": ""2026-08-26 09:17:00"", ""volume"": 12000}]",KBS,INFERRED_BOUNDARY,True,True,VIC,9982600,2026-08-26,0,0.0
1500800,17.516953207978805,True,"[{""close"": 236, ""high"": 236, ""low"": 236, ""open"": 236, ""time"": ""2026-08-27 14:45:00"", ""volume"": 1500800}]",INFERRED_BOUNDARY,"[{""close"": 232.4, ""high"": 232.5, ""low"": 231.8, ""open"": 232, ""time"": ""2026-08-27 14:28:00"", ""volume"": 275200}, {""close"": 232.5, ""high"": 232.5, ""low"": 232.1, ""open"": 232.4, ""time"": ""2026-08-27 14:29:00"", ""volume"": 142200}, {""close"": 236, ""high"": 236, ""low"": 236, ""open"": 236, ""time"": ""2026-08-27 14:45:00"", ""volume"": 1500800}]",228.9,230,8567700,"{""close"": 236, ""high"": 236, ""low"": 236, ""open"": 236, ""time"": ""2026-08-27 14:45:00"", ""volume"": 1500800}",236,2026-08-27 14:45:00,"{""close"": 228.5, ""high"": 229.5, ""low"": 228.5, ""open"": 228.5, ""time"": ""2026-08-27 09:16:00"", ""volume"": 9300}",1.5053763440860215,8567700,,"{""close"": 232.5, ""high"": 232.5, ""low"": 232.1, ""open"": 232.4, ""time"": ""2026-08-27 14:29:00"", ""volume"": 142200}",232.5,2026-08-27 14:29:00,226,False,True,"{""close"": 229, ""high"": 229, ""low"": 228.5, ""open"": 228.9, ""time"": ""2026-08-27 09:15:00"", ""volume"": 20000}",2026-08-27 09:15:00,20000,UNAVAILABLE,"[{""close"": 229, ""high"": 229, ""low"": 228.5, ""open"": 228.9, ""time"": ""2026-08-27 09:15:00"", ""volume"": 20000}, {""close"": 228.5, ""high"": 229.5, ""low"": 228.5, ""open"": 228.5, ""time"": ""2026-08-27 09:16:00"", ""volume"": 9300}, {""close"": 228.4, ""high"": 228.5, ""low"": 228.3, ""open"": 228.5, ""time"": ""2026-08-27 09:17:00"", ""volume"": 9200}]",KBS,INFERRED_BOUNDARY,True,True,VIC,8567700,2026-08-27,0,0.0
1226200,14.336322502952145,True,"[{""close"": 236, ""high"": 236, ""low"": 236, ""open"": 236, ""time"": ""2026-08-28 14:45:00"", ""volume"": 1226200}]",INFERRED_BOUNDARY,"[{""close"": 236.1, ""high"": 236.3, ""low"": 235.9, ""open"": 236.1, ""time"": ""2026-08-28 14:28:00"", ""volume"": 65600}, {""close"": 236, ""high"": 236.1, ""low"": 236, ""open"": 236.1, ""time"": ""2026-08-28 14:29:00"", ""volume"": 66000}, {""close"": 236, ""high"": 236, ""low"": 236, ""open"": 236, ""time"": ""2026-08-28 14:45:00"", ""volume"": 1226200}]",236,236,8553100,"{""close"": 236, ""high"": 236, ""low"": 236, ""open"": 236, ""time"": ""2026-08-28 14:45:00"", ""volume"": 1226200}",236,2026-08-28 14:45:00,"{""close"": 235, ""high"": 235.9, ""low"": 234.5, ""open"": 235.9, ""time"": ""2026-08-28 09:16:00"", ""volume"": 8300}",0.0,8553100,,"{""close"": 236, ""high"": 236.1, ""low"": 236, ""open"": 236.1, ""time"": ""2026-08-28 14:29:00"", ""volume"": 66000}",236,2026-08-28 14:29:00,226,False,True,"{""close"": 236, ""high"": 236, ""low"": 235.1, ""open"": 236, ""time"": ""2026-08-28 09:15:00"", ""volume"": 29100}",2026-08-28 09:15:00,29100,UNAVAILABLE,"[{""close"": 236, ""high"": 236, ""low"": 235.1, ""open"": 236, ""time"": ""2026-08-28 09:15:00"", ""volume"": 29100}, {""close"": 235, ""high"": 235.9, ""low"": 234.5, ""open"": 235.9, ""time"": ""2026-08-28 09:16:00"", ""volume"": 8300}, {""close"": 232.7, ""high"": 234.9, ""low"": 231.7, ""open"": 234.9, ""time"": ""2026-08-28 09:17:00"", ""volume"": 12100}]",KBS,INFERRED_BOUNDARY,True,True,VIC,8553100,2026-08-28,0,0.0
634700,8.26776781992497,True,"[{""close"": 244.5, ""high"": 244.5, ""low"": 244.5, ""open"": 244.5, ""time"": ""2026-09-03 14:45:00"", ""volume"": 634700}]",INFERRED_BOUNDARY,"[{""close"": 244.1, ""high"": 244.3, ""low"": 243.9, ""open"": 244.3, ""time"": ""2026-09-03 14:28:00"", ""volume"": 39800}, {""close"": 244.2, ""high"": 244.2, ""low"": 244, ""open"": 244.2, ""time"": ""2026-09-03 14:29:00"", ""volume"": 29700}, {""close"": 244.5, ""high"": 244.5, ""low"": 244.5, ""open"": 244.5, ""time"": ""2026-09-03 14:45:00"", ""volume"": 634700}]",232.9,236,7676800,"{""close"": 244.5, ""high"": 244.5, ""low"": 244.5, ""open"": 244.5, ""time"": ""2026-09-03 14:45:00"", ""volume"": 634700}",244.5,2026-09-03 14:45:00,"{""close"": 229.8, ""high"": 230.3, ""low"": 229.1, ""open"": 230.3, ""time"": ""2026-09-03 09:16:00"", ""volume"": 29300}",0.1228501228501275,7676800,,"{""close"": 244.2, ""high"": 244.2, ""low"": 244, ""open"": 244.2, ""time"": ""2026-09-03 14:29:00"", ""volume"": 29700}",244.2,2026-09-03 14:29:00,226,False,True,"{""close"": 230.2, ""high"": 232.9, ""low"": 230.2, ""open"": 232.9, ""time"": ""2026-09-03 09:15:00"", ""volume"": 107100}",2026-09-03 09:15:00,107100,UNAVAILABLE,"[{""close"": 230.2, ""high"": 232.9, ""low"": 230.2, ""open"": 232.9, ""time"": ""2026-09-03 09:15:00"", ""volume"": 107100}, {""close"": 229.8, ""high"": 230.3, ""low"": 229.1, ""open"": 230.3, ""time"": ""2026-09-03 09:16:00"", ""volume"": 29300}, {""close"": 231, ""high"": 231, ""low"": 229.7, ""open"": 229.7, ""time"": ""2026-09-03 09:17:00"", ""volume"": 17500}]",KBS,INFERRED_BOUNDARY,True,True,VIC,7676800,2026-09-03,0,0.0
783000,10.414172851328706,True,"[{""close"": 256.1, ""high"": 256.1, ""low"": 256.1, ""open"": 256.1, ""time"": ""2026-09-04 14:45:00"", ""volume"": 783000}]",INFERRED_BOUNDARY,"[{""close"": 258.6, ""high"": 259.4, ""low"": 258.4, ""open"": 259, ""time"": ""2026-09-04 14:28:00"", ""volume"": 37800}, {""close"": 258.8, ""high"": 259.2, ""low"": 258.6, ""open"": 259, ""time"": ""2026-09-04 14:29:00"", ""volume"": 15100}, {""close"": 256.1, ""high"": 256.1, ""low"": 256.1, ""open"": 256.1, ""time"": ""2026-09-04 14:45:00"", ""volume"": 783000}]",244.7,244.5,7518600,"{""close"": 256.1, ""high"": 256.1, ""low"": 256.1, ""open"": 256.1, ""time"": ""2026-09-04 14:45:00"", ""volume"": 783000}",256.1,2026-09-04 14:45:00,"{""close"": 249.8, ""high"": 249.8, ""low"": 247, ""open"": 247.5, ""time"": ""2026-09-04 09:16:00"", ""volume"": 11100}",-1.0432766615146787,7518600,,"{""close"": 258.8, ""high"": 259.2, ""low"": 258.6, ""open"": 259, ""time"": ""2026-09-04 14:29:00"", ""volume"": 15100}",258.8,2026-09-04 14:29:00,226,False,True,"{""close"": 247.1, ""high"": 247.1, ""low"": 244.7, ""open"": 244.7, ""time"": ""2026-09-04 09:15:00"", ""volume"": 45700}",2026-09-04 09:15:00,45700,UNAVAILABLE,"[{""close"": 247.1, ""high"": 247.1, ""low"": 244.7, ""open"": 244.7, ""time"": ""2026-09-04 09:15:00"", ""volume"": 45700}, {""close"": 249.8, ""high"": 249.8, ""low"": 247, ""open"": 247.5, ""time"": ""2026-09-04 09:16:00"", ""volume"": 11100}, {""close"": 251, ""high"": 251, ""low"": 249.8, ""open"": 249.8, ""time"": ""2026-09-04 09:17:00"", ""volume"": 27300}]",KBS,INFERRED_BOUNDARY,True,True,VIC,7518600,2026-09-04,0,0.0
1219100,20.10422335460677,True,"[{""close"": 245, ""high"": 245, ""low"": 245, ""open"": 245, ""time"": ""2026-09-07 14:45:00"", ""volume"": 1219100}]",INFERRED_BOUNDARY,"[{""close"": 248.9, ""high"": 249.1, ""low"": 248.6, ""open"": 248.9, ""time"": ""2026-09-07 14:28:00"", ""volume"": 104500}, {""close"": 249, ""high"": 249, ""low"": 248.8, ""open"": 248.8, ""time"": ""2026-09-07 14:29:00"", ""volume"": 68300}, {""close"": 245, ""high"": 245, ""low"": 245, ""open"": 245, ""time"": ""2026-09-07 14:45:00"", ""volume"": 1219100}]",256.1,256.1,6063900,"{""close"": 245, ""high"": 245, ""low"": 245, ""open"": 245, ""time"": ""2026-09-07 14:45:00"", ""volume"": 1219100}",245,2026-09-07 14:45:00,"{""close"": 259.6, ""high"": 260, ""low"": 257.3, ""open"": 257.3, ""time"": ""2026-09-07 09:16:00"", ""volume"": 23900}",-1.6064257028112447,6063900,,"{""close"": 249, ""high"": 249, ""low"": 248.8, ""open"": 248.8, ""time"": ""2026-09-07 14:29:00"", ""volume"": 68300}",249,2026-09-07 14:29:00,226,False,True,"{""close"": 257, ""high"": 257, ""low"": 256.1, ""open"": 256.1, ""time"": ""2026-09-07 09:15:00"", ""volume"": 26400}",2026-09-07 09:15:00,26400,UNAVAILABLE,"[{""close"": 257, ""high"": 257, ""low"": 256.1, ""open"": 256.1, ""time"": ""2026-09-07 09:15:00"", ""volume"": 26400}, {""close"": 259.6, ""high"": 260, ""low"": 257.3, ""open"": 257.3, ""time"": ""2026-09-07 09:16:00"", ""volume"": 23900}, {""close"": 263.5, ""high"": 263.5, ""low"": 260, ""open"": 260, ""time"": ""2026-09-07 09:17:00"", ""volume"": 43200}]",KBS,INFERRED_BOUNDARY,True,True,VIC,6063900,2026-09-07,0,0.0
966900,15.424742761426177,True,"[{""close"": 249.6, ""high"": 249.6, ""low"": 249.6, ""open"": 249.6, ""time"": ""2026-09-08 14:45:00"", ""volume"": 966900}]",INFERRED_BOUNDARY,"[{""close"": 249, ""high"": 249.2, ""low"": 248.1, ""open"": 248.1, ""time"": ""2026-09-08 14:28:00"", ""volume"": 113400}, {""close"": 249, ""high"": 249, ""low"": 248.9, ""open"": 249, ""time"": ""2026-09-08 14:29:00"", ""volume"": 179600}, {""close"": 249.6, ""high"": 249.6, ""low"": 249.6, ""open"": 249.6, ""time"": ""2026-09-08 14:45:00"", ""volume"": 966900}]",243.5,245,6268500,"{""close"": 249.6, ""high"": 249.6, ""low"": 249.6, ""open"": 249.6, ""time"": ""2026-09-08 14:45:00"", ""volume"": 966900}",249.6,2026-09-08 14:45:00,"{""close"": 246.9, ""high"": 247.6, ""low"": 246, ""open"": 247.6, ""time"": ""2026-09-08 09:16:00"", ""volume"": 15400}",0.24096385542168447,6268500,,"{""close"": 249, ""high"": 249, ""low"": 248.9, ""open"": 249, ""time"": ""2026-09-08 14:29:00"", ""volume"": 179600}",249,2026-09-08 14:29:00,226,False,True,"{""close"": 247.6, ""high"": 247.6, ""low"": 243.5, ""open"": 243.5, ""time"": ""2026-09-08 09:15:00"", ""volume"": 40500}",2026-09-08 09:15:00,40500,UNAVAILABLE,"[{""close"": 247.6, ""high"": 247.6, ""low"": 243.5, ""open"": 243.5, ""time"": ""2026-09-08 09:15:00"", ""volume"": 40500}, {""close"": 246.9, ""high"": 247.6, ""low"": 246, ""open"": 247.6, ""time"": ""2026-09-08 09:16:00"", ""volume"": 15400}, {""close"": 245.5, ""high"": 246.9, ""low"": 245.4, ""open"": 246.9, ""time"": ""2026-09-08 09:17:00"", ""volume"": 14600}]",KBS,INFERRED_BOUNDARY,True,True,VIC,6268500,2026-09-08,0,0.0
2004100,41.25530075342748,True,"[{""close"": 247.7, ""high"": 247.7, ""low"": 247.7, ""open"": 247.7, ""time"": ""2026-09-09 14:45:00"", ""volume"": 2004100}]",INFERRED_BOUNDARY,"[{""close"": 244.8, ""high"": 245.6, ""low"": 244.8, ""open"": 245.6, ""time"": ""2026-09-09 14:28:00"", ""volume"": 64300}, {""close"": 245.2, ""high"": 245.3, ""low"": 244.6, ""open"": 244.8, ""time"": ""2026-09-09 14:29:00"", ""volume"": 83800}, {""close"": 247.7, ""high"": 247.7, ""low"": 247.7, ""open"": 247.7, ""time"": ""2026-09-09 14:45:00"", ""volume"": 2004100}]",252,249.6,4857800,"{""close"": 247.7, ""high"": 247.7, ""low"": 247.7, ""open"": 247.7, ""time"": ""2026-09-09 14:45:00"", ""volume"": 2004100}",247.7,2026-09-09 14:45:00,"{""close"": 252.5, ""high"": 252.6, ""low"": 252.5, ""open"": 252.5, ""time"": ""2026-09-09 09:16:00"", ""volume"": 10200}",1.0195758564437194,4857800,,"{""close"": 245.2, ""high"": 245.3, ""low"": 244.6, ""open"": 244.8, ""time"": ""2026-09-09 14:29:00"", ""volume"": 83800}",245.2,2026-09-09 14:29:00,226,False,True,"{""close"": 252.5, ""high"": 253, ""low"": 251.6, ""open"": 252, ""time"": ""2026-09-09 09:15:00"", ""volume"": 14300}",2026-09-09 09:15:00,14300,UNAVAILABLE,"[{""close"": 252.5, ""high"": 253, ""low"": 251.6, ""open"": 252, ""time"": ""2026-09-09 09:15:00"", ""volume"": 14300}, {""close"": 252.5, ""high"": 252.6, ""low"": 252.5, ""open"": 252.5, ""time"": ""2026-09-09 09:16:00"", ""volume"": 10200}, {""close"": 252.1, ""high"": 252.5, ""low"": 252, ""open"": 252.4, ""time"": ""2026-09-09 09:17:00"", ""volume"": 9500}]",KBS,INFERRED_BOUNDARY,True,True,VIC,4857800,2026-09-09,0,0.0
1430300,31.913516890535053,True,"[{""close"": 247.7, ""high"": 247.7, ""low"": 247.7, ""open"": 247.7, ""time"": ""2026-09-10 14:45:00"", ""volume"": 1430300}]",INFERRED_BOUNDARY,"[{""close"": 249.1, ""high"": 249.2, ""low"": 248.4, ""open"": 248.4, ""time"": ""2026-09-10 14:28:00"", ""volume"": 137200}, {""close"": 249.1, ""high"": 249.2, ""low"": 249, ""open"": 249.2, ""time"": ""2026-09-10 14:29:00"", ""volume"": 88400}, {""close"": 247.7, ""high"": 247.7, ""low"": 247.7, ""open"": 247.7, ""time"": ""2026-09-10 14:45:00"", ""volume"": 1430300}]",247.7,247.7,4481800,"{""close"": 247.7, ""high"": 247.7, ""low"": 247.7, ""open"": 247.7, ""time"": ""2026-09-10 14:45:00"", ""volume"": 1430300}",247.7,2026-09-10 14:45:00,"{""close"": 246.3, ""high"": 246.9, ""low"": 246.1, ""open"": 246.1, ""time"": ""2026-09-10 09:16:00"", ""volume"": 2900}",-0.5620232838217607,4481800,,"{""close"": 249.1, ""high"": 249.2, ""low"": 249, ""open"": 249.2, ""time"": ""2026-09-10 14:29:00"", ""volume"": 88400}",249.1,2026-09-10 14:29:00,226,False,True,"{""close"": 247, ""high"": 247.7, ""low"": 245.2, ""open"": 247.7, ""time"": ""2026-09-10 09:15:00"", ""volume"": 12900}",2026-09-10 09:15:00,12900,UNAVAILABLE,"[{""close"": 247, ""high"": 247.7, ""low"": 245.2, ""open"": 247.7, ""time"": ""2026-09-10 09:15:00"", ""volume"": 12900}, {""close"": 246.3, ""high"": 246.9, ""low"": 246.1, ""open"": 246.1, ""time"": ""2026-09-10 09:16:00"", ""volume"": 2900}, {""close"": 244.8, ""high"": 246.4, ""low"": 244.5, ""open"": 246.2, ""time"": ""2026-09-10 09:17:00"", ""volume"": 18300}]",KBS,INFERRED_BOUNDARY,True,True,VIC,4481800,2026-09-10,0,0.0
1173700,27.52579737335835,True,"[{""close"": 243.3, ""high"": 243.3, ""low"": 243.3, ""open"": 243.3, ""time"": ""2026-09-11 14:45:00"", ""volume"": 1173700}]",INFERRED_BOUNDARY,"[{""close"": 243.6, ""high"": 243.9, ""low"": 243.4, ""open"": 243.9, ""time"": ""2026-09-11 14:28:00"", ""volume"": 31800}, {""close"": 243.9, ""high"": 244.3, ""low"": 243.5, ""open"": 243.6, ""time"": ""2026-09-11 14:29:00"", ""volume"": 159200}, {""close"": 243.3, ""high"": 243.3, ""low"": 243.3, ""open"": 243.3, ""time"": ""2026-09-11 14:45:00"", ""volume"": 1173700}]",244.3,247.7,4264000,"{""close"": 243.3, ""high"": 243.3, ""low"": 243.3, ""open"": 243.3, ""time"": ""2026-09-11 14:45:00"", ""volume"": 1173700}",243.3,2026-09-11 14:45:00,"{""close"": 245.9, ""high"": 246.4, ""low"": 245.9, ""open"": 246.2, ""time"": ""2026-09-11 09:16:00"", ""volume"": 12300}",-0.2460024600245979,4264000,,"{""close"": 243.9, ""high"": 244.3, ""low"": 243.5, ""open"": 243.6, ""time"": ""2026-09-11 14:29:00"", ""volume"": 159200}",243.9,2026-09-11 14:29:00,226,False,True,"{""close"": 246.1, ""high"": 246.1, ""low"": 244.3, ""open"": 244.3, ""time"": ""2026-09-11 09:15:00"", ""volume"": 25800}",2026-09-11 09:15:00,25800,UNAVAILABLE,"[{""close"": 246.1, ""high"": 246.1, ""low"": 244.3, ""open"": 244.3, ""time"": ""2026-09-11 09:15:00"", ""volume"": 25800}, {""close"": 245.9, ""high"": 246.4, ""low"": 245.9, ""open"": 246.2, ""time"": ""2026-09-11 09:16:00"", ""volume"": 12300}, {""close"": 245.6, ""high"": 245.9, ""low"": 245.5, ""open"": 245.6, ""time"": ""2026-09-11 09:17:00"", ""volume"": 2300}]",KBS,INFERRED_BOUNDARY,True,True,VIC,4264000,2026-09-11,0,0.0
945900,22.82191714720004,True,"[{""close"": 241.4, ""high"": 241.4, ""low"": 241.4, ""open"": 241.4, ""time"": ""2026-09-14 14:45:00"", ""volume"": 945900}]",INFERRED_BOUNDARY,"[{""close"": 241.1, ""high"": 241.5, ""low"": 241, ""open"": 241.3, ""time"": ""2026-09-14 14:28:00"", ""volume"": 19400}, {""close"": 240.2, ""high"": 241.1, ""low"": 240.2, ""open"": 240.9, ""time"": ""2026-09-14 14:29:00"", ""volume"": 6700}, {""close"": 241.4, ""high"": 241.4, ""low"": 241.4, ""open"": 241.4, ""time"": ""2026-09-14 14:45:00"", ""volume"": 945900}]",242.3,243.3,4144700,"{""close"": 241.4, ""high"": 241.4, ""low"": 241.4, ""open"": 241.4, ""time"": ""2026-09-14 14:45:00"", ""volume"": 945900}",241.4,2026-09-14 14:45:00,"{""close"": 241.7, ""high"": 242.9, ""low"": 241.7, ""open"": 242, ""time"": ""2026-09-14 09:16:00"", ""volume"": 2200}",0.4995836802664517,4144700,,"{""close"": 240.2, ""high"": 241.1, ""low"": 240.2, ""open"": 240.9, ""time"": ""2026-09-14 14:29:00"", ""volume"": 6700}",240.2,2026-09-14 14:29:00,226,False,True,"{""close"": 242, ""high"": 243, ""low"": 242, ""open"": 242.3, ""time"": ""2026-09-14 09:15:00"", ""volume"": 16900}",2026-09-14 09:15:00,16900,UNAVAILABLE,"[{""close"": 242, ""high"": 243, ""low"": 242, ""open"": 242.3, ""time"": ""2026-09-14 09:15:00"", ""volume"": 16900}, {""close"": 241.7, ""high"": 242.9, ""low"": 241.7, ""open"": 242, ""time"": ""2026-09-14 09:16:00"", ""volume"": 2200}, {""close"": 241.1, ""high"": 241.5, ""low"": 241, ""open"": 241.5, ""time"": ""2026-09-14 09:17:00"", ""volume"": 8600}]",KBS,INFERRED_BOUNDARY,True,True,VIC,4144700,2026-09-14,0,0.0
1687900,40.225447439288864,True,"[{""close"": 241.3, ""high"": 241.3, ""low"": 241.3, ""open"": 241.3, ""time"": ""2026-09-15 14:45:00"", ""volume"": 1687900}]",INFERRED_BOUNDARY,"[{""close"": 241, ""high"": 241.2, ""low"": 241, ""open"": 241.2, ""time"": ""2026-09-15 14:28:00"", ""volume"": 8400}, {""close"": 241, ""high"": 241.2, ""low"": 241, ""open"": 241.2, ""time"": ""2026-09-15 14:29:00"", ""volume"": 10100}, {""close"": 241.3, ""high"": 241.3, ""low"": 241.3, ""open"": 241.3, ""time"": ""2026-09-15 14:45:00"", ""volume"": 1687900}]",242,241.4,4196100,"{""close"": 241.3, ""high"": 241.3, ""low"": 241.3, ""open"": 241.3, ""time"": ""2026-09-15 14:45:00"", ""volume"": 1687900}",241.3,2026-09-15 14:45:00,"{""close"": 242.7, ""high"": 242.7, ""low"": 242.7, ""open"": 242.7, ""time"": ""2026-09-15 09:16:00"", ""volume"": 300}",0.1244813278008346,4196100,,"{""close"": 241, ""high"": 241.2, ""low"": 241, ""open"": 241.2, ""time"": ""2026-09-15 14:29:00"", ""volume"": 10100}",241,2026-09-15 14:29:00,226,False,True,"{""close"": 242.7, ""high"": 242.7, ""low"": 242, ""open"": 242, ""time"": ""2026-09-15 09:15:00"", ""volume"": 4400}",2026-09-15 09:15:00,4400,UNAVAILABLE,"[{""close"": 242.7, ""high"": 242.7, ""low"": 242, ""open"": 242, ""time"": ""2026-09-15 09:15:00"", ""volume"": 4400}, {""close"": 242.7, ""high"": 242.7, ""low"": 242.7, ""open"": 242.7, ""time"": ""2026-09-15 09:16:00"", ""volume"": 300}, {""close"": 242.7, ""high"": 242.7, ""low"": 242.7, ""open"": 242.7, ""time"": ""2026-09-15 09:17:00"", ""volume"": 2300}]",KBS,INFERRED_BOUNDARY,True,True,VIC,4196100,2026-09-15,0,0.0
1872800,46.65670154459392,True,"[{""close"": 241.2, ""high"": 241.2, ""low"": 241.2, ""open"": 241.2, ""time"": ""2026-09-16 14:45:00"", ""volume"": 1872800}]",INFERRED_BOUNDARY,"[{""close"": 241.3, ""high"": 241.4, ""low"": 241.2, ""open"": 241.3, ""time"": ""2026-09-16 14:28:00"", ""volume"": 72000}, {""close"": 241.3, ""high"": 241.4, ""low"": 241.2, ""open"": 241.3, ""time"": ""2026-09-16 14:29:00"", ""volume"": 77500}, {""close"": 241.2, ""high"": 241.2, ""low"": 241.2, ""open"": 241.2, ""time"": ""2026-09-16 14:45:00"", ""volume"": 1872800}]",240.9,241.3,4014000,"{""close"": 241.2, ""high"": 241.2, ""low"": 241.2, ""open"": 241.2, ""time"": ""2026-09-16 14:45:00"", ""volume"": 1872800}",241.2,2026-09-16 14:45:00,"{""close"": 239.3, ""high"": 239.4, ""low"": 239, ""open"": 239.4, ""time"": ""2026-09-16 09:16:00"", ""volume"": 8600}",-0.04144218814754361,4014000,,"{""close"": 241.3, ""high"": 241.4, ""low"": 241.2, ""open"": 241.3, ""time"": ""2026-09-16 14:29:00"", ""volume"": 77500}",241.3,2026-09-16 14:29:00,226,False,True,"{""close"": 239.6, ""high"": 241, ""low"": 239.4, ""open"": 240.9, ""time"": ""2026-09-16 09:15:00"", ""volume"": 25400}",2026-09-16 09:15:00,25400,UNAVAILABLE,"[{""close"": 239.6, ""high"": 241, ""low"": 239.4, ""open"": 240.9, ""time"": ""2026-09-16 09:15:00"", ""volume"": 25400}, {""close"": 239.3, ""high"": 239.4, ""low"": 239, ""open"": 239.4, ""time"": ""2026-09-16 09:16:00"", ""volume"": 8600}, {""close"": 238.9, ""high"": 239.4, ""low"": 238.8, ""open"": 239.3, ""time"": ""2026-09-16 09:17:00"", ""volume"": 7800}]",KBS,INFERRED_BOUNDARY,True,True,VIC,4014000,2026-09-16,0,0.0
1661500,42.04732380108819,True,"[{""close"": 241.2, ""high"": 241.2, ""low"": 241.2, ""open"": 241.2, ""time"": ""2026-09-17 14:45:00"", ""volume"": 1661500}]",INFERRED_BOUNDARY,"[{""close"": 241.8, ""high"": 241.9, ""low"": 241.7, ""open"": 241.9, ""time"": ""2026-09-17 14:28:00"", ""volume"": 27500}, {""close"": 241.8, ""high"": 241.8, ""low"": 241.7, ""open"": 241.8, ""time"": ""2026-09-17 14:29:00"", ""volume"": 60400}, {""close"": 241.2, ""high"": 241.2, ""low"": 241.2, ""open"": 241.2, ""time"": ""2026-09-17 14:45:00"", ""volume"": 1661500}]",240.9,241.2,3951500,"{""close"": 241.2, ""high"": 241.2, ""low"": 241.2, ""open"": 241.2, ""time"": ""2026-09-17 14:45:00"", ""volume"": 1661500}",241.2,2026-09-17 14:45:00,"{""close"": 241.4, ""high"": 241.4, ""low"": 239.8, ""open"": 240, ""time"": ""2026-09-17 09:16:00"", ""volume"": 18000}",-0.2481389578163866,3951500,,"{""close"": 241.8, ""high"": 241.8, ""low"": 241.7, ""open"": 241.8, ""time"": ""2026-09-17 14:29:00"", ""volume"": 60400}",241.8,2026-09-17 14:29:00,226,False,True,"{""close"": 239.8, ""high"": 240.9, ""low"": 239.8, ""open"": 240.9, ""time"": ""2026-09-17 09:15:00"", ""volume"": 18500}",2026-09-17 09:15:00,18500,UNAVAILABLE,"[{""close"": 239.8, ""high"": 240.9, ""low"": 239.8, ""open"": 240.9, ""time"": ""2026-09-17 09:15:00"", ""volume"": 18500}, {""close"": 241.4, ""high"": 241.4, ""low"": 239.8, ""open"": 240, ""time"": ""2026-09-17 09:16:00"", ""volume"": 18000}, {""close"": 241.7, ""high"": 241.7, ""low"": 241.3, ""open"": 241.3, ""time"": ""2026-09-17 09:17:00"", ""volume"": 1000}]",KBS,INFERRED_BOUNDARY,True,True,VIC,3951500,2026-09-17,0,0.0
139500,2.501255110091085,True,"[{""close"": 59.4, ""high"": 59.4, ""low"": 59.4, ""open"": 59.4, ""time"": ""2026-08-25 14:45:00"", ""volume"": 139500}]",INFERRED_BOUNDARY,"[{""close"": 59.4, ""high"": 59.4, ""low"": 59.4, ""open"": 59.4, ""time"": ""2026-08-25 14:28:00"", ""volume"": 7300}, {""close"": 59.5, ""high"": 59.5, ""low"": 59.4, ""open"": 59.4, ""time"": ""2026-08-25 14:29:00"", ""volume"": 14600}, {""close"": 59.4, ""high"": 59.4, ""low"": 59.4, ""open"": 59.4, ""time"": ""2026-08-25 14:45:00"", ""volume"": 139500}]",59.3,59.2,5577200,"{""close"": 59.4, ""high"": 59.4, ""low"": 59.4, ""open"": 59.4, ""time"": ""2026-08-25 14:45:00"", ""volume"": 139500}",59.4,2026-08-25 14:45:00,"{""close"": 59.3, ""high"": 59.4, ""low"": 59.3, ""open"": 59.4, ""time"": ""2026-08-25 09:16:00"", ""volume"": 15400}",-0.1680672268907587,5577200,,"{""close"": 59.5, ""high"": 59.5, ""low"": 59.4, ""open"": 59.4, ""time"": ""2026-08-25 14:29:00"", ""volume"": 14600}",59.5,2026-08-25 14:29:00,226,False,True,"{""close"": 59.4, ""high"": 59.5, ""low"": 59.2, ""open"": 59.3, ""time"": ""2026-08-25 09:15:00"", ""volume"": 20400}",2026-08-25 09:15:00,20400,UNAVAILABLE,"[{""close"": 59.4, ""high"": 59.5, ""low"": 59.2, ""open"": 59.3, ""time"": ""2026-08-25 09:15:00"", ""volume"": 20400}, {""close"": 59.3, ""high"": 59.4, ""low"": 59.3, ""open"": 59.4, ""time"": ""2026-08-25 09:16:00"", ""volume"": 15400}, {""close"": 59.4, ""high"": 59.4, ""low"": 59.4, ""open"": 59.4, ""time"": ""2026-08-25 09:17:00"", ""volume"": 11400}]",KBS,INFERRED_BOUNDARY,True,True,VCB,5577200,2026-08-25,0,0.0
679100,9.461775319409806,True,"[{""close"": 60.3, ""high"": 60.3, ""low"": 60.3, ""open"": 60.3, ""time"": ""2026-08-26 14:45:00"", ""volume"": 679100}]",INFERRED_BOUNDARY,"[{""close"": 59.9, ""high"": 60, ""low"": 59.9, ""open"": 59.9, ""time"": ""2026-08-26 14:28:00"", ""volume"": 11400}, {""close"": 60, ""high"": 60.1, ""low"": 59.9, ""open"": 60, ""time"": ""2026-08-26 14:29:00"", ""volume"": 135600}, {""close"": 60.3, ""high"": 60.3, ""low"": 60.3, ""open"": 60.3, ""time"": ""2026-08-26 14:45:00"", ""volume"": 679100}]",59.2,59.4,7177300,"{""close"": 60.3, ""high"": 60.3, ""low"": 60.3, ""open"": 60.3, ""time"": ""2026-08-26 14:45:00"", ""volume"": 679100}",60.3,2026-08-26 14:45:00,"{""close"": 59.5, ""high"": 59.5, ""low"": 59.4, ""open"": 59.4, ""time"": ""2026-08-26 09:16:00"", ""volume"": 9500}",0.4999999999999952,7177300,,"{""close"": 60, ""high"": 60.1, ""low"": 59.9, ""open"": 60, ""time"": ""2026-08-26 14:29:00"", ""volume"": 135600}",60,2026-08-26 14:29:00,222,False,True,"{""close"": 59.3, ""high"": 59.3, ""low"": 59.2, ""open"": 59.2, ""time"": ""2026-08-26 09:15:00"", ""volume"": 45100}",2026-08-26 09:15:00,45100,UNAVAILABLE,"[{""close"": 59.3, ""high"": 59.3, ""low"": 59.2, ""open"": 59.2, ""time"": ""2026-08-26 09:15:00"", ""volume"": 45100}, {""close"": 59.5, ""high"": 59.5, ""low"": 59.4, ""open"": 59.4, ""time"": ""2026-08-26 09:16:00"", ""volume"": 9500}, {""close"": 59.6, ""high"": 59.6, ""low"": 59.5, ""open"": 59.5, ""time"": ""2026-08-26 09:17:00"", ""volume"": 5500}]",KBS,INFERRED_BOUNDARY,True,True,VCB,7177300,2026-08-26,0,0.0
185500,3.7823950410863936,True,"[{""close"": 60.1, ""high"": 60.1, ""low"": 60.1, ""open"": 60.1, ""time"": ""2026-08-27 14:45:00"", ""volume"": 185500}]",INFERRED_BOUNDARY,"[{""close"": 60.3, ""high"": 60.3, ""low"": 60.2, ""open"": 60.3, ""time"": ""2026-08-27 14:28:00"", ""volume"": 10700}, {""close"": 60.3, ""high"": 60.3, ""low"": 60.2, ""open"": 60.3, ""time"": ""2026-08-27 14:29:00"", ""volume"": 38300}, {""close"": 60.1, ""high"": 60.1, ""low"": 60.1, ""open"": 60.1, ""time"": ""2026-08-27 14:45:00"", ""volume"": 185500}]",60.5,60.3,4904300,"{""close"": 60.1, ""high"": 60.1, ""low"": 60.1, ""open"": 60.1, ""time"": ""2026-08-27 14:45:00"", ""volume"": 185500}",60.1,2026-08-27 14:45:00,"{""close"": 60.6, ""high"": 60.6, ""low"": 60.5, ""open"": 60.5, ""time"": ""2026-08-27 09:16:00"", ""volume"": 80100}",-0.3316749585406231,4904300,,"{""close"": 60.3, ""high"": 60.3, ""low"": 60.2, ""open"": 60.3, ""time"": ""2026-08-27 14:29:00"", ""volume"": 38300}",60.3,2026-08-27 14:29:00,226,False,True,"{""close"": 60.6, ""high"": 60.6, ""low"": 60.4, ""open"": 60.5, ""time"": ""2026-08-27 09:15:00"", ""volume"": 106100}",2026-08-27 09:15:00,106100,UNAVAILABLE,"[{""close"": 60.6, ""high"": 60.6, ""low"": 60.4, ""open"": 60.5, ""time"": ""2026-08-27 09:15:00"", ""volume"": 106100}, {""close"": 60.6, ""high"": 60.6, ""low"": 60.5, ""open"": 60.5, ""time"": ""2026-08-27 09:16:00"", ""volume"": 80100}, {""close"": 60.9, ""high"": 60.9, ""low"": 60.7, ""open"": 60.7, ""time"": ""2026-08-27 09:17:00"", ""volume"": 124500}]",KBS,INFERRED_BOUNDARY,True,True,VCB,4904300,2026-08-27,0,0.0
222600,6.572381824086923,True,"[{""close"": 60.1, ""high"": 60.1, ""low"": 60.1, ""open"": 60.1, ""time"": ""2026-08-28 14:45:00"", ""volume"": 222600}]",INFERRED_BOUNDARY,"[{""close"": 60, ""high"": 60.2, ""low"": 60, ""open"": 60.1, ""time"": ""2026-08-28 14:28:00"", ""volume"": 82500}, {""close"": 60.1, ""high"": 60.2, ""low"": 60, ""open"": 60.1, ""time"": ""2026-08-28 14:29:00"", ""volume"": 44000}, {""close"": 60.1, ""high"": 60.1, ""low"": 60.1, ""open"": 60.1, ""time"": ""2026-08-28 14:45:00"", ""volume"": 222600}]",60.2,60.1,3386900,"{""close"": 60.1, ""high"": 60.1, ""low"": 60.1, ""open"": 60.1, ""time"": ""2026-08-28 14:45:00"", ""volume"": 222600}",60.1,2026-08-28 14:45:00,"{""close"": 60.1, ""high"": 60.1, ""low"": 60.1, ""open"": 60.1, ""time"": ""2026-08-28 09:16:00"", ""volume"": 2200}",0.0,3386900,,"{""close"": 60.1, ""high"": 60.2, ""low"": 60, ""open"": 60.1, ""time"": ""2026-08-28 14:29:00"", ""volume"": 44000}",60.1,2026-08-28 14:29:00,226,False,True,"{""close"": 60.1, ""high"": 60.3, ""low"": 60.1, ""open"": 60.2, ""time"": ""2026-08-28 09:15:00"", ""volume"": 27800}",2026-08-28 09:15:00,27800,UNAVAILABLE,"[{""close"": 60.1, ""high"": 60.3, ""low"": 60.1, ""open"": 60.2, ""time"": ""2026-08-28 09:15:00"", ""volume"": 27800}, {""close"": 60.1, ""high"": 60.1, ""low"": 60.1, ""open"": 60.1, ""time"": ""2026-08-28 09:16:00"", ""volume"": 2200}, {""close"": 60.1, ""high"": 60.1, ""low"": 60.1, ""open"": 60.1, ""time"": ""2026-08-28 09:17:00"", ""volume"": 17000}]",KBS,INFERRED_BOUNDARY,True,True,VCB,3386900,2026-08-28,0,0.0
522200,6.168275080026932,True,"[{""close"": 58.7, ""high"": 58.7, ""low"": 58.7, ""open"": 58.7, ""time"": ""2026-09-03 14:45:00"", ""volume"": 522200}]",INFERRED_BOUNDARY,"[{""close"": 58.9, ""high"": 58.9, ""low"": 58.8, ""open"": 58.9, ""time"": ""2026-09-03 14:28:00"", ""volume"": 29700}, {""close"": 58.9, ""high"": 58.9, ""low"": 58.8, ""open"": 58.9, ""time"": ""2026-09-03 14:29:00"", ""volume"": 75300}, {""close"": 58.7, ""high"": 58.7, ""low"": 58.7, ""open"": 58.7, ""time"": ""2026-09-03 14:45:00"", ""volume"": 522200}]",59.6,60.1,8465900,"{""close"": 58.7, ""high"": 58.7, ""low"": 58.7, ""open"": 58.7, ""time"": ""2026-09-03 14:45:00"", ""volume"": 522200}",58.7,2026-09-03 14:45:00,"{""close"": 59.5, ""high"": 59.5, ""low"": 59.3, ""open"": 59.4, ""time"": ""2026-09-03 09:16:00"", ""volume"": 80100}",-0.3395585738539826,8465900,,"{""close"": 58.9, ""high"": 58.9, ""low"": 58.8, ""open"": 58.9, ""time"": ""2026-09-03 14:29:00"", ""volume"": 75300}",58.9,2026-09-03 14:29:00,226,False,True,"{""close"": 59.4, ""high"": 59.6, ""low"": 59.4, ""open"": 59.6, ""time"": ""2026-09-03 09:15:00"", ""volume"": 281300}",2026-09-03 09:15:00,281300,UNAVAILABLE,"[{""close"": 59.4, ""high"": 59.6, ""low"": 59.4, ""open"": 59.6, ""time"": ""2026-09-03 09:15:00"", ""volume"": 281300}, {""close"": 59.5, ""high"": 59.5, ""low"": 59.3, ""open"": 59.4, ""time"": ""2026-09-03 09:16:00"", ""volume"": 80100}, {""close"": 59.5, ""high"": 59.5, ""low"": 59.4, ""open"": 59.5, ""time"": ""2026-09-03 09:17:00"", ""volume"": 24200}]",KBS,INFERRED_BOUNDARY,True,True,VCB,8465900,2026-09-03,0,0.0
188000,4.362455041188073,True,"[{""close"": 58.9, ""high"": 58.9, ""low"": 58.9, ""open"": 58.9, ""time"": ""2026-09-04 14:45:00"", ""volume"": 188000}]",INFERRED_BOUNDARY,"[{""close"": 58.9, ""high"": 59, ""low"": 58.8, ""open"": 59, ""time"": ""2026-09-04 14:28:00"", ""volume"": 44200}, {""close"": 59, ""high"": 59.1, ""low"": 58.9, ""open"": 59, ""time"": ""2026-09-04 14:29:00"", ""volume"": 64200}, {""close"": 58.9, ""high"": 58.9, ""low"": 58.9, ""open"": 58.9, ""time"": ""2026-09-04 14:45:00"", ""volume"": 188000}]",58.9,58.7,4309500,"{""close"": 58.9, ""high"": 58.9, ""low"": 58.9, ""open"": 58.9, ""time"": ""2026-09-04 14:45:00"", ""volume"": 188000}",58.9,2026-09-04 14:45:00,"{""close"": 58.9, ""high"": 59.1, ""low"": 58.8, ""open"": 59, ""time"": ""2026-09-04 09:16:00"", ""volume"": 128200}",-0.16949152542373122,4309500,,"{""close"": 59, ""high"": 59.1, ""low"": 58.9, ""open"": 59, ""time"": ""2026-09-04 14:29:00"", ""volume"": 64200}",59,2026-09-04 14:29:00,225,False,True,"{""close"": 59, ""high"": 59, ""low"": 58.9, ""open"": 58.9, ""time"": ""2026-09-04 09:15:00"", ""volume"": 57200}",2026-09-04 09:15:00,57200,UNAVAILABLE,"[{""close"": 59, ""high"": 59, ""low"": 58.9, ""open"": 58.9, ""time"": ""2026-09-04 09:15:00"", ""volume"": 57200}, {""close"": 58.9, ""high"": 59.1, ""low"": 58.8, ""open"": 59, ""time"": ""2026-09-04 09:16:00"", ""volume"": 128200}, {""close"": 59, ""high"": 59, ""low"": 58.9, ""open"": 58.9, ""time"": ""2026-09-04 09:17:00"", ""volume"": 23600}]",KBS,INFERRED_BOUNDARY,True,True,VCB,4309500,2026-09-04,0,0.0
619100,13.001932123655912,True,"[{""close"": 58, ""high"": 58, ""low"": 58, ""open"": 58, ""time"": ""2026-09-07 14:45:00"", ""volume"": 619100}]",INFERRED_BOUNDARY,"[{""close"": 58.1, ""high"": 58.1, ""low"": 58, ""open"": 58, ""time"": ""2026-09-07 14:28:00"", ""volume"": 17600}, {""close"": 58.1, ""high"": 58.1, ""low"": 58, ""open"": 58.1, ""time"": ""2026-09-07 14:29:00"", ""volume"": 31300}, {""close"": 58, ""high"": 58, ""low"": 58, ""open"": 58, ""time"": ""2026-09-07 14:45:00"", ""volume"": 619100}]",59,58.9,4761600,"{""close"": 58, ""high"": 58, ""low"": 58, ""open"": 58, ""time"": ""2026-09-07 14:45:00"", ""volume"": 619100}",58,2026-09-07 14:45:00,"{""close"": 59.1, ""high"": 59.1, ""low"": 59, ""open"": 59, ""time"": ""2026-09-07 09:16:00"", ""volume"": 10000}",-0.17211703958692154,4761600,,"{""close"": 58.1, ""high"": 58.1, ""low"": 58, ""open"": 58.1, ""time"": ""2026-09-07 14:29:00"", ""volume"": 31300}",58.1,2026-09-07 14:29:00,226,False,True,"{""close"": 59.1, ""high"": 59.1, ""low"": 59, ""open"": 59, ""time"": ""2026-09-07 09:15:00"", ""volume"": 66700}",2026-09-07 09:15:00,66700,UNAVAILABLE,"[{""close"": 59.1, ""high"": 59.1, ""low"": 59, ""open"": 59, ""time"": ""2026-09-07 09:15:00"", ""volume"": 66700}, {""close"": 59.1, ""high"": 59.1, ""low"": 59, ""open"": 59, ""time"": ""2026-09-07 09:16:00"", ""volume"": 10000}, {""close"": 59, ""high"": 59.1, ""low"": 59, ""open"": 59.1, ""time"": ""2026-09-07 09:17:00"", ""volume"": 6500}]",KBS,INFERRED_BOUNDARY,True,True,VCB,4761600,2026-09-07,0,0.0
124700,4.3485841818942665,True,"[{""close"": 58.1, ""high"": 58.1, ""low"": 58.1, ""open"": 58.1, ""time"": ""2026-09-08 14:45:00"", ""volume"": 124700}]",INFERRED_BOUNDARY,"[{""close"": 58, ""high"": 58.1, ""low"": 58, ""open"": 58, ""time"": ""2026-09-08 14:28:00"", ""volume"": 45100}, {""close"": 58.1, ""high"": 58.1, ""low"": 58, ""open"": 58.1, ""time"": ""2026-09-08 14:29:00"", ""volume"": 27900}, {""close"": 58.1, ""high"": 58.1, ""low"": 58.1, ""open"": 58.1, ""time"": ""2026-09-08 14:45:00"", ""volume"": 124700}]",58,58,2867600,"{""close"": 58.1, ""high"": 58.1, ""low"": 58.1, ""open"": 58.1, ""time"": ""2026-09-08 14:45:00"", ""volume"": 124700}",58.1,2026-09-08 14:45:00,"{""close"": 58, ""high"": 58, ""low"": 57.9, ""open"": 58, ""time"": ""2026-09-08 09:16:00"", ""volume"": 1100}",0.0,2867600,,"{""close"": 58.1, ""high"": 58.1, ""low"": 58, ""open"": 58.1, ""time"": ""2026-09-08 14:29:00"", ""volume"": 27900}",58.1,2026-09-08 14:29:00,224,False,True,"{""close"": 57.9, ""high"": 58, ""low"": 57.9, ""open"": 58, ""time"": ""2026-09-08 09:15:00"", ""volume"": 46000}",2026-09-08 09:15:00,46000,UNAVAILABLE,"[{""close"": 57.9, ""high"": 58, ""low"": 57.9, ""open"": 58, ""time"": ""2026-09-08 09:15:00"", ""volume"": 46000}, {""close"": 58, ""high"": 58, ""low"": 57.9, ""open"": 58, ""time"": ""2026-09-08 09:16:00"", ""volume"": 1100}, {""close"": 58, ""high"": 58.1, ""low"": 57.9, ""open"": 58, ""time"": ""2026-09-08 09:17:00"", ""volume"": 45300}]",KBS,INFERRED_BOUNDARY,True,True,VCB,2867600,2026-09-08,0,0.0
144200,2.708388114646332,True,"[{""close"": 58.7, ""high"": 58.7, ""low"": 58.7, ""open"": 58.7, ""time"": ""2026-09-09 14:45:00"", ""volume"": 144200}]",INFERRED_BOUNDARY,"[{""close"": 58.8, ""high"": 58.8, ""low"": 58.7, ""open"": 58.8, ""time"": ""2026-09-09 14:28:00"", ""volume"": 18300}, {""close"": 58.8, ""high"": 58.8, ""low"": 58.7, ""open"": 58.8, ""time"": ""2026-09-09 14:29:00"", ""volume"": 9600}, {""close"": 58.7, ""high"": 58.7, ""low"": 58.7, ""open"": 58.7, ""time"": ""2026-09-09 14:45:00"", ""volume"": 144200}]",58.4,58.1,5324200,"{""close"": 58.7, ""high"": 58.7, ""low"": 58.7, ""open"": 58.7, ""time"": ""2026-09-09 14:45:00"", ""volume"": 144200}",58.7,2026-09-09 14:45:00,"{""close"": 58.6, ""high"": 58.7, ""low"": 58.4, ""open"": 58.4, ""time"": ""2026-09-09 09:16:00"", ""volume"": 88500}",-0.1700680272108747,5324200,,"{""close"": 58.8, ""high"": 58.8, ""low"": 58.7, ""open"": 58.8, ""time"": ""2026-09-09 14:29:00"", ""volume"": 9600}",58.8,2026-09-09 14:29:00,226,False,True,"{""close"": 58.4, ""high"": 58.4, ""low"": 58.3, ""open"": 58.4, ""time"": ""2026-09-09 09:15:00"", ""volume"": 137400}",2026-09-09 09:15:00,137400,UNAVAILABLE,"[{""close"": 58.4, ""high"": 58.4, ""low"": 58.3, ""open"": 58.4, ""time"": ""2026-09-09 09:15:00"", ""volume"": 137400}, {""close"": 58.6, ""high"": 58.7, ""low"": 58.4, ""open"": 58.4, ""time"": ""2026-09-09 09:16:00"", ""volume"": 88500}, {""close"": 58.5, ""high"": 58.6, ""low"": 58.5, ""open"": 58.6, ""time"": ""2026-09-09 09:17:00"", ""volume"": 77900}]",KBS,INFERRED_BOUNDARY,True,True,VCB,5324200,2026-09-09,0,0.0
73300,2.390737116764514,True,"[{""close"": 59, ""high"": 59, ""low"": 59, ""open"": 59, ""time"": ""2026-09-10 14:45:00"", ""volume"": 73300}]",INFERRED_BOUNDARY,"[{""close"": 59.1, ""high"": 59.2, ""low"": 59.1, ""open"": 59.2, ""time"": ""2026-09-10 14:28:00"", ""volume"": 60500}, {""close"": 59, ""high"": 59.1, ""low"": 58.9, ""open"": 59, ""time"": ""2026-09-10 14:29:00"", ""volume"": 163800}, {""close"": 59, ""high"": 59, ""low"": 59, ""open"": 59, ""time"": ""2026-09-10 14:45:00"", ""volume"": 73300}]",58.7,58.7,3066000,"{""close"": 59, ""high"": 59, ""low"": 59, ""open"": 59, ""time"": ""2026-09-10 14:45:00"", ""volume"": 73300}",59,2026-09-10 14:45:00,"{""close"": 58.6, ""high"": 58.6, ""low"": 58.6, ""open"": 58.6, ""time"": ""2026-09-10 09:16:00"", ""volume"": 200}",0.0,3066000,,"{""close"": 59, ""high"": 59.1, ""low"": 58.9, ""open"": 59, ""time"": ""2026-09-10 14:29:00"", ""volume"": 163800}",59,2026-09-10 14:29:00,226,False,True,"{""close"": 58.6, ""high"": 58.7, ""low"": 58.6, ""open"": 58.7, ""time"": ""2026-09-10 09:15:00"", ""volume"": 15000}",2026-09-10 09:15:00,15000,UNAVAILABLE,"[{""close"": 58.6, ""high"": 58.7, ""low"": 58.6, ""open"": 58.7, ""time"": ""2026-09-10 09:15:00"", ""volume"": 15000}, {""close"": 58.6, ""high"": 58.6, ""low"": 58.6, ""open"": 58.6, ""time"": ""2026-09-10 09:16:00"", ""volume"": 200}, {""close"": 58.5, ""high"": 58.6, ""low"": 58.5, ""open"": 58.6, ""time"": ""2026-09-10 09:17:00"", ""volume"": 6200}]",KBS,INFERRED_BOUNDARY,True,True,VCB,3066000,2026-09-10,0,0.0
271000,6.208192064510217,True,"[{""close"": 58.2, ""high"": 58.2, ""low"": 58.2, ""open"": 58.2, ""time"": ""2026-09-11 14:45:00"", ""volume"": 271000}]",INFERRED_BOUNDARY,"[{""close"": 58.4, ""high"": 58.4, ""low"": 58.3, ""open"": 58.4, ""time"": ""2026-09-11 14:28:00"", ""volume"": 46500}, {""close"": 58.2, ""high"": 58.4, ""low"": 58.2, ""open"": 58.4, ""time"": ""2026-09-11 14:29:00"", ""volume"": 157100}, {""close"": 58.2, ""high"": 58.2, ""low"": 58.2, ""open"": 58.2, ""time"": ""2026-09-11 14:45:00"", ""volume"": 271000}]",58.9,59,4365200,"{""close"": 58.2, ""high"": 58.2, ""low"": 58.2, ""open"": 58.2, ""time"": ""2026-09-11 14:45:00"", ""volume"": 271000}",58.2,2026-09-11 14:45:00,"{""close"": 58.7, ""high"": 58.7, ""low"": 58.7, ""open"": 58.7, ""time"": ""2026-09-11 09:16:00"", ""volume"": 3700}",0.0,4365200,,"{""close"": 58.2, ""high"": 58.4, ""low"": 58.2, ""open"": 58.4, ""time"": ""2026-09-11 14:29:00"", ""volume"": 157100}",58.2,2026-09-11 14:29:00,226,False,True,"{""close"": 58.7, ""high"": 58.9, ""low"": 58.7, ""open"": 58.9, ""time"": ""2026-09-11 09:15:00"", ""volume"": 74700}",2026-09-11 09:15:00,74700,UNAVAILABLE,"[{""close"": 58.7, ""high"": 58.9, ""low"": 58.7, ""open"": 58.9, ""time"": ""2026-09-11 09:15:00"", ""volume"": 74700}, {""close"": 58.7, ""high"": 58.7, ""low"": 58.7, ""open"": 58.7, ""time"": ""2026-09-11 09:16:00"", ""volume"": 3700}, {""close"": 58.7, ""high"": 58.7, ""low"": 58.6, ""open"": 58.7, ""time"": ""2026-09-11 09:17:00"", ""volume"": 9900}]",KBS,INFERRED_BOUNDARY,True,True,VCB,4365200,2026-09-11,0,0.0
106000,2.199717772059434,True,"[{""close"": 58.5, ""high"": 58.5, ""low"": 58.5, ""open"": 58.5, ""time"": ""2026-09-14 14:45:00"", ""volume"": 106000}]",INFERRED_BOUNDARY,"[{""close"": 58.5, ""high"": 58.6, ""low"": 58.4, ""open"": 58.5, ""time"": ""2026-09-14 14:28:00"", ""volume"": 40700}, {""close"": 58.5, ""high"": 58.8, ""low"": 58.5, ""open"": 58.5, ""time"": ""2026-09-14 14:29:00"", ""volume"": 123700}, {""close"": 58.5, ""high"": 58.5, ""low"": 58.5, ""open"": 58.5, ""time"": ""2026-09-14 14:45:00"", ""volume"": 106000}]",58.2,58.2,4818800,"{""close"": 58.5, ""high"": 58.5, ""low"": 58.5, ""open"": 58.5, ""time"": ""2026-09-14 14:45:00"", ""volume"": 106000}",58.5,2026-09-14 14:45:00,"{""close"": 58.3, ""high"": 58.3, ""low"": 58.2, ""open"": 58.2, ""time"": ""2026-09-14 09:16:00"", ""volume"": 4300}",0.0,4818800,,"{""close"": 58.5, ""high"": 58.8, ""low"": 58.5, ""open"": 58.5, ""time"": ""2026-09-14 14:29:00"", ""volume"": 123700}",58.5,2026-09-14 14:29:00,225,False,True,"{""close"": 58.2, ""high"": 58.2, ""low"": 58.1, ""open"": 58.2, ""time"": ""2026-09-14 09:15:00"", ""volume"": 30000}",2026-09-14 09:15:00,30000,UNAVAILABLE,"[{""close"": 58.2, ""high"": 58.2, ""low"": 58.1, ""open"": 58.2, ""time"": ""2026-09-14 09:15:00"", ""volume"": 30000}, {""close"": 58.3, ""high"": 58.3, ""low"": 58.2, ""open"": 58.2, ""time"": ""2026-09-14 09:16:00"", ""volume"": 4300}, {""close"": 58.2, ""high"": 58.3, ""low"": 58.2, ""open"": 58.3, ""time"": ""2026-09-14 09:17:00"", ""volume"": 4200}]",KBS,INFERRED_BOUNDARY,True,True,VCB,4818800,2026-09-14,0,0.0
1057900,11.080735713088655,True,"[{""close"": 60, ""high"": 60, ""low"": 60, ""open"": 60, ""time"": ""2026-09-15 14:45:00"", ""volume"": 1057900}]",INFERRED_BOUNDARY,"[{""close"": 59.8, ""high"": 59.9, ""low"": 59.7, ""open"": 59.8, ""time"": ""2026-09-15 14:28:00"", ""volume"": 66100}, {""close"": 59.8, ""high"": 59.9, ""low"": 59.7, ""open"": 59.8, ""time"": ""2026-09-15 14:29:00"", ""volume"": 53500}, {""close"": 60, ""high"": 60, ""low"": 60, ""open"": 60, ""time"": ""2026-09-15 14:45:00"", ""volume"": 1057900}]",58.6,58.5,9547200,"{""close"": 60, ""high"": 60, ""low"": 60, ""open"": 60, ""time"": ""2026-09-15 14:45:00"", ""volume"": 1057900}",60,2026-09-15 14:45:00,"{""close"": 58.8, ""high"": 58.9, ""low"": 58.8, ""open"": 58.9, ""time"": ""2026-09-15 09:16:00"", ""volume"": 6900}",0.33444816053512183,9547200,,"{""close"": 59.8, ""high"": 59.9, ""low"": 59.7, ""open"": 59.8, ""time"": ""2026-09-15 14:29:00"", ""volume"": 53500}",59.8,2026-09-15 14:29:00,226,False,True,"{""close"": 58.8, ""high"": 58.9, ""low"": 58.6, ""open"": 58.6, ""time"": ""2026-09-15 09:15:00"", ""volume"": 42300}",2026-09-15 09:15:00,42300,UNAVAILABLE,"[{""close"": 58.8, ""high"": 58.9, ""low"": 58.6, ""open"": 58.6, ""time"": ""2026-09-15 09:15:00"", ""volume"": 42300}, {""close"": 58.8, ""high"": 58.9, ""low"": 58.8, ""open"": 58.9, ""time"": ""2026-09-15 09:16:00"", ""volume"": 6900}, {""close"": 58.8, ""high"": 58.9, ""low"": 58.8, ""open"": 58.8, ""time"": ""2026-09-15 09:17:00"", ""volume"": 10600}]",KBS,INFERRED_BOUNDARY,True,True,VCB,9547200,2026-09-15,0,0.0
519600,18.036656484309912,True,"[{""close"": 59.3, ""high"": 59.3, ""low"": 59.3, ""open"": 59.3, ""time"": ""2026-09-16 14:45:00"", ""volume"": 519600}]",INFERRED_BOUNDARY,"[{""close"": 59.7, ""high"": 59.7, ""low"": 59.5, ""open"": 59.7, ""time"": ""2026-09-16 14:28:00"", ""volume"": 51500}, {""close"": 59.6, ""high"": 59.7, ""low"": 59.6, ""open"": 59.7, ""time"": ""2026-09-16 14:29:00"", ""volume"": 19400}, {""close"": 59.3, ""high"": 59.3, ""low"": 59.3, ""open"": 59.3, ""time"": ""2026-09-16 14:45:00"", ""volume"": 519600}]",60.1,60,2880800,"{""close"": 59.3, ""high"": 59.3, ""low"": 59.3, ""open"": 59.3, ""time"": ""2026-09-16 14:45:00"", ""volume"": 519600}",59.3,2026-09-16 14:45:00,"{""close"": 60.2, ""high"": 60.3, ""low"": 60.2, ""open"": 60.2, ""time"": ""2026-09-16 09:16:00"", ""volume"": 20100}",-0.5033557046979937,2880800,,"{""close"": 59.6, ""high"": 59.7, ""low"": 59.6, ""open"": 59.7, ""time"": ""2026-09-16 14:29:00"", ""volume"": 19400}",59.6,2026-09-16 14:29:00,225,False,True,"{""close"": 60.2, ""high"": 60.2, ""low"": 60.1, ""open"": 60.1, ""time"": ""2026-09-16 09:15:00"", ""volume"": 57000}",2026-09-16 09:15:00,57000,UNAVAILABLE,"[{""close"": 60.2, ""high"": 60.2, ""low"": 60.1, ""open"": 60.1, ""time"": ""2026-09-16 09:15:00"", ""volume"": 57000}, {""close"": 60.2, ""high"": 60.3, ""low"": 60.2, ""open"": 60.2, ""time"": ""2026-09-16 09:16:00"", ""volume"": 20100}, {""close"": 60.2, ""high"": 60.3, ""low"": 60.2, ""open"": 60.2, ""time"": ""2026-09-16 09:17:00"", ""volume"": 4800}]",KBS,INFERRED_BOUNDARY,True,True,VCB,2880800,2026-09-16,0,0.0
470200,8.714023610519098,True,"[{""close"": 59.6, ""high"": 59.6, ""low"": 59.6, ""open"": 59.6, ""time"": ""2026-09-17 14:45:00"", ""volume"": 470200}]",INFERRED_BOUNDARY,"[{""close"": 59.9, ""high"": 59.9, ""low"": 59.7, ""open"": 59.8, ""time"": ""2026-09-17 14:28:00"", ""volume"": 65200}, {""close"": 59.9, ""high"": 59.9, ""low"": 59.8, ""open"": 59.9, ""time"": ""2026-09-17 14:29:00"", ""volume"": 41100}, {""close"": 59.6, ""high"": 59.6, ""low"": 59.6, ""open"": 59.6, ""time"": ""2026-09-17 14:45:00"", ""volume"": 470200}]",59,59.3,5395900,"{""close"": 59.6, ""high"": 59.6, ""low"": 59.6, ""open"": 59.6, ""time"": ""2026-09-17 14:45:00"", ""volume"": 470200}",59.6,2026-09-17 14:45:00,"{""close"": 58.8, ""high"": 58.9, ""low"": 58.8, ""open"": 58.9, ""time"": ""2026-09-17 09:16:00"", ""volume"": 62000}",-0.5008347245408968,5395900,,"{""close"": 59.9, ""high"": 59.9, ""low"": 59.8, ""open"": 59.9, ""time"": ""2026-09-17 14:29:00"", ""volume"": 41100}",59.9,2026-09-17 14:29:00,226,False,True,"{""close"": 58.9, ""high"": 59.1, ""low"": 58.9, ""open"": 59, ""time"": ""2026-09-17 09:15:00"", ""volume"": 139100}",2026-09-17 09:15:00,139100,UNAVAILABLE,"[{""close"": 58.9, ""high"": 59.1, ""low"": 58.9, ""open"": 59, ""time"": ""2026-09-17 09:15:00"", ""volume"": 139100}, {""close"": 58.8, ""high"": 58.9, ""low"": 58.8, ""open"": 58.9, ""time"": ""2026-09-17 09:16:00"", ""volume"": 62000}, {""close"": 59, ""high"": 59, ""low"": 58.8, ""open"": 58.9, ""time"": ""2026-09-17 09:17:00"", ""volume"": 28700}]",KBS,INFERRED_BOUNDARY,True,True,VCB,5395900,2026-09-17,0,0.0
1616200,2.194555297715148,True,"[{""close"": 14.1, ""high"": 14.1, ""low"": 14.1, ""open"": 14.1, ""time"": ""2026-08-25 14:45:00"", ""volume"": 1616200}]",INFERRED_BOUNDARY,"[{""close"": 14.05, ""high"": 14.1, ""low"": 14, ""open"": 14, ""time"": ""2026-08-25 14:28:00"", ""volume"": 298900}, {""close"": 14.05, ""high"": 14.1, ""low"": 14.05, ""open"": 14.05, ""time"": ""2026-08-25 14:29:00"", ""volume"": 448700}, {""close"": 14.1, ""high"": 14.1, ""low"": 14.1, ""open"": 14.1, ""time"": ""2026-08-25 14:45:00"", ""volume"": 1616200}]",13.8,13.8,73645900,"{""close"": 14.1, ""high"": 14.1, ""low"": 14.1, ""open"": 14.1, ""time"": ""2026-08-25 14:45:00"", ""volume"": 1616200}",14.1,2026-08-25 14:45:00,"{""close"": 13.9, ""high"": 13.9, ""low"": 13.85, ""open"": 13.85, ""time"": ""2026-08-25 09:16:00"", ""volume"": 187000}",0.35587188612098886,73645900,,"{""close"": 14.05, ""high"": 14.1, ""low"": 14.05, ""open"": 14.05, ""time"": ""2026-08-25 14:29:00"", ""volume"": 448700}",14.05,2026-08-25 14:29:00,226,False,True,"{""close"": 13.85, ""high"": 13.85, ""low"": 13.8, ""open"": 13.8, ""time"": ""2026-08-25 09:15:00"", ""volume"": 494900}",2026-08-25 09:15:00,494900,UNAVAILABLE,"[{""close"": 13.85, ""high"": 13.85, ""low"": 13.8, ""open"": 13.8, ""time"": ""2026-08-25 09:15:00"", ""volume"": 494900}, {""close"": 13.9, ""high"": 13.9, ""low"": 13.85, ""open"": 13.85, ""time"": ""2026-08-25 09:16:00"", ""volume"": 187000}, {""close"": 13.9, ""high"": 13.9, ""low"": 13.85, ""open"": 13.9, ""time"": ""2026-08-25 09:17:00"", ""volume"": 80600}]",KBS,INFERRED_BOUNDARY,True,True,VIX,73645900,2026-08-25,0,0.0
2282300,4.775575368635582,True,"[{""close"": 14.35, ""high"": 14.35, ""low"": 14.35, ""open"": 14.35, ""time"": ""2026-08-26 14:45:00"", ""volume"": 2282300}]",INFERRED_BOUNDARY,"[{""close"": 14.35, ""high"": 14.35, ""low"": 14.3, ""open"": 14.35, ""time"": ""2026-08-26 14:28:00"", ""volume"": 580700}, {""close"": 14.3, ""high"": 14.35, ""low"": 14.3, ""open"": 14.35, ""time"": ""2026-08-26 14:29:00"", ""volume"": 589200}, {""close"": 14.35, ""high"": 14.35, ""low"": 14.35, ""open"": 14.35, ""time"": ""2026-08-26 14:45:00"", ""volume"": 2282300}]",14.05,14.1,47791100,"{""close"": 14.35, ""high"": 14.35, ""low"": 14.35, ""open"": 14.35, ""time"": ""2026-08-26 14:45:00"", ""volume"": 2282300}",14.35,2026-08-26 14:45:00,"{""close"": 14.05, ""high"": 14.1, ""low"": 14.05, ""open"": 14.05, ""time"": ""2026-08-26 09:16:00"", ""volume"": 99800}",0.3496503496503422,47791100,,"{""close"": 14.3, ""high"": 14.35, ""low"": 14.3, ""open"": 14.35, ""time"": ""2026-08-26 14:29:00"", ""volume"": 589200}",14.3,2026-08-26 14:29:00,226,False,True,"{""close"": 14.05, ""high"": 14.1, ""low"": 14.05, ""open"": 14.05, ""time"": ""2026-08-26 09:15:00"", ""volume"": 177500}",2026-08-26 09:15:00,177500,UNAVAILABLE,"[{""close"": 14.05, ""high"": 14.1, ""low"": 14.05, ""open"": 14.05, ""time"": ""2026-08-26 09:15:00"", ""volume"": 177500}, {""close"": 14.05, ""high"": 14.1, ""low"": 14.05, ""open"": 14.05, ""time"": ""2026-08-26 09:16:00"", ""volume"": 99800}, {""close"": 14.05, ""high"": 14.05, ""low"": 14, ""open"": 14.05, ""time"": ""2026-08-26 09:17:00"", ""volume"": 93100}]",KBS,INFERRED_BOUNDARY,True,True,VIX,47791100,2026-08-26,0,0.0
1821600,4.9654901704229495,True,"[{""close"": 14.25, ""high"": 14.25, ""low"": 14.25, ""open"": 14.25, ""time"": ""2026-08-27 14:45:00"", ""volume"": 1821600}]",INFERRED_BOUNDARY,"[{""close"": 14.25, ""high"": 14.3, ""low"": 14.25, ""open"": 14.25, ""time"": ""2026-08-27 14:28:00"", ""volume"": 229500}, {""close"": 14.3, ""high"": 14.3, ""low"": 14.25, ""open"": 14.3, ""time"": ""2026-08-27 14:29:00"", ""volume"": 274700}, {""close"": 14.25, ""high"": 14.25, ""low"": 14.25, ""open"": 14.25, ""time"": ""2026-08-27 14:45:00"", ""volume"": 1821600}]",14.45,14.35,36685200,"{""close"": 14.25, ""high"": 14.25, ""low"": 14.25, ""open"": 14.25, ""time"": ""2026-08-27 14:45:00"", ""volume"": 1821600}",14.25,2026-08-27 14:45:00,"{""close"": 14.5, ""high"": 14.5, ""low"": 14.4, ""open"": 14.45, ""time"": ""2026-08-27 09:16:00"", ""volume"": 464400}",-0.3496503496503546,36685200,,"{""close"": 14.3, ""high"": 14.3, ""low"": 14.25, ""open"": 14.3, ""time"": ""2026-08-27 14:29:00"", ""volume"": 274700}",14.3,2026-08-27 14:29:00,226,False,True,"{""close"": 14.45, ""high"": 14.45, ""low"": 14.4, ""open"": 14.45, ""time"": ""2026-08-27 09:15:00"", ""volume"": 614400}",2026-08-27 09:15:00,614400,UNAVAILABLE,"[{""close"": 14.45, ""high"": 14.45, ""low"": 14.4, ""open"": 14.45, ""time"": ""2026-08-27 09:15:00"", ""volume"": 614400}, {""close"": 14.5, ""high"": 14.5, ""low"": 14.4, ""open"": 14.45, ""time"": ""2026-08-27 09:16:00"", ""volume"": 464400}, {""close"": 14.45, ""high"": 14.5, ""low"": 14.45, ""open"": 14.5, ""time"": ""2026-08-27 09:17:00"", ""volume"": 474200}]",KBS,INFERRED_BOUNDARY,True,True,VIX,36685200,2026-08-27,0,0.0
2623700,6.1864542659347705,True,"[{""close"": 14.1, ""high"": 14.1, ""low"": 14.1, ""open"": 14.1, ""time"": ""2026-08-28 14:45:00"", ""volume"": 2623700}]",INFERRED_BOUNDARY,"[{""close"": 14.2, ""high"": 14.2, ""low"": 14.1, ""open"": 14.15, ""time"": ""2026-08-28 14:28:00"", ""volume"": 819800}, {""close"": 14.15, ""high"": 14.2, ""low"": 14.1, ""open"": 14.2, ""time"": ""2026-08-28 14:29:00"", ""volume"": 532000}, {""close"": 14.1, ""high"": 14.1, ""low"": 14.1, ""open"": 14.1, ""time"": ""2026-08-28 14:45:00"", ""volume"": 2623700}]",14.15,14.25,42410400,"{""close"": 14.1, ""high"": 14.1, ""low"": 14.1, ""open"": 14.1, ""time"": ""2026-08-28 14:45:00"", ""volume"": 2623700}",14.1,2026-08-28 14:45:00,"{""close"": 14.15, ""high"": 14.15, ""low"": 14.1, ""open"": 14.1, ""time"": ""2026-08-28 09:16:00"", ""volume"": 45400}",-0.35335689045936897,42410400,,"{""close"": 14.15, ""high"": 14.2, ""low"": 14.1, ""open"": 14.2, ""time"": ""2026-08-28 14:29:00"", ""volume"": 532000}",14.15,2026-08-28 14:29:00,226,False,True,"{""close"": 14.15, ""high"": 14.2, ""low"": 14.1, ""open"": 14.15, ""time"": ""2026-08-28 09:15:00"", ""volume"": 332800}",2026-08-28 09:15:00,332800,UNAVAILABLE,"[{""close"": 14.15, ""high"": 14.2, ""low"": 14.1, ""open"": 14.15, ""time"": ""2026-08-28 09:15:00"", ""volume"": 332800}, {""close"": 14.15, ""high"": 14.15, ""low"": 14.1, ""open"": 14.1, ""time"": ""2026-08-28 09:16:00"", ""volume"": 45400}, {""close"": 14.15, ""high"": 14.15, ""low"": 14.1, ""open"": 14.15, ""time"": ""2026-08-28 09:17:00"", ""volume"": 74400}]",KBS,INFERRED_BOUNDARY,True,True,VIX,42410400,2026-08-28,0,0.0
1569900,5.027718263309089,True,"[{""close"": 14.05, ""high"": 14.05, ""low"": 14.05, ""open"": 14.05, ""time"": ""2026-09-03 14:45:00"", ""volume"": 1569900}]",INFERRED_BOUNDARY,"[{""close"": 14.1, ""high"": 14.15, ""low"": 14.1, ""open"": 14.1, ""time"": ""2026-09-03 14:28:00"", ""volume"": 388300}, {""close"": 14.1, ""high"": 14.15, ""low"": 14.1, ""open"": 14.1, ""time"": ""2026-09-03 14:29:00"", ""volume"": 387300}, {""close"": 14.05, ""high"": 14.05, ""low"": 14.05, ""open"": 14.05, ""time"": ""2026-09-03 14:45:00"", ""volume"": 1569900}]",13.95,14.1,31224900,"{""close"": 14.05, ""high"": 14.05, ""low"": 14.05, ""open"": 14.05, ""time"": ""2026-09-03 14:45:00"", ""volume"": 1569900}",14.05,2026-09-03 14:45:00,"{""close"": 14, ""high"": 14, ""low"": 13.95, ""open"": 13.95, ""time"": ""2026-09-03 09:16:00"", ""volume"": 277700}",-0.35460992907800665,31224900,,"{""close"": 14.1, ""high"": 14.15, ""low"": 14.1, ""open"": 14.1, ""time"": ""2026-09-03 14:29:00"", ""volume"": 387300}",14.1,2026-09-03 14:29:00,226,False,True,"{""close"": 13.95, ""high"": 14, ""low"": 13.95, ""open"": 13.95, ""time"": ""2026-09-03 09:15:00"", ""volume"": 568000}",2026-09-03 09:15:00,568000,UNAVAILABLE,"[{""close"": 13.95, ""high"": 14, ""low"": 13.95, ""open"": 13.95, ""time"": ""2026-09-03 09:15:00"", ""volume"": 568000}, {""close"": 14, ""high"": 14, ""low"": 13.95, ""open"": 13.95, ""time"": ""2026-09-03 09:16:00"", ""volume"": 277700}, {""close"": 13.95, ""high"": 14, ""low"": 13.9, ""open"": 13.95, ""time"": ""2026-09-03 09:17:00"", ""volume"": 375600}]",KBS,INFERRED_BOUNDARY,True,True,VIX,31224900,2026-09-03,0,0.0
2859700,8.979693088365053,True,"[{""close"": 14, ""high"": 14, ""low"": 14, ""open"": 14, ""time"": ""2026-09-04 14:45:00"", ""volume"": 2859700}]",INFERRED_BOUNDARY,"[{""close"": 14.05, ""high"": 14.05, ""low"": 14, ""open"": 14.05, ""time"": ""2026-09-04 14:28:00"", ""volume"": 823300}, {""close"": 14.05, ""high"": 14.1, ""low"": 14.05, ""open"": 14.05, ""time"": ""2026-09-04 14:29:00"", ""volume"": 106700}, {""close"": 14, ""high"": 14, ""low"": 14, ""open"": 14, ""time"": ""2026-09-04 14:45:00"", ""volume"": 2859700}]",14.05,14.05,31846300,"{""close"": 14, ""high"": 14, ""low"": 14, ""open"": 14, ""time"": ""2026-09-04 14:45:00"", ""volume"": 2859700}",14,2026-09-04 14:45:00,"{""close"": 14.2, ""high"": 14.2, ""low"": 14.15, ""open"": 14.15, ""time"": ""2026-09-04 09:16:00"", ""volume"": 112800}",-0.3558718861210015,31846300,,"{""close"": 14.05, ""high"": 14.1, ""low"": 14.05, ""open"": 14.05, ""time"": ""2026-09-04 14:29:00"", ""volume"": 106700}",14.05,2026-09-04 14:29:00,226,False,True,"{""close"": 14.15, ""high"": 14.15, ""low"": 14.05, ""open"": 14.05, ""time"": ""2026-09-04 09:15:00"", ""volume"": 454000}",2026-09-04 09:15:00,454000,UNAVAILABLE,"[{""close"": 14.15, ""high"": 14.15, ""low"": 14.05, ""open"": 14.05, ""time"": ""2026-09-04 09:15:00"", ""volume"": 454000}, {""close"": 14.2, ""high"": 14.2, ""low"": 14.15, ""open"": 14.15, ""time"": ""2026-09-04 09:16:00"", ""volume"": 112800}, {""close"": 14.2, ""high"": 14.2, ""low"": 14.15, ""open"": 14.2, ""time"": ""2026-09-04 09:17:00"", ""volume"": 188800}]",KBS,INFERRED_BOUNDARY,True,True,VIX,31846300,2026-09-04,0,0.0
3078500,6.0928785461800015,True,"[{""close"": 13.6, ""high"": 13.6, ""low"": 13.6, ""open"": 13.6, ""time"": ""2026-09-07 14:45:00"", ""volume"": 3078500}]",INFERRED_BOUNDARY,"[{""close"": 13.7, ""high"": 13.7, ""low"": 13.65, ""open"": 13.7, ""time"": ""2026-09-07 14:28:00"", ""volume"": 150200}, {""close"": 13.65, ""high"": 13.7, ""low"": 13.6, ""open"": 13.7, ""time"": ""2026-09-07 14:29:00"", ""volume"": 540800}, {""close"": 13.6, ""high"": 13.6, ""low"": 13.6, ""open"": 13.6, ""time"": ""2026-09-07 14:45:00"", ""volume"": 3078500}]",14.05,14,50526200,"{""close"": 13.6, ""high"": 13.6, ""low"": 13.6, ""open"": 13.6, ""time"": ""2026-09-07 14:45:00"", ""volume"": 3078500}",13.6,2026-09-07 14:45:00,"{""close"": 14.1, ""high"": 14.1, ""low"": 14.05, ""open"": 14.05, ""time"": ""2026-09-07 09:16:00"", ""volume"": 215000}",-0.3663003663003715,50526200,,"{""close"": 13.65, ""high"": 13.7, ""low"": 13.6, ""open"": 13.7, ""time"": ""2026-09-07 14:29:00"", ""volume"": 540800}",13.65,2026-09-07 14:29:00,226,False,True,"{""close"": 14.05, ""high"": 14.1, ""low"": 14.05, ""open"": 14.05, ""time"": ""2026-09-07 09:15:00"", ""volume"": 192500}",2026-09-07 09:15:00,192500,UNAVAILABLE,"[{""close"": 14.05, ""high"": 14.1, ""low"": 14.05, ""open"": 14.05, ""time"": ""2026-09-07 09:15:00"", ""volume"": 192500}, {""close"": 14.1, ""high"": 14.1, ""low"": 14.05, ""open"": 14.05, ""time"": ""2026-09-07 09:16:00"", ""volume"": 215000}, {""close"": 14.1, ""high"": 14.1, ""low"": 14.05, ""open"": 14.1, ""time"": ""2026-09-07 09:17:00"", ""volume"": 262000}]",KBS,INFERRED_BOUNDARY,True,True,VIX,50526200,2026-09-07,0,0.0
921000,2.2858589468668096,True,"[{""close"": 13.75, ""high"": 13.75, ""low"": 13.75, ""open"": 13.75, ""time"": ""2026-09-08 14:45:00"", ""volume"": 921000}]",INFERRED_BOUNDARY,"[{""close"": 13.75, ""high"": 13.75, ""low"": 13.7, ""open"": 13.75, ""time"": ""2026-09-08 14:28:00"", ""volume"": 82500}, {""close"": 13.75, ""high"": 13.75, ""low"": 13.7, ""open"": 13.75, ""time"": ""2026-09-08 14:29:00"", ""volume"": 75100}, {""close"": 13.75, ""high"": 13.75, ""low"": 13.75, ""open"": 13.75, ""time"": ""2026-09-08 14:45:00"", ""volume"": 921000}]",13.55,13.6,40291200,"{""close"": 13.75, ""high"": 13.75, ""low"": 13.75, ""open"": 13.75, ""time"": ""2026-09-08 14:45:00"", ""volume"": 921000}",13.75,2026-09-08 14:45:00,"{""close"": 13.65, ""high"": 13.7, ""low"": 13.6, ""open"": 13.6, ""time"": ""2026-09-08 09:16:00"", ""volume"": 1058400}",0.0,40291200,,"{""close"": 13.75, ""high"": 13.75, ""low"": 13.7, ""open"": 13.75, ""time"": ""2026-09-08 14:29:00"", ""volume"": 75100}",13.75,2026-09-08 14:29:00,226,False,True,"{""close"": 13.6, ""high"": 13.6, ""low"": 13.55, ""open"": 13.55, ""time"": ""2026-09-08 09:15:00"", ""volume"": 230900}",2026-09-08 09:15:00,230900,UNAVAILABLE,"[{""close"": 13.6, ""high"": 13.6, ""low"": 13.55, ""open"": 13.55, ""time"": ""2026-09-08 09:15:00"", ""volume"": 230900}, {""close"": 13.65, ""high"": 13.7, ""low"": 13.6, ""open"": 13.6, ""time"": ""2026-09-08 09:16:00"", ""volume"": 1058400}, {""close"": 13.65, ""high"": 13.65, ""low"": 13.65, ""open"": 13.65, ""time"": ""2026-09-08 09:17:00"", ""volume"": 1129500}]",KBS,INFERRED_BOUNDARY,True,True,VIX,40291200,2026-09-08,0,0.0
1823000,5.105470106534329,True,"[{""close"": 13.6, ""high"": 13.6, ""low"": 13.6, ""open"": 13.6, ""time"": ""2026-09-09 14:45:00"", ""volume"": 1823000}]",INFERRED_BOUNDARY,"[{""close"": 13.7, ""high"": 13.7, ""low"": 13.65, ""open"": 13.7, ""time"": ""2026-09-09 14:28:00"", ""volume"": 113100}, {""close"": 13.7, ""high"": 13.7, ""low"": 13.65, ""open"": 13.65, ""time"": ""2026-09-09 14:29:00"", ""volume"": 172900}, {""close"": 13.6, ""high"": 13.6, ""low"": 13.6, ""open"": 13.6, ""time"": ""2026-09-09 14:45:00"", ""volume"": 1823000}]",13.8,13.75,35706800,"{""close"": 13.6, ""high"": 13.6, ""low"": 13.6, ""open"": 13.6, ""time"": ""2026-09-09 14:45:00"", ""volume"": 1823000}",13.6,2026-09-09 14:45:00,"{""close"": 13.8, ""high"": 13.8, ""low"": 13.75, ""open"": 13.75, ""time"": ""2026-09-09 09:16:00"", ""volume"": 20300}",-0.7299270072992675,35706800,,"{""close"": 13.7, ""high"": 13.7, ""low"": 13.65, ""open"": 13.65, ""time"": ""2026-09-09 14:29:00"", ""volume"": 172900}",13.7,2026-09-09 14:29:00,226,False,True,"{""close"": 13.75, ""high"": 13.85, ""low"": 13.75, ""open"": 13.8, ""time"": ""2026-09-09 09:15:00"", ""volume"": 403000}",2026-09-09 09:15:00,403000,UNAVAILABLE,"[{""close"": 13.75, ""high"": 13.85, ""low"": 13.75, ""open"": 13.8, ""time"": ""2026-09-09 09:15:00"", ""volume"": 403000}, {""close"": 13.8, ""high"": 13.8, ""low"": 13.75, ""open"": 13.75, ""time"": ""2026-09-09 09:16:00"", ""volume"": 20300}, {""close"": 13.8, ""high"": 13.8, ""low"": 13.75, ""open"": 13.8, ""time"": ""2026-09-09 09:17:00"", ""volume"": 134600}]",KBS,INFERRED_BOUNDARY,True,True,VIX,35706800,2026-09-09,0,0.0
877600,3.4281919568741577,True,"[{""close"": 13.8, ""high"": 13.8, ""low"": 13.8, ""open"": 13.8, ""time"": ""2026-09-10 14:45:00"", ""volume"": 877600}]",INFERRED_BOUNDARY,"[{""close"": 13.8, ""high"": 13.8, ""low"": 13.75, ""open"": 13.8, ""time"": ""2026-09-10 14:28:00"", ""volume"": 195700}, {""close"": 13.8, ""high"": 13.8, ""low"": 13.75, ""open"": 13.8, ""time"": ""2026-09-10 14:29:00"", ""volume"": 192200}, {""close"": 13.8, ""high"": 13.8, ""low"": 13.8, ""open"": 13.8, ""time"": ""2026-09-10 14:45:00"", ""volume"": 877600}]",13.55,13.6,25599500,"{""close"": 13.8, ""high"": 13.8, ""low"": 13.8, ""open"": 13.8, ""time"": ""2026-09-10 14:45:00"", ""volume"": 877600}",13.8,2026-09-10 14:45:00,"{""close"": 13.6, ""high"": 13.6, ""low"": 13.55, ""open"": 13.6, ""time"": ""2026-09-10 09:16:00"", ""volume"": 13600}",0.0,25599500,,"{""close"": 13.8, ""high"": 13.8, ""low"": 13.75, ""open"": 13.8, ""time"": ""2026-09-10 14:29:00"", ""volume"": 192200}",13.8,2026-09-10 14:29:00,226,False,True,"{""close"": 13.6, ""high"": 13.6, ""low"": 13.55, ""open"": 13.55, ""time"": ""2026-09-10 09:15:00"", ""volume"": 185600}",2026-09-10 09:15:00,185600,UNAVAILABLE,"[{""close"": 13.6, ""high"": 13.6, ""low"": 13.55, ""open"": 13.55, ""time"": ""2026-09-10 09:15:00"", ""volume"": 185600}, {""close"": 13.6, ""high"": 13.6, ""low"": 13.55, ""open"": 13.6, ""time"": ""2026-09-10 09:16:00"", ""volume"": 13600}, {""close"": 13.55, ""high"": 13.6, ""low"": 13.55, ""open"": 13.6, ""time"": ""2026-09-10 09:17:00"", ""volume"": 48400}]",KBS,INFERRED_BOUNDARY,True,True,VIX,25599500,2026-09-10,0,0.0
3259900,8.321017339387952,True,"[{""close"": 13.25, ""high"": 13.25, ""low"": 13.25, ""open"": 13.25, ""time"": ""2026-09-11 14:45:00"", ""volume"": 3259900}]",INFERRED_BOUNDARY,"[{""close"": 13.35, ""high"": 13.35, ""low"": 13.3, ""open"": 13.35, ""time"": ""2026-09-11 14:28:00"", ""volume"": 1259400}, {""close"": 13.3, ""high"": 13.35, ""low"": 13.25, ""open"": 13.3, ""time"": ""2026-09-11 14:29:00"", ""volume"": 996100}, {""close"": 13.25, ""high"": 13.25, ""low"": 13.25, ""open"": 13.25, ""time"": ""2026-09-11 14:45:00"", ""volume"": 3259900}]",13.65,13.8,39176700,"{""close"": 13.25, ""high"": 13.25, ""low"": 13.25, ""open"": 13.25, ""time"": ""2026-09-11 14:45:00"", ""volume"": 3259900}",13.25,2026-09-11 14:45:00,"{""close"": 13.65, ""high"": 13.7, ""low"": 13.65, ""open"": 13.7, ""time"": ""2026-09-11 09:16:00"", ""volume"": 101100}",-0.37593984962406546,39176700,,"{""close"": 13.3, ""high"": 13.35, ""low"": 13.25, ""open"": 13.3, ""time"": ""2026-09-11 14:29:00"", ""volume"": 996100}",13.3,2026-09-11 14:29:00,226,False,True,"{""close"": 13.7, ""high"": 13.7, ""low"": 13.65, ""open"": 13.65, ""time"": ""2026-09-11 09:15:00"", ""volume"": 402400}",2026-09-11 09:15:00,402400,UNAVAILABLE,"[{""close"": 13.7, ""high"": 13.7, ""low"": 13.65, ""open"": 13.65, ""time"": ""2026-09-11 09:15:00"", ""volume"": 402400}, {""close"": 13.65, ""high"": 13.7, ""low"": 13.65, ""open"": 13.7, ""time"": ""2026-09-11 09:16:00"", ""volume"": 101100}, {""close"": 13.7, ""high"": 13.7, ""low"": 13.65, ""open"": 13.65, ""time"": ""2026-09-11 09:17:00"", ""volume"": 58500}]",KBS,INFERRED_BOUNDARY,True,True,VIX,39176700,2026-09-11,0,0.0
4143500,4.999650078792603,True,"[{""close"": 12.6, ""high"": 12.6, ""low"": 12.6, ""open"": 12.6, ""time"": ""2026-09-14 14:45:00"", ""volume"": 4143500}]",INFERRED_BOUNDARY,"[{""close"": 12.8, ""high"": 12.85, ""low"": 12.8, ""open"": 12.85, ""time"": ""2026-09-14 14:28:00"", ""volume"": 419800}, {""close"": 12.8, ""high"": 12.85, ""low"": 12.8, ""open"": 12.85, ""time"": ""2026-09-14 14:29:00"", ""volume"": 712000}, {""close"": 12.6, ""high"": 12.6, ""low"": 12.6, ""open"": 12.6, ""time"": ""2026-09-14 14:45:00"", ""volume"": 4143500}]",13.15,13.25,82875800,"{""close"": 12.6, ""high"": 12.6, ""low"": 12.6, ""open"": 12.6, ""time"": ""2026-09-14 14:45:00"", ""volume"": 4143500}",12.6,2026-09-14 14:45:00,"{""close"": 13.25, ""high"": 13.25, ""low"": 13.15, ""open"": 13.2, ""time"": ""2026-09-14 09:16:00"", ""volume"": 240700}",-1.5625000000000084,82875800,,"{""close"": 12.8, ""high"": 12.85, ""low"": 12.8, ""open"": 12.85, ""time"": ""2026-09-14 14:29:00"", ""volume"": 712000}",12.8,2026-09-14 14:29:00,226,False,True,"{""close"": 13.2, ""high"": 13.2, ""low"": 13.15, ""open"": 13.15, ""time"": ""2026-09-14 09:15:00"", ""volume"": 509300}",2026-09-14 09:15:00,509300,UNAVAILABLE,"[{""close"": 13.2, ""high"": 13.2, ""low"": 13.15, ""open"": 13.15, ""time"": ""2026-09-14 09:15:00"", ""volume"": 509300}, {""close"": 13.25, ""high"": 13.25, ""low"": 13.15, ""open"": 13.2, ""time"": ""2026-09-14 09:16:00"", ""volume"": 240700}, {""close"": 13.3, ""high"": 13.3, ""low"": 13.2, ""open"": 13.25, ""time"": ""2026-09-14 09:17:00"", ""volume"": 262800}]",KBS,INFERRED_BOUNDARY,True,True,VIX,82875800,2026-09-14,0,0.0
5118500,15.580150185525085,True,"[{""close"": 12.9, ""high"": 12.9, ""low"": 12.9, ""open"": 12.9, ""time"": ""2026-09-15 14:45:00"", ""volume"": 5118500}]",INFERRED_BOUNDARY,"[{""close"": 13.3, ""high"": 13.3, ""low"": 13.25, ""open"": 13.3, ""time"": ""2026-09-15 14:28:00"", ""volume"": 371000}, {""close"": 13.3, ""high"": 13.3, ""low"": 13.25, ""open"": 13.3, ""time"": ""2026-09-15 14:29:00"", ""volume"": 150500}, {""close"": 12.9, ""high"": 12.9, ""low"": 12.9, ""open"": 12.9, ""time"": ""2026-09-15 14:45:00"", ""volume"": 5118500}]",12.65,12.6,32852700,"{""close"": 12.9, ""high"": 12.9, ""low"": 12.9, ""open"": 12.9, ""time"": ""2026-09-15 14:45:00"", ""volume"": 5118500}",12.9,2026-09-15 14:45:00,"{""close"": 12.9, ""high"": 12.95, ""low"": 12.85, ""open"": 12.85, ""time"": ""2026-09-15 09:16:00"", ""volume"": 693800}",-3.0075187969924837,32852700,,"{""close"": 13.3, ""high"": 13.3, ""low"": 13.25, ""open"": 13.3, ""time"": ""2026-09-15 14:29:00"", ""volume"": 150500}",13.3,2026-09-15 14:29:00,226,False,True,"{""close"": 12.85, ""high"": 12.9, ""low"": 12.65, ""open"": 12.65, ""time"": ""2026-09-15 09:15:00"", ""volume"": 1223200}",2026-09-15 09:15:00,1223200,UNAVAILABLE,"[{""close"": 12.85, ""high"": 12.9, ""low"": 12.65, ""open"": 12.65, ""time"": ""2026-09-15 09:15:00"", ""volume"": 1223200}, {""close"": 12.9, ""high"": 12.95, ""low"": 12.85, ""open"": 12.85, ""time"": ""2026-09-15 09:16:00"", ""volume"": 693800}, {""close"": 12.85, ""high"": 12.9, ""low"": 12.85, ""open"": 12.9, ""time"": ""2026-09-15 09:17:00"", ""volume"": 282000}]",KBS,INFERRED_BOUNDARY,True,True,VIX,32852700,2026-09-15,0,0.0
6264100,25.26824899961275,True,"[{""close"": 12.65, ""high"": 12.65, ""low"": 12.65, ""open"": 12.65, ""time"": ""2026-09-16 14:45:00"", ""volume"": 6264100}]",INFERRED_BOUNDARY,"[{""close"": 12.85, ""high"": 12.85, ""low"": 12.8, ""open"": 12.8, ""time"": ""2026-09-16 14:28:00"", ""volume"": 116600}, {""close"": 12.75, ""high"": 12.85, ""low"": 12.75, ""open"": 12.8, ""time"": ""2026-09-16 14:29:00"", ""volume"": 306500}, {""close"": 12.65, ""high"": 12.65, ""low"": 12.65, ""open"": 12.65, ""time"": ""2026-09-16 14:45:00"", ""volume"": 6264100}]",13.05,12.9,24790400,"{""close"": 12.65, ""high"": 12.65, ""low"": 12.65, ""open"": 12.65, ""time"": ""2026-09-16 14:45:00"", ""volume"": 6264100}",12.65,2026-09-16 14:45:00,"{""close"": 13.05, ""high"": 13.15, ""low"": 13.05, ""open"": 13.15, ""time"": ""2026-09-16 09:16:00"", ""volume"": 122600}",-0.7843137254901933,24790400,,"{""close"": 12.75, ""high"": 12.85, ""low"": 12.75, ""open"": 12.8, ""time"": ""2026-09-16 14:29:00"", ""volume"": 306500}",12.75,2026-09-16 14:29:00,226,False,True,"{""close"": 13.15, ""high"": 13.15, ""low"": 13.05, ""open"": 13.05, ""time"": ""2026-09-16 09:15:00"", ""volume"": 271100}",2026-09-16 09:15:00,271100,UNAVAILABLE,"[{""close"": 13.15, ""high"": 13.15, ""low"": 13.05, ""open"": 13.05, ""time"": ""2026-09-16 09:15:00"", ""volume"": 271100}, {""close"": 13.05, ""high"": 13.15, ""low"": 13.05, ""open"": 13.15, ""time"": ""2026-09-16 09:16:00"", ""volume"": 122600}, {""close"": 13.05, ""high"": 13.1, ""low"": 13.05, ""open"": 13.1, ""time"": ""2026-09-16 09:17:00"", ""volume"": 80500}]",KBS,INFERRED_BOUNDARY,True,True,VIX,24790400,2026-09-16,0,0.0
6164000,15.73520739891712,True,"[{""close"": 12.85, ""high"": 12.85, ""low"": 12.85, ""open"": 12.85, ""time"": ""2026-09-17 14:45:00"", ""volume"": 6164000}]",INFERRED_BOUNDARY,"[{""close"": 13, ""high"": 13, ""low"": 12.95, ""open"": 12.95, ""time"": ""2026-09-17 14:28:00"", ""volume"": 543200}, {""close"": 12.95, ""high"": 13, ""low"": 12.95, ""open"": 13, ""time"": ""2026-09-17 14:29:00"", ""volume"": 120500}, {""close"": 12.85, ""high"": 12.85, ""low"": 12.85, ""open"": 12.85, ""time"": ""2026-09-17 14:45:00"", ""volume"": 6164000}]",12.6,12.65,39173300,"{""close"": 12.85, ""high"": 12.85, ""low"": 12.85, ""open"": 12.85, ""time"": ""2026-09-17 14:45:00"", ""volume"": 6164000}",12.85,2026-09-17 14:45:00,"{""close"": 12.7, ""high"": 12.7, ""low"": 12.6, ""open"": 12.65, ""time"": ""2026-09-17 09:16:00"", ""volume"": 210600}",-0.7722007722007695,39173300,,"{""close"": 12.95, ""high"": 13, ""low"": 12.95, ""open"": 13, ""time"": ""2026-09-17 14:29:00"", ""volume"": 120500}",12.95,2026-09-17 14:29:00,226,False,True,"{""close"": 12.65, ""high"": 12.65, ""low"": 12.6, ""open"": 12.6, ""time"": ""2026-09-17 09:15:00"", ""volume"": 382100}",2026-09-17 09:15:00,382100,UNAVAILABLE,"[{""close"": 12.65, ""high"": 12.65, ""low"": 12.6, ""open"": 12.6, ""time"": ""2026-09-17 09:15:00"", ""volume"": 382100}, {""close"": 12.7, ""high"": 12.7, ""low"": 12.6, ""open"": 12.65, ""time"": ""2026-09-17 09:16:00"", ""volume"": 210600}, {""close"": 12.8, ""high"": 12.8, ""low"": 12.7, ""open"": 12.7, ""time"": ""2026-09-17 09:17:00"", ""volume"": 104700}]",KBS,INFERRED_BOUNDARY,True,True,VIX,39173300,2026-09-17,0,0.0
254300,5.422174840085288,True,"[{""close"": 70.7, ""high"": 70.7, ""low"": 70.7, ""open"": 70.7, ""time"": ""2026-08-25 14:45:00"", ""volume"": 254300}]",INFERRED_BOUNDARY,"[{""close"": 70.9, ""high"": 70.9, ""low"": 70.8, ""open"": 70.9, ""time"": ""2026-08-25 14:28:00"", ""volume"": 11500}, {""close"": 70.9, ""high"": 71, ""low"": 70.8, ""open"": 70.9, ""time"": ""2026-08-25 14:29:00"", ""volume"": 30600}, {""close"": 70.7, ""high"": 70.7, ""low"": 70.7, ""open"": 70.7, ""time"": ""2026-08-25 14:45:00"", ""volume"": 254300}]",71.4,71.4,4690000,"{""close"": 70.7, ""high"": 70.7, ""low"": 70.7, ""open"": 70.7, ""time"": ""2026-08-25 14:45:00"", ""volume"": 254300}",70.7,2026-08-25 14:45:00,"{""close"": 71.4, ""high"": 71.4, ""low"": 71.3, ""open"": 71.3, ""time"": ""2026-08-25 09:16:00"", ""volume"": 5400}",-0.28208744710860767,4690000,,"{""close"": 70.9, ""high"": 71, ""low"": 70.8, ""open"": 70.9, ""time"": ""2026-08-25 14:29:00"", ""volume"": 30600}",70.9,2026-08-25 14:29:00,226,False,True,"{""close"": 71.3, ""high"": 71.4, ""low"": 71.3, ""open"": 71.4, ""time"": ""2026-08-25 09:15:00"", ""volume"": 78900}",2026-08-25 09:15:00,78900,UNAVAILABLE,"[{""close"": 71.3, ""high"": 71.4, ""low"": 71.3, ""open"": 71.4, ""time"": ""2026-08-25 09:15:00"", ""volume"": 78900}, {""close"": 71.4, ""high"": 71.4, ""low"": 71.3, ""open"": 71.3, ""time"": ""2026-08-25 09:16:00"", ""volume"": 5400}, {""close"": 71.4, ""high"": 71.4, ""low"": 71.3, ""open"": 71.4, ""time"": ""2026-08-25 09:17:00"", ""volume"": 3900}]",VCI,INFERRED_BOUNDARY,True,True,FPT,4690000,2026-08-25,0,0.0
426000,4.192376959640991,True,"[{""close"": 72.6, ""high"": 72.6, ""low"": 72.6, ""open"": 72.6, ""time"": ""2026-08-26 14:45:00"", ""volume"": 426000}]",INFERRED_BOUNDARY,"[{""close"": 72.5, ""high"": 72.6, ""low"": 72.4, ""open"": 72.4, ""time"": ""2026-08-26 14:28:00"", ""volume"": 82900}, {""close"": 72.6, ""high"": 72.6, ""low"": 72.4, ""open"": 72.5, ""time"": ""2026-08-26 14:29:00"", ""volume"": 71400}, {""close"": 72.6, ""high"": 72.6, ""low"": 72.6, ""open"": 72.6, ""time"": ""2026-08-26 14:45:00"", ""volume"": 426000}]",70.7,70.7,10161300,"{""close"": 72.6, ""high"": 72.6, ""low"": 72.6, ""open"": 72.6, ""time"": ""2026-08-26 14:45:00"", ""volume"": 426000}",72.6,2026-08-26 14:45:00,"{""close"": 70.9, ""high"": 70.9, ""low"": 70.7, ""open"": 70.8, ""time"": ""2026-08-26 09:16:00"", ""volume"": 58800}",0.0,10161300,,"{""close"": 72.6, ""high"": 72.6, ""low"": 72.4, ""open"": 72.5, ""time"": ""2026-08-26 14:29:00"", ""volume"": 71400}",72.6,2026-08-26 14:29:00,226,True,False,"{""close"": 70.7, ""high"": 70.7, ""low"": 70.7, ""open"": 70.7, ""time"": ""2026-08-26 09:15:00"", ""volume"": 27600}",2026-08-26 09:15:00,27600,INFERRED_BOUNDARY,"[{""close"": 70.7, ""high"": 70.7, ""low"": 70.7, ""open"": 70.7, ""time"": ""2026-08-26 09:15:00"", ""volume"": 27600}, {""close"": 70.9, ""high"": 70.9, ""low"": 70.7, ""open"": 70.8, ""time"": ""2026-08-26 09:16:00"", ""volume"": 58800}, {""close"": 70.9, ""high"": 70.9, ""low"": 70.8, ""open"": 70.8, ""time"": ""2026-08-26 09:17:00"", ""volume"": 43100}]",VCI,INFERRED_BOUNDARY,True,True,FPT,10161300,2026-08-26,0,0.0
240800,6.796691975500297,True,"[{""close"": 72.2, ""high"": 72.2, ""low"": 72.2, ""open"": 72.2, ""time"": ""2026-08-27 14:45:00"", ""volume"": 240800}]",INFERRED_BOUNDARY,"[{""close"": 72.4, ""high"": 72.4, ""low"": 72.3, ""open"": 72.3, ""time"": ""2026-08-27 14:28:00"", ""volume"": 10900}, {""close"": 72.4, ""high"": 72.5, ""low"": 72.3, ""open"": 72.4, ""time"": ""2026-08-27 14:29:00"", ""volume"": 112500}, {""close"": 72.2, ""high"": 72.2, ""low"": 72.2, ""open"": 72.2, ""time"": ""2026-08-27 14:45:00"", ""volume"": 240800}]",72.6,72.6,3542900,"{""close"": 72.2, ""high"": 72.2, ""low"": 72.2, ""open"": 72.2, ""time"": ""2026-08-27 14:45:00"", ""volume"": 240800}",72.2,2026-08-27 14:45:00,"{""close"": 72.6, ""high"": 72.6, ""low"": 72.5, ""open"": 72.5, ""time"": ""2026-08-27 09:16:00"", ""volume"": 16000}",-0.27624309392265584,3542900,,"{""close"": 72.4, ""high"": 72.5, ""low"": 72.3, ""open"": 72.4, ""time"": ""2026-08-27 14:29:00"", ""volume"": 112500}",72.4,2026-08-27 14:29:00,226,False,True,"{""close"": 72.5, ""high"": 72.6, ""low"": 72.5, ""open"": 72.6, ""time"": ""2026-08-27 09:15:00"", ""volume"": 100800}",2026-08-27 09:15:00,100800,UNAVAILABLE,"[{""close"": 72.5, ""high"": 72.6, ""low"": 72.5, ""open"": 72.6, ""time"": ""2026-08-27 09:15:00"", ""volume"": 100800}, {""close"": 72.6, ""high"": 72.6, ""low"": 72.5, ""open"": 72.5, ""time"": ""2026-08-27 09:16:00"", ""volume"": 16000}, {""close"": 72.5, ""high"": 72.7, ""low"": 72.5, ""open"": 72.6, ""time"": ""2026-08-27 09:17:00"", ""volume"": 23900}]",VCI,INFERRED_BOUNDARY,True,True,FPT,3542900,2026-08-27,0,0.0
583800,5.725325592342696,True,"[{""close"": 73.2, ""high"": 73.2, ""low"": 73.2, ""open"": 73.2, ""time"": ""2026-08-28 14:45:00"", ""volume"": 583800}]",INFERRED_BOUNDARY,"[{""close"": 73.5, ""high"": 73.5, ""low"": 73.3, ""open"": 73.5, ""time"": ""2026-08-28 14:28:00"", ""volume"": 118800}, {""close"": 73.4, ""high"": 73.5, ""low"": 73.3, ""open"": 73.5, ""time"": ""2026-08-28 14:29:00"", ""volume"": 19000}, {""close"": 73.2, ""high"": 73.2, ""low"": 73.2, ""open"": 73.2, ""time"": ""2026-08-28 14:45:00"", ""volume"": 583800}]",72.2,72.2,10196800,"{""close"": 73.2, ""high"": 73.2, ""low"": 73.2, ""open"": 73.2, ""time"": ""2026-08-28 14:45:00"", ""volume"": 583800}",73.2,2026-08-28 14:45:00,"{""close"": 72.4, ""high"": 72.5, ""low"": 72.3, ""open"": 72.4, ""time"": ""2026-08-28 09:16:00"", ""volume"": 27200}",-0.2724795640327014,10196800,,"{""close"": 73.4, ""high"": 73.5, ""low"": 73.3, ""open"": 73.5, ""time"": ""2026-08-28 14:29:00"", ""volume"": 19000}",73.4,2026-08-28 14:29:00,226,False,True,"{""close"": 72.4, ""high"": 72.5, ""low"": 72.2, ""open"": 72.2, ""time"": ""2026-08-28 09:15:00"", ""volume"": 112500}",2026-08-28 09:15:00,112500,UNAVAILABLE,"[{""close"": 72.4, ""high"": 72.5, ""low"": 72.2, ""open"": 72.2, ""time"": ""2026-08-28 09:15:00"", ""volume"": 112500}, {""close"": 72.4, ""high"": 72.5, ""low"": 72.3, ""open"": 72.4, ""time"": ""2026-08-28 09:16:00"", ""volume"": 27200}, {""close"": 72.7, ""high"": 72.7, ""low"": 72.4, ""open"": 72.4, ""time"": ""2026-08-28 09:17:00"", ""volume"": 67400}]",VCI,INFERRED_BOUNDARY,True,True,FPT,10196800,2026-08-28,0,0.0
176100,4.297008442730955,True,"[{""close"": 72.2, ""high"": 72.2, ""low"": 72.2, ""open"": 72.2, ""time"": ""2026-09-03 14:45:00"", ""volume"": 176100}]",INFERRED_BOUNDARY,"[{""close"": 72.3, ""high"": 72.4, ""low"": 72.3, ""open"": 72.3, ""time"": ""2026-09-03 14:28:00"", ""volume"": 24300}, {""close"": 72.3, ""high"": 72.3, ""low"": 72.2, ""open"": 72.3, ""time"": ""2026-09-03 14:29:00"", ""volume"": 9700}, {""close"": 72.2, ""high"": 72.2, ""low"": 72.2, ""open"": 72.2, ""time"": ""2026-09-03 14:45:00"", ""volume"": 176100}]",73,73.2,4098200,"{""close"": 72.2, ""high"": 72.2, ""low"": 72.2, ""open"": 72.2, ""time"": ""2026-09-03 14:45:00"", ""volume"": 176100}",72.2,2026-09-03 14:45:00,"{""close"": 72.7, ""high"": 72.7, ""low"": 72.5, ""open"": 72.6, ""time"": ""2026-09-03 09:16:00"", ""volume"": 66100}",-0.13831258644535865,4098200,,"{""close"": 72.3, ""high"": 72.3, ""low"": 72.2, ""open"": 72.3, ""time"": ""2026-09-03 14:29:00"", ""volume"": 9700}",72.3,2026-09-03 14:29:00,226,False,True,"{""close"": 72.7, ""high"": 73, ""low"": 72.6, ""open"": 73, ""time"": ""2026-09-03 09:15:00"", ""volume"": 163800}",2026-09-03 09:15:00,163800,UNAVAILABLE,"[{""close"": 72.7, ""high"": 73, ""low"": 72.6, ""open"": 73, ""time"": ""2026-09-03 09:15:00"", ""volume"": 163800}, {""close"": 72.7, ""high"": 72.7, ""low"": 72.5, ""open"": 72.6, ""time"": ""2026-09-03 09:16:00"", ""volume"": 66100}, {""close"": 72.7, ""high"": 72.8, ""low"": 72.5, ""open"": 72.7, ""time"": ""2026-09-03 09:17:00"", ""volume"": 57200}]",VCI,INFERRED_BOUNDARY,True,True,FPT,4098200,2026-09-03,0,0.0
230300,6.48823777996901,True,"[{""close"": 72.8, ""high"": 72.8, ""low"": 72.8, ""open"": 72.8, ""time"": ""2026-09-04 14:45:00"", ""volume"": 230300}]",INFERRED_BOUNDARY,"[{""close"": 72.7, ""high"": 72.8, ""low"": 72.7, ""open"": 72.7, ""time"": ""2026-09-04 14:28:00"", ""volume"": 19600}, {""close"": 72.8, ""high"": 72.8, ""low"": 72.7, ""open"": 72.7, ""time"": ""2026-09-04 14:29:00"", ""volume"": 27100}, {""close"": 72.8, ""high"": 72.8, ""low"": 72.8, ""open"": 72.8, ""time"": ""2026-09-04 14:45:00"", ""volume"": 230300}]",72.5,72.2,3549500,"{""close"": 72.8, ""high"": 72.8, ""low"": 72.8, ""open"": 72.8, ""time"": ""2026-09-04 14:45:00"", ""volume"": 230300}",72.8,2026-09-04 14:45:00,"{""close"": 72.7, ""high"": 72.7, ""low"": 72.6, ""open"": 72.7, ""time"": ""2026-09-04 09:16:00"", ""volume"": 12400}",0.0,3549500,,"{""close"": 72.8, ""high"": 72.8, ""low"": 72.7, ""open"": 72.7, ""time"": ""2026-09-04 14:29:00"", ""volume"": 27100}",72.8,2026-09-04 14:29:00,226,False,True,"{""close"": 72.7, ""high"": 72.7, ""low"": 72.5, ""open"": 72.5, ""time"": ""2026-09-04 09:15:00"", ""volume"": 79100}",2026-09-04 09:15:00,79100,UNAVAILABLE,"[{""close"": 72.7, ""high"": 72.7, ""low"": 72.5, ""open"": 72.5, ""time"": ""2026-09-04 09:15:00"", ""volume"": 79100}, {""close"": 72.7, ""high"": 72.7, ""low"": 72.6, ""open"": 72.7, ""time"": ""2026-09-04 09:16:00"", ""volume"": 12400}, {""close"": 72.7, ""high"": 72.7, ""low"": 72.6, ""open"": 72.7, ""time"": ""2026-09-04 09:17:00"", ""volume"": 2900}]",VCI,INFERRED_BOUNDARY,True,True,FPT,3549500,2026-09-04,0,0.0
185700,2.645223782798211,True,"[{""close"": 72.4, ""high"": 72.4, ""low"": 72.4, ""open"": 72.4, ""time"": ""2026-09-07 14:45:00"", ""volume"": 185700}]",INFERRED_BOUNDARY,"[{""close"": 72.4, ""high"": 72.5, ""low"": 72.4, ""open"": 72.4, ""time"": ""2026-09-07 14:28:00"", ""volume"": 62800}, {""close"": 72.5, ""high"": 72.5, ""low"": 72.4, ""open"": 72.5, ""time"": ""2026-09-07 14:29:00"", ""volume"": 51000}, {""close"": 72.4, ""high"": 72.4, ""low"": 72.4, ""open"": 72.4, ""time"": ""2026-09-07 14:45:00"", ""volume"": 185700}]",73,72.8,7020200,"{""close"": 72.4, ""high"": 72.4, ""low"": 72.4, ""open"": 72.4, ""time"": ""2026-09-07 14:45:00"", ""volume"": 185700}",72.4,2026-09-07 14:45:00,"{""close"": 73.1, ""high"": 73.3, ""low"": 73, ""open"": 73.2, ""time"": ""2026-09-07 09:16:00"", ""volume"": 74200}",-0.1379310344827508,7020200,,"{""close"": 72.5, ""high"": 72.5, ""low"": 72.4, ""open"": 72.5, ""time"": ""2026-09-07 14:29:00"", ""volume"": 51000}",72.5,2026-09-07 14:29:00,226,False,True,"{""close"": 73.1, ""high"": 73.2, ""low"": 73, ""open"": 73, ""time"": ""2026-09-07 09:15:00"", ""volume"": 129100}",2026-09-07 09:15:00,129100,UNAVAILABLE,"[{""close"": 73.1, ""high"": 73.2, ""low"": 73, ""open"": 73, ""time"": ""2026-09-07 09:15:00"", ""volume"": 129100}, {""close"": 73.1, ""high"": 73.3, ""low"": 73, ""open"": 73.2, ""time"": ""2026-09-07 09:16:00"", ""volume"": 74200}, {""close"": 73, ""high"": 73.1, ""low"": 73, ""open"": 73.1, ""time"": ""2026-09-07 09:17:00"", ""volume"": 67000}]",VCI,INFERRED_BOUNDARY,True,True,FPT,7020200,2026-09-07,0,0.0
149900,3.5080739527264218,True,"[{""close"": 72.2, ""high"": 72.2, ""low"": 72.2, ""open"": 72.2, ""time"": ""2026-09-08 14:45:00"", ""volume"": 149900}]",INFERRED_BOUNDARY,"[{""close"": 72.2, ""high"": 72.2, ""low"": 72.1, ""open"": 72.1, ""time"": ""2026-09-08 14:28:00"", ""volume"": 2100}, {""close"": 72.2, ""high"": 72.2, ""low"": 72.1, ""open"": 72.2, ""time"": ""2026-09-08 14:29:00"", ""volume"": 8600}, {""close"": 72.2, ""high"": 72.2, ""low"": 72.2, ""open"": 72.2, ""time"": ""2026-09-08 14:45:00"", ""volume"": 149900}]",72.4,72.4,4273000,"{""close"": 72.2, ""high"": 72.2, ""low"": 72.2, ""open"": 72.2, ""time"": ""2026-09-08 14:45:00"", ""volume"": 149900}",72.2,2026-09-08 14:45:00,"{""close"": 72.4, ""high"": 72.4, ""low"": 72.3, ""open"": 72.4, ""time"": ""2026-09-08 09:16:00"", ""volume"": 5600}",0.0,4273000,,"{""close"": 72.2, ""high"": 72.2, ""low"": 72.1, ""open"": 72.2, ""time"": ""2026-09-08 14:29:00"", ""volume"": 8600}",72.2,2026-09-08 14:29:00,226,False,True,"{""close"": 72.4, ""high"": 72.4, ""low"": 72.3, ""open"": 72.4, ""time"": ""2026-09-08 09:15:00"", ""volume"": 44700}",2026-09-08 09:15:00,44700,UNAVAILABLE,"[{""close"": 72.4, ""high"": 72.4, ""low"": 72.3, ""open"": 72.4, ""time"": ""2026-09-08 09:15:00"", ""volume"": 44700}, {""close"": 72.4, ""high"": 72.4, ""low"": 72.3, ""open"": 72.4, ""time"": ""2026-09-08 09:16:00"", ""volume"": 5600}, {""close"": 72.5, ""high"": 72.5, ""low"": 72.4, ""open"": 72.4, ""time"": ""2026-09-08 09:17:00"", ""volume"": 34400}]",VCI,INFERRED_BOUNDARY,True,True,FPT,4273000,2026-09-08,0,0.0
270300,7.3445099584273015,True,"[{""close"": 72.4, ""high"": 72.4, ""low"": 72.4, ""open"": 72.4, ""time"": ""2026-09-09 14:45:00"", ""volume"": 270300}]",INFERRED_BOUNDARY,"[{""close"": 72.4, ""high"": 72.5, ""low"": 72.4, ""open"": 72.4, ""time"": ""2026-09-09 14:28:00"", ""volume"": 23200}, {""close"": 72.5, ""high"": 72.5, ""low"": 72.4, ""open"": 72.4, ""time"": ""2026-09-09 14:29:00"", ""volume"": 19100}, {""close"": 72.4, ""high"": 72.4, ""low"": 72.4, ""open"": 72.4, ""time"": ""2026-09-09 14:45:00"", ""volume"": 270300}]",72.3,72.2,3680300,"{""close"": 72.4, ""high"": 72.4, ""low"": 72.4, ""open"": 72.4, ""time"": ""2026-09-09 14:45:00"", ""volume"": 270300}",72.4,2026-09-09 14:45:00,"{""close"": 72.4, ""high"": 72.4, ""low"": 72.4, ""open"": 72.4, ""time"": ""2026-09-09 09:16:00"", ""volume"": 2100}",-0.1379310344827508,3680300,,"{""close"": 72.5, ""high"": 72.5, ""low"": 72.4, ""open"": 72.4, ""time"": ""2026-09-09 14:29:00"", ""volume"": 19100}",72.5,2026-09-09 14:29:00,226,False,True,"{""close"": 72.4, ""high"": 72.4, ""low"": 72.3, ""open"": 72.3, ""time"": ""2026-09-09 09:15:00"", ""volume"": 15900}",2026-09-09 09:15:00,15900,UNAVAILABLE,"[{""close"": 72.4, ""high"": 72.4, ""low"": 72.3, ""open"": 72.3, ""time"": ""2026-09-09 09:15:00"", ""volume"": 15900}, {""close"": 72.4, ""high"": 72.4, ""low"": 72.4, ""open"": 72.4, ""time"": ""2026-09-09 09:16:00"", ""volume"": 2100}, {""close"": 72.4, ""high"": 72.4, ""low"": 72.3, ""open"": 72.4, ""time"": ""2026-09-09 09:17:00"", ""volume"": 6700}]",VCI,INFERRED_BOUNDARY,True,True,FPT,3680300,2026-09-09,0,0.0
320300,2.683343665700451,True,"[{""close"": 74.5, ""high"": 74.5, ""low"": 74.5, ""open"": 74.5, ""time"": ""2026-09-10 14:45:00"", ""volume"": 320300}]",INFERRED_BOUNDARY,"[{""close"": 74.4, ""high"": 74.5, ""low"": 74.4, ""open"": 74.4, ""time"": ""2026-09-10 14:28:00"", ""volume"": 96200}, {""close"": 74.4, ""high"": 74.5, ""low"": 74.3, ""open"": 74.4, ""time"": ""2026-09-10 14:29:00"", ""volume"": 51300}, {""close"": 74.5, ""high"": 74.5, ""low"": 74.5, ""open"": 74.5, ""time"": ""2026-09-10 14:45:00"", ""volume"": 320300}]",72.3,72.4,11936600,"{""close"": 74.5, ""high"": 74.5, ""low"": 74.5, ""open"": 74.5, ""time"": ""2026-09-10 14:45:00"", ""volume"": 320300}",74.5,2026-09-10 14:45:00,"{""close"": 72.3, ""high"": 72.4, ""low"": 72.3, ""open"": 72.3, ""time"": ""2026-09-10 09:16:00"", ""volume"": 2200}",0.13440860215053,11936600,,"{""close"": 74.4, ""high"": 74.5, ""low"": 74.3, ""open"": 74.4, ""time"": ""2026-09-10 14:29:00"", ""volume"": 51300}",74.4,2026-09-10 14:29:00,226,False,True,"{""close"": 72.3, ""high"": 72.3, ""low"": 72.2, ""open"": 72.3, ""time"": ""2026-09-10 09:15:00"", ""volume"": 28400}",2026-09-10 09:15:00,28400,UNAVAILABLE,"[{""close"": 72.3, ""high"": 72.3, ""low"": 72.2, ""open"": 72.3, ""time"": ""2026-09-10 09:15:00"", ""volume"": 28400}, {""close"": 72.3, ""high"": 72.4, ""low"": 72.3, ""open"": 72.3, ""time"": ""2026-09-10 09:16:00"", ""volume"": 2200}, {""close"": 72.3, ""high"": 72.3, ""low"": 72.3, ""open"": 72.3, ""time"": ""2026-09-10 09:17:00"", ""volume"": 2800}]",VCI,INFERRED_BOUNDARY,True,True,FPT,11936600,2026-09-10,0,0.0
529600,9.364832366671381,True,"[{""close"": 72.7, ""high"": 72.7, ""low"": 72.7, ""open"": 72.7, ""time"": ""2026-09-11 14:45:00"", ""volume"": 529600}]",INFERRED_BOUNDARY,"[{""close"": 72.8, ""high"": 72.8, ""low"": 72.7, ""open"": 72.8, ""time"": ""2026-09-11 14:28:00"", ""volume"": 44000}, {""close"": 72.7, ""high"": 72.9, ""low"": 72.7, ""open"": 72.8, ""time"": ""2026-09-11 14:29:00"", ""volume"": 42300}, {""close"": 72.7, ""high"": 72.7, ""low"": 72.7, ""open"": 72.7, ""time"": ""2026-09-11 14:45:00"", ""volume"": 529600}]",74.4,74.5,5655200,"{""close"": 72.7, ""high"": 72.7, ""low"": 72.7, ""open"": 72.7, ""time"": ""2026-09-11 14:45:00"", ""volume"": 529600}",72.7,2026-09-11 14:45:00,"{""close"": 73.9, ""high"": 74, ""low"": 73.7, ""open"": 73.9, ""time"": ""2026-09-11 09:16:00"", ""volume"": 13800}",0.0,5655200,,"{""close"": 72.7, ""high"": 72.9, ""low"": 72.7, ""open"": 72.8, ""time"": ""2026-09-11 14:29:00"", ""volume"": 42300}",72.7,2026-09-11 14:29:00,226,False,True,"{""close"": 74, ""high"": 74.4, ""low"": 74, ""open"": 74.4, ""time"": ""2026-09-11 09:15:00"", ""volume"": 165600}",2026-09-11 09:15:00,165600,UNAVAILABLE,"[{""close"": 74, ""high"": 74.4, ""low"": 74, ""open"": 74.4, ""time"": ""2026-09-11 09:15:00"", ""volume"": 165600}, {""close"": 73.9, ""high"": 74, ""low"": 73.7, ""open"": 73.9, ""time"": ""2026-09-11 09:16:00"", ""volume"": 13800}, {""close"": 74, ""high"": 74.1, ""low"": 73.9, ""open"": 73.9, ""time"": ""2026-09-11 09:17:00"", ""volume"": 32700}]",VCI,INFERRED_BOUNDARY,True,True,FPT,5655200,2026-09-11,0,0.0
154700,3.1829310947883873,True,"[{""close"": 72.4, ""high"": 72.4, ""low"": 72.4, ""open"": 72.4, ""time"": ""2026-09-14 14:45:00"", ""volume"": 154700}]",INFERRED_BOUNDARY,"[{""close"": 72.3, ""high"": 72.3, ""low"": 72.2, ""open"": 72.3, ""time"": ""2026-09-14 14:28:00"", ""volume"": 27500}, {""close"": 72.2, ""high"": 72.4, ""low"": 72.2, ""open"": 72.3, ""time"": ""2026-09-14 14:29:00"", ""volume"": 14400}, {""close"": 72.4, ""high"": 72.4, ""low"": 72.4, ""open"": 72.4, ""time"": ""2026-09-14 14:45:00"", ""volume"": 154700}]",72.8,72.7,4860300,"{""close"": 72.4, ""high"": 72.4, ""low"": 72.4, ""open"": 72.4, ""time"": ""2026-09-14 14:45:00"", ""volume"": 154700}",72.4,2026-09-14 14:45:00,"{""close"": 72.8, ""high"": 72.8, ""low"": 72.8, ""open"": 72.8, ""time"": ""2026-09-14 09:16:00"", ""volume"": 7900}",0.27700831024931144,4860300,,"{""close"": 72.2, ""high"": 72.4, ""low"": 72.2, ""open"": 72.3, ""time"": ""2026-09-14 14:29:00"", ""volume"": 14400}",72.2,2026-09-14 14:29:00,226,False,True,"{""close"": 72.8, ""high"": 72.9, ""low"": 72.8, ""open"": 72.8, ""time"": ""2026-09-14 09:15:00"", ""volume"": 63800}",2026-09-14 09:15:00,63800,UNAVAILABLE,"[{""close"": 72.8, ""high"": 72.9, ""low"": 72.8, ""open"": 72.8, ""time"": ""2026-09-14 09:15:00"", ""volume"": 63800}, {""close"": 72.8, ""high"": 72.8, ""low"": 72.8, ""open"": 72.8, ""time"": ""2026-09-14 09:16:00"", ""volume"": 7900}, {""close"": 72.7, ""high"": 72.8, ""low"": 72.7, ""open"": 72.8, ""time"": ""2026-09-14 09:17:00"", ""volume"": 10300}]",VCI,INFERRED_BOUNDARY,True,True,FPT,4860300,2026-09-14,0,0.0
183900,4.623507228158391,True,"[{""close"": 72.7, ""high"": 72.7, ""low"": 72.7, ""open"": 72.7, ""time"": ""2026-09-15 14:45:00"", ""volume"": 183900}]",INFERRED_BOUNDARY,"[{""close"": 72.5, ""high"": 72.6, ""low"": 72.5, ""open"": 72.5, ""time"": ""2026-09-15 14:28:00"", ""volume"": 16400}, {""close"": 72.6, ""high"": 72.6, ""low"": 72.5, ""open"": 72.5, ""time"": ""2026-09-15 14:29:00"", ""volume"": 34500}, {""close"": 72.7, ""high"": 72.7, ""low"": 72.7, ""open"": 72.7, ""time"": ""2026-09-15 14:45:00"", ""volume"": 183900}]",72.7,72.4,3977500,"{""close"": 72.7, ""high"": 72.7, ""low"": 72.7, ""open"": 72.7, ""time"": ""2026-09-15 14:45:00"", ""volume"": 183900}",72.7,2026-09-15 14:45:00,"{""close"": 72.8, ""high"": 72.8, ""low"": 72.7, ""open"": 72.8, ""time"": ""2026-09-15 09:16:00"", ""volume"": 4700}",0.13774104683196767,3977500,,"{""close"": 72.6, ""high"": 72.6, ""low"": 72.5, ""open"": 72.5, ""time"": ""2026-09-15 14:29:00"", ""volume"": 34500}",72.6,2026-09-15 14:29:00,226,False,True,"{""close"": 72.8, ""high"": 72.8, ""low"": 72.6, ""open"": 72.7, ""time"": ""2026-09-15 09:15:00"", ""volume"": 30800}",2026-09-15 09:15:00,30800,UNAVAILABLE,"[{""close"": 72.8, ""high"": 72.8, ""low"": 72.6, ""open"": 72.7, ""time"": ""2026-09-15 09:15:00"", ""volume"": 30800}, {""close"": 72.8, ""high"": 72.8, ""low"": 72.7, ""open"": 72.8, ""time"": ""2026-09-15 09:16:00"", ""volume"": 4700}, {""close"": 72.8, ""high"": 72.8, ""low"": 72.8, ""open"": 72.8, ""time"": ""2026-09-15 09:17:00"", ""volume"": 23700}]",VCI,INFERRED_BOUNDARY,True,True,FPT,3977500,2026-09-15,0,0.0
2140600,27.627418334817566,True,"[{""close"": 73.8, ""high"": 73.8, ""low"": 73.8, ""open"": 73.8, ""time"": ""2026-09-16 14:45:00"", ""volume"": 2140600}]",INFERRED_BOUNDARY,"[{""close"": 73, ""high"": 73, ""low"": 72.8, ""open"": 72.9, ""time"": ""2026-09-16 14:28:00"", ""volume"": 142100}, {""close"": 72.9, ""high"": 73, ""low"": 72.8, ""open"": 73, ""time"": ""2026-09-16 14:29:00"", ""volume"": 53900}, {""close"": 73.8, ""high"": 73.8, ""low"": 73.8, ""open"": 73.8, ""time"": ""2026-09-16 14:45:00"", ""volume"": 2140600}]",72.8,72.7,7748100,"{""close"": 73.8, ""high"": 73.8, ""low"": 73.8, ""open"": 73.8, ""time"": ""2026-09-16 14:45:00"", ""volume"": 2140600}",73.8,2026-09-16 14:45:00,"{""close"": 73, ""high"": 73.1, ""low"": 72.9, ""open"": 72.9, ""time"": ""2026-09-16 09:16:00"", ""volume"": 25400}",1.234567901234556,7748100,,"{""close"": 72.9, ""high"": 73, ""low"": 72.8, ""open"": 73, ""time"": ""2026-09-16 14:29:00"", ""volume"": 53900}",72.9,2026-09-16 14:29:00,226,False,True,"{""close"": 72.9, ""high"": 72.9, ""low"": 72.7, ""open"": 72.8, ""time"": ""2026-09-16 09:15:00"", ""volume"": 26700}",2026-09-16 09:15:00,26700,UNAVAILABLE,"[{""close"": 72.9, ""high"": 72.9, ""low"": 72.7, ""open"": 72.8, ""time"": ""2026-09-16 09:15:00"", ""volume"": 26700}, {""close"": 73, ""high"": 73.1, ""low"": 72.9, ""open"": 72.9, ""time"": ""2026-09-16 09:16:00"", ""volume"": 25400}, {""close"": 72.9, ""high"": 73, ""low"": 72.9, ""open"": 73, ""time"": ""2026-09-16 09:17:00"", ""volume"": 6500}]",VCI,INFERRED_BOUNDARY,True,True,FPT,7748100,2026-09-16,0,0.0
1887000,28.475711892797317,True,"[{""close"": 74.3, ""high"": 74.3, ""low"": 74.3, ""open"": 74.3, ""time"": ""2026-09-17 14:45:00"", ""volume"": 1887000}]",INFERRED_BOUNDARY,"[{""close"": 74, ""high"": 74, ""low"": 73.8, ""open"": 73.9, ""time"": ""2026-09-17 14:28:00"", ""volume"": 62700}, {""close"": 74, ""high"": 74, ""low"": 73.9, ""open"": 74, ""time"": ""2026-09-17 14:29:00"", ""volume"": 257800}, {""close"": 74.3, ""high"": 74.3, ""low"": 74.3, ""open"": 74.3, ""time"": ""2026-09-17 14:45:00"", ""volume"": 1887000}]",73.3,73.8,6626700,"{""close"": 74.3, ""high"": 74.3, ""low"": 74.3, ""open"": 74.3, ""time"": ""2026-09-17 14:45:00"", ""volume"": 1887000}",74.3,2026-09-17 14:45:00,"{""close"": 72.8, ""high"": 72.9, ""low"": 72.6, ""open"": 72.9, ""time"": ""2026-09-17 09:16:00"", ""volume"": 31200}",0.40540540540540154,6626700,,"{""close"": 74, ""high"": 74, ""low"": 73.9, ""open"": 74, ""time"": ""2026-09-17 14:29:00"", ""volume"": 257800}",74,2026-09-17 14:29:00,226,False,True,"{""close"": 72.9, ""high"": 73.3, ""low"": 72.9, ""open"": 73.3, ""time"": ""2026-09-17 09:15:00"", ""volume"": 85500}",2026-09-17 09:15:00,85500,UNAVAILABLE,"[{""close"": 72.9, ""high"": 73.3, ""low"": 72.9, ""open"": 73.3, ""time"": ""2026-09-17 09:15:00"", ""volume"": 85500}, {""close"": 72.8, ""high"": 72.9, ""low"": 72.6, ""open"": 72.9, ""time"": ""2026-09-17 09:16:00"", ""volume"": 31200}, {""close"": 72.9, ""high"": 72.9, ""low"": 72.8, ""open"": 72.8, ""time"": ""2026-09-17 09:17:00"", ""volume"": 11500}]",VCI,INFERRED_BOUNDARY,True,True,FPT,6626700,2026-09-17,0,0.0
2199500,8.510646530542756,True,"[{""close"": 21.8, ""high"": 21.8, ""low"": 21.8, ""open"": 21.8, ""time"": ""2026-08-25 14:45:00"", ""volume"": 2199500}]",INFERRED_BOUNDARY,"[{""close"": 21.95, ""high"": 21.95, ""low"": 21.9, ""open"": 21.9, ""time"": ""2026-08-25 14:28:00"", ""volume"": 46000}, {""close"": 21.9, ""high"": 21.95, ""low"": 21.9, ""open"": 21.95, ""time"": ""2026-08-25 14:29:00"", ""volume"": 97900}, {""close"": 21.8, ""high"": 21.8, ""low"": 21.8, ""open"": 21.8, ""time"": ""2026-08-25 14:45:00"", ""volume"": 2199500}]",22.25,22.25,25844100,"{""close"": 21.8, ""high"": 21.8, ""low"": 21.8, ""open"": 21.8, ""time"": ""2026-08-25 14:45:00"", ""volume"": 2199500}",21.8,2026-08-25 14:45:00,"{""close"": 22.25, ""high"": 22.3, ""low"": 22.25, ""open"": 22.25, ""time"": ""2026-08-25 09:16:00"", ""volume"": 30300}",-0.4566210045662003,25844100,,"{""close"": 21.9, ""high"": 21.95, ""low"": 21.9, ""open"": 21.95, ""time"": ""2026-08-25 14:29:00"", ""volume"": 97900}",21.9,2026-08-25 14:29:00,226,False,True,"{""close"": 22.25, ""high"": 22.3, ""low"": 22.25, ""open"": 22.25, ""time"": ""2026-08-25 09:15:00"", ""volume"": 192600}",2026-08-25 09:15:00,192600,UNAVAILABLE,"[{""close"": 22.25, ""high"": 22.3, ""low"": 22.25, ""open"": 22.25, ""time"": ""2026-08-25 09:15:00"", ""volume"": 192600}, {""close"": 22.25, ""high"": 22.3, ""low"": 22.25, ""open"": 22.25, ""time"": ""2026-08-25 09:16:00"", ""volume"": 30300}, {""close"": 22.25, ""high"": 22.3, ""low"": 22.25, ""open"": 22.25, ""time"": ""2026-08-25 09:17:00"", ""volume"": 103100}]",VCI,INFERRED_BOUNDARY,True,True,HPG,25844100,2026-08-25,0,0.0
950700,4.901829356322313,True,"[{""close"": 22.05, ""high"": 22.05, ""low"": 22.05, ""open"": 22.05, ""time"": ""2026-08-26 14:45:00"", ""volume"": 950700}]",INFERRED_BOUNDARY,"[{""close"": 22.05, ""high"": 22.1, ""low"": 22.05, ""open"": 22.1, ""time"": ""2026-08-26 14:28:00"", ""volume"": 341900}, {""close"": 22.1, ""high"": 22.1, ""low"": 22.05, ""open"": 22.05, ""time"": ""2026-08-26 14:29:00"", ""volume"": 488800}, {""close"": 22.05, ""high"": 22.05, ""low"": 22.05, ""open"": 22.05, ""time"": ""2026-08-26 14:45:00"", ""volume"": 950700}]",21.8,21.8,19394800,"{""close"": 22.05, ""high"": 22.05, ""low"": 22.05, ""open"": 22.05, ""time"": ""2026-08-26 14:45:00"", ""volume"": 950700}",22.05,2026-08-26 14:45:00,"{""close"": 21.85, ""high"": 21.85, ""low"": 21.8, ""open"": 21.85, ""time"": ""2026-08-26 09:16:00"", ""volume"": 89400}",-0.2262443438914059,19394800,,"{""close"": 22.1, ""high"": 22.1, ""low"": 22.05, ""open"": 22.05, ""time"": ""2026-08-26 14:29:00"", ""volume"": 488800}",22.1,2026-08-26 14:29:00,226,False,True,"{""close"": 21.85, ""high"": 21.9, ""low"": 21.8, ""open"": 21.8, ""time"": ""2026-08-26 09:15:00"", ""volume"": 163200}",2026-08-26 09:15:00,163200,UNAVAILABLE,"[{""close"": 21.85, ""high"": 21.9, ""low"": 21.8, ""open"": 21.8, ""time"": ""2026-08-26 09:15:00"", ""volume"": 163200}, {""close"": 21.85, ""high"": 21.85, ""low"": 21.8, ""open"": 21.85, ""time"": ""2026-08-26 09:16:00"", ""volume"": 89400}, {""close"": 21.8, ""high"": 21.85, ""low"": 21.8, ""open"": 21.85, ""time"": ""2026-08-26 09:17:00"", ""volume"": 79000}]",VCI,INFERRED_BOUNDARY,True,True,HPG,19394800,2026-08-26,0,0.0
1429000,7.441971888198563,True,"[{""close"": 22.2, ""high"": 22.2, ""low"": 22.2, ""open"": 22.2, ""time"": ""2026-08-27 14:45:00"", ""volume"": 1429000}]",INFERRED_BOUNDARY,"[{""close"": 22.2, ""high"": 22.25, ""low"": 22.2, ""open"": 22.25, ""time"": ""2026-08-27 14:28:00"", ""volume"": 56200}, {""close"": 22.25, ""high"": 22.25, ""low"": 22.2, ""open"": 22.25, ""time"": ""2026-08-27 14:29:00"", ""volume"": 39000}, {""close"": 22.2, ""high"": 22.2, ""low"": 22.2, ""open"": 22.2, ""time"": ""2026-08-27 14:45:00"", ""volume"": 1429000}]",22.05,22.05,19201900,"{""close"": 22.2, ""high"": 22.2, ""low"": 22.2, ""open"": 22.2, ""time"": ""2026-08-27 14:45:00"", ""volume"": 1429000}",22.2,2026-08-27 14:45:00,"{""close"": 22.1, ""high"": 22.1, ""low"": 22.05, ""open"": 22.1, ""time"": ""2026-08-27 09:16:00"", ""volume"": 32700}",-0.2247191011235987,19201900,,"{""close"": 22.25, ""high"": 22.25, ""low"": 22.2, ""open"": 22.25, ""time"": ""2026-08-27 14:29:00"", ""volume"": 39000}",22.25,2026-08-27 14:29:00,226,False,True,"{""close"": 22.1, ""high"": 22.1, ""low"": 22.05, ""open"": 22.05, ""time"": ""2026-08-27 09:15:00"", ""volume"": 229200}",2026-08-27 09:15:00,229200,UNAVAILABLE,"[{""close"": 22.1, ""high"": 22.1, ""low"": 22.05, ""open"": 22.05, ""time"": ""2026-08-27 09:15:00"", ""volume"": 229200}, {""close"": 22.1, ""high"": 22.1, ""low"": 22.05, ""open"": 22.1, ""time"": ""2026-08-27 09:16:00"", ""volume"": 32700}, {""close"": 22.15, ""high"": 22.15, ""low"": 22.1, ""open"": 22.1, ""time"": ""2026-08-27 09:17:00"", ""volume"": 22000}]",VCI,INFERRED_BOUNDARY,True,True,HPG,19201900,2026-08-27,0,0.0
2341400,13.671051632830611,True,"[{""close"": 22.1, ""high"": 22.1, ""low"": 22.1, ""open"": 22.1, ""time"": ""2026-08-28 14:45:00"", ""volume"": 2341400}]",INFERRED_BOUNDARY,"[{""close"": 22.2, ""high"": 22.25, ""low"": 22.2, ""open"": 22.2, ""time"": ""2026-08-28 14:28:00"", ""volume"": 174100}, {""close"": 22.2, ""high"": 22.25, ""low"": 22.2, ""open"": 22.2, ""time"": ""2026-08-28 14:29:00"", ""volume"": 204200}, {""close"": 22.1, ""high"": 22.1, ""low"": 22.1, ""open"": 22.1, ""time"": ""2026-08-28 14:45:00"", ""volume"": 2341400}]",22.25,22.2,17126700,"{""close"": 22.1, ""high"": 22.1, ""low"": 22.1, ""open"": 22.1, ""time"": ""2026-08-28 14:45:00"", ""volume"": 2341400}",22.1,2026-08-28 14:45:00,"{""close"": 22.25, ""high"": 22.25, ""low"": 22.25, ""open"": 22.25, ""time"": ""2026-08-28 09:16:00"", ""volume"": 56200}",-0.4504504504504409,17126700,,"{""close"": 22.2, ""high"": 22.25, ""low"": 22.2, ""open"": 22.2, ""time"": ""2026-08-28 14:29:00"", ""volume"": 204200}",22.2,2026-08-28 14:29:00,226,False,True,"{""close"": 22.25, ""high"": 22.3, ""low"": 22.25, ""open"": 22.25, ""time"": ""2026-08-28 09:15:00"", ""volume"": 149800}",2026-08-28 09:15:00,149800,UNAVAILABLE,"[{""close"": 22.25, ""high"": 22.3, ""low"": 22.25, ""open"": 22.25, ""time"": ""2026-08-28 09:15:00"", ""volume"": 149800}, {""close"": 22.25, ""high"": 22.25, ""low"": 22.25, ""open"": 22.25, ""time"": ""2026-08-28 09:16:00"", ""volume"": 56200}, {""close"": 22.15, ""high"": 22.2, ""low"": 22.15, ""open"": 22.2, ""time"": ""2026-08-28 09:17:00"", ""volume"": 82400}]",VCI,INFERRED_BOUNDARY,True,True,HPG,17126700,2026-08-28,0,0.0
2081700,7.7141141942369265,True,"[{""close"": 21.6, ""high"": 21.6, ""low"": 21.6, ""open"": 21.6, ""time"": ""2026-09-03 14:45:00"", ""volume"": 2081700}]",INFERRED_BOUNDARY,"[{""close"": 21.7, ""high"": 21.7, ""low"": 21.65, ""open"": 21.65, ""time"": ""2026-09-03 14:28:00"", ""volume"": 150500}, {""close"": 21.65, ""high"": 21.7, ""low"": 21.65, ""open"": 21.7, ""time"": ""2026-09-03 14:29:00"", ""volume"": 74500}, {""close"": 21.6, ""high"": 21.6, ""low"": 21.6, ""open"": 21.6, ""time"": ""2026-09-03 14:45:00"", ""volume"": 2081700}]",22,22.1,26985600,"{""close"": 21.6, ""high"": 21.6, ""low"": 21.6, ""open"": 21.6, ""time"": ""2026-09-03 14:45:00"", ""volume"": 2081700}",21.6,2026-09-03 14:45:00,"{""close"": 21.9, ""high"": 21.9, ""low"": 21.85, ""open"": 21.9, ""time"": ""2026-09-03 09:16:00"", ""volume"": 208700}",-0.23094688221707696,26985600,,"{""close"": 21.65, ""high"": 21.7, ""low"": 21.65, ""open"": 21.7, ""time"": ""2026-09-03 14:29:00"", ""volume"": 74500}",21.65,2026-09-03 14:29:00,226,False,True,"{""close"": 21.9, ""high"": 22, ""low"": 21.9, ""open"": 22, ""time"": ""2026-09-03 09:15:00"", ""volume"": 722100}",2026-09-03 09:15:00,722100,UNAVAILABLE,"[{""close"": 21.9, ""high"": 22, ""low"": 21.9, ""open"": 22, ""time"": ""2026-09-03 09:15:00"", ""volume"": 722100}, {""close"": 21.9, ""high"": 21.9, ""low"": 21.85, ""open"": 21.9, ""time"": ""2026-09-03 09:16:00"", ""volume"": 208700}, {""close"": 21.9, ""high"": 22, ""low"": 21.85, ""open"": 21.9, ""time"": ""2026-09-03 09:17:00"", ""volume"": 265500}]",VCI,INFERRED_BOUNDARY,True,True,HPG,26985600,2026-09-03,0,0.0
828700,5.9529197106508915,True,"[{""close"": 21.7, ""high"": 21.7, ""low"": 21.7, ""open"": 21.7, ""time"": ""2026-09-04 14:45:00"", ""volume"": 828700}]",INFERRED_BOUNDARY,"[{""close"": 21.8, ""high"": 21.8, ""low"": 21.7, ""open"": 21.7, ""time"": ""2026-09-04 14:28:00"", ""volume"": 193800}, {""close"": 21.8, ""high"": 21.8, ""low"": 21.75, ""open"": 21.75, ""time"": ""2026-09-04 14:29:00"", ""volume"": 53400}, {""close"": 21.7, ""high"": 21.7, ""low"": 21.7, ""open"": 21.7, ""time"": ""2026-09-04 14:45:00"", ""volume"": 828700}]",21.75,21.6,13920900,"{""close"": 21.7, ""high"": 21.7, ""low"": 21.7, ""open"": 21.7, ""time"": ""2026-09-04 14:45:00"", ""volume"": 828700}",21.7,2026-09-04 14:45:00,"{""close"": 21.75, ""high"": 21.75, ""low"": 21.7, ""open"": 21.75, ""time"": ""2026-09-04 09:16:00"", ""volume"": 47000}",-0.45871559633028175,13920900,,"{""close"": 21.8, ""high"": 21.8, ""low"": 21.75, ""open"": 21.75, ""time"": ""2026-09-04 14:29:00"", ""volume"": 53400}",21.8,2026-09-04 14:29:00,225,False,True,"{""close"": 21.75, ""high"": 21.75, ""low"": 21.7, ""open"": 21.75, ""time"": ""2026-09-04 09:15:00"", ""volume"": 171600}",2026-09-04 09:15:00,171600,UNAVAILABLE,"[{""close"": 21.75, ""high"": 21.75, ""low"": 21.7, ""open"": 21.75, ""time"": ""2026-09-04 09:15:00"", ""volume"": 171600}, {""close"": 21.75, ""high"": 21.75, ""low"": 21.7, ""open"": 21.75, ""time"": ""2026-09-04 09:16:00"", ""volume"": 47000}, {""close"": 21.75, ""high"": 21.8, ""low"": 21.7, ""open"": 21.75, ""time"": ""2026-09-04 09:17:00"", ""volume"": 83600}]",VCI,INFERRED_BOUNDARY,True,True,HPG,13920900,2026-09-04,0,0.0
1928300,9.661886580685247,True,"[{""close"": 21.55, ""high"": 21.55, ""low"": 21.55, ""open"": 21.55, ""time"": ""2026-09-07 14:45:00"", ""volume"": 1928300}]",INFERRED_BOUNDARY,"[{""close"": 21.65, ""high"": 21.7, ""low"": 21.65, ""open"": 21.7, ""time"": ""2026-09-07 14:28:00"", ""volume"": 61100}, {""close"": 21.65, ""high"": 21.7, ""low"": 21.6, ""open"": 21.7, ""time"": ""2026-09-07 14:29:00"", ""volume"": 531100}, {""close"": 21.55, ""high"": 21.55, ""low"": 21.55, ""open"": 21.55, ""time"": ""2026-09-07 14:45:00"", ""volume"": 1928300}]",21.8,21.7,19957800,"{""close"": 21.55, ""high"": 21.55, ""low"": 21.55, ""open"": 21.55, ""time"": ""2026-09-07 14:45:00"", ""volume"": 1928300}",21.55,2026-09-07 14:45:00,"{""close"": 21.8, ""high"": 21.85, ""low"": 21.8, ""open"": 21.85, ""time"": ""2026-09-07 09:16:00"", ""volume"": 38100}",-0.46189376443417035,19957800,,"{""close"": 21.65, ""high"": 21.7, ""low"": 21.6, ""open"": 21.7, ""time"": ""2026-09-07 14:29:00"", ""volume"": 531100}",21.65,2026-09-07 14:29:00,226,False,True,"{""close"": 21.85, ""high"": 21.85, ""low"": 21.75, ""open"": 21.8, ""time"": ""2026-09-07 09:15:00"", ""volume"": 179600}",2026-09-07 09:15:00,179600,UNAVAILABLE,"[{""close"": 21.85, ""high"": 21.85, ""low"": 21.75, ""open"": 21.8, ""time"": ""2026-09-07 09:15:00"", ""volume"": 179600}, {""close"": 21.8, ""high"": 21.85, ""low"": 21.8, ""open"": 21.85, ""time"": ""2026-09-07 09:16:00"", ""volume"": 38100}, {""close"": 21.85, ""high"": 21.85, ""low"": 21.8, ""open"": 21.8, ""time"": ""2026-09-07 09:17:00"", ""volume"": 18600}]",VCI,INFERRED_BOUNDARY,True,True,HPG,19957800,2026-09-07,0,0.0
1452100,10.846604320415908,True,"[{""close"": 21.85, ""high"": 21.85, ""low"": 21.85, ""open"": 21.85, ""time"": ""2026-09-08 14:45:00"", ""volume"": 1452100}]",INFERRED_BOUNDARY,"[{""close"": 21.75, ""high"": 21.8, ""low"": 21.7, ""open"": 21.75, ""time"": ""2026-09-08 14:28:00"", ""volume"": 24500}, {""close"": 21.75, ""high"": 21.75, ""low"": 21.7, ""open"": 21.75, ""time"": ""2026-09-08 14:29:00"", ""volume"": 60800}, {""close"": 21.85, ""high"": 21.85, ""low"": 21.85, ""open"": 21.85, ""time"": ""2026-09-08 14:45:00"", ""volume"": 1452100}]",21.55,21.55,13387600,"{""close"": 21.85, ""high"": 21.85, ""low"": 21.85, ""open"": 21.85, ""time"": ""2026-09-08 14:45:00"", ""volume"": 1452100}",21.85,2026-09-08 14:45:00,"{""close"": 21.65, ""high"": 21.65, ""low"": 21.6, ""open"": 21.6, ""time"": ""2026-09-08 09:16:00"", ""volume"": 63500}",0.4597701149425352,13387600,,"{""close"": 21.75, ""high"": 21.75, ""low"": 21.7, ""open"": 21.75, ""time"": ""2026-09-08 14:29:00"", ""volume"": 60800}",21.75,2026-09-08 14:29:00,226,False,True,"{""close"": 21.6, ""high"": 21.6, ""low"": 21.55, ""open"": 21.55, ""time"": ""2026-09-08 09:15:00"", ""volume"": 193400}",2026-09-08 09:15:00,193400,UNAVAILABLE,"[{""close"": 21.6, ""high"": 21.6, ""low"": 21.55, ""open"": 21.55, ""time"": ""2026-09-08 09:15:00"", ""volume"": 193400}, {""close"": 21.65, ""high"": 21.65, ""low"": 21.6, ""open"": 21.6, ""time"": ""2026-09-08 09:16:00"", ""volume"": 63500}, {""close"": 21.6, ""high"": 21.6, ""low"": 21.55, ""open"": 21.6, ""time"": ""2026-09-08 09:17:00"", ""volume"": 127400}]",VCI,INFERRED_BOUNDARY,True,True,HPG,13387600,2026-09-08,0,0.0
1488700,6.636264755179915,True,"[{""close"": 22.05, ""high"": 22.05, ""low"": 22.05, ""open"": 22.05, ""time"": ""2026-09-09 14:45:00"", ""volume"": 1488700}]",INFERRED_BOUNDARY,"[{""close"": 22.05, ""high"": 22.05, ""low"": 22, ""open"": 22.05, ""time"": ""2026-09-09 14:28:00"", ""volume"": 204400}, {""close"": 22.05, ""high"": 22.05, ""low"": 22, ""open"": 22.05, ""time"": ""2026-09-09 14:29:00"", ""volume"": 125500}, {""close"": 22.05, ""high"": 22.05, ""low"": 22.05, ""open"": 22.05, ""time"": ""2026-09-09 14:45:00"", ""volume"": 1488700}]",21.9,21.85,22432800,"{""close"": 22.05, ""high"": 22.05, ""low"": 22.05, ""open"": 22.05, ""time"": ""2026-09-09 14:45:00"", ""volume"": 1488700}",22.05,2026-09-09 14:45:00,"{""close"": 21.95, ""high"": 21.95, ""low"": 21.9, ""open"": 21.9, ""time"": ""2026-09-09 09:16:00"", ""volume"": 43200}",0.0,22432800,,"{""close"": 22.05, ""high"": 22.05, ""low"": 22, ""open"": 22.05, ""time"": ""2026-09-09 14:29:00"", ""volume"": 125500}",22.05,2026-09-09 14:29:00,226,False,True,"{""close"": 21.9, ""high"": 21.95, ""low"": 21.9, ""open"": 21.9, ""time"": ""2026-09-09 09:15:00"", ""volume"": 149300}",2026-09-09 09:15:00,149300,UNAVAILABLE,"[{""close"": 21.9, ""high"": 21.95, ""low"": 21.9, ""open"": 21.9, ""time"": ""2026-09-09 09:15:00"", ""volume"": 149300}, {""close"": 21.95, ""high"": 21.95, ""low"": 21.9, ""open"": 21.9, ""time"": ""2026-09-09 09:16:00"", ""volume"": 43200}, {""close"": 21.95, ""high"": 21.95, ""low"": 21.9, ""open"": 21.95, ""time"": ""2026-09-09 09:17:00"", ""volume"": 25000}]",VCI,INFERRED_BOUNDARY,True,True,HPG,22432800,2026-09-09,0,0.0
1313200,9.806293591409412,True,"[{""close"": 21.85, ""high"": 21.85, ""low"": 21.85, ""open"": 21.85, ""time"": ""2026-09-10 14:45:00"", ""volume"": 1313200}]",INFERRED_BOUNDARY,"[{""close"": 21.95, ""high"": 21.95, ""low"": 21.9, ""open"": 21.95, ""time"": ""2026-09-10 14:28:00"", ""volume"": 27200}, {""close"": 21.95, ""high"": 21.95, ""low"": 21.9, ""open"": 21.9, ""time"": ""2026-09-10 14:29:00"", ""volume"": 92700}, {""close"": 21.85, ""high"": 21.85, ""low"": 21.85, ""open"": 21.85, ""time"": ""2026-09-10 14:45:00"", ""volume"": 1313200}]",22,22.05,13391400,"{""close"": 21.85, ""high"": 21.85, ""low"": 21.85, ""open"": 21.85, ""time"": ""2026-09-10 14:45:00"", ""volume"": 1313200}",21.85,2026-09-10 14:45:00,"{""close"": 22, ""high"": 22.05, ""low"": 22, ""open"": 22, ""time"": ""2026-09-10 09:16:00"", ""volume"": 19500}",-0.4555808656036349,13391400,,"{""close"": 21.95, ""high"": 21.95, ""low"": 21.9, ""open"": 21.9, ""time"": ""2026-09-10 14:29:00"", ""volume"": 92700}",21.95,2026-09-10 14:29:00,226,False,True,"{""close"": 22, ""high"": 22.05, ""low"": 22, ""open"": 22, ""time"": ""2026-09-10 09:15:00"", ""volume"": 184700}",2026-09-10 09:15:00,184700,UNAVAILABLE,"[{""close"": 22, ""high"": 22.05, ""low"": 22, ""open"": 22, ""time"": ""2026-09-10 09:15:00"", ""volume"": 184700}, {""close"": 22, ""high"": 22.05, ""low"": 22, ""open"": 22, ""time"": ""2026-09-10 09:16:00"", ""volume"": 19500}, {""close"": 22, ""high"": 22.05, ""low"": 22, ""open"": 22, ""time"": ""2026-09-10 09:17:00"", ""volume"": 36900}]",VCI,INFERRED_BOUNDARY,True,True,HPG,13391400,2026-09-10,0,0.0
2500200,11.3481937390215,True,"[{""close"": 21.3, ""high"": 21.3, ""low"": 21.3, ""open"": 21.3, ""time"": ""2026-09-11 14:45:00"", ""volume"": 2500200}]",INFERRED_BOUNDARY,"[{""close"": 21.45, ""high"": 21.5, ""low"": 21.4, ""open"": 21.45, ""time"": ""2026-09-11 14:28:00"", ""volume"": 707700}, {""close"": 21.45, ""high"": 21.45, ""low"": 21.4, ""open"": 21.45, ""time"": ""2026-09-11 14:29:00"", ""volume"": 195700}, {""close"": 21.3, ""high"": 21.3, ""low"": 21.3, ""open"": 21.3, ""time"": ""2026-09-11 14:45:00"", ""volume"": 2500200}]",21.75,21.85,22031700,"{""close"": 21.3, ""high"": 21.3, ""low"": 21.3, ""open"": 21.3, ""time"": ""2026-09-11 14:45:00"", ""volume"": 2500200}",21.3,2026-09-11 14:45:00,"{""close"": 21.55, ""high"": 21.75, ""low"": 21.5, ""open"": 21.75, ""time"": ""2026-09-11 09:16:00"", ""volume"": 776900}",-0.6993006993006927,22031700,,"{""close"": 21.45, ""high"": 21.45, ""low"": 21.4, ""open"": 21.45, ""time"": ""2026-09-11 14:29:00"", ""volume"": 195700}",21.45,2026-09-11 14:29:00,226,False,True,"{""close"": 21.7, ""high"": 21.8, ""low"": 21.7, ""open"": 21.75, ""time"": ""2026-09-11 09:15:00"", ""volume"": 333500}",2026-09-11 09:15:00,333500,UNAVAILABLE,"[{""close"": 21.7, ""high"": 21.8, ""low"": 21.7, ""open"": 21.75, ""time"": ""2026-09-11 09:15:00"", ""volume"": 333500}, {""close"": 21.55, ""high"": 21.75, ""low"": 21.5, ""open"": 21.75, ""time"": ""2026-09-11 09:16:00"", ""volume"": 776900}, {""close"": 21.65, ""high"": 21.65, ""low"": 21.55, ""open"": 21.6, ""time"": ""2026-09-11 09:17:00"", ""volume"": 195700}]",VCI,INFERRED_BOUNDARY,True,True,HPG,22031700,2026-09-11,0,0.0
1923900,8.000914913083257,True,"[{""close"": 20.9, ""high"": 20.9, ""low"": 20.9, ""open"": 20.9, ""time"": ""2026-09-14 14:45:00"", ""volume"": 1923900}]",INFERRED_BOUNDARY,"[{""close"": 21.05, ""high"": 21.05, ""low"": 20.95, ""open"": 21, ""time"": ""2026-09-14 14:28:00"", ""volume"": 420300}, {""close"": 21.1, ""high"": 21.1, ""low"": 21, ""open"": 21, ""time"": ""2026-09-14 14:29:00"", ""volume"": 236600}, {""close"": 20.9, ""high"": 20.9, ""low"": 20.9, ""open"": 20.9, ""time"": ""2026-09-14 14:45:00"", ""volume"": 1923900}]",21.3,21.3,24046000,"{""close"": 20.9, ""high"": 20.9, ""low"": 20.9, ""open"": 20.9, ""time"": ""2026-09-14 14:45:00"", ""volume"": 1923900}",20.9,2026-09-14 14:45:00,"{""close"": 21.35, ""high"": 21.4, ""low"": 21.3, ""open"": 21.35, ""time"": ""2026-09-14 09:16:00"", ""volume"": 36400}",-0.9478672985782125,24046000,,"{""close"": 21.1, ""high"": 21.1, ""low"": 21, ""open"": 21, ""time"": ""2026-09-14 14:29:00"", ""volume"": 236600}",21.1,2026-09-14 14:29:00,226,False,True,"{""close"": 21.35, ""high"": 21.35, ""low"": 21.3, ""open"": 21.3, ""time"": ""2026-09-14 09:15:00"", ""volume"": 519900}",2026-09-14 09:15:00,519900,UNAVAILABLE,"[{""close"": 21.35, ""high"": 21.35, ""low"": 21.3, ""open"": 21.3, ""time"": ""2026-09-14 09:15:00"", ""volume"": 519900}, {""close"": 21.35, ""high"": 21.4, ""low"": 21.3, ""open"": 21.35, ""time"": ""2026-09-14 09:16:00"", ""volume"": 36400}, {""close"": 21.3, ""high"": 21.4, ""low"": 21.3, ""open"": 21.35, ""time"": ""2026-09-14 09:17:00"", ""volume"": 344700}]",VCI,INFERRED_BOUNDARY,True,True,HPG,24046000,2026-09-14,0,0.0
1431300,11.990248969607613,True,"[{""close"": 21.2, ""high"": 21.2, ""low"": 21.2, ""open"": 21.2, ""time"": ""2026-09-15 14:45:00"", ""volume"": 1431300}]",INFERRED_BOUNDARY,"[{""close"": 21.15, ""high"": 21.15, ""low"": 21.1, ""open"": 21.15, ""time"": ""2026-09-15 14:28:00"", ""volume"": 31900}, {""close"": 21.15, ""high"": 21.15, ""low"": 21.1, ""open"": 21.1, ""time"": ""2026-09-15 14:29:00"", ""volume"": 27600}, {""close"": 21.2, ""high"": 21.2, ""low"": 21.2, ""open"": 21.2, ""time"": ""2026-09-15 14:45:00"", ""volume"": 1431300}]",21,20.9,11937200,"{""close"": 21.2, ""high"": 21.2, ""low"": 21.2, ""open"": 21.2, ""time"": ""2026-09-15 14:45:00"", ""volume"": 1431300}",21.2,2026-09-15 14:45:00,"{""close"": 21.05, ""high"": 21.05, ""low"": 21, ""open"": 21.05, ""time"": ""2026-09-15 09:16:00"", ""volume"": 72100}",0.23640661938534616,11937200,,"{""close"": 21.15, ""high"": 21.15, ""low"": 21.1, ""open"": 21.1, ""time"": ""2026-09-15 14:29:00"", ""volume"": 27600}",21.15,2026-09-15 14:29:00,226,False,True,"{""close"": 21.05, ""high"": 21.05, ""low"": 21, ""open"": 21, ""time"": ""2026-09-15 09:15:00"", ""volume"": 129100}",2026-09-15 09:15:00,129100,UNAVAILABLE,"[{""close"": 21.05, ""high"": 21.05, ""low"": 21, ""open"": 21, ""time"": ""2026-09-15 09:15:00"", ""volume"": 129100}, {""close"": 21.05, ""high"": 21.05, ""low"": 21, ""open"": 21.05, ""time"": ""2026-09-15 09:16:00"", ""volume"": 72100}, {""close"": 21.05, ""high"": 21.05, ""low"": 21, ""open"": 21.05, ""time"": ""2026-09-15 09:17:00"", ""volume"": 120600}]",VCI,INFERRED_BOUNDARY,True,True,HPG,11937200,2026-09-15,0,0.0
1468100,11.95764610059051,True,"[{""close"": 20.95, ""high"": 20.95, ""low"": 20.95, ""open"": 20.95, ""time"": ""2026-09-16 14:45:00"", ""volume"": 1468100}]",INFERRED_BOUNDARY,"[{""close"": 21.1, ""high"": 21.1, ""low"": 21, ""open"": 21.1, ""time"": ""2026-09-16 14:28:00"", ""volume"": 131700}, {""close"": 21.1, ""high"": 21.15, ""low"": 21.05, ""open"": 21.05, ""time"": ""2026-09-16 14:29:00"", ""volume"": 224700}, {""close"": 20.95, ""high"": 20.95, ""low"": 20.95, ""open"": 20.95, ""time"": ""2026-09-16 14:45:00"", ""volume"": 1468100}]",21.2,21.2,12277500,"{""close"": 20.95, ""high"": 20.95, ""low"": 20.95, ""open"": 20.95, ""time"": ""2026-09-16 14:45:00"", ""volume"": 1468100}",20.95,2026-09-16 14:45:00,"{""close"": 21.2, ""high"": 21.2, ""low"": 21.2, ""open"": 21.2, ""time"": ""2026-09-16 09:16:00"", ""volume"": 26600}",-0.7109004739336593,12277500,,"{""close"": 21.1, ""high"": 21.15, ""low"": 21.05, ""open"": 21.05, ""time"": ""2026-09-16 14:29:00"", ""volume"": 224700}",21.1,2026-09-16 14:29:00,226,False,True,"{""close"": 21.25, ""high"": 21.25, ""low"": 21.2, ""open"": 21.2, ""time"": ""2026-09-16 09:15:00"", ""volume"": 132800}",2026-09-16 09:15:00,132800,UNAVAILABLE,"[{""close"": 21.25, ""high"": 21.25, ""low"": 21.2, ""open"": 21.2, ""time"": ""2026-09-16 09:15:00"", ""volume"": 132800}, {""close"": 21.2, ""high"": 21.2, ""low"": 21.2, ""open"": 21.2, ""time"": ""2026-09-16 09:16:00"", ""volume"": 26600}, {""close"": 21.15, ""high"": 21.2, ""low"": 21.15, ""open"": 21.2, ""time"": ""2026-09-16 09:17:00"", ""volume"": 17600}]",VCI,INFERRED_BOUNDARY,True,True,HPG,12277500,2026-09-16,0,0.0
1001500,5.698727104090679,True,"[{""close"": 21.2, ""high"": 21.2, ""low"": 21.2, ""open"": 21.2, ""time"": ""2026-09-17 14:45:00"", ""volume"": 1001500}]",INFERRED_BOUNDARY,"[{""close"": 21.35, ""high"": 21.35, ""low"": 21.25, ""open"": 21.35, ""time"": ""2026-09-17 14:28:00"", ""volume"": 335500}, {""close"": 21.3, ""high"": 21.35, ""low"": 21.25, ""open"": 21.35, ""time"": ""2026-09-17 14:29:00"", ""volume"": 191500}, {""close"": 21.2, ""high"": 21.2, ""low"": 21.2, ""open"": 21.2, ""time"": ""2026-09-17 14:45:00"", ""volume"": 1001500}]",20.8,20.95,17574100,"{""close"": 21.2, ""high"": 21.2, ""low"": 21.2, ""open"": 21.2, ""time"": ""2026-09-17 14:45:00"", ""volume"": 1001500}",21.2,2026-09-17 14:45:00,"{""close"": 20.8, ""high"": 20.85, ""low"": 20.75, ""open"": 20.8, ""time"": ""2026-09-17 09:16:00"", ""volume"": 352100}",-0.46948356807512404,17574100,,"{""close"": 21.3, ""high"": 21.35, ""low"": 21.25, ""open"": 21.35, ""time"": ""2026-09-17 14:29:00"", ""volume"": 191500}",21.3,2026-09-17 14:29:00,226,False,True,"{""close"": 20.8, ""high"": 20.85, ""low"": 20.8, ""open"": 20.8, ""time"": ""2026-09-17 09:15:00"", ""volume"": 414600}",2026-09-17 09:15:00,414600,UNAVAILABLE,"[{""close"": 20.8, ""high"": 20.85, ""low"": 20.8, ""open"": 20.8, ""time"": ""2026-09-17 09:15:00"", ""volume"": 414600}, {""close"": 20.8, ""high"": 20.85, ""low"": 20.75, ""open"": 20.8, ""time"": ""2026-09-17 09:16:00"", ""volume"": 352100}, {""close"": 20.85, ""high"": 20.85, ""low"": 20.8, ""open"": 20.8, ""time"": ""2026-09-17 09:17:00"", ""volume"": 105000}]",VCI,INFERRED_BOUNDARY,True,True,HPG,17574100,2026-09-17,0,0.0
1586200,5.173802852734822,True,"[{""close"": 21.25, ""high"": 21.25, ""low"": 21.25, ""open"": 21.25, ""time"": ""2026-08-25 14:45:00"", ""volume"": 1586200}]",INFERRED_BOUNDARY,"[{""close"": 21.3, ""high"": 21.35, ""low"": 21.25, ""open"": 21.3, ""time"": ""2026-08-25 14:28:00"", ""volume"": 76600}, {""close"": 21.3, ""high"": 21.3, ""low"": 21.25, ""open"": 21.3, ""time"": ""2026-08-25 14:29:00"", ""volume"": 59600}, {""close"": 21.25, ""high"": 21.25, ""low"": 21.25, ""open"": 21.25, ""time"": ""2026-08-25 14:45:00"", ""volume"": 1586200}]",21.25,21.25,30692826,"{""close"": 21.25, ""high"": 21.25, ""low"": 21.25, ""open"": 21.25, ""time"": ""2026-08-25 14:45:00"", ""volume"": 1586200}",21.25,2026-08-25 14:45:00,"{""close"": 21.3, ""high"": 21.3, ""low"": 21.25, ""open"": 21.3, ""time"": ""2026-08-25 09:16:00"", ""volume"": 17800}",-0.23474178403756202,30658300,,"{""close"": 21.3, ""high"": 21.3, ""low"": 21.25, ""open"": 21.3, ""time"": ""2026-08-25 14:29:00"", ""volume"": 59600}",21.3,2026-08-25 14:29:00,226,False,True,"{""close"": 21.3, ""high"": 21.3, ""low"": 21.25, ""open"": 21.25, ""time"": ""2026-08-25 09:15:00"", ""volume"": 155400}",2026-08-25 09:15:00,155400,UNAVAILABLE,"[{""close"": 21.3, ""high"": 21.3, ""low"": 21.25, ""open"": 21.25, ""time"": ""2026-08-25 09:15:00"", ""volume"": 155400}, {""close"": 21.3, ""high"": 21.3, ""low"": 21.25, ""open"": 21.3, ""time"": ""2026-08-25 09:16:00"", ""volume"": 17800}, {""close"": 21.3, ""high"": 21.3, ""low"": 21.25, ""open"": 21.3, ""time"": ""2026-08-25 09:17:00"", ""volume"": 76300}]",VCI,INFERRED_BOUNDARY,False,False,SSI,30658300,2026-08-25,-34526,0.11248882719369015
2277700,8.148378695515298,True,"[{""close"": 21.65, ""high"": 21.65, ""low"": 21.65, ""open"": 21.65, ""time"": ""2026-08-26 14:45:00"", ""volume"": 2277700}]",INFERRED_BOUNDARY,"[{""close"": 21.6, ""high"": 21.65, ""low"": 21.6, ""open"": 21.6, ""time"": ""2026-08-26 14:28:00"", ""volume"": 521100}, {""close"": 21.6, ""high"": 21.6, ""low"": 21.55, ""open"": 21.6, ""time"": ""2026-08-26 14:29:00"", ""volume"": 220500}, {""close"": 21.65, ""high"": 21.65, ""low"": 21.65, ""open"": 21.65, ""time"": ""2026-08-26 14:45:00"", ""volume"": 2277700}]",21.1,21.25,27981985,"{""close"": 21.65, ""high"": 21.65, ""low"": 21.65, ""open"": 21.65, ""time"": ""2026-08-26 14:45:00"", ""volume"": 2277700}",21.65,2026-08-26 14:45:00,"{""close"": 21.3, ""high"": 21.3, ""low"": 21.2, ""open"": 21.25, ""time"": ""2026-08-26 09:16:00"", ""volume"": 65500}",0.23148148148146833,27952800,,"{""close"": 21.6, ""high"": 21.6, ""low"": 21.55, ""open"": 21.6, ""time"": ""2026-08-26 14:29:00"", ""volume"": 220500}",21.6,2026-08-26 14:29:00,226,False,True,"{""close"": 21.2, ""high"": 21.2, ""low"": 21.1, ""open"": 21.1, ""time"": ""2026-08-26 09:15:00"", ""volume"": 572900}",2026-08-26 09:15:00,572900,UNAVAILABLE,"[{""close"": 21.2, ""high"": 21.2, ""low"": 21.1, ""open"": 21.1, ""time"": ""2026-08-26 09:15:00"", ""volume"": 572900}, {""close"": 21.3, ""high"": 21.3, ""low"": 21.2, ""open"": 21.25, ""time"": ""2026-08-26 09:16:00"", ""volume"": 65500}, {""close"": 21.3, ""high"": 21.35, ""low"": 21.3, ""open"": 21.3, ""time"": ""2026-08-26 09:17:00"", ""volume"": 48400}]",VCI,INFERRED_BOUNDARY,False,False,SSI,27952800,2026-08-26,-29185,0.1042992482484713
1611300,10.095738148644754,True,"[{""close"": 21.4, ""high"": 21.4, ""low"": 21.4, ""open"": 21.4, ""time"": ""2026-08-27 14:45:00"", ""volume"": 1611300}]",INFERRED_BOUNDARY,"[{""close"": 21.45, ""high"": 21.45, ""low"": 21.35, ""open"": 21.45, ""time"": ""2026-08-27 14:28:00"", ""volume"": 212800}, {""close"": 21.4, ""high"": 21.45, ""low"": 21.4, ""open"": 21.45, ""time"": ""2026-08-27 14:29:00"", ""volume"": 173400}, {""close"": 21.4, ""high"": 21.4, ""low"": 21.4, ""open"": 21.4, ""time"": ""2026-08-27 14:45:00"", ""volume"": 1611300}]",21.75,21.65,15979416,"{""close"": 21.4, ""high"": 21.4, ""low"": 21.4, ""open"": 21.4, ""time"": ""2026-08-27 14:45:00"", ""volume"": 1611300}",21.4,2026-08-27 14:45:00,"{""close"": 21.7, ""high"": 21.7, ""low"": 21.65, ""open"": 21.65, ""time"": ""2026-08-27 09:16:00"", ""volume"": 63700}",0.0,15960200,,"{""close"": 21.4, ""high"": 21.45, ""low"": 21.4, ""open"": 21.45, ""time"": ""2026-08-27 14:29:00"", ""volume"": 173400}",21.4,2026-08-27 14:29:00,226,False,True,"{""close"": 21.65, ""high"": 21.75, ""low"": 21.65, ""open"": 21.75, ""time"": ""2026-08-27 09:15:00"", ""volume"": 653300}",2026-08-27 09:15:00,653300,UNAVAILABLE,"[{""close"": 21.65, ""high"": 21.75, ""low"": 21.65, ""open"": 21.75, ""time"": ""2026-08-27 09:15:00"", ""volume"": 653300}, {""close"": 21.7, ""high"": 21.7, ""low"": 21.65, ""open"": 21.65, ""time"": ""2026-08-27 09:16:00"", ""volume"": 63700}, {""close"": 21.7, ""high"": 21.75, ""low"": 21.65, ""open"": 21.75, ""time"": ""2026-08-27 09:17:00"", ""volume"": 41800}]",VCI,INFERRED_BOUNDARY,False,False,SSI,15960200,2026-08-27,-19216,0.12025470768143216
2129100,10.488694024336175,True,"[{""close"": 21.35, ""high"": 21.35, ""low"": 21.35, ""open"": 21.35, ""time"": ""2026-08-28 14:45:00"", ""volume"": 2129100}]",INFERRED_BOUNDARY,"[{""close"": 21.45, ""high"": 21.45, ""low"": 21.4, ""open"": 21.4, ""time"": ""2026-08-28 14:28:00"", ""volume"": 155400}, {""close"": 21.4, ""high"": 21.45, ""low"": 21.4, ""open"": 21.45, ""time"": ""2026-08-28 14:29:00"", ""volume"": 138700}, {""close"": 21.35, ""high"": 21.35, ""low"": 21.35, ""open"": 21.35, ""time"": ""2026-08-28 14:45:00"", ""volume"": 2129100}]",21.3,21.4,20299000,"{""close"": 21.35, ""high"": 21.35, ""low"": 21.35, ""open"": 21.35, ""time"": ""2026-08-28 14:45:00"", ""volume"": 2129100}",21.35,2026-08-28 14:45:00,"{""close"": 21.3, ""high"": 21.35, ""low"": 21.3, ""open"": 21.35, ""time"": ""2026-08-28 09:16:00"", ""volume"": 5100}",-0.23364485981307087,20299000,,"{""close"": 21.4, ""high"": 21.45, ""low"": 21.4, ""open"": 21.45, ""time"": ""2026-08-28 14:29:00"", ""volume"": 138700}",21.4,2026-08-28 14:29:00,226,False,True,"{""close"": 21.3, ""high"": 21.35, ""low"": 21.3, ""open"": 21.3, ""time"": ""2026-08-28 09:15:00"", ""volume"": 526600}",2026-08-28 09:15:00,526600,UNAVAILABLE,"[{""close"": 21.3, ""high"": 21.35, ""low"": 21.3, ""open"": 21.3, ""time"": ""2026-08-28 09:15:00"", ""volume"": 526600}, {""close"": 21.3, ""high"": 21.35, ""low"": 21.3, ""open"": 21.35, ""time"": ""2026-08-28 09:16:00"", ""volume"": 5100}, {""close"": 21.3, ""high"": 21.35, ""low"": 21.3, ""open"": 21.3, ""time"": ""2026-08-28 09:17:00"", ""volume"": 40000}]",VCI,INFERRED_BOUNDARY,True,True,SSI,20299000,2026-08-28,0,0.0
1406600,6.409047208970661,True,"[{""close"": 20.9, ""high"": 20.9, ""low"": 20.9, ""open"": 20.9, ""time"": ""2026-09-03 14:45:00"", ""volume"": 1406600}]",INFERRED_BOUNDARY,"[{""close"": 20.9, ""high"": 20.95, ""low"": 20.9, ""open"": 20.95, ""time"": ""2026-09-03 14:28:00"", ""volume"": 366000}, {""close"": 20.95, ""high"": 21, ""low"": 20.9, ""open"": 20.95, ""time"": ""2026-09-03 14:29:00"", ""volume"": 197500}, {""close"": 20.9, ""high"": 20.9, ""low"": 20.9, ""open"": 20.9, ""time"": ""2026-09-03 14:45:00"", ""volume"": 1406600}]",21.1,21.35,21947100,"{""close"": 20.9, ""high"": 20.9, ""low"": 20.9, ""open"": 20.9, ""time"": ""2026-09-03 14:45:00"", ""volume"": 1406600}",20.9,2026-09-03 14:45:00,"{""close"": 21.1, ""high"": 21.15, ""low"": 21.1, ""open"": 21.15, ""time"": ""2026-09-03 09:16:00"", ""volume"": 94500}",-0.2386634844868769,21947100,,"{""close"": 20.95, ""high"": 21, ""low"": 20.9, ""open"": 20.95, ""time"": ""2026-09-03 14:29:00"", ""volume"": 197500}",20.95,2026-09-03 14:29:00,226,False,True,"{""close"": 21.15, ""high"": 21.2, ""low"": 21.1, ""open"": 21.1, ""time"": ""2026-09-03 09:15:00"", ""volume"": 1112900}",2026-09-03 09:15:00,1112900,UNAVAILABLE,"[{""close"": 21.15, ""high"": 21.2, ""low"": 21.1, ""open"": 21.1, ""time"": ""2026-09-03 09:15:00"", ""volume"": 1112900}, {""close"": 21.1, ""high"": 21.15, ""low"": 21.1, ""open"": 21.15, ""time"": ""2026-09-03 09:16:00"", ""volume"": 94500}, {""close"": 21.15, ""high"": 21.15, ""low"": 21.1, ""open"": 21.15, ""time"": ""2026-09-03 09:17:00"", ""volume"": 166600}]",VCI,INFERRED_BOUNDARY,True,True,SSI,21947100,2026-09-03,0,0.0
844600,7.29789513704075,True,"[{""close"": 21.05, ""high"": 21.05, ""low"": 21.05, ""open"": 21.05, ""time"": ""2026-09-04 14:45:00"", ""volume"": 844600}]",INFERRED_BOUNDARY,"[{""close"": 21.05, ""high"": 21.1, ""low"": 21.05, ""open"": 21.1, ""time"": ""2026-09-04 14:28:00"", ""volume"": 91200}, {""close"": 21.1, ""high"": 21.1, ""low"": 21.05, ""open"": 21.1, ""time"": ""2026-09-04 14:29:00"", ""volume"": 186100}, {""close"": 21.05, ""high"": 21.05, ""low"": 21.05, ""open"": 21.05, ""time"": ""2026-09-04 14:45:00"", ""volume"": 844600}]",21,20.9,11573200,"{""close"": 21.05, ""high"": 21.05, ""low"": 21.05, ""open"": 21.05, ""time"": ""2026-09-04 14:45:00"", ""volume"": 844600}",21.05,2026-09-04 14:45:00,"{""close"": 21.05, ""high"": 21.05, ""low"": 21, ""open"": 21, ""time"": ""2026-09-04 09:16:00"", ""volume"": 64200}",-0.23696682464455313,11573200,,"{""close"": 21.1, ""high"": 21.1, ""low"": 21.05, ""open"": 21.1, ""time"": ""2026-09-04 14:29:00"", ""volume"": 186100}",21.1,2026-09-04 14:29:00,225,False,True,"{""close"": 21, ""high"": 21, ""low"": 20.95, ""open"": 21, ""time"": ""2026-09-04 09:15:00"", ""volume"": 157800}",2026-09-04 09:15:00,157800,UNAVAILABLE,"[{""close"": 21, ""high"": 21, ""low"": 20.95, ""open"": 21, ""time"": ""2026-09-04 09:15:00"", ""volume"": 157800}, {""close"": 21.05, ""high"": 21.05, ""low"": 21, ""open"": 21, ""time"": ""2026-09-04 09:16:00"", ""volume"": 64200}, {""close"": 21.15, ""high"": 21.15, ""low"": 21.1, ""open"": 21.1, ""time"": ""2026-09-04 09:17:00"", ""volume"": 67800}]",VCI,INFERRED_BOUNDARY,True,True,SSI,11573200,2026-09-04,0,0.0
586200,3.901030159448452,True,"[{""close"": 20.85, ""high"": 20.85, ""low"": 20.85, ""open"": 20.85, ""time"": ""2026-09-07 14:45:00"", ""volume"": 586200}]",INFERRED_BOUNDARY,"[{""close"": 20.9, ""high"": 20.95, ""low"": 20.9, ""open"": 20.95, ""time"": ""2026-09-07 14:28:00"", ""volume"": 90400}, {""close"": 20.9, ""high"": 20.95, ""low"": 20.85, ""open"": 20.9, ""time"": ""2026-09-07 14:29:00"", ""volume"": 83700}, {""close"": 20.85, ""high"": 20.85, ""low"": 20.85, ""open"": 20.85, ""time"": ""2026-09-07 14:45:00"", ""volume"": 586200}]",21.1,21.05,15026800,"{""close"": 20.85, ""high"": 20.85, ""low"": 20.85, ""open"": 20.85, ""time"": ""2026-09-07 14:45:00"", ""volume"": 586200}",20.85,2026-09-07 14:45:00,"{""close"": 21.15, ""high"": 21.15, ""low"": 21.1, ""open"": 21.1, ""time"": ""2026-09-07 09:16:00"", ""volume"": 16900}",-0.23923444976075198,15026800,,"{""close"": 20.9, ""high"": 20.95, ""low"": 20.85, ""open"": 20.9, ""time"": ""2026-09-07 14:29:00"", ""volume"": 83700}",20.9,2026-09-07 14:29:00,225,False,True,"{""close"": 21.1, ""high"": 21.1, ""low"": 21.05, ""open"": 21.1, ""time"": ""2026-09-07 09:15:00"", ""volume"": 189400}",2026-09-07 09:15:00,189400,UNAVAILABLE,"[{""close"": 21.1, ""high"": 21.1, ""low"": 21.05, ""open"": 21.1, ""time"": ""2026-09-07 09:15:00"", ""volume"": 189400}, {""close"": 21.15, ""high"": 21.15, ""low"": 21.1, ""open"": 21.1, ""time"": ""2026-09-07 09:16:00"", ""volume"": 16900}, {""close"": 21.15, ""high"": 21.2, ""low"": 21.1, ""open"": 21.15, ""time"": ""2026-09-07 09:17:00"", ""volume"": 75000}]",VCI,INFERRED_BOUNDARY,True,True,SSI,15026800,2026-09-07,0,0.0
708400,5.124013569522101,True,"[{""close"": 21, ""high"": 21, ""low"": 21, ""open"": 21, ""time"": ""2026-09-08 14:45:00"", ""volume"": 708400}]",INFERRED_BOUNDARY,"[{""close"": 21.05, ""high"": 21.05, ""low"": 21, ""open"": 21.05, ""time"": ""2026-09-08 14:28:00"", ""volume"": 48400}, {""close"": 21.05, ""high"": 21.05, ""low"": 21, ""open"": 21, ""time"": ""2026-09-08 14:29:00"", ""volume"": 80700}, {""close"": 21, ""high"": 21, ""low"": 21, ""open"": 21, ""time"": ""2026-09-08 14:45:00"", ""volume"": 708400}]",20.85,20.85,13825100,"{""close"": 21, ""high"": 21, ""low"": 21, ""open"": 21, ""time"": ""2026-09-08 14:45:00"", ""volume"": 708400}",21,2026-09-08 14:45:00,"{""close"": 20.95, ""high"": 20.95, ""low"": 20.9, ""open"": 20.9, ""time"": ""2026-09-08 09:16:00"", ""volume"": 14900}",-0.23752969121140477,13825100,,"{""close"": 21.05, ""high"": 21.05, ""low"": 21, ""open"": 21, ""time"": ""2026-09-08 14:29:00"", ""volume"": 80700}",21.05,2026-09-08 14:29:00,226,False,True,"{""close"": 20.9, ""high"": 20.9, ""low"": 20.85, ""open"": 20.85, ""time"": ""2026-09-08 09:15:00"", ""volume"": 69300}",2026-09-08 09:15:00,69300,UNAVAILABLE,"[{""close"": 20.9, ""high"": 20.9, ""low"": 20.85, ""open"": 20.85, ""time"": ""2026-09-08 09:15:00"", ""volume"": 69300}, {""close"": 20.95, ""high"": 20.95, ""low"": 20.9, ""open"": 20.9, ""time"": ""2026-09-08 09:16:00"", ""volume"": 14900}, {""close"": 20.95, ""high"": 21, ""low"": 20.9, ""open"": 20.95, ""time"": ""2026-09-08 09:17:00"", ""volume"": 34800}]",VCI,INFERRED_BOUNDARY,True,True,SSI,13825100,2026-09-08,0,0.0
515300,5.4310708263069145,True,"[{""close"": 20.9, ""high"": 20.9, ""low"": 20.9, ""open"": 20.9, ""time"": ""2026-09-09 14:45:00"", ""volume"": 515300}]",INFERRED_BOUNDARY,"[{""close"": 20.95, ""high"": 21, ""low"": 20.95, ""open"": 20.95, ""time"": ""2026-09-09 14:28:00"", ""volume"": 75100}, {""close"": 20.95, ""high"": 20.95, ""low"": 20.9, ""open"": 20.95, ""time"": ""2026-09-09 14:29:00"", ""volume"": 37300}, {""close"": 20.9, ""high"": 20.9, ""low"": 20.9, ""open"": 20.9, ""time"": ""2026-09-09 14:45:00"", ""volume"": 515300}]",21.05,21,9488000,"{""close"": 20.9, ""high"": 20.9, ""low"": 20.9, ""open"": 20.9, ""time"": ""2026-09-09 14:45:00"", ""volume"": 515300}",20.9,2026-09-09 14:45:00,"{""close"": 21.1, ""high"": 21.15, ""low"": 21.1, ""open"": 21.1, ""time"": ""2026-09-09 09:16:00"", ""volume"": 78700}",-0.2386634844868769,9488000,,"{""close"": 20.95, ""high"": 20.95, ""low"": 20.9, ""open"": 20.95, ""time"": ""2026-09-09 14:29:00"", ""volume"": 37300}",20.95,2026-09-09 14:29:00,226,False,True,"{""close"": 21.1, ""high"": 21.1, ""low"": 21, ""open"": 21.05, ""time"": ""2026-09-09 09:15:00"", ""volume"": 68300}",2026-09-09 09:15:00,68300,UNAVAILABLE,"[{""close"": 21.1, ""high"": 21.1, ""low"": 21, ""open"": 21.05, ""time"": ""2026-09-09 09:15:00"", ""volume"": 68300}, {""close"": 21.1, ""high"": 21.15, ""low"": 21.1, ""open"": 21.1, ""time"": ""2026-09-09 09:16:00"", ""volume"": 78700}, {""close"": 21.1, ""high"": 21.1, ""low"": 21.05, ""open"": 21.1, ""time"": ""2026-09-09 09:17:00"", ""volume"": 57500}]",VCI,INFERRED_BOUNDARY,True,True,SSI,9488000,2026-09-09,0,0.0
732900,5.722428264688658,True,"[{""close"": 21, ""high"": 21, ""low"": 21, ""open"": 21, ""time"": ""2026-09-10 14:45:00"", ""volume"": 732900}]",INFERRED_BOUNDARY,"[{""close"": 21.05, ""high"": 21.1, ""low"": 21, ""open"": 21.05, ""time"": ""2026-09-10 14:28:00"", ""volume"": 80400}, {""close"": 21.05, ""high"": 21.1, ""low"": 21.05, ""open"": 21.1, ""time"": ""2026-09-10 14:29:00"", ""volume"": 114500}, {""close"": 21, ""high"": 21, ""low"": 21, ""open"": 21, ""time"": ""2026-09-10 14:45:00"", ""volume"": 732900}]",20.85,20.9,12807500,"{""close"": 21, ""high"": 21, ""low"": 21, ""open"": 21, ""time"": ""2026-09-10 14:45:00"", ""volume"": 732900}",21,2026-09-10 14:45:00,"{""close"": 20.85, ""high"": 20.85, ""low"": 20.8, ""open"": 20.8, ""time"": ""2026-09-10 09:16:00"", ""volume"": 14400}",-0.23752969121140477,12807500,,"{""close"": 21.05, ""high"": 21.1, ""low"": 21.05, ""open"": 21.1, ""time"": ""2026-09-10 14:29:00"", ""volume"": 114500}",21.05,2026-09-10 14:29:00,226,False,True,"{""close"": 20.85, ""high"": 20.9, ""low"": 20.8, ""open"": 20.85, ""time"": ""2026-09-10 09:15:00"", ""volume"": 89500}",2026-09-10 09:15:00,89500,UNAVAILABLE,"[{""close"": 20.85, ""high"": 20.9, ""low"": 20.8, ""open"": 20.85, ""time"": ""2026-09-10 09:15:00"", ""volume"": 89500}, {""close"": 20.85, ""high"": 20.85, ""low"": 20.8, ""open"": 20.8, ""time"": ""2026-09-10 09:16:00"", ""volume"": 14400}, {""close"": 20.85, ""high"": 20.9, ""low"": 20.8, ""open"": 20.85, ""time"": ""2026-09-10 09:17:00"", ""volume"": 17000}]",VCI,INFERRED_BOUNDARY,True,True,SSI,12807500,2026-09-10,0,0.0
1506600,6.274702528456063,True,"[{""close"": 20.3, ""high"": 20.3, ""low"": 20.3, ""open"": 20.3, ""time"": ""2026-09-11 14:45:00"", ""volume"": 1506600}]",INFERRED_BOUNDARY,"[{""close"": 20.35, ""high"": 20.4, ""low"": 20.3, ""open"": 20.4, ""time"": ""2026-09-11 14:28:00"", ""volume"": 353400}, {""close"": 20.4, ""high"": 20.4, ""low"": 20.3, ""open"": 20.35, ""time"": ""2026-09-11 14:29:00"", ""volume"": 475900}, {""close"": 20.3, ""high"": 20.3, ""low"": 20.3, ""open"": 20.3, ""time"": ""2026-09-11 14:45:00"", ""volume"": 1506600}]",20.85,21,24010700,"{""close"": 20.3, ""high"": 20.3, ""low"": 20.3, ""open"": 20.3, ""time"": ""2026-09-11 14:45:00"", ""volume"": 1506600}",20.3,2026-09-11 14:45:00,"{""close"": 20.85, ""high"": 20.9, ""low"": 20.8, ""open"": 20.85, ""time"": ""2026-09-11 09:16:00"", ""volume"": 97700}",-0.49019607843136215,24010700,,"{""close"": 20.4, ""high"": 20.4, ""low"": 20.3, ""open"": 20.35, ""time"": ""2026-09-11 14:29:00"", ""volume"": 475900}",20.4,2026-09-11 14:29:00,226,False,True,"{""close"": 20.85, ""high"": 20.9, ""low"": 20.85, ""open"": 20.85, ""time"": ""2026-09-11 09:15:00"", ""volume"": 158900}",2026-09-11 09:15:00,158900,UNAVAILABLE,"[{""close"": 20.85, ""high"": 20.9, ""low"": 20.85, ""open"": 20.85, ""time"": ""2026-09-11 09:15:00"", ""volume"": 158900}, {""close"": 20.85, ""high"": 20.9, ""low"": 20.8, ""open"": 20.85, ""time"": ""2026-09-11 09:16:00"", ""volume"": 97700}, {""close"": 20.85, ""high"": 20.85, ""low"": 20.8, ""open"": 20.85, ""time"": ""2026-09-11 09:17:00"", ""volume"": 105900}]",VCI,INFERRED_BOUNDARY,True,True,SSI,24010700,2026-09-11,0,0.0
910500,3.713598172771025,True,"[{""close"": 20.3, ""high"": 20.3, ""low"": 20.3, ""open"": 20.3, ""time"": ""2026-09-14 14:45:00"", ""volume"": 910500}]",INFERRED_BOUNDARY,"[{""close"": 20.3, ""high"": 20.3, ""low"": 20.2, ""open"": 20.25, ""time"": ""2026-09-14 14:28:00"", ""volume"": 552200}, {""close"": 20.3, ""high"": 20.35, ""low"": 20.3, ""open"": 20.35, ""time"": ""2026-09-14 14:29:00"", ""volume"": 248500}, {""close"": 20.3, ""high"": 20.3, ""low"": 20.3, ""open"": 20.3, ""time"": ""2026-09-14 14:45:00"", ""volume"": 910500}]",20.25,20.3,24518000,"{""close"": 20.3, ""high"": 20.3, ""low"": 20.3, ""open"": 20.3, ""time"": ""2026-09-14 14:45:00"", ""volume"": 910500}",20.3,2026-09-14 14:45:00,"{""close"": 20.35, ""high"": 20.4, ""low"": 20.25, ""open"": 20.25, ""time"": ""2026-09-14 09:16:00"", ""volume"": 186300}",0.0,24518000,,"{""close"": 20.3, ""high"": 20.35, ""low"": 20.3, ""open"": 20.35, ""time"": ""2026-09-14 14:29:00"", ""volume"": 248500}",20.3,2026-09-14 14:29:00,226,False,True,"{""close"": 20.25, ""high"": 20.3, ""low"": 20.25, ""open"": 20.25, ""time"": ""2026-09-14 09:15:00"", ""volume"": 331900}",2026-09-14 09:15:00,331900,UNAVAILABLE,"[{""close"": 20.25, ""high"": 20.3, ""low"": 20.25, ""open"": 20.25, ""time"": ""2026-09-14 09:15:00"", ""volume"": 331900}, {""close"": 20.35, ""high"": 20.4, ""low"": 20.25, ""open"": 20.25, ""time"": ""2026-09-14 09:16:00"", ""volume"": 186300}, {""close"": 20.35, ""high"": 20.35, ""low"": 20.3, ""open"": 20.35, ""time"": ""2026-09-14 09:17:00"", ""volume"": 104500}]",VCI,INFERRED_BOUNDARY,True,True,SSI,24518000,2026-09-14,0,0.0
1156800,7.05172361242342,True,"[{""close"": 20.65, ""high"": 20.65, ""low"": 20.65, ""open"": 20.65, ""time"": ""2026-09-15 14:45:00"", ""volume"": 1156800}]",INFERRED_BOUNDARY,"[{""close"": 20.65, ""high"": 20.7, ""low"": 20.65, ""open"": 20.7, ""time"": ""2026-09-15 14:28:00"", ""volume"": 97900}, {""close"": 20.7, ""high"": 20.7, ""low"": 20.65, ""open"": 20.65, ""time"": ""2026-09-15 14:29:00"", ""volume"": 98600}, {""close"": 20.65, ""high"": 20.65, ""low"": 20.65, ""open"": 20.65, ""time"": ""2026-09-15 14:45:00"", ""volume"": 1156800}]",20.3,20.3,16404500,"{""close"": 20.65, ""high"": 20.65, ""low"": 20.65, ""open"": 20.65, ""time"": ""2026-09-15 14:45:00"", ""volume"": 1156800}",20.65,2026-09-15 14:45:00,"{""close"": 20.5, ""high"": 20.5, ""low"": 20.4, ""open"": 20.4, ""time"": ""2026-09-15 09:16:00"", ""volume"": 55500}",-0.24154589371981022,16404500,,"{""close"": 20.7, ""high"": 20.7, ""low"": 20.65, ""open"": 20.65, ""time"": ""2026-09-15 14:29:00"", ""volume"": 98600}",20.7,2026-09-15 14:29:00,226,False,True,"{""close"": 20.35, ""high"": 20.35, ""low"": 20.25, ""open"": 20.3, ""time"": ""2026-09-15 09:15:00"", ""volume"": 437300}",2026-09-15 09:15:00,437300,UNAVAILABLE,"[{""close"": 20.35, ""high"": 20.35, ""low"": 20.25, ""open"": 20.3, ""time"": ""2026-09-15 09:15:00"", ""volume"": 437300}, {""close"": 20.5, ""high"": 20.5, ""low"": 20.4, ""open"": 20.4, ""time"": ""2026-09-15 09:16:00"", ""volume"": 55500}, {""close"": 20.45, ""high"": 20.5, ""low"": 20.4, ""open"": 20.5, ""time"": ""2026-09-15 09:17:00"", ""volume"": 75700}]",VCI,INFERRED_BOUNDARY,True,True,SSI,16404500,2026-09-15,0,0.0
1228100,8.804972827255911,True,"[{""close"": 20.55, ""high"": 20.55, ""low"": 20.55, ""open"": 20.55, ""time"": ""2026-09-16 14:45:00"", ""volume"": 1228100}]",INFERRED_BOUNDARY,"[{""close"": 20.6, ""high"": 20.6, ""low"": 20.55, ""open"": 20.55, ""time"": ""2026-09-16 14:28:00"", ""volume"": 194600}, {""close"": 20.6, ""high"": 20.6, ""low"": 20.55, ""open"": 20.6, ""time"": ""2026-09-16 14:29:00"", ""volume"": 243000}, {""close"": 20.55, ""high"": 20.55, ""low"": 20.55, ""open"": 20.55, ""time"": ""2026-09-16 14:45:00"", ""volume"": 1228100}]",20.65,20.65,13947800,"{""close"": 20.55, ""high"": 20.55, ""low"": 20.55, ""open"": 20.55, ""time"": ""2026-09-16 14:45:00"", ""volume"": 1228100}",20.55,2026-09-16 14:45:00,"{""close"": 20.6, ""high"": 20.65, ""low"": 20.6, ""open"": 20.65, ""time"": ""2026-09-16 09:16:00"", ""volume"": 29400}",-0.2427184466019452,13947800,,"{""close"": 20.6, ""high"": 20.6, ""low"": 20.55, ""open"": 20.6, ""time"": ""2026-09-16 14:29:00"", ""volume"": 243000}",20.6,2026-09-16 14:29:00,226,False,True,"{""close"": 20.65, ""high"": 20.65, ""low"": 20.6, ""open"": 20.65, ""time"": ""2026-09-16 09:15:00"", ""volume"": 145700}",2026-09-16 09:15:00,145700,UNAVAILABLE,"[{""close"": 20.65, ""high"": 20.65, ""low"": 20.6, ""open"": 20.65, ""time"": ""2026-09-16 09:15:00"", ""volume"": 145700}, {""close"": 20.6, ""high"": 20.65, ""low"": 20.6, ""open"": 20.65, ""time"": ""2026-09-16 09:16:00"", ""volume"": 29400}, {""close"": 20.6, ""high"": 20.65, ""low"": 20.6, ""open"": 20.65, ""time"": ""2026-09-16 09:17:00"", ""volume"": 32600}]",VCI,INFERRED_BOUNDARY,True,True,SSI,13947800,2026-09-16,0,0.0
689600,1.6832814223923294,True,"[{""close"": 21.15, ""high"": 21.15, ""low"": 21.15, ""open"": 21.15, ""time"": ""2026-09-17 14:45:00"", ""volume"": 689600}]",INFERRED_BOUNDARY,"[{""close"": 21.25, ""high"": 21.25, ""low"": 21.15, ""open"": 21.2, ""time"": ""2026-09-17 14:28:00"", ""volume"": 81400}, {""close"": 21.25, ""high"": 21.25, ""low"": 21.2, ""open"": 21.25, ""time"": ""2026-09-17 14:29:00"", ""volume"": 383000}, {""close"": 21.15, ""high"": 21.15, ""low"": 21.15, ""open"": 21.15, ""time"": ""2026-09-17 14:45:00"", ""volume"": 689600}]",20.4,20.55,40967600,"{""close"": 21.15, ""high"": 21.15, ""low"": 21.15, ""open"": 21.15, ""time"": ""2026-09-17 14:45:00"", ""volume"": 689600}",21.15,2026-09-17 14:45:00,"{""close"": 20.4, ""high"": 20.4, ""low"": 20.35, ""open"": 20.4, ""time"": ""2026-09-17 09:16:00"", ""volume"": 225500}",-0.47058823529412436,40967600,,"{""close"": 21.25, ""high"": 21.25, ""low"": 21.2, ""open"": 21.25, ""time"": ""2026-09-17 14:29:00"", ""volume"": 383000}",21.25,2026-09-17 14:29:00,226,False,True,"{""close"": 20.4, ""high"": 20.45, ""low"": 20.4, ""open"": 20.4, ""time"": ""2026-09-17 09:15:00"", ""volume"": 221500}",2026-09-17 09:15:00,221500,UNAVAILABLE,"[{""close"": 20.4, ""high"": 20.45, ""low"": 20.4, ""open"": 20.4, ""time"": ""2026-09-17 09:15:00"", ""volume"": 221500}, {""close"": 20.4, ""high"": 20.4, ""low"": 20.35, ""open"": 20.4, ""time"": ""2026-09-17 09:16:00"", ""volume"": 225500}, {""close"": 20.5, ""high"": 20.55, ""low"": 20.4, ""open"": 20.4, ""time"": ""2026-09-17 09:17:00"", ""volume"": 279800}]",VCI,INFERRED_BOUNDARY,True,True,SSI,40967600,2026-09-17,0,0.0
841300,8.159880506682702,True,"[{""close"": 220.5, ""high"": 220.5, ""low"": 220.5, ""open"": 220.5, ""time"": ""2026-08-25 14:45:00"", ""volume"": 841300}]",INFERRED_BOUNDARY,"[{""close"": 220.2, ""high"": 220.6, ""low"": 220.2, ""open"": 220.6, ""time"": ""2026-08-25 14:28:00"", ""volume"": 21900}, {""close"": 220, ""high"": 220.2, ""low"": 219.4, ""open"": 220.2, ""time"": ""2026-08-25 14:29:00"", ""volume"": 39800}, {""close"": 220.5, ""high"": 220.5, ""low"": 220.5, ""open"": 220.5, ""time"": ""2026-08-25 14:45:00"", ""volume"": 841300}]",216.5,214.5,10310200,"{""close"": 220.5, ""high"": 220.5, ""low"": 220.5, ""open"": 220.5, ""time"": ""2026-08-25 14:45:00"", ""volume"": 841300}",220.5,2026-08-25 14:45:00,"{""close"": 215.4, ""high"": 215.9, ""low"": 215.4, ""open"": 215.9, ""time"": ""2026-08-25 09:16:00"", ""volume"": 7300}",0.22727272727272727,10310200,,"{""close"": 220, ""high"": 220.2, ""low"": 219.4, ""open"": 220.2, ""time"": ""2026-08-25 14:29:00"", ""volume"": 39800}",220,2026-08-25 14:29:00,226,False,True,"{""close"": 215.9, ""high"": 216.5, ""low"": 215.9, ""open"": 216.5, ""time"": ""2026-08-25 09:15:00"", ""volume"": 58900}",2026-08-25 09:15:00,58900,UNAVAILABLE,"[{""close"": 215.9, ""high"": 216.5, ""low"": 215.9, ""open"": 216.5, ""time"": ""2026-08-25 09:15:00"", ""volume"": 58900}, {""close"": 215.4, ""high"": 215.9, ""low"": 215.4, ""open"": 215.9, ""time"": ""2026-08-25 09:16:00"", ""volume"": 7300}, {""close"": 215.4, ""high"": 215.5, ""low"": 215.3, ""open"": 215.5, ""time"": ""2026-08-25 09:17:00"", ""volume"": 5400}]",VCI,INFERRED_BOUNDARY,True,True,VIC,10310200,2026-08-25,0,0.0
1065800,10.676577244405266,True,"[{""close"": 230, ""high"": 230, ""low"": 230, ""open"": 230, ""time"": ""2026-08-26 14:45:00"", ""volume"": 1065800}]",INFERRED_BOUNDARY,"[{""close"": 225, ""high"": 225.2, ""low"": 224.9, ""open"": 224.9, ""time"": ""2026-08-26 14:28:00"", ""volume"": 49700}, {""close"": 225, ""high"": 225.2, ""low"": 225, ""open"": 225.1, ""time"": ""2026-08-26 14:29:00"", ""volume"": 31400}, {""close"": 230, ""high"": 230, ""low"": 230, ""open"": 230, ""time"": ""2026-08-26 14:45:00"", ""volume"": 1065800}]",219.1,220.5,9982600,"{""close"": 230, ""high"": 230, ""low"": 230, ""open"": 230, ""time"": ""2026-08-26 14:45:00"", ""volume"": 1065800}",230,2026-08-26 14:45:00,"{""close"": 220, ""high"": 220, ""low"": 219.4, ""open"": 220, ""time"": ""2026-08-26 09:16:00"", ""volume"": 5400}",2.2222222222222223,9982600,,"{""close"": 225, ""high"": 225.2, ""low"": 225, ""open"": 225.1, ""time"": ""2026-08-26 14:29:00"", ""volume"": 31400}",225,2026-08-26 14:29:00,226,False,True,"{""close"": 220, ""high"": 220, ""low"": 219.1, ""open"": 219.1, ""time"": ""2026-08-26 09:15:00"", ""volume"": 19700}",2026-08-26 09:15:00,19700,UNAVAILABLE,"[{""close"": 220, ""high"": 220, ""low"": 219.1, ""open"": 219.1, ""time"": ""2026-08-26 09:15:00"", ""volume"": 19700}, {""close"": 220, ""high"": 220, ""low"": 219.4, ""open"": 220, ""time"": ""2026-08-26 09:16:00"", ""volume"": 5400}, {""close"": 220.5, ""high"": 220.5, ""low"": 220, ""open"": 220, ""time"": ""2026-08-26 09:17:00"", ""volume"": 12000}]",VCI,INFERRED_BOUNDARY,True,True,VIC,9982600,2026-08-26,0,0.0
1500800,17.516953207978805,True,"[{""close"": 236, ""high"": 236, ""low"": 236, ""open"": 236, ""time"": ""2026-08-27 14:45:00"", ""volume"": 1500800}]",INFERRED_BOUNDARY,"[{""close"": 232.4, ""high"": 232.5, ""low"": 231.8, ""open"": 232, ""time"": ""2026-08-27 14:28:00"", ""volume"": 275200}, {""close"": 232.5, ""high"": 232.5, ""low"": 232.1, ""open"": 232.4, ""time"": ""2026-08-27 14:29:00"", ""volume"": 142200}, {""close"": 236, ""high"": 236, ""low"": 236, ""open"": 236, ""time"": ""2026-08-27 14:45:00"", ""volume"": 1500800}]",228.9,230,8567700,"{""close"": 236, ""high"": 236, ""low"": 236, ""open"": 236, ""time"": ""2026-08-27 14:45:00"", ""volume"": 1500800}",236,2026-08-27 14:45:00,"{""close"": 228.5, ""high"": 229.5, ""low"": 228.5, ""open"": 228.5, ""time"": ""2026-08-27 09:16:00"", ""volume"": 9300}",1.5053763440860215,8567700,,"{""close"": 232.5, ""high"": 232.5, ""low"": 232.1, ""open"": 232.4, ""time"": ""2026-08-27 14:29:00"", ""volume"": 142200}",232.5,2026-08-27 14:29:00,226,False,True,"{""close"": 229, ""high"": 229, ""low"": 228.5, ""open"": 228.9, ""time"": ""2026-08-27 09:15:00"", ""volume"": 20000}",2026-08-27 09:15:00,20000,UNAVAILABLE,"[{""close"": 229, ""high"": 229, ""low"": 228.5, ""open"": 228.9, ""time"": ""2026-08-27 09:15:00"", ""volume"": 20000}, {""close"": 228.5, ""high"": 229.5, ""low"": 228.5, ""open"": 228.5, ""time"": ""2026-08-27 09:16:00"", ""volume"": 9300}, {""close"": 228.4, ""high"": 228.5, ""low"": 228.3, ""open"": 228.5, ""time"": ""2026-08-27 09:17:00"", ""volume"": 9200}]",VCI,INFERRED_BOUNDARY,True,True,VIC,8567700,2026-08-27,0,0.0
1226200,14.336322502952145,True,"[{""close"": 236, ""high"": 236, ""low"": 236, ""open"": 236, ""time"": ""2026-08-28 14:45:00"", ""volume"": 1226200}]",INFERRED_BOUNDARY,"[{""close"": 236.1, ""high"": 236.3, ""low"": 235.9, ""open"": 236.1, ""time"": ""2026-08-28 14:28:00"", ""volume"": 65600}, {""close"": 236, ""high"": 236.1, ""low"": 236, ""open"": 236.1, ""time"": ""2026-08-28 14:29:00"", ""volume"": 66000}, {""close"": 236, ""high"": 236, ""low"": 236, ""open"": 236, ""time"": ""2026-08-28 14:45:00"", ""volume"": 1226200}]",236,236,8553100,"{""close"": 236, ""high"": 236, ""low"": 236, ""open"": 236, ""time"": ""2026-08-28 14:45:00"", ""volume"": 1226200}",236,2026-08-28 14:45:00,"{""close"": 235, ""high"": 235.9, ""low"": 234.5, ""open"": 235.9, ""time"": ""2026-08-28 09:16:00"", ""volume"": 8300}",0.0,8553100,,"{""close"": 236, ""high"": 236.1, ""low"": 236, ""open"": 236.1, ""time"": ""2026-08-28 14:29:00"", ""volume"": 66000}",236,2026-08-28 14:29:00,226,False,True,"{""close"": 236, ""high"": 236, ""low"": 235.1, ""open"": 236, ""time"": ""2026-08-28 09:15:00"", ""volume"": 29100}",2026-08-28 09:15:00,29100,UNAVAILABLE,"[{""close"": 236, ""high"": 236, ""low"": 235.1, ""open"": 236, ""time"": ""2026-08-28 09:15:00"", ""volume"": 29100}, {""close"": 235, ""high"": 235.9, ""low"": 234.5, ""open"": 235.9, ""time"": ""2026-08-28 09:16:00"", ""volume"": 8300}, {""close"": 232.7, ""high"": 234.9, ""low"": 231.7, ""open"": 234.9, ""time"": ""2026-08-28 09:17:00"", ""volume"": 12100}]",VCI,INFERRED_BOUNDARY,True,True,VIC,8553100,2026-08-28,0,0.0
634700,8.26776781992497,True,"[{""close"": 244.5, ""high"": 244.5, ""low"": 244.5, ""open"": 244.5, ""time"": ""2026-09-03 14:45:00"", ""volume"": 634700}]",INFERRED_BOUNDARY,"[{""close"": 244, ""high"": 244.3, ""low"": 243.9, ""open"": 244.3, ""time"": ""2026-09-03 14:28:00"", ""volume"": 39800}, {""close"": 244.2, ""high"": 244.2, ""low"": 244, ""open"": 244.2, ""time"": ""2026-09-03 14:29:00"", ""volume"": 29700}, {""close"": 244.5, ""high"": 244.5, ""low"": 244.5, ""open"": 244.5, ""time"": ""2026-09-03 14:45:00"", ""volume"": 634700}]",232.9,236,7676800,"{""close"": 244.5, ""high"": 244.5, ""low"": 244.5, ""open"": 244.5, ""time"": ""2026-09-03 14:45:00"", ""volume"": 634700}",244.5,2026-09-03 14:45:00,"{""close"": 229.8, ""high"": 230.3, ""low"": 229.1, ""open"": 230.3, ""time"": ""2026-09-03 09:16:00"", ""volume"": 29300}",0.1228501228501275,7676800,,"{""close"": 244.2, ""high"": 244.2, ""low"": 244, ""open"": 244.2, ""time"": ""2026-09-03 14:29:00"", ""volume"": 29700}",244.2,2026-09-03 14:29:00,226,False,True,"{""close"": 230.2, ""high"": 232.9, ""low"": 230.2, ""open"": 232.9, ""time"": ""2026-09-03 09:15:00"", ""volume"": 107100}",2026-09-03 09:15:00,107100,UNAVAILABLE,"[{""close"": 230.2, ""high"": 232.9, ""low"": 230.2, ""open"": 232.9, ""time"": ""2026-09-03 09:15:00"", ""volume"": 107100}, {""close"": 229.8, ""high"": 230.3, ""low"": 229.1, ""open"": 230.3, ""time"": ""2026-09-03 09:16:00"", ""volume"": 29300}, {""close"": 231, ""high"": 231, ""low"": 229.7, ""open"": 229.8, ""time"": ""2026-09-03 09:17:00"", ""volume"": 17500}]",VCI,INFERRED_BOUNDARY,True,True,VIC,7676800,2026-09-03,0,0.0
783000,10.414172851328706,True,"[{""close"": 256.1, ""high"": 256.1, ""low"": 256.1, ""open"": 256.1, ""time"": ""2026-09-04 14:45:00"", ""volume"": 783000}]",INFERRED_BOUNDARY,"[{""close"": 258.6, ""high"": 259.4, ""low"": 258.4, ""open"": 259, ""time"": ""2026-09-04 14:28:00"", ""volume"": 37800}, {""close"": 258.8, ""high"": 259.2, ""low"": 258.6, ""open"": 259, ""time"": ""2026-09-04 14:29:00"", ""volume"": 15100}, {""close"": 256.1, ""high"": 256.1, ""low"": 256.1, ""open"": 256.1, ""time"": ""2026-09-04 14:45:00"", ""volume"": 783000}]",244.7,244.5,7518600,"{""close"": 256.1, ""high"": 256.1, ""low"": 256.1, ""open"": 256.1, ""time"": ""2026-09-04 14:45:00"", ""volume"": 783000}",256.1,2026-09-04 14:45:00,"{""close"": 249.8, ""high"": 249.8, ""low"": 247, ""open"": 247.5, ""time"": ""2026-09-04 09:16:00"", ""volume"": 11100}",-1.0432766615146787,7518600,,"{""close"": 258.8, ""high"": 259.2, ""low"": 258.6, ""open"": 259, ""time"": ""2026-09-04 14:29:00"", ""volume"": 15100}",258.8,2026-09-04 14:29:00,226,False,True,"{""close"": 247.1, ""high"": 247.1, ""low"": 244.7, ""open"": 244.7, ""time"": ""2026-09-04 09:15:00"", ""volume"": 45700}",2026-09-04 09:15:00,45700,UNAVAILABLE,"[{""close"": 247.1, ""high"": 247.1, ""low"": 244.7, ""open"": 244.7, ""time"": ""2026-09-04 09:15:00"", ""volume"": 45700}, {""close"": 249.8, ""high"": 249.8, ""low"": 247, ""open"": 247.5, ""time"": ""2026-09-04 09:16:00"", ""volume"": 11100}, {""close"": 251, ""high"": 251, ""low"": 249.8, ""open"": 249.8, ""time"": ""2026-09-04 09:17:00"", ""volume"": 27300}]",VCI,INFERRED_BOUNDARY,True,True,VIC,7518600,2026-09-04,0,0.0
1219100,20.10422335460677,True,"[{""close"": 245, ""high"": 245, ""low"": 245, ""open"": 245, ""time"": ""2026-09-07 14:45:00"", ""volume"": 1219100}]",INFERRED_BOUNDARY,"[{""close"": 248.8, ""high"": 249.1, ""low"": 248.6, ""open"": 248.9, ""time"": ""2026-09-07 14:28:00"", ""volume"": 104500}, {""close"": 249, ""high"": 249, ""low"": 248.8, ""open"": 248.8, ""time"": ""2026-09-07 14:29:00"", ""volume"": 68300}, {""close"": 245, ""high"": 245, ""low"": 245, ""open"": 245, ""time"": ""2026-09-07 14:45:00"", ""volume"": 1219100}]",256.1,256.1,6063900,"{""close"": 245, ""high"": 245, ""low"": 245, ""open"": 245, ""time"": ""2026-09-07 14:45:00"", ""volume"": 1219100}",245,2026-09-07 14:45:00,"{""close"": 259.6, ""high"": 260, ""low"": 257.3, ""open"": 257.3, ""time"": ""2026-09-07 09:16:00"", ""volume"": 23900}",-1.6064257028112447,6063900,,"{""close"": 249, ""high"": 249, ""low"": 248.8, ""open"": 248.8, ""time"": ""2026-09-07 14:29:00"", ""volume"": 68300}",249,2026-09-07 14:29:00,226,False,True,"{""close"": 257, ""high"": 257, ""low"": 256.1, ""open"": 256.1, ""time"": ""2026-09-07 09:15:00"", ""volume"": 26400}",2026-09-07 09:15:00,26400,UNAVAILABLE,"[{""close"": 257, ""high"": 257, ""low"": 256.1, ""open"": 256.1, ""time"": ""2026-09-07 09:15:00"", ""volume"": 26400}, {""close"": 259.6, ""high"": 260, ""low"": 257.3, ""open"": 257.3, ""time"": ""2026-09-07 09:16:00"", ""volume"": 23900}, {""close"": 263.5, ""high"": 263.5, ""low"": 260, ""open"": 260, ""time"": ""2026-09-07 09:17:00"", ""volume"": 43200}]",VCI,INFERRED_BOUNDARY,True,True,VIC,6063900,2026-09-07,0,0.0
966900,15.424742761426177,True,"[{""close"": 249.6, ""high"": 249.6, ""low"": 249.6, ""open"": 249.6, ""time"": ""2026-09-08 14:45:00"", ""volume"": 966900}]",INFERRED_BOUNDARY,"[{""close"": 249, ""high"": 249.2, ""low"": 248.1, ""open"": 248.1, ""time"": ""2026-09-08 14:28:00"", ""volume"": 113400}, {""close"": 249, ""high"": 249, ""low"": 248.9, ""open"": 249, ""time"": ""2026-09-08 14:29:00"", ""volume"": 179600}, {""close"": 249.6, ""high"": 249.6, ""low"": 249.6, ""open"": 249.6, ""time"": ""2026-09-08 14:45:00"", ""volume"": 966900}]",243.5,245,6268500,"{""close"": 249.6, ""high"": 249.6, ""low"": 249.6, ""open"": 249.6, ""time"": ""2026-09-08 14:45:00"", ""volume"": 966900}",249.6,2026-09-08 14:45:00,"{""close"": 246.9, ""high"": 247.6, ""low"": 246, ""open"": 247.6, ""time"": ""2026-09-08 09:16:00"", ""volume"": 15400}",0.24096385542168447,6268500,,"{""close"": 249, ""high"": 249, ""low"": 248.9, ""open"": 249, ""time"": ""2026-09-08 14:29:00"", ""volume"": 179600}",249,2026-09-08 14:29:00,226,False,True,"{""close"": 247.6, ""high"": 247.6, ""low"": 243.5, ""open"": 243.5, ""time"": ""2026-09-08 09:15:00"", ""volume"": 40500}",2026-09-08 09:15:00,40500,UNAVAILABLE,"[{""close"": 247.6, ""high"": 247.6, ""low"": 243.5, ""open"": 243.5, ""time"": ""2026-09-08 09:15:00"", ""volume"": 40500}, {""close"": 246.9, ""high"": 247.6, ""low"": 246, ""open"": 247.6, ""time"": ""2026-09-08 09:16:00"", ""volume"": 15400}, {""close"": 245.5, ""high"": 246.9, ""low"": 245.4, ""open"": 246.9, ""time"": ""2026-09-08 09:17:00"", ""volume"": 14600}]",VCI,INFERRED_BOUNDARY,True,True,VIC,6268500,2026-09-08,0,0.0
2004100,41.25530075342748,True,"[{""close"": 247.7, ""high"": 247.7, ""low"": 247.7, ""open"": 247.7, ""time"": ""2026-09-09 14:45:00"", ""volume"": 2004100}]",INFERRED_BOUNDARY,"[{""close"": 244.8, ""high"": 245.6, ""low"": 244.8, ""open"": 245.6, ""time"": ""2026-09-09 14:28:00"", ""volume"": 64300}, {""close"": 245, ""high"": 245.3, ""low"": 244.6, ""open"": 244.8, ""time"": ""2026-09-09 14:29:00"", ""volume"": 83800}, {""close"": 247.7, ""high"": 247.7, ""low"": 247.7, ""open"": 247.7, ""time"": ""2026-09-09 14:45:00"", ""volume"": 2004100}]",252,249.6,4857800,"{""close"": 247.7, ""high"": 247.7, ""low"": 247.7, ""open"": 247.7, ""time"": ""2026-09-09 14:45:00"", ""volume"": 2004100}",247.7,2026-09-09 14:45:00,"{""close"": 252.5, ""high"": 252.6, ""low"": 252.5, ""open"": 252.5, ""time"": ""2026-09-09 09:16:00"", ""volume"": 10200}",1.102040816326526,4857800,,"{""close"": 245, ""high"": 245.3, ""low"": 244.6, ""open"": 244.8, ""time"": ""2026-09-09 14:29:00"", ""volume"": 83800}",245,2026-09-09 14:29:00,226,False,True,"{""close"": 252.5, ""high"": 253, ""low"": 251.6, ""open"": 252, ""time"": ""2026-09-09 09:15:00"", ""volume"": 14300}",2026-09-09 09:15:00,14300,UNAVAILABLE,"[{""close"": 252.5, ""high"": 253, ""low"": 251.6, ""open"": 252, ""time"": ""2026-09-09 09:15:00"", ""volume"": 14300}, {""close"": 252.5, ""high"": 252.6, ""low"": 252.5, ""open"": 252.5, ""time"": ""2026-09-09 09:16:00"", ""volume"": 10200}, {""close"": 252.1, ""high"": 252.5, ""low"": 252, ""open"": 252.4, ""time"": ""2026-09-09 09:17:00"", ""volume"": 9500}]",VCI,INFERRED_BOUNDARY,True,True,VIC,4857800,2026-09-09,0,0.0
1430300,31.913516890535053,True,"[{""close"": 247.7, ""high"": 247.7, ""low"": 247.7, ""open"": 247.7, ""time"": ""2026-09-10 14:45:00"", ""volume"": 1430300}]",INFERRED_BOUNDARY,"[{""close"": 249.1, ""high"": 249.2, ""low"": 248.4, ""open"": 248.4, ""time"": ""2026-09-10 14:28:00"", ""volume"": 137200}, {""close"": 249.1, ""high"": 249.2, ""low"": 249, ""open"": 249.2, ""time"": ""2026-09-10 14:29:00"", ""volume"": 88400}, {""close"": 247.7, ""high"": 247.7, ""low"": 247.7, ""open"": 247.7, ""time"": ""2026-09-10 14:45:00"", ""volume"": 1430300}]",247.7,247.7,4481800,"{""close"": 247.7, ""high"": 247.7, ""low"": 247.7, ""open"": 247.7, ""time"": ""2026-09-10 14:45:00"", ""volume"": 1430300}",247.7,2026-09-10 14:45:00,"{""close"": 246.3, ""high"": 246.9, ""low"": 246.1, ""open"": 246.1, ""time"": ""2026-09-10 09:16:00"", ""volume"": 2900}",-0.5620232838217607,4481800,,"{""close"": 249.1, ""high"": 249.2, ""low"": 249, ""open"": 249.2, ""time"": ""2026-09-10 14:29:00"", ""volume"": 88400}",249.1,2026-09-10 14:29:00,226,False,True,"{""close"": 247, ""high"": 247.7, ""low"": 245.2, ""open"": 247.7, ""time"": ""2026-09-10 09:15:00"", ""volume"": 12900}",2026-09-10 09:15:00,12900,UNAVAILABLE,"[{""close"": 247, ""high"": 247.7, ""low"": 245.2, ""open"": 247.7, ""time"": ""2026-09-10 09:15:00"", ""volume"": 12900}, {""close"": 246.3, ""high"": 246.9, ""low"": 246.1, ""open"": 246.1, ""time"": ""2026-09-10 09:16:00"", ""volume"": 2900}, {""close"": 244.8, ""high"": 246.4, ""low"": 244.5, ""open"": 246.2, ""time"": ""2026-09-10 09:17:00"", ""volume"": 18300}]",VCI,INFERRED_BOUNDARY,True,True,VIC,4481800,2026-09-10,0,0.0
1173700,27.52579737335835,True,"[{""close"": 243.3, ""high"": 243.3, ""low"": 243.3, ""open"": 243.3, ""time"": ""2026-09-11 14:45:00"", ""volume"": 1173700}]",INFERRED_BOUNDARY,"[{""close"": 243.6, ""high"": 243.9, ""low"": 243.4, ""open"": 243.9, ""time"": ""2026-09-11 14:28:00"", ""volume"": 31800}, {""close"": 243.9, ""high"": 244.3, ""low"": 243.5, ""open"": 243.6, ""time"": ""2026-09-11 14:29:00"", ""volume"": 159200}, {""close"": 243.3, ""high"": 243.3, ""low"": 243.3, ""open"": 243.3, ""time"": ""2026-09-11 14:45:00"", ""volume"": 1173700}]",244.3,247.7,4264000,"{""close"": 243.3, ""high"": 243.3, ""low"": 243.3, ""open"": 243.3, ""time"": ""2026-09-11 14:45:00"", ""volume"": 1173700}",243.3,2026-09-11 14:45:00,"{""close"": 245.9, ""high"": 246.4, ""low"": 245.9, ""open"": 246.2, ""time"": ""2026-09-11 09:16:00"", ""volume"": 12300}",-0.2460024600245979,4264000,,"{""close"": 243.9, ""high"": 244.3, ""low"": 243.5, ""open"": 243.6, ""time"": ""2026-09-11 14:29:00"", ""volume"": 159200}",243.9,2026-09-11 14:29:00,226,False,True,"{""close"": 246.1, ""high"": 246.1, ""low"": 244.3, ""open"": 244.3, ""time"": ""2026-09-11 09:15:00"", ""volume"": 25800}",2026-09-11 09:15:00,25800,UNAVAILABLE,"[{""close"": 246.1, ""high"": 246.1, ""low"": 244.3, ""open"": 244.3, ""time"": ""2026-09-11 09:15:00"", ""volume"": 25800}, {""close"": 245.9, ""high"": 246.4, ""low"": 245.9, ""open"": 246.2, ""time"": ""2026-09-11 09:16:00"", ""volume"": 12300}, {""close"": 245.6, ""high"": 245.9, ""low"": 245.5, ""open"": 245.6, ""time"": ""2026-09-11 09:17:00"", ""volume"": 2300}]",VCI,INFERRED_BOUNDARY,True,True,VIC,4264000,2026-09-11,0,0.0
945900,22.82191714720004,True,"[{""close"": 241.4, ""high"": 241.4, ""low"": 241.4, ""open"": 241.4, ""time"": ""2026-09-14 14:45:00"", ""volume"": 945900}]",INFERRED_BOUNDARY,"[{""close"": 241.1, ""high"": 241.5, ""low"": 241, ""open"": 241.3, ""time"": ""2026-09-14 14:28:00"", ""volume"": 19400}, {""close"": 240.2, ""high"": 241.1, ""low"": 240.2, ""open"": 241, ""time"": ""2026-09-14 14:29:00"", ""volume"": 6700}, {""close"": 241.4, ""high"": 241.4, ""low"": 241.4, ""open"": 241.4, ""time"": ""2026-09-14 14:45:00"", ""volume"": 945900}]",242.3,243.3,4144700,"{""close"": 241.4, ""high"": 241.4, ""low"": 241.4, ""open"": 241.4, ""time"": ""2026-09-14 14:45:00"", ""volume"": 945900}",241.4,2026-09-14 14:45:00,"{""close"": 241.7, ""high"": 242.9, ""low"": 241.7, ""open"": 242.9, ""time"": ""2026-09-14 09:16:00"", ""volume"": 2200}",0.4995836802664517,4144700,,"{""close"": 240.2, ""high"": 241.1, ""low"": 240.2, ""open"": 241, ""time"": ""2026-09-14 14:29:00"", ""volume"": 6700}",240.2,2026-09-14 14:29:00,226,False,True,"{""close"": 242, ""high"": 243, ""low"": 242, ""open"": 242.3, ""time"": ""2026-09-14 09:15:00"", ""volume"": 16900}",2026-09-14 09:15:00,16900,UNAVAILABLE,"[{""close"": 242, ""high"": 243, ""low"": 242, ""open"": 242.3, ""time"": ""2026-09-14 09:15:00"", ""volume"": 16900}, {""close"": 241.7, ""high"": 242.9, ""low"": 241.7, ""open"": 242.9, ""time"": ""2026-09-14 09:16:00"", ""volume"": 2200}, {""close"": 241.1, ""high"": 241.5, ""low"": 241, ""open"": 241.5, ""time"": ""2026-09-14 09:17:00"", ""volume"": 8600}]",VCI,INFERRED_BOUNDARY,True,True,VIC,4144700,2026-09-14,0,0.0
1687900,40.225447439288864,True,"[{""close"": 241.3, ""high"": 241.3, ""low"": 241.3, ""open"": 241.3, ""time"": ""2026-09-15 14:45:00"", ""volume"": 1687900}]",INFERRED_BOUNDARY,"[{""close"": 241, ""high"": 241.2, ""low"": 241, ""open"": 241.2, ""time"": ""2026-09-15 14:28:00"", ""volume"": 8400}, {""close"": 241, ""high"": 241.2, ""low"": 241, ""open"": 241.2, ""time"": ""2026-09-15 14:29:00"", ""volume"": 10100}, {""close"": 241.3, ""high"": 241.3, ""low"": 241.3, ""open"": 241.3, ""time"": ""2026-09-15 14:45:00"", ""volume"": 1687900}]",242,241.4,4196100,"{""close"": 241.3, ""high"": 241.3, ""low"": 241.3, ""open"": 241.3, ""time"": ""2026-09-15 14:45:00"", ""volume"": 1687900}",241.3,2026-09-15 14:45:00,"{""close"": 242.7, ""high"": 242.7, ""low"": 242.7, ""open"": 242.7, ""time"": ""2026-09-15 09:16:00"", ""volume"": 300}",0.1244813278008346,4196100,,"{""close"": 241, ""high"": 241.2, ""low"": 241, ""open"": 241.2, ""time"": ""2026-09-15 14:29:00"", ""volume"": 10100}",241,2026-09-15 14:29:00,226,False,True,"{""close"": 242.7, ""high"": 242.7, ""low"": 242, ""open"": 242, ""time"": ""2026-09-15 09:15:00"", ""volume"": 4400}",2026-09-15 09:15:00,4400,UNAVAILABLE,"[{""close"": 242.7, ""high"": 242.7, ""low"": 242, ""open"": 242, ""time"": ""2026-09-15 09:15:00"", ""volume"": 4400}, {""close"": 242.7, ""high"": 242.7, ""low"": 242.7, ""open"": 242.7, ""time"": ""2026-09-15 09:16:00"", ""volume"": 300}, {""close"": 242.7, ""high"": 242.7, ""low"": 242.7, ""open"": 242.7, ""time"": ""2026-09-15 09:17:00"", ""volume"": 2300}]",VCI,INFERRED_BOUNDARY,True,True,VIC,4196100,2026-09-15,0,0.0
1872800,46.65670154459392,True,"[{""close"": 241.2, ""high"": 241.2, ""low"": 241.2, ""open"": 241.2, ""time"": ""2026-09-16 14:45:00"", ""volume"": 1872800}]",INFERRED_BOUNDARY,"[{""close"": 241.3, ""high"": 241.4, ""low"": 241.2, ""open"": 241.3, ""time"": ""2026-09-16 14:28:00"", ""volume"": 72000}, {""close"": 241.3, ""high"": 241.4, ""low"": 241.2, ""open"": 241.3, ""time"": ""2026-09-16 14:29:00"", ""volume"": 77500}, {""close"": 241.2, ""high"": 241.2, ""low"": 241.2, ""open"": 241.2, ""time"": ""2026-09-16 14:45:00"", ""volume"": 1872800}]",240.9,241.3,4014000,"{""close"": 241.2, ""high"": 241.2, ""low"": 241.2, ""open"": 241.2, ""time"": ""2026-09-16 14:45:00"", ""volume"": 1872800}",241.2,2026-09-16 14:45:00,"{""close"": 239.3, ""high"": 239.4, ""low"": 239, ""open"": 239.4, ""time"": ""2026-09-16 09:16:00"", ""volume"": 8600}",-0.04144218814754361,4014000,,"{""close"": 241.3, ""high"": 241.4, ""low"": 241.2, ""open"": 241.3, ""time"": ""2026-09-16 14:29:00"", ""volume"": 77500}",241.3,2026-09-16 14:29:00,226,False,True,"{""close"": 239.4, ""high"": 241, ""low"": 239.4, ""open"": 240.9, ""time"": ""2026-09-16 09:15:00"", ""volume"": 25400}",2026-09-16 09:15:00,25400,UNAVAILABLE,"[{""close"": 239.4, ""high"": 241, ""low"": 239.4, ""open"": 240.9, ""time"": ""2026-09-16 09:15:00"", ""volume"": 25400}, {""close"": 239.3, ""high"": 239.4, ""low"": 239, ""open"": 239.4, ""time"": ""2026-09-16 09:16:00"", ""volume"": 8600}, {""close"": 238.9, ""high"": 239.4, ""low"": 238.8, ""open"": 239.3, ""time"": ""2026-09-16 09:17:00"", ""volume"": 7800}]",VCI,INFERRED_BOUNDARY,True,True,VIC,4014000,2026-09-16,0,0.0
1661500,42.04732380108819,True,"[{""close"": 241.2, ""high"": 241.2, ""low"": 241.2, ""open"": 241.2, ""time"": ""2026-09-17 14:45:00"", ""volume"": 1661500}]",INFERRED_BOUNDARY,"[{""close"": 241.8, ""high"": 241.9, ""low"": 241.7, ""open"": 241.9, ""time"": ""2026-09-17 14:28:00"", ""volume"": 27500}, {""close"": 241.8, ""high"": 241.8, ""low"": 241.7, ""open"": 241.8, ""time"": ""2026-09-17 14:29:00"", ""volume"": 60400}, {""close"": 241.2, ""high"": 241.2, ""low"": 241.2, ""open"": 241.2, ""time"": ""2026-09-17 14:45:00"", ""volume"": 1661500}]",240.9,241.2,3951500,"{""close"": 241.2, ""high"": 241.2, ""low"": 241.2, ""open"": 241.2, ""time"": ""2026-09-17 14:45:00"", ""volume"": 1661500}",241.2,2026-09-17 14:45:00,"{""close"": 241.4, ""high"": 241.4, ""low"": 239.8, ""open"": 240, ""time"": ""2026-09-17 09:16:00"", ""volume"": 18000}",-0.2481389578163866,3951500,,"{""close"": 241.8, ""high"": 241.8, ""low"": 241.7, ""open"": 241.8, ""time"": ""2026-09-17 14:29:00"", ""volume"": 60400}",241.8,2026-09-17 14:29:00,226,False,True,"{""close"": 239.8, ""high"": 240.9, ""low"": 239.8, ""open"": 240.9, ""time"": ""2026-09-17 09:15:00"", ""volume"": 18500}",2026-09-17 09:15:00,18500,UNAVAILABLE,"[{""close"": 239.8, ""high"": 240.9, ""low"": 239.8, ""open"": 240.9, ""time"": ""2026-09-17 09:15:00"", ""volume"": 18500}, {""close"": 241.4, ""high"": 241.4, ""low"": 239.8, ""open"": 240, ""time"": ""2026-09-17 09:16:00"", ""volume"": 18000}, {""close"": 241.7, ""high"": 241.7, ""low"": 241.3, ""open"": 241.3, ""time"": ""2026-09-17 09:17:00"", ""volume"": 1000}]",VCI,INFERRED_BOUNDARY,True,True,VIC,3951500,2026-09-17,0,0.0
139500,2.501255110091085,True,"[{""close"": 59.4, ""high"": 59.4, ""low"": 59.4, ""open"": 59.4, ""time"": ""2026-08-25 14:45:00"", ""volume"": 139500}]",INFERRED_BOUNDARY,"[{""close"": 59.4, ""high"": 59.4, ""low"": 59.4, ""open"": 59.4, ""time"": ""2026-08-25 14:28:00"", ""volume"": 7300}, {""close"": 59.5, ""high"": 59.5, ""low"": 59.4, ""open"": 59.4, ""time"": ""2026-08-25 14:29:00"", ""volume"": 14600}, {""close"": 59.4, ""high"": 59.4, ""low"": 59.4, ""open"": 59.4, ""time"": ""2026-08-25 14:45:00"", ""volume"": 139500}]",59.3,59.2,5577200,"{""close"": 59.4, ""high"": 59.4, ""low"": 59.4, ""open"": 59.4, ""time"": ""2026-08-25 14:45:00"", ""volume"": 139500}",59.4,2026-08-25 14:45:00,"{""close"": 59.3, ""high"": 59.4, ""low"": 59.3, ""open"": 59.4, ""time"": ""2026-08-25 09:16:00"", ""volume"": 15400}",-0.1680672268907587,5577200,,"{""close"": 59.5, ""high"": 59.5, ""low"": 59.4, ""open"": 59.4, ""time"": ""2026-08-25 14:29:00"", ""volume"": 14600}",59.5,2026-08-25 14:29:00,226,False,True,"{""close"": 59.4, ""high"": 59.5, ""low"": 59.2, ""open"": 59.3, ""time"": ""2026-08-25 09:15:00"", ""volume"": 20400}",2026-08-25 09:15:00,20400,UNAVAILABLE,"[{""close"": 59.4, ""high"": 59.5, ""low"": 59.2, ""open"": 59.3, ""time"": ""2026-08-25 09:15:00"", ""volume"": 20400}, {""close"": 59.3, ""high"": 59.4, ""low"": 59.3, ""open"": 59.4, ""time"": ""2026-08-25 09:16:00"", ""volume"": 15400}, {""close"": 59.4, ""high"": 59.4, ""low"": 59.4, ""open"": 59.4, ""time"": ""2026-08-25 09:17:00"", ""volume"": 11400}]",VCI,INFERRED_BOUNDARY,True,True,VCB,5577200,2026-08-25,0,0.0
679100,9.461775319409806,True,"[{""close"": 60.3, ""high"": 60.3, ""low"": 60.3, ""open"": 60.3, ""time"": ""2026-08-26 14:45:00"", ""volume"": 679100}]",INFERRED_BOUNDARY,"[{""close"": 59.9, ""high"": 60, ""low"": 59.9, ""open"": 59.9, ""time"": ""2026-08-26 14:28:00"", ""volume"": 11400}, {""close"": 60, ""high"": 60.1, ""low"": 59.9, ""open"": 60, ""time"": ""2026-08-26 14:29:00"", ""volume"": 135600}, {""close"": 60.3, ""high"": 60.3, ""low"": 60.3, ""open"": 60.3, ""time"": ""2026-08-26 14:45:00"", ""volume"": 679100}]",59.2,59.4,7177300,"{""close"": 60.3, ""high"": 60.3, ""low"": 60.3, ""open"": 60.3, ""time"": ""2026-08-26 14:45:00"", ""volume"": 679100}",60.3,2026-08-26 14:45:00,"{""close"": 59.5, ""high"": 59.5, ""low"": 59.4, ""open"": 59.4, ""time"": ""2026-08-26 09:16:00"", ""volume"": 9500}",0.4999999999999952,7177300,,"{""close"": 60, ""high"": 60.1, ""low"": 59.9, ""open"": 60, ""time"": ""2026-08-26 14:29:00"", ""volume"": 135600}",60,2026-08-26 14:29:00,222,False,True,"{""close"": 59.3, ""high"": 59.3, ""low"": 59.2, ""open"": 59.2, ""time"": ""2026-08-26 09:15:00"", ""volume"": 45100}",2026-08-26 09:15:00,45100,UNAVAILABLE,"[{""close"": 59.3, ""high"": 59.3, ""low"": 59.2, ""open"": 59.2, ""time"": ""2026-08-26 09:15:00"", ""volume"": 45100}, {""close"": 59.5, ""high"": 59.5, ""low"": 59.4, ""open"": 59.4, ""time"": ""2026-08-26 09:16:00"", ""volume"": 9500}, {""close"": 59.6, ""high"": 59.6, ""low"": 59.5, ""open"": 59.5, ""time"": ""2026-08-26 09:17:00"", ""volume"": 5500}]",VCI,INFERRED_BOUNDARY,True,True,VCB,7177300,2026-08-26,0,0.0
185500,3.7823950410863936,True,"[{""close"": 60.1, ""high"": 60.1, ""low"": 60.1, ""open"": 60.1, ""time"": ""2026-08-27 14:45:00"", ""volume"": 185500}]",INFERRED_BOUNDARY,"[{""close"": 60.3, ""high"": 60.3, ""low"": 60.2, ""open"": 60.3, ""time"": ""2026-08-27 14:28:00"", ""volume"": 10700}, {""close"": 60.3, ""high"": 60.3, ""low"": 60.2, ""open"": 60.3, ""time"": ""2026-08-27 14:29:00"", ""volume"": 38300}, {""close"": 60.1, ""high"": 60.1, ""low"": 60.1, ""open"": 60.1, ""time"": ""2026-08-27 14:45:00"", ""volume"": 185500}]",60.5,60.3,4904300,"{""close"": 60.1, ""high"": 60.1, ""low"": 60.1, ""open"": 60.1, ""time"": ""2026-08-27 14:45:00"", ""volume"": 185500}",60.1,2026-08-27 14:45:00,"{""close"": 60.6, ""high"": 60.6, ""low"": 60.5, ""open"": 60.5, ""time"": ""2026-08-27 09:16:00"", ""volume"": 80100}",-0.3316749585406231,4904300,,"{""close"": 60.3, ""high"": 60.3, ""low"": 60.2, ""open"": 60.3, ""time"": ""2026-08-27 14:29:00"", ""volume"": 38300}",60.3,2026-08-27 14:29:00,226,False,True,"{""close"": 60.6, ""high"": 60.6, ""low"": 60.4, ""open"": 60.5, ""time"": ""2026-08-27 09:15:00"", ""volume"": 106100}",2026-08-27 09:15:00,106100,UNAVAILABLE,"[{""close"": 60.6, ""high"": 60.6, ""low"": 60.4, ""open"": 60.5, ""time"": ""2026-08-27 09:15:00"", ""volume"": 106100}, {""close"": 60.6, ""high"": 60.6, ""low"": 60.5, ""open"": 60.5, ""time"": ""2026-08-27 09:16:00"", ""volume"": 80100}, {""close"": 60.9, ""high"": 60.9, ""low"": 60.7, ""open"": 60.7, ""time"": ""2026-08-27 09:17:00"", ""volume"": 124500}]",VCI,INFERRED_BOUNDARY,True,True,VCB,4904300,2026-08-27,0,0.0
222600,6.572381824086923,True,"[{""close"": 60.1, ""high"": 60.1, ""low"": 60.1, ""open"": 60.1, ""time"": ""2026-08-28 14:45:00"", ""volume"": 222600}]",INFERRED_BOUNDARY,"[{""close"": 60, ""high"": 60.2, ""low"": 60, ""open"": 60.1, ""time"": ""2026-08-28 14:28:00"", ""volume"": 82500}, {""close"": 60.1, ""high"": 60.2, ""low"": 60, ""open"": 60.1, ""time"": ""2026-08-28 14:29:00"", ""volume"": 44000}, {""close"": 60.1, ""high"": 60.1, ""low"": 60.1, ""open"": 60.1, ""time"": ""2026-08-28 14:45:00"", ""volume"": 222600}]",60.2,60.1,3386900,"{""close"": 60.1, ""high"": 60.1, ""low"": 60.1, ""open"": 60.1, ""time"": ""2026-08-28 14:45:00"", ""volume"": 222600}",60.1,2026-08-28 14:45:00,"{""close"": 60.1, ""high"": 60.1, ""low"": 60.1, ""open"": 60.1, ""time"": ""2026-08-28 09:16:00"", ""volume"": 2200}",0.0,3386900,,"{""close"": 60.1, ""high"": 60.2, ""low"": 60, ""open"": 60.1, ""time"": ""2026-08-28 14:29:00"", ""volume"": 44000}",60.1,2026-08-28 14:29:00,226,False,True,"{""close"": 60.1, ""high"": 60.3, ""low"": 60.1, ""open"": 60.2, ""time"": ""2026-08-28 09:15:00"", ""volume"": 27800}",2026-08-28 09:15:00,27800,UNAVAILABLE,"[{""close"": 60.1, ""high"": 60.3, ""low"": 60.1, ""open"": 60.2, ""time"": ""2026-08-28 09:15:00"", ""volume"": 27800}, {""close"": 60.1, ""high"": 60.1, ""low"": 60.1, ""open"": 60.1, ""time"": ""2026-08-28 09:16:00"", ""volume"": 2200}, {""close"": 60.1, ""high"": 60.1, ""low"": 60.1, ""open"": 60.1, ""time"": ""2026-08-28 09:17:00"", ""volume"": 17000}]",VCI,INFERRED_BOUNDARY,True,True,VCB,3386900,2026-08-28,0,0.0
522200,6.168275080026932,True,"[{""close"": 58.7, ""high"": 58.7, ""low"": 58.7, ""open"": 58.7, ""time"": ""2026-09-03 14:45:00"", ""volume"": 522200}]",INFERRED_BOUNDARY,"[{""close"": 58.9, ""high"": 58.9, ""low"": 58.8, ""open"": 58.9, ""time"": ""2026-09-03 14:28:00"", ""volume"": 29700}, {""close"": 58.9, ""high"": 58.9, ""low"": 58.8, ""open"": 58.9, ""time"": ""2026-09-03 14:29:00"", ""volume"": 75300}, {""close"": 58.7, ""high"": 58.7, ""low"": 58.7, ""open"": 58.7, ""time"": ""2026-09-03 14:45:00"", ""volume"": 522200}]",59.6,60.1,8465900,"{""close"": 58.7, ""high"": 58.7, ""low"": 58.7, ""open"": 58.7, ""time"": ""2026-09-03 14:45:00"", ""volume"": 522200}",58.7,2026-09-03 14:45:00,"{""close"": 59.5, ""high"": 59.5, ""low"": 59.3, ""open"": 59.4, ""time"": ""2026-09-03 09:16:00"", ""volume"": 80100}",-0.3395585738539826,8465900,,"{""close"": 58.9, ""high"": 58.9, ""low"": 58.8, ""open"": 58.9, ""time"": ""2026-09-03 14:29:00"", ""volume"": 75300}",58.9,2026-09-03 14:29:00,226,False,True,"{""close"": 59.4, ""high"": 59.6, ""low"": 59.4, ""open"": 59.6, ""time"": ""2026-09-03 09:15:00"", ""volume"": 281300}",2026-09-03 09:15:00,281300,UNAVAILABLE,"[{""close"": 59.4, ""high"": 59.6, ""low"": 59.4, ""open"": 59.6, ""time"": ""2026-09-03 09:15:00"", ""volume"": 281300}, {""close"": 59.5, ""high"": 59.5, ""low"": 59.3, ""open"": 59.4, ""time"": ""2026-09-03 09:16:00"", ""volume"": 80100}, {""close"": 59.5, ""high"": 59.5, ""low"": 59.4, ""open"": 59.5, ""time"": ""2026-09-03 09:17:00"", ""volume"": 24200}]",VCI,INFERRED_BOUNDARY,True,True,VCB,8465900,2026-09-03,0,0.0
188000,4.362455041188073,True,"[{""close"": 58.9, ""high"": 58.9, ""low"": 58.9, ""open"": 58.9, ""time"": ""2026-09-04 14:45:00"", ""volume"": 188000}]",INFERRED_BOUNDARY,"[{""close"": 58.9, ""high"": 59, ""low"": 58.8, ""open"": 59, ""time"": ""2026-09-04 14:28:00"", ""volume"": 44200}, {""close"": 59, ""high"": 59.1, ""low"": 58.9, ""open"": 59, ""time"": ""2026-09-04 14:29:00"", ""volume"": 64200}, {""close"": 58.9, ""high"": 58.9, ""low"": 58.9, ""open"": 58.9, ""time"": ""2026-09-04 14:45:00"", ""volume"": 188000}]",58.9,58.7,4309500,"{""close"": 58.9, ""high"": 58.9, ""low"": 58.9, ""open"": 58.9, ""time"": ""2026-09-04 14:45:00"", ""volume"": 188000}",58.9,2026-09-04 14:45:00,"{""close"": 58.9, ""high"": 59.1, ""low"": 58.8, ""open"": 59, ""time"": ""2026-09-04 09:16:00"", ""volume"": 128200}",-0.16949152542373122,4309500,,"{""close"": 59, ""high"": 59.1, ""low"": 58.9, ""open"": 59, ""time"": ""2026-09-04 14:29:00"", ""volume"": 64200}",59,2026-09-04 14:29:00,225,False,True,"{""close"": 59, ""high"": 59, ""low"": 58.9, ""open"": 58.9, ""time"": ""2026-09-04 09:15:00"", ""volume"": 57200}",2026-09-04 09:15:00,57200,UNAVAILABLE,"[{""close"": 59, ""high"": 59, ""low"": 58.9, ""open"": 58.9, ""time"": ""2026-09-04 09:15:00"", ""volume"": 57200}, {""close"": 58.9, ""high"": 59.1, ""low"": 58.8, ""open"": 59, ""time"": ""2026-09-04 09:16:00"", ""volume"": 128200}, {""close"": 59, ""high"": 59, ""low"": 58.9, ""open"": 58.9, ""time"": ""2026-09-04 09:17:00"", ""volume"": 23600}]",VCI,INFERRED_BOUNDARY,True,True,VCB,4309500,2026-09-04,0,0.0
619100,13.001932123655912,True,"[{""close"": 58, ""high"": 58, ""low"": 58, ""open"": 58, ""time"": ""2026-09-07 14:45:00"", ""volume"": 619100}]",INFERRED_BOUNDARY,"[{""close"": 58.1, ""high"": 58.1, ""low"": 58, ""open"": 58, ""time"": ""2026-09-07 14:28:00"", ""volume"": 17600}, {""close"": 58.1, ""high"": 58.1, ""low"": 58, ""open"": 58.1, ""time"": ""2026-09-07 14:29:00"", ""volume"": 31300}, {""close"": 58, ""high"": 58, ""low"": 58, ""open"": 58, ""time"": ""2026-09-07 14:45:00"", ""volume"": 619100}]",59,58.9,4761600,"{""close"": 58, ""high"": 58, ""low"": 58, ""open"": 58, ""time"": ""2026-09-07 14:45:00"", ""volume"": 619100}",58,2026-09-07 14:45:00,"{""close"": 59.1, ""high"": 59.1, ""low"": 59, ""open"": 59, ""time"": ""2026-09-07 09:16:00"", ""volume"": 10000}",-0.17211703958692154,4761600,,"{""close"": 58.1, ""high"": 58.1, ""low"": 58, ""open"": 58.1, ""time"": ""2026-09-07 14:29:00"", ""volume"": 31300}",58.1,2026-09-07 14:29:00,226,False,True,"{""close"": 59.1, ""high"": 59.1, ""low"": 59, ""open"": 59, ""time"": ""2026-09-07 09:15:00"", ""volume"": 66700}",2026-09-07 09:15:00,66700,UNAVAILABLE,"[{""close"": 59.1, ""high"": 59.1, ""low"": 59, ""open"": 59, ""time"": ""2026-09-07 09:15:00"", ""volume"": 66700}, {""close"": 59.1, ""high"": 59.1, ""low"": 59, ""open"": 59, ""time"": ""2026-09-07 09:16:00"", ""volume"": 10000}, {""close"": 59, ""high"": 59.1, ""low"": 59, ""open"": 59.1, ""time"": ""2026-09-07 09:17:00"", ""volume"": 6500}]",VCI,INFERRED_BOUNDARY,True,True,VCB,4761600,2026-09-07,0,0.0
124700,4.3485841818942665,True,"[{""close"": 58.1, ""high"": 58.1, ""low"": 58.1, ""open"": 58.1, ""time"": ""2026-09-08 14:45:00"", ""volume"": 124700}]",INFERRED_BOUNDARY,"[{""close"": 58, ""high"": 58.1, ""low"": 58, ""open"": 58, ""time"": ""2026-09-08 14:28:00"", ""volume"": 45100}, {""close"": 58.1, ""high"": 58.1, ""low"": 58, ""open"": 58.1, ""time"": ""2026-09-08 14:29:00"", ""volume"": 27900}, {""close"": 58.1, ""high"": 58.1, ""low"": 58.1, ""open"": 58.1, ""time"": ""2026-09-08 14:45:00"", ""volume"": 124700}]",58,58,2867600,"{""close"": 58.1, ""high"": 58.1, ""low"": 58.1, ""open"": 58.1, ""time"": ""2026-09-08 14:45:00"", ""volume"": 124700}",58.1,2026-09-08 14:45:00,"{""close"": 58, ""high"": 58, ""low"": 57.9, ""open"": 58, ""time"": ""2026-09-08 09:16:00"", ""volume"": 1100}",0.0,2867600,,"{""close"": 58.1, ""high"": 58.1, ""low"": 58, ""open"": 58.1, ""time"": ""2026-09-08 14:29:00"", ""volume"": 27900}",58.1,2026-09-08 14:29:00,224,False,True,"{""close"": 57.9, ""high"": 58, ""low"": 57.9, ""open"": 58, ""time"": ""2026-09-08 09:15:00"", ""volume"": 46000}",2026-09-08 09:15:00,46000,UNAVAILABLE,"[{""close"": 57.9, ""high"": 58, ""low"": 57.9, ""open"": 58, ""time"": ""2026-09-08 09:15:00"", ""volume"": 46000}, {""close"": 58, ""high"": 58, ""low"": 57.9, ""open"": 58, ""time"": ""2026-09-08 09:16:00"", ""volume"": 1100}, {""close"": 58, ""high"": 58.1, ""low"": 57.9, ""open"": 58, ""time"": ""2026-09-08 09:17:00"", ""volume"": 45300}]",VCI,INFERRED_BOUNDARY,True,True,VCB,2867600,2026-09-08,0,0.0
144200,2.708388114646332,True,"[{""close"": 58.7, ""high"": 58.7, ""low"": 58.7, ""open"": 58.7, ""time"": ""2026-09-09 14:45:00"", ""volume"": 144200}]",INFERRED_BOUNDARY,"[{""close"": 58.8, ""high"": 58.8, ""low"": 58.7, ""open"": 58.8, ""time"": ""2026-09-09 14:28:00"", ""volume"": 18300}, {""close"": 58.8, ""high"": 58.8, ""low"": 58.7, ""open"": 58.8, ""time"": ""2026-09-09 14:29:00"", ""volume"": 9600}, {""close"": 58.7, ""high"": 58.7, ""low"": 58.7, ""open"": 58.7, ""time"": ""2026-09-09 14:45:00"", ""volume"": 144200}]",58.4,58.1,5324200,"{""close"": 58.7, ""high"": 58.7, ""low"": 58.7, ""open"": 58.7, ""time"": ""2026-09-09 14:45:00"", ""volume"": 144200}",58.7,2026-09-09 14:45:00,"{""close"": 58.6, ""high"": 58.7, ""low"": 58.4, ""open"": 58.4, ""time"": ""2026-09-09 09:16:00"", ""volume"": 88500}",-0.1700680272108747,5324200,,"{""close"": 58.8, ""high"": 58.8, ""low"": 58.7, ""open"": 58.8, ""time"": ""2026-09-09 14:29:00"", ""volume"": 9600}",58.8,2026-09-09 14:29:00,226,False,True,"{""close"": 58.4, ""high"": 58.4, ""low"": 58.3, ""open"": 58.4, ""time"": ""2026-09-09 09:15:00"", ""volume"": 137400}",2026-09-09 09:15:00,137400,UNAVAILABLE,"[{""close"": 58.4, ""high"": 58.4, ""low"": 58.3, ""open"": 58.4, ""time"": ""2026-09-09 09:15:00"", ""volume"": 137400}, {""close"": 58.6, ""high"": 58.7, ""low"": 58.4, ""open"": 58.4, ""time"": ""2026-09-09 09:16:00"", ""volume"": 88500}, {""close"": 58.5, ""high"": 58.6, ""low"": 58.5, ""open"": 58.6, ""time"": ""2026-09-09 09:17:00"", ""volume"": 77900}]",VCI,INFERRED_BOUNDARY,True,True,VCB,5324200,2026-09-09,0,0.0
73300,2.390737116764514,True,"[{""close"": 59, ""high"": 59, ""low"": 59, ""open"": 59, ""time"": ""2026-09-10 14:45:00"", ""volume"": 73300}]",INFERRED_BOUNDARY,"[{""close"": 59.1, ""high"": 59.2, ""low"": 59.1, ""open"": 59.2, ""time"": ""2026-09-10 14:28:00"", ""volume"": 60500}, {""close"": 58.9, ""high"": 59.1, ""low"": 58.9, ""open"": 59, ""time"": ""2026-09-10 14:29:00"", ""volume"": 163800}, {""close"": 59, ""high"": 59, ""low"": 59, ""open"": 59, ""time"": ""2026-09-10 14:45:00"", ""volume"": 73300}]",58.7,58.7,3066000,"{""close"": 59, ""high"": 59, ""low"": 59, ""open"": 59, ""time"": ""2026-09-10 14:45:00"", ""volume"": 73300}",59,2026-09-10 14:45:00,"{""close"": 58.6, ""high"": 58.6, ""low"": 58.6, ""open"": 58.6, ""time"": ""2026-09-10 09:16:00"", ""volume"": 200}",0.16977928692699734,3066000,,"{""close"": 58.9, ""high"": 59.1, ""low"": 58.9, ""open"": 59, ""time"": ""2026-09-10 14:29:00"", ""volume"": 163800}",58.9,2026-09-10 14:29:00,226,False,True,"{""close"": 58.6, ""high"": 58.7, ""low"": 58.6, ""open"": 58.7, ""time"": ""2026-09-10 09:15:00"", ""volume"": 15000}",2026-09-10 09:15:00,15000,UNAVAILABLE,"[{""close"": 58.6, ""high"": 58.7, ""low"": 58.6, ""open"": 58.7, ""time"": ""2026-09-10 09:15:00"", ""volume"": 15000}, {""close"": 58.6, ""high"": 58.6, ""low"": 58.6, ""open"": 58.6, ""time"": ""2026-09-10 09:16:00"", ""volume"": 200}, {""close"": 58.5, ""high"": 58.6, ""low"": 58.5, ""open"": 58.6, ""time"": ""2026-09-10 09:17:00"", ""volume"": 6200}]",VCI,INFERRED_BOUNDARY,True,True,VCB,3066000,2026-09-10,0,0.0
271000,6.208192064510217,True,"[{""close"": 58.2, ""high"": 58.2, ""low"": 58.2, ""open"": 58.2, ""time"": ""2026-09-11 14:45:00"", ""volume"": 271000}]",INFERRED_BOUNDARY,"[{""close"": 58.4, ""high"": 58.4, ""low"": 58.3, ""open"": 58.4, ""time"": ""2026-09-11 14:28:00"", ""volume"": 46500}, {""close"": 58.2, ""high"": 58.4, ""low"": 58.2, ""open"": 58.4, ""time"": ""2026-09-11 14:29:00"", ""volume"": 157100}, {""close"": 58.2, ""high"": 58.2, ""low"": 58.2, ""open"": 58.2, ""time"": ""2026-09-11 14:45:00"", ""volume"": 271000}]",58.9,59,4365200,"{""close"": 58.2, ""high"": 58.2, ""low"": 58.2, ""open"": 58.2, ""time"": ""2026-09-11 14:45:00"", ""volume"": 271000}",58.2,2026-09-11 14:45:00,"{""close"": 58.7, ""high"": 58.7, ""low"": 58.7, ""open"": 58.7, ""time"": ""2026-09-11 09:16:00"", ""volume"": 3700}",0.0,4365200,,"{""close"": 58.2, ""high"": 58.4, ""low"": 58.2, ""open"": 58.4, ""time"": ""2026-09-11 14:29:00"", ""volume"": 157100}",58.2,2026-09-11 14:29:00,226,False,True,"{""close"": 58.7, ""high"": 58.9, ""low"": 58.7, ""open"": 58.9, ""time"": ""2026-09-11 09:15:00"", ""volume"": 74700}",2026-09-11 09:15:00,74700,UNAVAILABLE,"[{""close"": 58.7, ""high"": 58.9, ""low"": 58.7, ""open"": 58.9, ""time"": ""2026-09-11 09:15:00"", ""volume"": 74700}, {""close"": 58.7, ""high"": 58.7, ""low"": 58.7, ""open"": 58.7, ""time"": ""2026-09-11 09:16:00"", ""volume"": 3700}, {""close"": 58.7, ""high"": 58.7, ""low"": 58.6, ""open"": 58.7, ""time"": ""2026-09-11 09:17:00"", ""volume"": 9900}]",VCI,INFERRED_BOUNDARY,True,True,VCB,4365200,2026-09-11,0,0.0
106000,2.199717772059434,True,"[{""close"": 58.5, ""high"": 58.5, ""low"": 58.5, ""open"": 58.5, ""time"": ""2026-09-14 14:45:00"", ""volume"": 106000}]",INFERRED_BOUNDARY,"[{""close"": 58.5, ""high"": 58.6, ""low"": 58.4, ""open"": 58.5, ""time"": ""2026-09-14 14:28:00"", ""volume"": 40700}, {""close"": 58.5, ""high"": 58.8, ""low"": 58.5, ""open"": 58.5, ""time"": ""2026-09-14 14:29:00"", ""volume"": 123700}, {""close"": 58.5, ""high"": 58.5, ""low"": 58.5, ""open"": 58.5, ""time"": ""2026-09-14 14:45:00"", ""volume"": 106000}]",58.2,58.2,4818800,"{""close"": 58.5, ""high"": 58.5, ""low"": 58.5, ""open"": 58.5, ""time"": ""2026-09-14 14:45:00"", ""volume"": 106000}",58.5,2026-09-14 14:45:00,"{""close"": 58.3, ""high"": 58.3, ""low"": 58.2, ""open"": 58.2, ""time"": ""2026-09-14 09:16:00"", ""volume"": 4300}",0.0,4818800,,"{""close"": 58.5, ""high"": 58.8, ""low"": 58.5, ""open"": 58.5, ""time"": ""2026-09-14 14:29:00"", ""volume"": 123700}",58.5,2026-09-14 14:29:00,225,False,True,"{""close"": 58.2, ""high"": 58.2, ""low"": 58.1, ""open"": 58.2, ""time"": ""2026-09-14 09:15:00"", ""volume"": 30000}",2026-09-14 09:15:00,30000,UNAVAILABLE,"[{""close"": 58.2, ""high"": 58.2, ""low"": 58.1, ""open"": 58.2, ""time"": ""2026-09-14 09:15:00"", ""volume"": 30000}, {""close"": 58.3, ""high"": 58.3, ""low"": 58.2, ""open"": 58.2, ""time"": ""2026-09-14 09:16:00"", ""volume"": 4300}, {""close"": 58.2, ""high"": 58.3, ""low"": 58.2, ""open"": 58.3, ""time"": ""2026-09-14 09:17:00"", ""volume"": 4200}]",VCI,INFERRED_BOUNDARY,True,True,VCB,4818800,2026-09-14,0,0.0
1057900,11.080735713088655,True,"[{""close"": 60, ""high"": 60, ""low"": 60, ""open"": 60, ""time"": ""2026-09-15 14:45:00"", ""volume"": 1057900}]",INFERRED_BOUNDARY,"[{""close"": 59.8, ""high"": 59.9, ""low"": 59.7, ""open"": 59.8, ""time"": ""2026-09-15 14:28:00"", ""volume"": 66100}, {""close"": 59.8, ""high"": 59.9, ""low"": 59.7, ""open"": 59.8, ""time"": ""2026-09-15 14:29:00"", ""volume"": 53500}, {""close"": 60, ""high"": 60, ""low"": 60, ""open"": 60, ""time"": ""2026-09-15 14:45:00"", ""volume"": 1057900}]",58.6,58.5,9547200,"{""close"": 60, ""high"": 60, ""low"": 60, ""open"": 60, ""time"": ""2026-09-15 14:45:00"", ""volume"": 1057900}",60,2026-09-15 14:45:00,"{""close"": 58.8, ""high"": 58.9, ""low"": 58.8, ""open"": 58.9, ""time"": ""2026-09-15 09:16:00"", ""volume"": 6900}",0.33444816053512183,9547200,,"{""close"": 59.8, ""high"": 59.9, ""low"": 59.7, ""open"": 59.8, ""time"": ""2026-09-15 14:29:00"", ""volume"": 53500}",59.8,2026-09-15 14:29:00,226,False,True,"{""close"": 58.8, ""high"": 58.9, ""low"": 58.6, ""open"": 58.6, ""time"": ""2026-09-15 09:15:00"", ""volume"": 42300}",2026-09-15 09:15:00,42300,UNAVAILABLE,"[{""close"": 58.8, ""high"": 58.9, ""low"": 58.6, ""open"": 58.6, ""time"": ""2026-09-15 09:15:00"", ""volume"": 42300}, {""close"": 58.8, ""high"": 58.9, ""low"": 58.8, ""open"": 58.9, ""time"": ""2026-09-15 09:16:00"", ""volume"": 6900}, {""close"": 58.8, ""high"": 58.9, ""low"": 58.8, ""open"": 58.8, ""time"": ""2026-09-15 09:17:00"", ""volume"": 10600}]",VCI,INFERRED_BOUNDARY,True,True,VCB,9547200,2026-09-15,0,0.0
519600,18.036656484309912,True,"[{""close"": 59.3, ""high"": 59.3, ""low"": 59.3, ""open"": 59.3, ""time"": ""2026-09-16 14:45:00"", ""volume"": 519600}]",INFERRED_BOUNDARY,"[{""close"": 59.7, ""high"": 59.7, ""low"": 59.5, ""open"": 59.7, ""time"": ""2026-09-16 14:28:00"", ""volume"": 51500}, {""close"": 59.6, ""high"": 59.7, ""low"": 59.6, ""open"": 59.7, ""time"": ""2026-09-16 14:29:00"", ""volume"": 19400}, {""close"": 59.3, ""high"": 59.3, ""low"": 59.3, ""open"": 59.3, ""time"": ""2026-09-16 14:45:00"", ""volume"": 519600}]",60.1,60,2880800,"{""close"": 59.3, ""high"": 59.3, ""low"": 59.3, ""open"": 59.3, ""time"": ""2026-09-16 14:45:00"", ""volume"": 519600}",59.3,2026-09-16 14:45:00,"{""close"": 60.2, ""high"": 60.3, ""low"": 60.2, ""open"": 60.2, ""time"": ""2026-09-16 09:16:00"", ""volume"": 20100}",-0.5033557046979937,2880800,,"{""close"": 59.6, ""high"": 59.7, ""low"": 59.6, ""open"": 59.7, ""time"": ""2026-09-16 14:29:00"", ""volume"": 19400}",59.6,2026-09-16 14:29:00,225,False,True,"{""close"": 60.2, ""high"": 60.2, ""low"": 60.1, ""open"": 60.1, ""time"": ""2026-09-16 09:15:00"", ""volume"": 57000}",2026-09-16 09:15:00,57000,UNAVAILABLE,"[{""close"": 60.2, ""high"": 60.2, ""low"": 60.1, ""open"": 60.1, ""time"": ""2026-09-16 09:15:00"", ""volume"": 57000}, {""close"": 60.2, ""high"": 60.3, ""low"": 60.2, ""open"": 60.2, ""time"": ""2026-09-16 09:16:00"", ""volume"": 20100}, {""close"": 60.2, ""high"": 60.3, ""low"": 60.2, ""open"": 60.2, ""time"": ""2026-09-16 09:17:00"", ""volume"": 4800}]",VCI,INFERRED_BOUNDARY,True,True,VCB,2880800,2026-09-16,0,0.0
470200,8.714023610519098,True,"[{""close"": 59.6, ""high"": 59.6, ""low"": 59.6, ""open"": 59.6, ""time"": ""2026-09-17 14:45:00"", ""volume"": 470200}]",INFERRED_BOUNDARY,"[{""close"": 59.9, ""high"": 59.9, ""low"": 59.7, ""open"": 59.8, ""time"": ""2026-09-17 14:28:00"", ""volume"": 65200}, {""close"": 59.9, ""high"": 59.9, ""low"": 59.8, ""open"": 59.9, ""time"": ""2026-09-17 14:29:00"", ""volume"": 41100}, {""close"": 59.6, ""high"": 59.6, ""low"": 59.6, ""open"": 59.6, ""time"": ""2026-09-17 14:45:00"", ""volume"": 470200}]",59,59.3,5395900,"{""close"": 59.6, ""high"": 59.6, ""low"": 59.6, ""open"": 59.6, ""time"": ""2026-09-17 14:45:00"", ""volume"": 470200}",59.6,2026-09-17 14:45:00,"{""close"": 58.8, ""high"": 58.9, ""low"": 58.8, ""open"": 58.9, ""time"": ""2026-09-17 09:16:00"", ""volume"": 62000}",-0.5008347245408968,5395900,,"{""close"": 59.9, ""high"": 59.9, ""low"": 59.8, ""open"": 59.9, ""time"": ""2026-09-17 14:29:00"", ""volume"": 41100}",59.9,2026-09-17 14:29:00,226,False,True,"{""close"": 58.9, ""high"": 59.1, ""low"": 58.9, ""open"": 59, ""time"": ""2026-09-17 09:15:00"", ""volume"": 139100}",2026-09-17 09:15:00,139100,UNAVAILABLE,"[{""close"": 58.9, ""high"": 59.1, ""low"": 58.9, ""open"": 59, ""time"": ""2026-09-17 09:15:00"", ""volume"": 139100}, {""close"": 58.8, ""high"": 58.9, ""low"": 58.8, ""open"": 58.9, ""time"": ""2026-09-17 09:16:00"", ""volume"": 62000}, {""close"": 59, ""high"": 59, ""low"": 58.8, ""open"": 58.9, ""time"": ""2026-09-17 09:17:00"", ""volume"": 28700}]",VCI,INFERRED_BOUNDARY,True,True,VCB,5395900,2026-09-17,0,0.0
1616200,2.194555297715148,True,"[{""close"": 14.1, ""high"": 14.1, ""low"": 14.1, ""open"": 14.1, ""time"": ""2026-08-25 14:45:00"", ""volume"": 1616200}]",INFERRED_BOUNDARY,"[{""close"": 14.05, ""high"": 14.1, ""low"": 14, ""open"": 14, ""time"": ""2026-08-25 14:28:00"", ""volume"": 298900}, {""close"": 14.05, ""high"": 14.1, ""low"": 14.05, ""open"": 14.05, ""time"": ""2026-08-25 14:29:00"", ""volume"": 448700}, {""close"": 14.1, ""high"": 14.1, ""low"": 14.1, ""open"": 14.1, ""time"": ""2026-08-25 14:45:00"", ""volume"": 1616200}]",13.8,13.8,73706316,"{""close"": 14.1, ""high"": 14.1, ""low"": 14.1, ""open"": 14.1, ""time"": ""2026-08-25 14:45:00"", ""volume"": 1616200}",14.1,2026-08-25 14:45:00,"{""close"": 13.9, ""high"": 13.9, ""low"": 13.85, ""open"": 13.85, ""time"": ""2026-08-25 09:16:00"", ""volume"": 187000}",0.35587188612098886,73645900,,"{""close"": 14.05, ""high"": 14.1, ""low"": 14.05, ""open"": 14.05, ""time"": ""2026-08-25 14:29:00"", ""volume"": 448700}",14.05,2026-08-25 14:29:00,226,False,True,"{""close"": 13.85, ""high"": 13.85, ""low"": 13.8, ""open"": 13.8, ""time"": ""2026-08-25 09:15:00"", ""volume"": 494900}",2026-08-25 09:15:00,494900,UNAVAILABLE,"[{""close"": 13.85, ""high"": 13.85, ""low"": 13.8, ""open"": 13.8, ""time"": ""2026-08-25 09:15:00"", ""volume"": 494900}, {""close"": 13.9, ""high"": 13.9, ""low"": 13.85, ""open"": 13.85, ""time"": ""2026-08-25 09:16:00"", ""volume"": 187000}, {""close"": 13.9, ""high"": 13.9, ""low"": 13.85, ""open"": 13.9, ""time"": ""2026-08-25 09:17:00"", ""volume"": 80600}]",VCI,INFERRED_BOUNDARY,False,False,VIX,73645900,2026-08-25,-60416,0.0819685520573298
2282300,4.775575368635582,True,"[{""close"": 14.35, ""high"": 14.35, ""low"": 14.35, ""open"": 14.35, ""time"": ""2026-08-26 14:45:00"", ""volume"": 2282300}]",INFERRED_BOUNDARY,"[{""close"": 14.35, ""high"": 14.35, ""low"": 14.3, ""open"": 14.35, ""time"": ""2026-08-26 14:28:00"", ""volume"": 580700}, {""close"": 14.3, ""high"": 14.35, ""low"": 14.3, ""open"": 14.35, ""time"": ""2026-08-26 14:29:00"", ""volume"": 589200}, {""close"": 14.35, ""high"": 14.35, ""low"": 14.35, ""open"": 14.35, ""time"": ""2026-08-26 14:45:00"", ""volume"": 2282300}]",14.05,14.1,47836495,"{""close"": 14.35, ""high"": 14.35, ""low"": 14.35, ""open"": 14.35, ""time"": ""2026-08-26 14:45:00"", ""volume"": 2282300}",14.35,2026-08-26 14:45:00,"{""close"": 14.05, ""high"": 14.1, ""low"": 14.05, ""open"": 14.05, ""time"": ""2026-08-26 09:16:00"", ""volume"": 99800}",0.3496503496503422,47791100,,"{""close"": 14.3, ""high"": 14.35, ""low"": 14.3, ""open"": 14.35, ""time"": ""2026-08-26 14:29:00"", ""volume"": 589200}",14.3,2026-08-26 14:29:00,226,False,True,"{""close"": 14.05, ""high"": 14.1, ""low"": 14.05, ""open"": 14.05, ""time"": ""2026-08-26 09:15:00"", ""volume"": 177500}",2026-08-26 09:15:00,177500,UNAVAILABLE,"[{""close"": 14.05, ""high"": 14.1, ""low"": 14.05, ""open"": 14.05, ""time"": ""2026-08-26 09:15:00"", ""volume"": 177500}, {""close"": 14.05, ""high"": 14.1, ""low"": 14.05, ""open"": 14.05, ""time"": ""2026-08-26 09:16:00"", ""volume"": 99800}, {""close"": 14.05, ""high"": 14.05, ""low"": 14, ""open"": 14.05, ""time"": ""2026-08-26 09:17:00"", ""volume"": 93100}]",VCI,INFERRED_BOUNDARY,False,False,VIX,47791100,2026-08-26,-45395,0.09489616661923078
1821600,4.9654901704229495,True,"[{""close"": 14.25, ""high"": 14.25, ""low"": 14.25, ""open"": 14.25, ""time"": ""2026-08-27 14:45:00"", ""volume"": 1821600}]",INFERRED_BOUNDARY,"[{""close"": 14.25, ""high"": 14.3, ""low"": 14.25, ""open"": 14.25, ""time"": ""2026-08-27 14:28:00"", ""volume"": 229500}, {""close"": 14.3, ""high"": 14.3, ""low"": 14.25, ""open"": 14.3, ""time"": ""2026-08-27 14:29:00"", ""volume"": 274700}, {""close"": 14.25, ""high"": 14.25, ""low"": 14.25, ""open"": 14.25, ""time"": ""2026-08-27 14:45:00"", ""volume"": 1821600}]",14.45,14.35,36722840,"{""close"": 14.25, ""high"": 14.25, ""low"": 14.25, ""open"": 14.25, ""time"": ""2026-08-27 14:45:00"", ""volume"": 1821600}",14.25,2026-08-27 14:45:00,"{""close"": 14.5, ""high"": 14.5, ""low"": 14.4, ""open"": 14.45, ""time"": ""2026-08-27 09:16:00"", ""volume"": 464400}",-0.3496503496503546,36685200,,"{""close"": 14.3, ""high"": 14.3, ""low"": 14.25, ""open"": 14.3, ""time"": ""2026-08-27 14:29:00"", ""volume"": 274700}",14.3,2026-08-27 14:29:00,226,False,True,"{""close"": 14.45, ""high"": 14.45, ""low"": 14.4, ""open"": 14.45, ""time"": ""2026-08-27 09:15:00"", ""volume"": 614400}",2026-08-27 09:15:00,614400,UNAVAILABLE,"[{""close"": 14.45, ""high"": 14.45, ""low"": 14.4, ""open"": 14.45, ""time"": ""2026-08-27 09:15:00"", ""volume"": 614400}, {""close"": 14.5, ""high"": 14.5, ""low"": 14.4, ""open"": 14.45, ""time"": ""2026-08-27 09:16:00"", ""volume"": 464400}, {""close"": 14.45, ""high"": 14.5, ""low"": 14.45, ""open"": 14.5, ""time"": ""2026-08-27 09:17:00"", ""volume"": 474200}]",VCI,INFERRED_BOUNDARY,False,False,VIX,36685200,2026-08-27,-37640,0.10249751925504672
2623700,6.1864542659347705,True,"[{""close"": 14.1, ""high"": 14.1, ""low"": 14.1, ""open"": 14.1, ""time"": ""2026-08-28 14:45:00"", ""volume"": 2623700}]",INFERRED_BOUNDARY,"[{""close"": 14.2, ""high"": 14.2, ""low"": 14.1, ""open"": 14.15, ""time"": ""2026-08-28 14:28:00"", ""volume"": 819800}, {""close"": 14.15, ""high"": 14.2, ""low"": 14.1, ""open"": 14.2, ""time"": ""2026-08-28 14:29:00"", ""volume"": 532000}, {""close"": 14.1, ""high"": 14.1, ""low"": 14.1, ""open"": 14.1, ""time"": ""2026-08-28 14:45:00"", ""volume"": 2623700}]",14.15,14.25,42447310,"{""close"": 14.1, ""high"": 14.1, ""low"": 14.1, ""open"": 14.1, ""time"": ""2026-08-28 14:45:00"", ""volume"": 2623700}",14.1,2026-08-28 14:45:00,"{""close"": 14.15, ""high"": 14.15, ""low"": 14.1, ""open"": 14.1, ""time"": ""2026-08-28 09:16:00"", ""volume"": 45400}",-0.35335689045936897,42410400,,"{""close"": 14.15, ""high"": 14.2, ""low"": 14.1, ""open"": 14.2, ""time"": ""2026-08-28 14:29:00"", ""volume"": 532000}",14.15,2026-08-28 14:29:00,226,False,True,"{""close"": 14.15, ""high"": 14.2, ""low"": 14.1, ""open"": 14.15, ""time"": ""2026-08-28 09:15:00"", ""volume"": 332800}",2026-08-28 09:15:00,332800,UNAVAILABLE,"[{""close"": 14.15, ""high"": 14.2, ""low"": 14.1, ""open"": 14.15, ""time"": ""2026-08-28 09:15:00"", ""volume"": 332800}, {""close"": 14.15, ""high"": 14.15, ""low"": 14.1, ""open"": 14.1, ""time"": ""2026-08-28 09:16:00"", ""volume"": 45400}, {""close"": 14.15, ""high"": 14.15, ""low"": 14.1, ""open"": 14.15, ""time"": ""2026-08-28 09:17:00"", ""volume"": 74400}]",VCI,INFERRED_BOUNDARY,False,False,VIX,42410400,2026-08-28,-36910,0.08695486239292902
1569900,5.027718263309089,True,"[{""close"": 14.05, ""high"": 14.05, ""low"": 14.05, ""open"": 14.05, ""time"": ""2026-09-03 14:45:00"", ""volume"": 1569900}]",INFERRED_BOUNDARY,"[{""close"": 14.1, ""high"": 14.15, ""low"": 14.1, ""open"": 14.1, ""time"": ""2026-09-03 14:28:00"", ""volume"": 388300}, {""close"": 14.1, ""high"": 14.15, ""low"": 14.1, ""open"": 14.1, ""time"": ""2026-09-03 14:29:00"", ""volume"": 387300}, {""close"": 14.05, ""high"": 14.05, ""low"": 14.05, ""open"": 14.05, ""time"": ""2026-09-03 14:45:00"", ""volume"": 1569900}]",13.95,14.1,31260899,"{""close"": 14.05, ""high"": 14.05, ""low"": 14.05, ""open"": 14.05, ""time"": ""2026-09-03 14:45:00"", ""volume"": 1569900}",14.05,2026-09-03 14:45:00,"{""close"": 14, ""high"": 14, ""low"": 13.95, ""open"": 13.95, ""time"": ""2026-09-03 09:16:00"", ""volume"": 277700}",-0.35460992907800665,31224900,,"{""close"": 14.1, ""high"": 14.15, ""low"": 14.1, ""open"": 14.1, ""time"": ""2026-09-03 14:29:00"", ""volume"": 387300}",14.1,2026-09-03 14:29:00,226,False,True,"{""close"": 13.95, ""high"": 14, ""low"": 13.95, ""open"": 13.95, ""time"": ""2026-09-03 09:15:00"", ""volume"": 568000}",2026-09-03 09:15:00,568000,UNAVAILABLE,"[{""close"": 13.95, ""high"": 14, ""low"": 13.95, ""open"": 13.95, ""time"": ""2026-09-03 09:15:00"", ""volume"": 568000}, {""close"": 14, ""high"": 14, ""low"": 13.95, ""open"": 13.95, ""time"": ""2026-09-03 09:16:00"", ""volume"": 277700}, {""close"": 13.95, ""high"": 14, ""low"": 13.9, ""open"": 13.95, ""time"": ""2026-09-03 09:17:00"", ""volume"": 375600}]",VCI,INFERRED_BOUNDARY,False,False,VIX,31224900,2026-09-03,-35999,0.11515663705000934
2859700,8.979693088365053,True,"[{""close"": 14, ""high"": 14, ""low"": 14, ""open"": 14, ""time"": ""2026-09-04 14:45:00"", ""volume"": 2859700}]",INFERRED_BOUNDARY,"[{""close"": 14.05, ""high"": 14.05, ""low"": 14, ""open"": 14.05, ""time"": ""2026-09-04 14:28:00"", ""volume"": 823300}, {""close"": 14.05, ""high"": 14.1, ""low"": 14.05, ""open"": 14.05, ""time"": ""2026-09-04 14:29:00"", ""volume"": 106700}, {""close"": 14, ""high"": 14, ""low"": 14, ""open"": 14, ""time"": ""2026-09-04 14:45:00"", ""volume"": 2859700}]",14.05,14.05,31867004,"{""close"": 14, ""high"": 14, ""low"": 14, ""open"": 14, ""time"": ""2026-09-04 14:45:00"", ""volume"": 2859700}",14,2026-09-04 14:45:00,"{""close"": 14.2, ""high"": 14.2, ""low"": 14.15, ""open"": 14.15, ""time"": ""2026-09-04 09:16:00"", ""volume"": 112800}",-0.3558718861210015,31846300,,"{""close"": 14.05, ""high"": 14.1, ""low"": 14.05, ""open"": 14.05, ""time"": ""2026-09-04 14:29:00"", ""volume"": 106700}",14.05,2026-09-04 14:29:00,226,False,True,"{""close"": 14.15, ""high"": 14.15, ""low"": 14.05, ""open"": 14.05, ""time"": ""2026-09-04 09:15:00"", ""volume"": 454000}",2026-09-04 09:15:00,454000,UNAVAILABLE,"[{""close"": 14.15, ""high"": 14.15, ""low"": 14.05, ""open"": 14.05, ""time"": ""2026-09-04 09:15:00"", ""volume"": 454000}, {""close"": 14.2, ""high"": 14.2, ""low"": 14.15, ""open"": 14.15, ""time"": ""2026-09-04 09:16:00"", ""volume"": 112800}, {""close"": 14.2, ""high"": 14.2, ""low"": 14.15, ""open"": 14.2, ""time"": ""2026-09-04 09:17:00"", ""volume"": 188800}]",VCI,INFERRED_BOUNDARY,False,False,VIX,31846300,2026-09-04,-20704,0.06497002353908136
3078500,6.0928785461800015,True,"[{""close"": 13.6, ""high"": 13.6, ""low"": 13.6, ""open"": 13.6, ""time"": ""2026-09-07 14:45:00"", ""volume"": 3078500}]",INFERRED_BOUNDARY,"[{""close"": 13.7, ""high"": 13.7, ""low"": 13.65, ""open"": 13.7, ""time"": ""2026-09-07 14:28:00"", ""volume"": 150200}, {""close"": 13.65, ""high"": 13.7, ""low"": 13.6, ""open"": 13.7, ""time"": ""2026-09-07 14:29:00"", ""volume"": 540800}, {""close"": 13.6, ""high"": 13.6, ""low"": 13.6, ""open"": 13.6, ""time"": ""2026-09-07 14:45:00"", ""volume"": 3078500}]",14.05,14,50526200,"{""close"": 13.6, ""high"": 13.6, ""low"": 13.6, ""open"": 13.6, ""time"": ""2026-09-07 14:45:00"", ""volume"": 3078500}",13.6,2026-09-07 14:45:00,"{""close"": 14.1, ""high"": 14.1, ""low"": 14.05, ""open"": 14.05, ""time"": ""2026-09-07 09:16:00"", ""volume"": 215000}",-0.3663003663003715,50526200,,"{""close"": 13.65, ""high"": 13.7, ""low"": 13.6, ""open"": 13.7, ""time"": ""2026-09-07 14:29:00"", ""volume"": 540800}",13.65,2026-09-07 14:29:00,226,False,True,"{""close"": 14.05, ""high"": 14.1, ""low"": 14.05, ""open"": 14.05, ""time"": ""2026-09-07 09:15:00"", ""volume"": 192500}",2026-09-07 09:15:00,192500,UNAVAILABLE,"[{""close"": 14.05, ""high"": 14.1, ""low"": 14.05, ""open"": 14.05, ""time"": ""2026-09-07 09:15:00"", ""volume"": 192500}, {""close"": 14.1, ""high"": 14.1, ""low"": 14.05, ""open"": 14.05, ""time"": ""2026-09-07 09:16:00"", ""volume"": 215000}, {""close"": 14.1, ""high"": 14.1, ""low"": 14.05, ""open"": 14.1, ""time"": ""2026-09-07 09:17:00"", ""volume"": 262000}]",VCI,INFERRED_BOUNDARY,True,True,VIX,50526200,2026-09-07,0,0.0
921000,2.2858589468668096,True,"[{""close"": 13.75, ""high"": 13.75, ""low"": 13.75, ""open"": 13.75, ""time"": ""2026-09-08 14:45:00"", ""volume"": 921000}]",INFERRED_BOUNDARY,"[{""close"": 13.75, ""high"": 13.75, ""low"": 13.7, ""open"": 13.75, ""time"": ""2026-09-08 14:28:00"", ""volume"": 82500}, {""close"": 13.75, ""high"": 13.75, ""low"": 13.7, ""open"": 13.75, ""time"": ""2026-09-08 14:29:00"", ""volume"": 75100}, {""close"": 13.75, ""high"": 13.75, ""low"": 13.75, ""open"": 13.75, ""time"": ""2026-09-08 14:45:00"", ""volume"": 921000}]",13.55,13.6,40291200,"{""close"": 13.75, ""high"": 13.75, ""low"": 13.75, ""open"": 13.75, ""time"": ""2026-09-08 14:45:00"", ""volume"": 921000}",13.75,2026-09-08 14:45:00,"{""close"": 13.65, ""high"": 13.7, ""low"": 13.6, ""open"": 13.6, ""time"": ""2026-09-08 09:16:00"", ""volume"": 1058400}",0.0,40291200,,"{""close"": 13.75, ""high"": 13.75, ""low"": 13.7, ""open"": 13.75, ""time"": ""2026-09-08 14:29:00"", ""volume"": 75100}",13.75,2026-09-08 14:29:00,226,False,True,"{""close"": 13.6, ""high"": 13.6, ""low"": 13.55, ""open"": 13.55, ""time"": ""2026-09-08 09:15:00"", ""volume"": 230900}",2026-09-08 09:15:00,230900,UNAVAILABLE,"[{""close"": 13.6, ""high"": 13.6, ""low"": 13.55, ""open"": 13.55, ""time"": ""2026-09-08 09:15:00"", ""volume"": 230900}, {""close"": 13.65, ""high"": 13.7, ""low"": 13.6, ""open"": 13.6, ""time"": ""2026-09-08 09:16:00"", ""volume"": 1058400}, {""close"": 13.65, ""high"": 13.65, ""low"": 13.65, ""open"": 13.65, ""time"": ""2026-09-08 09:17:00"", ""volume"": 1129500}]",VCI,INFERRED_BOUNDARY,True,True,VIX,40291200,2026-09-08,0,0.0
1823000,5.105470106534329,True,"[{""close"": 13.6, ""high"": 13.6, ""low"": 13.6, ""open"": 13.6, ""time"": ""2026-09-09 14:45:00"", ""volume"": 1823000}]",INFERRED_BOUNDARY,"[{""close"": 13.7, ""high"": 13.7, ""low"": 13.65, ""open"": 13.7, ""time"": ""2026-09-09 14:28:00"", ""volume"": 113100}, {""close"": 13.7, ""high"": 13.7, ""low"": 13.65, ""open"": 13.65, ""time"": ""2026-09-09 14:29:00"", ""volume"": 172900}, {""close"": 13.6, ""high"": 13.6, ""low"": 13.6, ""open"": 13.6, ""time"": ""2026-09-09 14:45:00"", ""volume"": 1823000}]",13.8,13.75,35706800,"{""close"": 13.6, ""high"": 13.6, ""low"": 13.6, ""open"": 13.6, ""time"": ""2026-09-09 14:45:00"", ""volume"": 1823000}",13.6,2026-09-09 14:45:00,"{""close"": 13.8, ""high"": 13.8, ""low"": 13.75, ""open"": 13.75, ""time"": ""2026-09-09 09:16:00"", ""volume"": 20300}",-0.7299270072992675,35706800,,"{""close"": 13.7, ""high"": 13.7, ""low"": 13.65, ""open"": 13.65, ""time"": ""2026-09-09 14:29:00"", ""volume"": 172900}",13.7,2026-09-09 14:29:00,226,False,True,"{""close"": 13.75, ""high"": 13.85, ""low"": 13.75, ""open"": 13.8, ""time"": ""2026-09-09 09:15:00"", ""volume"": 403000}",2026-09-09 09:15:00,403000,UNAVAILABLE,"[{""close"": 13.75, ""high"": 13.85, ""low"": 13.75, ""open"": 13.8, ""time"": ""2026-09-09 09:15:00"", ""volume"": 403000}, {""close"": 13.8, ""high"": 13.8, ""low"": 13.75, ""open"": 13.75, ""time"": ""2026-09-09 09:16:00"", ""volume"": 20300}, {""close"": 13.8, ""high"": 13.8, ""low"": 13.75, ""open"": 13.8, ""time"": ""2026-09-09 09:17:00"", ""volume"": 134600}]",VCI,INFERRED_BOUNDARY,True,True,VIX,35706800,2026-09-09,0,0.0
877600,3.4281919568741577,True,"[{""close"": 13.8, ""high"": 13.8, ""low"": 13.8, ""open"": 13.8, ""time"": ""2026-09-10 14:45:00"", ""volume"": 877600}]",INFERRED_BOUNDARY,"[{""close"": 13.8, ""high"": 13.8, ""low"": 13.75, ""open"": 13.8, ""time"": ""2026-09-10 14:28:00"", ""volume"": 195700}, {""close"": 13.8, ""high"": 13.8, ""low"": 13.75, ""open"": 13.8, ""time"": ""2026-09-10 14:29:00"", ""volume"": 192200}, {""close"": 13.8, ""high"": 13.8, ""low"": 13.8, ""open"": 13.8, ""time"": ""2026-09-10 14:45:00"", ""volume"": 877600}]",13.55,13.6,25599500,"{""close"": 13.8, ""high"": 13.8, ""low"": 13.8, ""open"": 13.8, ""time"": ""2026-09-10 14:45:00"", ""volume"": 877600}",13.8,2026-09-10 14:45:00,"{""close"": 13.6, ""high"": 13.6, ""low"": 13.55, ""open"": 13.6, ""time"": ""2026-09-10 09:16:00"", ""volume"": 13600}",0.0,25599500,,"{""close"": 13.8, ""high"": 13.8, ""low"": 13.75, ""open"": 13.8, ""time"": ""2026-09-10 14:29:00"", ""volume"": 192200}",13.8,2026-09-10 14:29:00,226,False,True,"{""close"": 13.6, ""high"": 13.6, ""low"": 13.55, ""open"": 13.55, ""time"": ""2026-09-10 09:15:00"", ""volume"": 185600}",2026-09-10 09:15:00,185600,UNAVAILABLE,"[{""close"": 13.6, ""high"": 13.6, ""low"": 13.55, ""open"": 13.55, ""time"": ""2026-09-10 09:15:00"", ""volume"": 185600}, {""close"": 13.6, ""high"": 13.6, ""low"": 13.55, ""open"": 13.6, ""time"": ""2026-09-10 09:16:00"", ""volume"": 13600}, {""close"": 13.55, ""high"": 13.6, ""low"": 13.55, ""open"": 13.6, ""time"": ""2026-09-10 09:17:00"", ""volume"": 48400}]",VCI,INFERRED_BOUNDARY,True,True,VIX,25599500,2026-09-10,0,0.0
3259900,8.321017339387952,True,"[{""close"": 13.25, ""high"": 13.25, ""low"": 13.25, ""open"": 13.25, ""time"": ""2026-09-11 14:45:00"", ""volume"": 3259900}]",INFERRED_BOUNDARY,"[{""close"": 13.35, ""high"": 13.35, ""low"": 13.3, ""open"": 13.35, ""time"": ""2026-09-11 14:28:00"", ""volume"": 1259400}, {""close"": 13.3, ""high"": 13.35, ""low"": 13.25, ""open"": 13.3, ""time"": ""2026-09-11 14:29:00"", ""volume"": 996100}, {""close"": 13.25, ""high"": 13.25, ""low"": 13.25, ""open"": 13.25, ""time"": ""2026-09-11 14:45:00"", ""volume"": 3259900}]",13.65,13.8,39176700,"{""close"": 13.25, ""high"": 13.25, ""low"": 13.25, ""open"": 13.25, ""time"": ""2026-09-11 14:45:00"", ""volume"": 3259900}",13.25,2026-09-11 14:45:00,"{""close"": 13.65, ""high"": 13.7, ""low"": 13.65, ""open"": 13.7, ""time"": ""2026-09-11 09:16:00"", ""volume"": 101100}",-0.37593984962406546,39176700,,"{""close"": 13.3, ""high"": 13.35, ""low"": 13.25, ""open"": 13.3, ""time"": ""2026-09-11 14:29:00"", ""volume"": 996100}",13.3,2026-09-11 14:29:00,226,False,True,"{""close"": 13.7, ""high"": 13.7, ""low"": 13.65, ""open"": 13.65, ""time"": ""2026-09-11 09:15:00"", ""volume"": 402400}",2026-09-11 09:15:00,402400,UNAVAILABLE,"[{""close"": 13.7, ""high"": 13.7, ""low"": 13.65, ""open"": 13.65, ""time"": ""2026-09-11 09:15:00"", ""volume"": 402400}, {""close"": 13.65, ""high"": 13.7, ""low"": 13.65, ""open"": 13.7, ""time"": ""2026-09-11 09:16:00"", ""volume"": 101100}, {""close"": 13.7, ""high"": 13.7, ""low"": 13.65, ""open"": 13.65, ""time"": ""2026-09-11 09:17:00"", ""volume"": 58500}]",VCI,INFERRED_BOUNDARY,True,True,VIX,39176700,2026-09-11,0,0.0
4143500,4.999650078792603,True,"[{""close"": 12.6, ""high"": 12.6, ""low"": 12.6, ""open"": 12.6, ""time"": ""2026-09-14 14:45:00"", ""volume"": 4143500}]",INFERRED_BOUNDARY,"[{""close"": 12.8, ""high"": 12.85, ""low"": 12.8, ""open"": 12.85, ""time"": ""2026-09-14 14:28:00"", ""volume"": 419800}, {""close"": 12.8, ""high"": 12.85, ""low"": 12.8, ""open"": 12.85, ""time"": ""2026-09-14 14:29:00"", ""volume"": 712000}, {""close"": 12.6, ""high"": 12.6, ""low"": 12.6, ""open"": 12.6, ""time"": ""2026-09-14 14:45:00"", ""volume"": 4143500}]",13.15,13.25,82875800,"{""close"": 12.6, ""high"": 12.6, ""low"": 12.6, ""open"": 12.6, ""time"": ""2026-09-14 14:45:00"", ""volume"": 4143500}",12.6,2026-09-14 14:45:00,"{""close"": 13.25, ""high"": 13.25, ""low"": 13.15, ""open"": 13.2, ""time"": ""2026-09-14 09:16:00"", ""volume"": 240700}",-1.5625000000000084,82875800,,"{""close"": 12.8, ""high"": 12.85, ""low"": 12.8, ""open"": 12.85, ""time"": ""2026-09-14 14:29:00"", ""volume"": 712000}",12.8,2026-09-14 14:29:00,226,False,True,"{""close"": 13.2, ""high"": 13.2, ""low"": 13.15, ""open"": 13.15, ""time"": ""2026-09-14 09:15:00"", ""volume"": 509300}",2026-09-14 09:15:00,509300,UNAVAILABLE,"[{""close"": 13.2, ""high"": 13.2, ""low"": 13.15, ""open"": 13.15, ""time"": ""2026-09-14 09:15:00"", ""volume"": 509300}, {""close"": 13.25, ""high"": 13.25, ""low"": 13.15, ""open"": 13.2, ""time"": ""2026-09-14 09:16:00"", ""volume"": 240700}, {""close"": 13.3, ""high"": 13.3, ""low"": 13.2, ""open"": 13.25, ""time"": ""2026-09-14 09:17:00"", ""volume"": 262800}]",VCI,INFERRED_BOUNDARY,True,True,VIX,82875800,2026-09-14,0,0.0
5118500,15.580150185525085,True,"[{""close"": 12.9, ""high"": 12.9, ""low"": 12.9, ""open"": 12.9, ""time"": ""2026-09-15 14:45:00"", ""volume"": 5118500}]",INFERRED_BOUNDARY,"[{""close"": 13.3, ""high"": 13.3, ""low"": 13.25, ""open"": 13.3, ""time"": ""2026-09-15 14:28:00"", ""volume"": 371000}, {""close"": 13.3, ""high"": 13.3, ""low"": 13.25, ""open"": 13.3, ""time"": ""2026-09-15 14:29:00"", ""volume"": 150500}, {""close"": 12.9, ""high"": 12.9, ""low"": 12.9, ""open"": 12.9, ""time"": ""2026-09-15 14:45:00"", ""volume"": 5118500}]",12.65,12.6,32852700,"{""close"": 12.9, ""high"": 12.9, ""low"": 12.9, ""open"": 12.9, ""time"": ""2026-09-15 14:45:00"", ""volume"": 5118500}",12.9,2026-09-15 14:45:00,"{""close"": 12.9, ""high"": 12.95, ""low"": 12.85, ""open"": 12.85, ""time"": ""2026-09-15 09:16:00"", ""volume"": 693800}",-3.0075187969924837,32852700,,"{""close"": 13.3, ""high"": 13.3, ""low"": 13.25, ""open"": 13.3, ""time"": ""2026-09-15 14:29:00"", ""volume"": 150500}",13.3,2026-09-15 14:29:00,226,False,True,"{""close"": 12.85, ""high"": 12.9, ""low"": 12.65, ""open"": 12.65, ""time"": ""2026-09-15 09:15:00"", ""volume"": 1223200}",2026-09-15 09:15:00,1223200,UNAVAILABLE,"[{""close"": 12.85, ""high"": 12.9, ""low"": 12.65, ""open"": 12.65, ""time"": ""2026-09-15 09:15:00"", ""volume"": 1223200}, {""close"": 12.9, ""high"": 12.95, ""low"": 12.85, ""open"": 12.85, ""time"": ""2026-09-15 09:16:00"", ""volume"": 693800}, {""close"": 12.85, ""high"": 12.9, ""low"": 12.85, ""open"": 12.9, ""time"": ""2026-09-15 09:17:00"", ""volume"": 282000}]",VCI,INFERRED_BOUNDARY,True,True,VIX,32852700,2026-09-15,0,0.0
6264100,25.26824899961275,True,"[{""close"": 12.65, ""high"": 12.65, ""low"": 12.65, ""open"": 12.65, ""time"": ""2026-09-16 14:45:00"", ""volume"": 6264100}]",INFERRED_BOUNDARY,"[{""close"": 12.85, ""high"": 12.85, ""low"": 12.8, ""open"": 12.8, ""time"": ""2026-09-16 14:28:00"", ""volume"": 116600}, {""close"": 12.75, ""high"": 12.85, ""low"": 12.75, ""open"": 12.8, ""time"": ""2026-09-16 14:29:00"", ""volume"": 306500}, {""close"": 12.65, ""high"": 12.65, ""low"": 12.65, ""open"": 12.65, ""time"": ""2026-09-16 14:45:00"", ""volume"": 6264100}]",13.05,12.9,24790400,"{""close"": 12.65, ""high"": 12.65, ""low"": 12.65, ""open"": 12.65, ""time"": ""2026-09-16 14:45:00"", ""volume"": 6264100}",12.65,2026-09-16 14:45:00,"{""close"": 13.05, ""high"": 13.15, ""low"": 13.05, ""open"": 13.15, ""time"": ""2026-09-16 09:16:00"", ""volume"": 122600}",-0.7843137254901933,24790400,,"{""close"": 12.75, ""high"": 12.85, ""low"": 12.75, ""open"": 12.8, ""time"": ""2026-09-16 14:29:00"", ""volume"": 306500}",12.75,2026-09-16 14:29:00,226,False,True,"{""close"": 13.15, ""high"": 13.15, ""low"": 13.05, ""open"": 13.05, ""time"": ""2026-09-16 09:15:00"", ""volume"": 271100}",2026-09-16 09:15:00,271100,UNAVAILABLE,"[{""close"": 13.15, ""high"": 13.15, ""low"": 13.05, ""open"": 13.05, ""time"": ""2026-09-16 09:15:00"", ""volume"": 271100}, {""close"": 13.05, ""high"": 13.15, ""low"": 13.05, ""open"": 13.15, ""time"": ""2026-09-16 09:16:00"", ""volume"": 122600}, {""close"": 13.05, ""high"": 13.1, ""low"": 13.05, ""open"": 13.1, ""time"": ""2026-09-16 09:17:00"", ""volume"": 80500}]",VCI,INFERRED_BOUNDARY,True,True,VIX,24790400,2026-09-16,0,0.0
6164000,15.73520739891712,True,"[{""close"": 12.85, ""high"": 12.85, ""low"": 12.85, ""open"": 12.85, ""time"": ""2026-09-17 14:45:00"", ""volume"": 6164000}]",INFERRED_BOUNDARY,"[{""close"": 13, ""high"": 13, ""low"": 12.95, ""open"": 12.95, ""time"": ""2026-09-17 14:28:00"", ""volume"": 543200}, {""close"": 12.95, ""high"": 13, ""low"": 12.95, ""open"": 13, ""time"": ""2026-09-17 14:29:00"", ""volume"": 120500}, {""close"": 12.85, ""high"": 12.85, ""low"": 12.85, ""open"": 12.85, ""time"": ""2026-09-17 14:45:00"", ""volume"": 6164000}]",12.6,12.65,39173300,"{""close"": 12.85, ""high"": 12.85, ""low"": 12.85, ""open"": 12.85, ""time"": ""2026-09-17 14:45:00"", ""volume"": 6164000}",12.85,2026-09-17 14:45:00,"{""close"": 12.7, ""high"": 12.7, ""low"": 12.6, ""open"": 12.65, ""time"": ""2026-09-17 09:16:00"", ""volume"": 210600}",-0.7722007722007695,39173300,,"{""close"": 12.95, ""high"": 13, ""low"": 12.95, ""open"": 13, ""time"": ""2026-09-17 14:29:00"", ""volume"": 120500}",12.95,2026-09-17 14:29:00,226,False,True,"{""close"": 12.65, ""high"": 12.65, ""low"": 12.6, ""open"": 12.6, ""time"": ""2026-09-17 09:15:00"", ""volume"": 382100}",2026-09-17 09:15:00,382100,UNAVAILABLE,"[{""close"": 12.65, ""high"": 12.65, ""low"": 12.6, ""open"": 12.6, ""time"": ""2026-09-17 09:15:00"", ""volume"": 382100}, {""close"": 12.7, ""high"": 12.7, ""low"": 12.6, ""open"": 12.65, ""time"": ""2026-09-17 09:16:00"", ""volume"": 210600}, {""close"": 12.8, ""high"": 12.8, ""low"": 12.7, ""open"": 12.7, ""time"": ""2026-09-17 09:17:00"", ""volume"": 104700}]",VCI,INFERRED_BOUNDARY,True,True,VIX,39173300,2026-09-17,0,0.0
