scan_date,scan_at,symbol,exchange,close_price,previous_close_price,price_change_30m_pct,volume_accumulated,previous_volume_accumulated,avg_volume_10,expected_volume_at_time,rvol_time,ma200_vnd,distance_to_ma200_pct,below_ma200,price_surge_30m,volume_surge,strong_setup,has_any_signal,signal_name,is_baseline_snapshot,session_elapsed_minutes,session_progress,ma200_status,avg_volume_10_status,previous_scan_at,time,reference_price,open_price,high_price,low_price,average_price,total_value,price_change,percent_change,ceiling_price,floor_price,bid_price_1,bid_vol_1,bid_price_2,bid_vol_2,bid_price_3,bid_vol_3,ask_price_1,ask_vol_1,ask_price_2,ask_vol_2,ask_price_3,ask_vol_3,foreign_buy_volume,foreign_sell_volume,foreign_room,latest_date,latest_close,ma200,latest_close_vnd
2026-07-31,2026-07-31T12:19:31.618146+07:00,BAB,HNX,10500,10500,0.0,9300,9300,8130.0,4516.666666666667,2.0590405904059037,10880.249999999998,-3.4948645481491534,True,False,True,False,True,BELOW_MA200|VOLUME_SURGE,False,150,0.5555555555555556,OK,OK,2026-07-31T12:09:04.858539+07:00,1785471599626,10600,10600,10600,10400,10470,97370000,-100,-0.9433962264150944,11600,9600,10500.0,200,10400,2700,10300,1200,10600.0,3000,10700,300,10800,3200,0,0,345632153,2026-07-30,10.6,10.880249999999998,10600.0
2026-07-31,2026-07-31T12:19:31.618146+07:00,VHE,HNX,3000,3000,0.0,1630200,1630200,145440.0,80800.0,20.175742574257427,3561.500000000001,-15.7658290046329,True,False,True,False,True,BELOW_MA200|VOLUME_SURGE,False,150,0.5555555555555556,OK,OK,2026-07-31T12:09:04.858539+07:00,1785472144007,3000,3000,3000,2900,2900,4727610000,0,0.0,3300,2700,2900.0,45600,2800,109400,2700,80600,3000.0,211500,3100,107200,3200,52100,0,0,0,2026-07-30,3.0,3.561500000000001,3000.0
2026-07-31,2026-07-31T12:19:31.618146+07:00,AAA,HOSE,7150,7150,0.0,872300,872300,761990.0,423327.7777777778,2.0605782228113227,7248.25,-1.3554996033525333,True,False,True,False,True,BELOW_MA200|VOLUME_SURGE,False,150,0.5555555555555556,OK,OK,2026-07-31T12:09:04.858539+07:00,1785472140090,7090,7140,7260,7120,7170,6254156000,60,0.846262341325811,7580,6600,7140.0,2700,7120,4800,7110,4700,7150.0,1500,7160,1100,7170,11600,173300,0,387526041,2026-07-30,7.09,7.24825,7090.0
2026-07-31,2026-07-31T12:19:31.618146+07:00,AFX,HOSE,10400,10400,0.0,451000,451000,121270.0,67372.22222222222,6.694153541683846,10775.75,-3.486996264761154,True,False,True,False,True,BELOW_MA200|VOLUME_SURGE,False,150,0.5555555555555556,OK,OK,2026-07-31T12:09:04.858539+07:00,1785472186600,10100,10100,10500,10000,10267,4630375000,300,2.9702970297029703,10800,9400,10150.0,1500,10100,1400,10050,2000,10450.0,10800,10500,12600,10600,23000,0,0,-600,2026-07-30,10.1,10.77575,10100.0
2026-07-31,2026-07-31T12:19:31.618146+07:00,BID,HOSE,38350,38350,0.0,6938000,6938000,4074260.0,2263477.777777778,3.065194661116374,41143.600000000006,-6.789877404991312,True,False,True,False,True,BELOW_MA200|VOLUME_SURGE,False,150,0.5555555555555556,OK,OK,2026-07-31T12:09:04.858539+07:00,1785475141770,37250,37350,39400,37100,38374,266237180000,1100,2.953020134228188,39850,34650,38350.0,34700,38300,19500,38250,59500,38400.0,71900,38450,78200,38500,38300,342701,567200,908416744,2026-07-30,37.25,41.143600000000006,37250.0
2026-07-31,2026-07-31T12:19:31.618146+07:00,CMG,HOSE,24400,24400,0.0,245400,245400,207780.0,115433.33333333334,2.12590239676581,31007.899999999998,-21.310375742955824,True,False,True,False,True,BELOW_MA200|VOLUME_SURGE,False,150,0.5555555555555556,OK,OK,2026-07-31T12:09:04.858539+07:00,1785472133187,24100,24350,24700,24150,24351,5975810000,300,1.2448132780082988,25750,22450,24300.0,100,24250,3700,24200,31800,24450.0,14700,24500,4400,24550,1900,9400,800,31578884,2026-07-30,24.1,31.0079,24100.0
2026-07-31,2026-07-31T12:19:31.618146+07:00,CRC,HOSE,5790,5790,0.0,436200,436200,266930.0,148294.44444444444,2.9414453227437907,8489.800000000001,-31.800513557445413,True,False,True,False,True,BELOW_MA200|VOLUME_SURGE,False,150,0.5555555555555556,OK,OK,2026-07-31T12:09:04.858539+07:00,1785472152441,5830,5760,5830,5760,5802,2530623000,-40,-0.6861063464837049,6230,5430,5780.0,1000,5770,5800,5760,6400,5800.0,81600,5810,1500,5830,4700,0,3100,53245541,2026-07-30,5.83,8.4898,5830.0
2026-07-31,2026-07-31T12:19:31.618146+07:00,CTG,HOSE,31100,31100,0.0,11341100,11341100,8716350.0,4842416.666666667,2.342033075771395,34574.2,-10.048533299396652,True,False,True,False,True,BELOW_MA200|VOLUME_SURGE,False,150,0.5555555555555556,OK,OK,2026-07-31T12:09:04.858539+07:00,1785475143871,30450,30800,32000,30550,31268,354612410000,650,2.134646962233169,32550,28350,31100.0,31200,31050,71200,31000,99700,31150.0,79900,31200,41900,31250,114800,1728050,1478600,424291501,2026-07-30,30.45,34.5742,30450.0
2026-07-31,2026-07-31T12:19:31.618146+07:00,FRT,HOSE,124400,124400,0.0,1037500,1037500,381910.0,212172.22222222222,4.889895525123721,136614.6,-8.940918466986695,True,False,True,False,True,BELOW_MA200|VOLUME_SURGE,False,150,0.5555555555555556,OK,OK,2026-07-31T12:09:04.858539+07:00,1785475147171,116300,124400,124400,123300,124348,129010800000,8100,6.964746345657781,124400,108200,124400.0,101300,124300,34200,124200,24800,,0,0,0,0,0,409997,113600,30524428,2026-07-30,116.3,136.6146,116300.0
2026-07-31,2026-07-31T12:19:31.618146+07:00,NLG,HOSE,21600,21600,0.0,2474400,2474400,1979490.0,1099716.6666666667,2.250034099692345,29156.5,-25.91703393754394,True,False,True,False,True,BELOW_MA200|VOLUME_SURGE,False,150,0.5555555555555556,OK,OK,2026-07-31T12:09:04.858539+07:00,1785472214196,21550,21650,21800,21550,21599,53445800000,50,0.23201856148491878,23050,20050,21550.0,86700,21500,126500,21450,73800,21600.0,3900,21650,42200,21700,54100,91100,1779000,45331152,2026-07-30,21.55,29.1565,21550.0
2026-07-31,2026-07-31T12:19:31.618146+07:00,TTF,HOSE,1840,1840,0.0,480800,480800,428260.0,237922.22222222222,2.020828468687246,2707.75,-32.0469024097498,True,False,True,False,True,BELOW_MA200|VOLUME_SURGE,False,150,0.5555555555555556,OK,OK,2026-07-31T12:09:04.858539+07:00,1785472151479,1820,1820,1840,1800,1815,872790000,20,1.098901098901099,1940,1700,1830.0,18200,1820,9100,1810,26900,1840.0,18000,1850,500,1860,10800,10700,2500,183448491,2026-07-30,1.82,2.70775,1820.0
2026-07-31,2026-07-31T12:19:31.618146+07:00,VCB,HOSE,59600,59600,0.0,15447200,15447200,4574120.0,2541177.777777778,6.078756132327092,60786.65,-1.9521556131157112,True,False,True,False,True,BELOW_MA200|VOLUME_SURGE,False,150,0.5555555555555556,OK,OK,2026-07-31T12:09:04.858539+07:00,1785472221097,56500,57700,60400,57300,59209,914620560000,3100,5.486725663716814,60400,52600,59600.0,2300,59500,38600,59400,71500,59700.0,37000,59800,55500,59900,71800,3854700,690300,826627588,2026-07-30,56.5,60.78665,56500.0
2026-07-31,2026-07-31T12:19:31.618146+07:00,VRE,HOSE,24800,24800,0.0,6451800,6451800,5779660.0,3210922.2222222225,2.0093292685036834,29628.050000000003,-16.29553750584329,True,False,True,False,True,BELOW_MA200|VOLUME_SURGE,False,150,0.5555555555555556,OK,OK,2026-07-31T12:09:04.858539+07:00,1785475163378,24300,25200,25750,24700,25261,162981010000,500,2.05761316872428,26000,22600,24750.0,100,24700,5200,24650,9200,24800.0,9600,24850,1600,24900,23400,3179650,977200,875604818,2026-07-30,24.3,29.62805,24300.0
2026-07-31,2026-07-31T12:19:31.618146+07:00,DSH,UPCOM,13300,13300,0.0,264200,264200,63750.0,35416.66666666667,7.4597647058823515,13393.35,-0.696987684186558,True,False,True,False,True,BELOW_MA200|VOLUME_SURGE,False,150,0.5555555555555556,OK,OK,2026-07-31T12:09:04.858539+07:00,1785472153590,13900,14300,14600,13200,13612,3596230000,-600,-4.316546762589928,15900,11900,13200.0,1400,13100,6300,13000,3700,13300.0,4800,13800,2000,13900,2000,0,0,0,2026-07-30,14.0,13.39335,14000.0
2026-07-31,2026-07-31T12:19:31.618146+07:00,SBS,UPCOM,4600,4600,0.0,784000,784000,588290.0,326827.7777777778,2.3988169100273673,5403.000000000001,-14.862113640570069,True,False,True,False,True,BELOW_MA200|VOLUME_SURGE,False,150,0.5555555555555556,OK,OK,2026-07-31T12:09:04.858539+07:00,1785472193824,4600,4800,4800,4600,4642,3639560000,0,0.0,5200,4000,4600.0,640300,4500,1276600,4400,1003800,4700.0,139400,4800,210600,4900,186800,0,12900,145031978,2026-07-30,4.8,5.4030000000000005,4800.0
2026-07-31,2026-07-31T12:19:31.618146+07:00,VGI,UPCOM,81700,81700,0.0,300900,300900,211530.0,117516.66666666667,2.5604878740604167,88492.0,-7.675270080911269,True,False,True,False,True,BELOW_MA200|VOLUME_SURGE,False,150,0.5555555555555556,OK,OK,2026-07-31T12:09:04.858539+07:00,1785472196196,77500,79500,84100,78300,80627,24260540000,4200,5.419354838709677,89100,65900,81700.0,100,81600,1000,81500,2100,81800.0,900,81900,600,82000,3300,0,0,-453912,2026-07-30,78.8,88.492,78800.0
2026-07-31,2026-07-31T12:19:31.618146+07:00,HSL,HOSE,8280,8280,0.0,649600,649600,341240.0,189577.77777777778,3.426561950533349,7075.900000000001,17.016916575983256,False,False,True,False,True,VOLUME_SURGE,False,150,0.5555555555555556,OK,OK,2026-07-31T12:09:04.858539+07:00,1785472178791,8100,8100,8460,8070,8297,5389920000,180,2.2222222222222223,8660,7540,8120.0,1400,8110,100,8100,6000,8260.0,1000,8270,1000,8280,4300,24300,38600,18690652,2026-07-30,8.1,7.075900000000001,8100.0
2026-07-31,2026-07-31T12:19:31.618146+07:00,HVH,HOSE,11700,11700,0.0,426300,426300,241920.0,134400.0,3.171875,11220.800000000001,4.270640239555102,False,False,True,False,True,VOLUME_SURGE,False,150,0.5555555555555556,OK,OK,2026-07-31T12:09:04.858539+07:00,1785472052482,11400,11500,12000,11500,11793,5027150000,300,2.631578947368421,12150,10650,11700.0,1200,11650,3400,11600,5400,11750.0,5900,11800,10600,11850,10900,5800,1000,34138052,2026-07-30,11.4,11.2208,11400.0
2026-07-31,2026-07-31T12:19:31.618146+07:00,POW,HOSE,13700,13700,0.0,7951500,7951500,7127880.0,3959933.3333333335,2.0079883499722215,13274.85,3.2026727232322747,False,False,True,False,True,VOLUME_SURGE,False,150,0.5555555555555556,OK,OK,2026-07-31T12:09:04.858539+07:00,1785472215997,13700,13950,14100,13650,13912,110618330000,0,0.0,14650,12750,13650.0,325400,13600,185400,13550,82500,13700.0,17300,13750,135000,13800,133600,118000,1395600,1391662017,2026-07-30,13.7,13.27485,13700.0
2026-07-31,2026-07-31T12:19:31.618146+07:00,AIG,UPCOM,52800,52800,0.0,35200,35200,20230.0,11238.888888888889,3.1319822046465644,46825.99999999999,12.757869559646368,False,False,True,False,True,VOLUME_SURGE,False,150,0.5555555555555556,OK,OK,2026-07-31T12:09:04.858539+07:00,1785471959427,51200,52000,53500,52000,53106,1869330000,1600,3.125,58800,43600,52500.0,1800,52200,1600,52100,2000,52800.0,100,52900,800,53000,4600,1000,0,8655088,2026-07-30,52.0,46.82599999999999,52000.0
2026-07-31,2026-07-31T12:19:31.618146+07:00,SCL,UPCOM,23800,23800,0.0,266300,266300,138420.0,76900.0,3.4629388816644995,17661.149999999998,34.7590615560142,False,False,True,False,True,VOLUME_SURGE,False,150,0.5555555555555556,OK,OK,2026-07-31T12:09:04.858539+07:00,1785472176696,22500,22800,24800,22800,23897,6363710000,1300,5.777777777777778,25800,19200,23700.0,7300,23600,5500,23500,6900,23800.0,1900,23900,2500,24000,2900,200,0,18576077,2026-07-30,22.8,17.66115,22800.0
2026-07-31,2026-07-31T12:19:31.618146+07:00,API,HNX,5400,5400,0.0,32800,32800,94310.0,52394.444444444445,0.6260205704591242,6373.499999999999,-15.274182160508342,True,False,False,False,True,BELOW_MA200,False,150,0.5555555555555556,OK,OK,2026-07-31T12:09:04.858539+07:00,1785472110999,5500,5500,5500,5400,5432,178180000,-100,-1.8181818181818181,6000,5000,5400.0,1500,5300,12200,5200,3500,5500.0,15700,5600,10400,5700,10900,0,10100,39212818,2026-07-30,5.5,6.373499999999999,5500.0
2026-07-31,2026-07-31T12:19:31.618146+07:00,APS,HNX,5800,5800,0.0,144100,144100,393570.0,218650.0,0.6590441344614681,6984.000000000001,-16.95303550973655,True,False,False,False,True,BELOW_MA200,False,150,0.5555555555555556,OK,OK,2026-07-31T12:09:04.858539+07:00,1785471995141,5800,5800,5900,5700,5800,835770000,0,0.0,6300,5300,5700.0,60900,5600,57100,5500,64900,5800.0,5100,5900,54300,6000,109000,0,38000,82441534,2026-07-30,5.8,6.984000000000001,5800.0
2026-07-31,2026-07-31T12:19:31.618146+07:00,BVS,HNX,25700,25700,0.0,661800,661800,1334090.0,741161.1111111111,0.8929232660465186,29315.199999999997,-12.332168977185889,True,False,False,False,True,BELOW_MA200,False,150,0.5555555555555556,OK,OK,2026-07-31T12:09:04.858539+07:00,1785472185388,26200,26300,26500,25600,25939,17166620000,-500,-1.9083969465648856,28800,23600,25700.0,8000,25600,27700,25500,23000,25900.0,500,26000,4900,26100,7100,0,198600,71055229,2026-07-30,26.2,29.315199999999997,26200.0
2026-07-31,2026-07-31T12:19:31.618146+07:00,CEO,HNX,11500,11500,0.0,2938700,2938700,6589040.0,3660577.777777778,0.8027967655379236,18394.0,-37.47961291725563,True,False,False,False,True,BELOW_MA200,False,150,0.5555555555555556,OK,OK,2026-07-31T12:09:04.858539+07:00,1785472194993,11700,11700,12000,11500,11682,34329170000,-200,-1.7094017094017095,12800,10600,11500.0,224600,11400,298500,11300,330800,11600.0,26700,11700,203500,11800,231800,900,578800,271522003,2026-07-30,11.7,18.394,11700.0
2026-07-31,2026-07-31T12:19:31.618146+07:00,DST,HNX,7000,7000,0.0,25600,25600,257980.0,143322.22222222222,0.17861849755795023,9096.0,-23.043095866314864,True,False,False,False,True,BELOW_MA200,False,150,0.5555555555555556,OK,OK,2026-07-31T12:09:04.858539+07:00,1785472198594,7100,7100,7200,6900,7036,180130000,-100,-1.4084507042253522,7800,6400,7000.0,500,6900,3000,6800,4600,7100.0,2100,7200,9300,7300,6600,0,0,-8850,2026-07-30,7.1,9.096,7100.0
2026-07-31,2026-07-31T12:19:31.618146+07:00,DTD,HNX,12300,12300,0.0,20000,20000,118400.0,65777.77777777778,0.30405405405405406,14731.949999999999,-16.50799792288189,True,False,False,False,True,BELOW_MA200,False,150,0.5555555555555556,OK,OK,2026-07-31T12:09:04.858539+07:00,1785475170884,12400,12400,12400,12200,12270,245390000,-100,-0.8064516129032258,13600,11200,12200.0,27700,12100,27200,12000,23900,12300.0,20800,12400,22800,12500,17900,0,1921,35727829,2026-07-30,12.4,14.73195,12400.0
2026-07-31,2026-07-31T12:19:31.618146+07:00,HUT,HNX,14600,14600,0.0,792800,792800,2644820.0,1469344.4444444445,0.5395603481522372,16142.499999999998,-9.555521139848217,True,False,False,False,True,BELOW_MA200,False,150,0.5555555555555556,OK,OK,2026-07-31T12:09:04.858539+07:00,1785472177898,14800,14800,14800,14500,14509,11502780000,-200,-1.3513513513513513,16200,13400,14500.0,72800,14400,799200,14300,324900,14600.0,17100,14700,62000,14800,1317600,4300,8100,499966434,2026-07-30,14.8,16.1425,14800.0
2026-07-31,2026-07-31T12:19:31.618146+07:00,IDC,HNX,32800,32800,0.0,509300,509300,1128670.0,627038.8888888889,0.8122303241868748,36423.950000000004,-9.949360242368014,True,False,False,False,True,BELOW_MA200,False,150,0.5555555555555556,OK,OK,2026-07-31T12:09:04.858539+07:00,1785472197109,32500,32500,33300,32500,32908,16760100000,300,0.9230769230769231,35700,29300,32800.0,15600,32700,15100,32600,20600,32900.0,8500,33000,16200,33100,8800,4000,116400,127853107,2026-07-30,32.5,36.423950000000005,32500.0
2026-07-31,2026-07-31T12:19:31.618146+07:00,IDJ,HNX,3700,3700,0.0,212300,212300,358970.0,199427.77777777778,1.0645457837702315,4599.5,-19.55647352973149,True,False,False,False,True,BELOW_MA200,False,150,0.5555555555555556,OK,OK,2026-07-31T12:09:04.858539+07:00,1785472139192,3800,3800,3800,3600,3699,785240000,-100,-2.631578947368421,4100,3500,3600.0,209100,3500,159300,0,0,3700.0,10500,3800,216900,3900,284500,0,0,85744257,2026-07-30,3.8,4.5995,3800.0
2026-07-31,2026-07-31T12:19:31.618146+07:00,L14,HNX,18000,18000,0.0,18200,18200,48240.0,26800.0,0.6791044776119403,25679.5,-29.905177281489127,True,False,False,False,True,BELOW_MA200,False,150,0.5555555555555556,OK,OK,2026-07-31T12:09:04.858539+07:00,1785471975034,18200,18700,18700,17900,18146,330250000,-200,-1.098901098901099,20000,16400,17900.0,2800,17700,2200,17600,7400,18000.0,1900,18100,2000,18200,2400,0,4800,15354370,2026-07-30,18.2,25.6795,18200.0
2026-07-31,2026-07-31T12:19:31.618146+07:00,LAS,HNX,11600,11600,0.0,58600,58600,207600.0,115333.33333333334,0.5080924855491329,16088.000000000002,-27.89656887120836,True,False,False,False,True,BELOW_MA200,False,150,0.5555555555555556,OK,OK,2026-07-31T12:09:04.858539+07:00,1785472039282,11700,11800,11800,11600,11680,684420000,-100,-0.8547008547008548,12800,10600,11600.0,8400,11500,56900,11400,23000,11700.0,6300,11800,158500,11900,75300,0,800,55260346,2026-07-30,11.7,16.088,11700.0
2026-07-31,2026-07-31T12:19:31.618146+07:00,MBG,HNX,2400,2400,0.0,16200,16200,205370.0,114094.44444444445,0.14198763207868723,3011.0,-20.29226170707406,True,False,False,False,True,BELOW_MA200,False,150,0.5555555555555556,OK,OK,2026-07-31T12:09:04.858539+07:00,1785471592138,2400,2400,2400,2400,2400,38880000,0,0.0,2600,2200,2300.0,203400,2200,108900,0,0,2400.0,68200,2500,296800,2600,296700,0,0,57090278,2026-07-30,2.4,3.011,2400.0
2026-07-31,2026-07-31T12:19:31.618146+07:00,MBS,HNX,18100,18100,0.0,2683600,2683600,7530340.0,4183522.2222222225,0.6414690438944324,21211.350000000002,-14.668326155572379,True,False,False,False,True,BELOW_MA200,False,150,0.5555555555555556,OK,OK,2026-07-31T12:09:04.858539+07:00,1785472199502,18400,18400,19000,18100,18294,49093590000,-300,-1.6304347826086956,20200,16600,18100.0,92200,18000,620700,17900,246200,18200.0,86700,18300,150800,18400,108000,38800,249600,487009347,2026-07-30,18.4,21.211350000000003,18400.0
2026-07-31,2026-07-31T12:19:31.618146+07:00,NDN,HNX,9100,9100,0.0,20800,20800,153310.0,85172.22222222222,0.24421107559846064,11026.5,-17.47154582143019,True,False,False,False,True,BELOW_MA200,False,150,0.5555555555555556,OK,OK,2026-07-31T12:09:04.858539+07:00,1785470822389,9100,9200,9200,9100,9125,189810000,0,0.0,10000,8200,9000.0,19800,8900,27000,8800,7500,9100.0,6800,9200,17100,9300,15800,0,0,35031303,2026-07-30,9.1,11.0265,9100.0
2026-07-31,2026-07-31T12:19:31.618146+07:00,NRC,HNX,4600,4600,0.0,308900,308900,3014030.0,1674461.1111111112,0.184477261341128,6068.0,-24.192485168094922,True,False,False,False,True,BELOW_MA200,False,150,0.5555555555555556,OK,OK,2026-07-31T12:09:04.858539+07:00,1785472199803,4600,4700,4700,4500,4597,1419940000,0,0.0,5000,4200,4500.0,184800,4400,116900,4300,198800,4600.0,70000,4700,87200,4800,116500,0,0,46167587,2026-07-30,4.6,6.068,4600.0
2026-07-31,2026-07-31T12:19:31.618146+07:00,NTP,HNX,48300,48300,0.0,29400,29400,73880.0,41044.444444444445,0.7162966973470493,50042.15,-3.4813652091287075,True,False,False,False,True,BELOW_MA200,False,150,0.5555555555555556,OK,OK,2026-07-31T12:09:04.858539+07:00,1785475172682,48400,48500,48500,47000,47923,1408940000,-100,-0.2066115702479339,53200,43600,48300.0,18600,48000,400,47900,1500,48400.0,2500,48500,4100,48600,3000,1900,9060,69274114,2026-07-30,48.4,50.04215,48400.0
2026-07-31,2026-07-31T12:19:31.618146+07:00,NVB,HNX,11500,11500,0.0,237000,237000,420240.0,233466.6666666667,1.015134209023415,12634.0,-8.975779642235238,True,False,False,False,True,BELOW_MA200,False,150,0.5555555555555556,OK,OK,2026-07-31T12:09:04.858539+07:00,1785472182395,11600,11700,11700,11400,11513,2728470000,-100,-0.8620689655172413,12700,10500,11400.0,38900,11300,28500,11200,35700,11500.0,11000,11600,22000,11700,16500,0,23900,251009543,2026-07-30,11.6,12.634,11600.0
2026-07-31,2026-07-31T12:19:31.618146+07:00,PLC,HNX,19600,19600,0.0,55700,55700,122950.0,68305.55555555556,0.8154534363562423,24965.5,-21.491658488714428,True,False,False,False,True,BELOW_MA200,False,150,0.5555555555555556,OK,OK,2026-07-31T12:09:04.858539+07:00,1785471893724,19300,19300,20200,19300,19771,1101240000,300,1.5544041450777202,21200,17400,19400.0,800,19300,8900,19200,1000,19600.0,1100,19700,1200,19800,7600,1600,600,39431499,2026-07-30,19.3,24.9655,19300.0
2026-07-31,2026-07-31T12:19:31.618146+07:00,PVC,HNX,12200,12200,0.0,306900,306900,424250.0,235694.44444444447,1.3021096051856216,13750.0,-11.272727272727273,True,False,False,False,True,BELOW_MA200,False,150,0.5555555555555556,OK,OK,2026-07-31T12:09:04.858539+07:00,1785472146683,12100,12200,12600,12200,12348,3789450000,100,0.8264462809917356,13300,10900,12100.0,17900,12000,17500,11900,3800,12200.0,16400,12300,15300,12400,64400,0,0,-135895,2026-07-30,12.1,13.75,12100.0
2026-07-31,2026-07-31T12:19:31.618146+07:00,PVS,HNX,34400,34400,0.0,1303800,1303800,3408240.0,1893466.6666666667,0.6885782691359763,37514.55000000001,-8.302245395453255,True,False,False,False,True,BELOW_MA200,False,150,0.5555555555555556,OK,OK,2026-07-31T12:09:04.858539+07:00,1785472199188,34800,34900,35100,34300,34542,45036370000,-400,-1.1494252873563218,38200,31400,34400.0,105300,34300,90500,34200,60700,34500.0,5400,34600,17100,34700,19300,241000,263200,170237108,2026-07-30,34.8,37.51455000000001,34800.0
2026-07-31,2026-07-31T12:19:31.618146+07:00,SHS,HNX,15300,15300,0.0,5063400,5063400,13358520.0,7421400.0,0.6822701916080524,19242.000000000004,-20.486435921421904,True,False,False,False,True,BELOW_MA200,False,150,0.5555555555555556,OK,OK,2026-07-31T12:09:04.858539+07:00,1785472197389,15600,15700,15900,15300,15521,78589620000,-300,-1.9230769230769231,17100,14100,15300.0,161600,15200,682300,15100,531600,15400.0,351000,15500,191600,15600,326000,5000,560800,359717038,2026-07-30,15.6,19.242000000000004,15600.0
2026-07-31,2026-07-31T12:19:31.618146+07:00,TIG,HNX,6000,6000,0.0,54500,54500,613300.0,340722.22222222225,0.1599543453448557,7387.0,-18.776228509543795,True,False,False,False,True,BELOW_MA200,False,150,0.5555555555555556,OK,OK,2026-07-31T12:09:04.858539+07:00,1785471683350,6000,6000,6000,5800,5877,320310000,0,0.0,6600,5400,5800.0,151300,5700,89600,5600,50500,5900.0,20000,6000,202200,6100,128800,0,0,74454262,2026-07-30,6.0,7.387,6000.0
2026-07-31,2026-07-31T12:19:31.618146+07:00,TNG,HNX,18000,18000,0.0,339300,339300,588950.0,327194.44444444444,1.0369980473724425,19724.8,-8.744321868916284,True,False,False,False,True,BELOW_MA200,False,150,0.5555555555555556,OK,OK,2026-07-31T12:09:04.858539+07:00,1785472184202,17600,17600,18100,17600,17929,6083180000,400,2.272727272727273,19300,15900,17900.0,61300,17800,124700,17700,24700,18000.0,15500,18100,61800,18200,49300,0,42000,35092710,2026-07-30,17.6,19.7248,17600.0
2026-07-31,2026-07-31T12:19:31.618146+07:00,VC3,HNX,25600,25600,0.0,339600,339600,1466980.0,814988.8888888889,0.41669279744781795,26828.000000000004,-4.577307290890128,True,False,False,False,True,BELOW_MA200,False,150,0.5555555555555556,OK,OK,2026-07-31T12:09:04.858539+07:00,1785472117891,25800,25800,25800,25400,25495,8658040000,-200,-0.7751937984496124,28300,23300,25500.0,10100,25400,36000,25300,17000,25600.0,2500,25700,9700,25800,5000,2600,1100,67179272,2026-07-30,25.8,26.828000000000003,25800.0
2026-07-31,2026-07-31T12:19:31.618146+07:00,VC7,HNX,7200,7200,0.0,11300,11300,94050.0,52250.0,0.21626794258373205,8800.350000000002,-18.185072184629043,True,False,False,False,True,BELOW_MA200,False,150,0.5555555555555556,OK,OK,2026-07-31T12:09:04.858539+07:00,1785471894322,7300,7300,7400,7200,7229,81690000,-100,-1.36986301369863,8000,6600,7100.0,22500,7000,45500,6900,12600,7200.0,3000,7300,22500,7400,15400,0,0,47994496,2026-07-30,7.3,8.800350000000002,7300.0
2026-07-31,2026-07-31T12:19:31.618146+07:00,VFS,HNX,9600,9600,0.0,529900,529900,713350.0,396305.55555555556,1.3370996004766245,12880.45,-25.468442484540528,True,False,False,False,True,BELOW_MA200,False,150,0.5555555555555556,OK,OK,2026-07-31T12:09:04.858539+07:00,1785472133497,9800,9900,10000,9600,9770,5177040000,-200,-2.0408163265306123,10700,8900,9500.0,168800,9400,278900,9300,249100,9600.0,14300,9700,14000,9800,73800,0,24800,153764094,2026-07-30,9.8,12.880450000000002,9800.0
2026-07-31,2026-07-31T12:19:31.618146+07:00,VTV,HNX,12800,12800,0.0,18700,18700,59140.0,32855.555555555555,0.5691579303347988,14345.5,-10.77341326548395,True,False,False,False,True,BELOW_MA200,False,150,0.5555555555555556,OK,OK,2026-07-31T12:09:04.858539+07:00,1785471920415,13000,12800,13000,12600,12818,239690000,-200,-1.5384615384615385,14300,11700,12600.0,800,12500,1000,12200,1000,12800.0,900,13000,2900,13200,1200,0,0,15285416,2026-07-30,13.0,14.3455,13000.0
2026-07-31,2026-07-31T12:19:31.618146+07:00,ACC,HOSE,4500,4500,0.0,243500,243500,756300.0,420166.6666666667,0.5795319317731059,12491.7,-63.97608011719782,True,False,False,False,True,BELOW_MA200,False,150,0.5555555555555556,OK,OK,2026-07-31T12:09:04.858539+07:00,1785472183282,4830,4840,4880,4500,4656,1133658000,-330,-6.832298136645963,5160,4500,,0,0,0,0,0,4500.0,16500,4550,47900,4600,9800,0,0,-7846896,2026-07-30,4.83,12.491700000000002,4830.0
2026-07-31,2026-07-31T12:19:31.618146+07:00,AGG,HOSE,11600,11600,0.0,167400,167400,410080.0,227822.22222222222,0.7347834568864612,13693.25,-15.286728862760848,True,False,False,False,True,BELOW_MA200,False,150,0.5555555555555556,OK,OK,2026-07-31T12:09:04.858539+07:00,1785472175511,11750,11850,11850,11450,11593,1940590000,-150,-1.276595744680851,12550,10950,11500.0,700,11450,9800,11400,16500,11550.0,3000,11600,6000,11650,8200,1600,5500,79955946,2026-07-30,11.75,13.69325,11750.0
2026-07-31,2026-07-31T12:19:31.618146+07:00,AGR,HOSE,13050,13050,0.0,154100,154100,452050.0,251138.8888888889,0.6136046897467093,15336.0,-14.906103286384976,True,False,False,False,True,BELOW_MA200,False,150,0.5555555555555556,OK,OK,2026-07-31T12:09:04.858539+07:00,1785472153286,13250,13300,13300,13000,13122,2022080000,-200,-1.509433962264151,14150,12350,13050.0,15200,13000,61000,12950,8600,13100.0,3500,13150,5500,13200,5700,100,49300,227627288,2026-07-30,13.25,15.336,13250.0
2026-07-31,2026-07-31T12:19:31.618146+07:00,ANV,HOSE,17250,17250,0.0,235500,235500,596310.0,331283.3333333334,0.7108718619509986,24902.850000000002,-30.730819966389394,True,False,False,False,True,BELOW_MA200,False,150,0.5555555555555556,OK,OK,2026-07-31T12:09:04.858539+07:00,1785472124485,17600,17800,17800,17250,17392,4095765000,-350,-1.9886363636363635,18800,16400,17200.0,42800,17150,5100,17100,9600,17300.0,39900,17350,100,17400,1000,38400,114100,123218095,2026-07-30,17.6,24.90285,17600.0
2026-07-31,2026-07-31T12:19:31.618146+07:00,APG,HOSE,4630,4630,0.0,124500,124500,224330.0,124627.77777777778,0.9989747247358801,7960.6,-41.83855488279778,True,False,False,False,True,BELOW_MA200,False,150,0.5555555555555556,OK,OK,2026-07-31T12:09:04.858539+07:00,1785472139499,4660,4670,4750,4600,4651,579105000,-30,-0.6437768240343348,4980,4340,4610.0,4300,4600,25900,4590,2200,4630.0,600,4640,500,4650,6400,1000,20600,160269344,2026-07-30,4.66,7.9606,4660.0
2026-07-31,2026-07-31T12:19:31.618146+07:00,APH,HOSE,5600,5600,0.0,60300,60300,169710.0,94283.33333333334,0.6395616050910375,5968.7,-6.177224521252532,True,False,False,False,True,BELOW_MA200,False,150,0.5555555555555556,OK,OK,2026-07-31T12:09:04.858539+07:00,1785471972036,5610,5690,5700,5600,5657,341112000,-10,-0.17825311942959002,6000,5220,5560.0,1000,5550,3500,5530,1000,5600.0,3000,5610,100,5620,4800,0,2500,175853301,2026-07-30,5.61,5.9687,5610.0
2026-07-31,2026-07-31T12:19:31.618146+07:00,ASM,HOSE,5950,5950,0.0,148100,148100,579130.0,321738.8888888889,0.46031115638975706,6230.349999999999,-4.499747205213182,True,False,False,False,True,BELOW_MA200,False,150,0.5555555555555556,OK,OK,2026-07-31T12:09:04.858539+07:00,1785472165900,5950,6000,6000,5950,5970,884217000,0,0.0,6360,5540,5950.0,47900,5940,31600,5930,32300,5960.0,1500,5970,4500,5980,8300,3600,0,148426330,2026-07-30,5.95,6.23035,5950.0
2026-07-31,2026-07-31T12:19:31.618146+07:00,BCE,HOSE,5500,5500,0.0,45200,45200,627310.0,348505.55555555556,0.1296966412140728,8816.849999999999,-37.61944458621843,True,False,False,False,True,BELOW_MA200,False,150,0.5555555555555556,OK,OK,2026-07-31T12:09:04.858539+07:00,1785472112481,5480,5480,5500,5420,5479,247645000,20,0.36496350364963503,5860,5100,5500.0,800,5410,200,5400,2600,5510.0,10100,5520,10500,5530,10000,0,0,19843389,2026-07-30,5.48,8.816849999999999,5480.0
2026-07-31,2026-07-31T12:19:31.618146+07:00,BCM,HOSE,36150,36150,0.0,257000,257000,615260.0,341811.1111111111,0.7518772551441667,58451.95,-38.15433018060133,True,False,False,False,True,BELOW_MA200,False,150,0.5555555555555556,OK,OK,2026-07-31T12:09:04.858539+07:00,1785472188413,36300,36600,36900,35800,36166,9294595000,-150,-0.4132231404958678,38800,33800,36150.0,4400,36100,10900,36000,4100,36200.0,1200,36300,9500,36350,1600,5100,195900,344380514,2026-07-30,36.3,58.45195,36300.0
2026-07-31,2026-07-31T12:19:31.618146+07:00,BFC,HOSE,51000,51000,0.0,143100,143100,202640.0,112577.77777777778,1.2711212001579155,53275.25,-4.2707448580719936,True,False,False,False,True,BELOW_MA200,False,150,0.5555555555555556,OK,OK,2026-07-31T12:09:04.858539+07:00,1785472161683,51000,51000,51500,50500,51168,7322100000,0,0.0,54500,47450,51000.0,27500,50900,100,50800,400,51500.0,5200,51600,35900,51800,5100,12400,1400,28448174,2026-07-30,51.0,53.27525,51000.0
2026-07-31,2026-07-31T12:19:31.618146+07:00,BKG,HOSE,2100,2100,0.0,158100,158100,341110.0,189505.55555555556,0.8342763331476649,2674.0,-21.465968586387437,True,False,False,False,True,BELOW_MA200,False,150,0.5555555555555556,OK,OK,2026-07-31T12:09:04.858539+07:00,1785472006854,2080,2040,2180,2040,2084,329494000,20,0.9615384615384616,2220,1940,2100.0,600,2090,5000,2080,11000,2110.0,500,2120,600,2130,800,0,0,35671670,2026-07-30,2.08,2.674,2080.0
2026-07-31,2026-07-31T12:19:31.618146+07:00,BSI,HOSE,27800,27800,0.0,154100,154100,526490.0,292494.44444444444,0.5268476134399513,34243.4,-18.816472663345348,True,False,False,False,True,BELOW_MA200,False,150,0.5555555555555556,OK,OK,2026-07-31T12:09:04.858539+07:00,1785472176982,28000,28350,28350,27700,27956,4308080000,-200,-0.7142857142857143,29950,26050,27750.0,7100,27700,6300,27650,600,27800.0,1500,27900,800,28000,20400,0,48800,174061970,2026-07-30,28.0,34.2434,28000.0
2026-07-31,2026-07-31T12:19:31.618146+07:00,BVB,HOSE,12450,12450,0.0,688800,688800,3004310.0,1669061.1111111112,0.41268710619077253,13103.0,-4.983591543921239,True,False,False,False,True,BELOW_MA200,False,150,0.5555555555555556,OK,OK,2026-07-31T12:09:04.858539+07:00,1785472124184,12400,12450,12700,12350,12487,8601360000,50,0.4032258064516129,13250,11550,12450.0,7400,12400,11000,12350,77500,12500.0,9900,12550,22700,12600,56200,0,0,31639466,2026-07-30,12.4,13.103,12400.0
2026-07-31,2026-07-31T12:19:31.618146+07:00,BVH,HOSE,62700,62700,0.0,290100,290100,292180.0,162322.22222222222,1.7871859812444384,65272.049999999996,-3.9405074606971833,True,False,False,False,True,BELOW_MA200,False,150,0.5555555555555556,OK,OK,2026-07-31T12:09:04.858539+07:00,1785472191692,61100,61100,63000,61100,62275,18065960000,1600,2.618657937806874,65300,56900,62700.0,800,62600,12800,62500,4400,62800.0,3100,62900,3100,63000,9200,139800,17400,160972414,2026-07-30,61.1,65.27205,61100.0
2026-07-31,2026-07-31T12:19:31.618146+07:00,CII,HOSE,13200,13200,0.0,3125400,3125400,8793230.0,4885127.777777778,0.6397785569125338,19818.25,-33.394724559433854,True,False,False,False,True,BELOW_MA200,False,150,0.5555555555555556,OK,OK,2026-07-31T12:09:04.858539+07:00,1785472193191,13400,13550,13550,13150,13345,41707610000,-200,-1.4925373134328357,14300,12500,13150.0,56000,13100,234300,13050,263900,13200.0,18900,13250,10900,13300,17500,51900,1129900,242049890,2026-07-30,13.4,19.81825,13400.0
2026-07-31,2026-07-31T12:19:31.618146+07:00,CRE,HOSE,7070,7070,0.0,42900,42900,138430.0,76905.55555555556,0.5578270606082496,8037.85,-12.041155284062285,True,False,False,False,True,BELOW_MA200,False,150,0.5555555555555556,OK,OK,2026-07-31T12:09:04.858539+07:00,1785472165595,7200,7280,7280,6950,7054,302635000,-130,-1.8055555555555554,7700,6700,7000.0,5000,6940,5100,6920,13100,7070.0,13700,7090,5000,7100,3700,0,1800,214829594,2026-07-30,7.2,8.03785,7200.0
2026-07-31,2026-07-31T12:19:31.618146+07:00,CSV,HOSE,21350,21350,0.0,175700,175700,432480.0,240266.6666666667,0.7312708102108767,27633.500000000004,-22.738704832902105,True,False,False,False,True,BELOW_MA200,False,150,0.5555555555555556,OK,OK,2026-07-31T12:09:04.858539+07:00,1785472184183,21250,21500,21600,21300,21417,3762880000,100,0.4705882352941176,22700,19800,21300.0,2500,21250,8800,21200,8800,21350.0,1400,21400,2000,21450,35700,41100,5800,54272706,2026-07-30,21.25,27.633500000000005,21250.0
2026-07-31,2026-07-31T12:19:31.618146+07:00,CTD,HOSE,60100,60100,0.0,291900,291900,466430.0,259127.77777777778,1.126471281864374,75264.79999999999,-20.148595359318023,True,False,False,False,True,BELOW_MA200,False,150,0.5555555555555556,OK,OK,2026-07-31T12:09:04.858539+07:00,1785472171289,59100,59600,60700,58900,59854,17471510000,1000,1.6920473773265652,63200,55000,60000.0,8600,59900,19900,59700,1200,60100.0,500,60200,1800,60300,2900,64100,70900,2323574,2026-07-30,59.1,75.2648,59100.0
2026-07-31,2026-07-31T12:19:31.618146+07:00,CTF,HOSE,18000,18000,0.0,201400,201400,319210.0,177338.8888888889,1.1356787068074308,18796.15,-4.235707844425594,True,False,False,False,True,BELOW_MA200,False,150,0.5555555555555556,OK,OK,2026-07-31T12:09:04.858539+07:00,1785472152157,17650,17800,18050,17500,17868,3598570000,350,1.9830028328611897,18850,16450,17800.0,500,17750,1000,17650,1500,18000.0,9700,18050,1100,18100,3500,6300,15700,46303810,2026-07-30,17.65,18.79615,17650.0
2026-07-31,2026-07-31T12:19:31.618146+07:00,CTI,HOSE,19250,19250,0.0,124500,124500,185510.0,103061.11111111111,1.2080211309363378,22243.0,-13.45591871600054,True,False,False,False,True,BELOW_MA200,False,150,0.5555555555555556,OK,OK,2026-07-31T12:09:04.858539+07:00,1785472177598,19400,19400,19400,19100,19222,2393105000,-150,-0.7731958762886598,20750,18050,19150.0,500,19100,4600,19050,6300,19200.0,500,19250,1800,19300,6000,3100,11200,30651798,2026-07-30,19.4,22.243,19400.0
2026-07-31,2026-07-31T12:19:31.618146+07:00,CTR,HOSE,71400,71400,0.0,119600,119600,260180.0,144544.44444444444,0.8274271658082866,76901.45000000001,-7.153896317949806,True,False,False,False,True,BELOW_MA200,False,150,0.5555555555555556,OK,OK,2026-07-31T12:09:04.858539+07:00,1785472130517,71000,71200,72900,70200,71383,8537420000,400,0.5633802816901409,75900,66100,71400.0,600,71300,200,71200,3400,71600.0,500,72000,3100,72100,800,18600,9400,50763684,2026-07-30,71.0,76.90145000000001,71000.0
2026-07-31,2026-07-31T12:19:31.618146+07:00,CTS,HOSE,21800,21800,0.0,1072000,1072000,2713850.0,1507694.4444444445,0.7110194004827091,24842.8,-12.248216787157645,True,False,False,False,True,BELOW_MA200,False,150,0.5555555555555556,OK,OK,2026-07-31T12:09:04.858539+07:00,1785472192284,21600,21600,22150,21350,21722,23285620000,200,0.9259259259259258,23100,20100,21800.0,7500,21750,500,21700,1500,21900.0,20500,21950,4100,22000,15600,4600,454700,131694306,2026-07-30,21.6,24.8428,21600.0
2026-07-31,2026-07-31T12:19:31.618146+07:00,DBC,HOSE,16550,16550,0.0,893800,893800,2285860.0,1269922.2222222222,0.7038226313072542,21468.699999999997,-22.91102861374931,True,False,False,False,True,BELOW_MA200,False,150,0.5555555555555556,OK,OK,2026-07-31T12:09:04.858539+07:00,1785472199199,16450,16500,16650,16350,16546,14788720000,100,0.60790273556231,17600,15300,16550.0,174000,16500,131000,16450,155800,16600.0,2300,16650,115900,16700,53400,10400,162500,204740521,2026-07-30,16.45,21.4687,16450.0
2026-07-31,2026-07-31T12:19:31.618146+07:00,DC4,HOSE,6570,6570,0.0,101200,101200,118160.0,65644.44444444445,1.5416384563303993,8709.05,-24.561232281362486,True,False,False,False,True,BELOW_MA200,False,150,0.5555555555555556,OK,OK,2026-07-31T12:09:04.858539+07:00,1785475144772,6590,6600,6660,6550,6604,668301000,-20,-0.30349013657056145,7050,6130,6570.0,4800,6550,3000,6520,1000,6580.0,2100,6590,3300,6600,2000,0,3540,53179549,2026-07-30,6.59,8.70905,6590.0
2026-07-31,2026-07-31T12:19:31.618146+07:00,DCL,HOSE,38000,38000,0.0,75200,75200,561640.0,312022.22222222225,0.24100847517983048,42441.0,-10.463938172993096,True,False,False,False,True,BELOW_MA200,False,150,0.5555555555555556,OK,OK,2026-07-31T12:09:04.858539+07:00,1785471998741,38000,38000,38000,37900,37999,2857555000,0,0.0,40650,35350,37900.0,2800,37800,4400,37700,3000,38000.0,5000,38050,20900,38100,3400,0,0,-666123,2026-07-30,38.0,42.441,38000.0
2026-07-31,2026-07-31T12:19:31.618146+07:00,DCM,HOSE,31000,31000,0.0,557500,557500,2049680.0,1138711.1111111112,0.4895886187112134,36003.549999999996,-13.897379563959655,True,False,False,False,True,BELOW_MA200,False,150,0.5555555555555556,OK,OK,2026-07-31T12:09:04.858539+07:00,1785472199805,31250,31600,31600,30950,31123,17350910000,-250,-0.8,33400,29100,31000.0,9300,30950,10000,30900,16900,31100.0,11100,31150,8400,31200,12100,24700,155700,225520901,2026-07-30,31.25,36.00355,31250.0
2026-07-31,2026-07-31T12:19:31.618146+07:00,DGC,HOSE,39200,39200,0.0,314900,314900,1132180.0,628988.8888888889,0.5006447737992192,64819.450000000004,-39.52432487470968,True,False,False,False,True,BELOW_MA200,False,150,0.5555555555555556,OK,OK,2026-07-31T12:09:04.858539+07:00,1785472200100,39050,39550,39650,39050,39295,12374020000,150,0.3841229193341869,41750,36350,39150.0,100,39100,42700,39050,44900,39200.0,7800,39250,3100,39300,8900,1100,0,170569167,2026-07-30,39.05,64.81945,39050.0
2026-07-31,2026-07-31T12:19:31.618146+07:00,DGW,HOSE,36700,36700,0.0,625300,625300,792180.0,440100.0,1.4208134514882982,41746.7,-12.088859718253172,True,False,False,False,True,BELOW_MA200,False,150,0.5555555555555556,OK,OK,2026-07-31T12:09:04.858539+07:00,1785472205190,36500,36950,37050,36550,36781,22998940000,200,0.547945205479452,39050,33950,36600.0,5200,36550,7400,36500,32000,36700.0,8000,36750,5900,36800,15200,251900,410700,55733818,2026-07-30,36.5,41.7467,36500.0
2026-07-31,2026-07-31T12:19:31.618146+07:00,DIG,HOSE,10150,10150,0.0,6597700,6597700,11490660.0,6383700.0,1.033522878581387,15796.75,-35.74627692405083,True,False,False,False,True,BELOW_MA200,False,150,0.5555555555555556,OK,OK,2026-07-31T12:09:04.858539+07:00,1785472198300,10200,10400,10450,10100,10291,67897925000,-50,-0.49019607843137253,10900,9490,10100.0,378300,10050,394400,10000,1057200,10150.0,30800,10200,74900,10250,34700,1000,1469500,371236169,2026-07-30,10.2,15.79675,10200.0
2026-07-31,2026-07-31T12:19:31.618146+07:00,DLG,HOSE,2250,2250,0.0,340700,340700,662540.0,368077.7777777778,0.9256195852325897,2724.7000000000003,-17.42210151576321,True,False,False,False,True,BELOW_MA200,False,150,0.5555555555555556,OK,OK,2026-07-31T12:09:04.858539+07:00,1785472193507,2300,2330,2340,2250,2296,782088000,-50,-2.1739130434782608,2460,2140,2250.0,25900,2240,10000,2230,16500,2280.0,19900,2290,27900,2300,8200,0,32100,128817850,2026-07-30,2.3,2.7247000000000003,2300.0
2026-07-31,2026-07-31T12:19:31.618146+07:00,DPG,HOSE,27350,27350,0.0,118200,118200,373260.0,207366.6666666667,0.5700048223758237,40618.899999999994,-32.66681273988216,True,False,False,False,True,BELOW_MA200,False,150,0.5555555555555556,OK,OK,2026-07-31T12:09:04.858539+07:00,1785472192601,28100,28000,28100,27300,27597,3261910000,-750,-2.6690391459074734,30050,26150,27300.0,8000,27250,3400,27200,4300,27350.0,900,27450,500,27500,500,0,52800,35630594,2026-07-30,28.1,40.6189,28100.0
2026-07-31,2026-07-31T12:19:31.618146+07:00,DPM,HOSE,23550,23550,0.0,1551100,1551100,2590670.0,1439261.1111111112,1.0777057672339587,25174.0,-6.4511003416223085,True,False,False,False,True,BELOW_MA200,False,150,0.5555555555555556,OK,OK,2026-07-31T12:09:04.858539+07:00,1785472199191,23450,23950,23950,23550,23683,36734520000,100,0.42643923240938164,25050,21850,23550.0,31800,23500,102500,23450,111100,23600.0,20000,23650,35800,23700,37100,3000,205500,317469494,2026-07-30,23.45,25.174,23450.0
2026-07-31,2026-07-31T12:19:31.618146+07:00,DRC,HOSE,10350,10350,0.0,32400,32400,264680.0,147044.44444444444,0.22034154450657398,13418.8,-22.86940710048588,True,False,False,False,True,BELOW_MA200,False,150,0.5555555555555556,OK,OK,2026-07-31T12:09:04.858539+07:00,1785472176702,10400,10400,10450,10300,10339,334975000,-50,-0.4807692307692308,11100,9680,10300.0,35100,10250,11800,10200,34200,10350.0,4300,10400,18400,10450,8900,0,0,-2033634,2026-07-30,10.4,13.4188,10400.0
2026-07-31,2026-07-31T12:19:31.618146+07:00,DSE,HOSE,22150,22150,0.0,318500,318500,534760.0,297088.8888888889,1.0720697135163437,23118.4,-4.188871202159325,True,False,False,False,True,BELOW_MA200,False,150,0.5555555555555556,OK,OK,2026-07-31T12:09:04.858539+07:00,1785472179684,22100,22200,22300,22050,22175,7062875000,50,0.22624434389140274,23600,20600,22150.0,39400,22100,55300,22050,32600,22200.0,1000,22250,13200,22300,15700,14900,27500,382659121,2026-07-30,22.1,23.1184,22100.0
2026-07-31,2026-07-31T12:19:31.618146+07:00,DXG,HOSE,10400,10400,0.0,4483500,4483500,12895940.0,7164411.111111111,0.6258016088784533,14048.75,-25.972061571314175,True,False,False,False,True,BELOW_MA200,False,150,0.5555555555555556,OK,OK,2026-07-31T12:09:04.858539+07:00,1785472197700,10600,10700,10700,10400,10509,47117395000,-200,-1.8867924528301887,11300,9860,10400.0,287200,10350,279700,10300,271100,10450.0,189300,10500,263100,10550,338900,215500,267200,403117455,2026-07-30,10.6,14.04875,10600.0
2026-07-31,2026-07-31T12:19:31.618146+07:00,DXS,HOSE,5820,5820,0.0,1118800,1118800,1708190.0,948994.4444444445,1.1789320860091674,8127.2,-28.388620927256618,True,False,False,False,True,BELOW_MA200,False,150,0.5555555555555556,OK,OK,2026-07-31T12:09:04.858539+07:00,1785472206391,5930,6000,6000,5780,5863,6560053000,-110,-1.854974704890388,6340,5520,5810.0,13700,5800,12600,5790,18900,5820.0,600,5830,5700,5840,3200,238500,323300,249206034,2026-07-30,5.93,8.1272,5930.0
2026-07-31,2026-07-31T12:19:31.618146+07:00,EIB,HOSE,17800,17800,0.0,3542400,3542400,7534550.0,4185861.1111111115,0.8462774817341446,21783.0,-18.284901069641464,True,False,False,False,True,BELOW_MA200,False,150,0.5555555555555556,OK,OK,2026-07-31T12:09:04.858539+07:00,1785472206392,17900,17900,18200,17750,17878,63331890000,-100,-0.5586592178770949,19150,16650,17750.0,107700,17700,114300,17650,80300,17800.0,20000,17850,35600,17900,49300,16600,465100,531697085,2026-07-30,17.9,21.783,17900.0
2026-07-31,2026-07-31T12:19:31.618146+07:00,ELC,HOSE,14450,14450,0.0,121300,121300,416790.0,231550.0,0.5238609371625998,19553.0,-26.09829693653148,True,False,False,False,True,BELOW_MA200,False,150,0.5555555555555556,OK,OK,2026-07-31T12:09:04.858539+07:00,1785472166504,14900,14900,14900,14300,14490,1757640000,-450,-3.0201342281879198,15900,13900,14350.0,200,14300,1300,14250,3100,14450.0,300,14650,3600,14750,1100,1900,35400,51246442,2026-07-30,14.9,19.553,14900.0
2026-07-31,2026-07-31T12:19:31.618146+07:00,EVF,HOSE,12350,12350,0.0,950300,950300,1916370.0,1064650.0,0.8925938101723571,12775.499999999996,-3.3305937145316933,True,False,False,False,True,BELOW_MA200,False,150,0.5555555555555556,OK,OK,2026-07-31T12:09:04.858539+07:00,1785472141595,12400,12400,12450,12300,12367,11752460000,-50,-0.4032258064516129,13250,11550,12350.0,21200,12300,33500,12250,45800,12400.0,97300,12450,82300,12500,133300,28300,37800,111916049,2026-07-30,12.4,12.775499999999996,12400.0
2026-07-31,2026-07-31T12:19:31.618146+07:00,EVG,HOSE,4270,4270,0.0,296200,296200,478060.0,265588.8888888889,1.1152574990586956,6707.5,-36.3399180022363,True,False,False,False,True,BELOW_MA200,False,150,0.5555555555555556,OK,OK,2026-07-31T12:09:04.858539+07:00,1785472152983,4290,4480,4480,4260,4335,1283904000,-20,-0.4662004662004662,4590,3990,4270.0,200,4260,8000,4250,6600,4280.0,1000,4290,800,4300,3500,0,30500,110039749,2026-07-30,4.29,6.7075,4290.0
2026-07-31,2026-07-31T12:19:31.618146+07:00,FCN,HOSE,10500,10500,0.0,56600,56600,410080.0,227822.22222222222,0.24843932891143192,13557.800000000001,-22.553806664798127,True,False,False,False,True,BELOW_MA200,False,150,0.5555555555555556,OK,OK,2026-07-31T12:09:04.858539+07:00,1785471992144,10750,10700,10700,10450,10547,596955000,-250,-2.3255813953488373,11500,10000,10500.0,21000,10450,15200,10400,28900,10550.0,500,10600,1500,10650,2100,0,14200,30347618,2026-07-30,10.75,13.5578,10750.0
2026-07-31,2026-07-31T12:19:31.618146+07:00,FIT,HOSE,3050,3050,0.0,84500,84500,280600.0,155888.8888888889,0.5420527441197434,4334.75,-29.638387450256648,True,False,False,False,True,BELOW_MA200,False,150,0.5555555555555556,OK,OK,2026-07-31T12:09:04.858539+07:00,1785472197088,3040,3030,3080,3020,3042,257083000,10,0.3289473684210526,3250,2830,3040.0,600,3030,10000,3020,7100,3050.0,3200,3060,6400,3070,14100,0,0,-19579,2026-07-30,3.04,4.33475,3040.0
2026-07-31,2026-07-31T12:19:31.618146+07:00,FPT,HOSE,67000,67000,0.0,3189900,3189900,6456220.0,3586788.888888889,0.8893470172949497,83860.55,-20.105460791754886,True,False,False,False,True,BELOW_MA200,False,150,0.5555555555555556,OK,OK,2026-07-31T12:09:04.858539+07:00,1785475147171,67000,67200,67900,66900,67394,214979060000,0,0.0,71600,62400,67000.0,31900,66900,38200,66800,128100,67100.0,24600,67200,69300,67300,29100,1600287,571900,372018516,2026-07-30,67.0,83.86055,67000.0
2026-07-31,2026-07-31T12:19:31.618146+07:00,FTS,HOSE,21650,21650,0.0,453200,453200,1482930.0,823850.0,0.5501001395885173,26951.75,-19.671264389139854,True,False,False,False,True,BELOW_MA200,False,150,0.5555555555555556,OK,OK,2026-07-31T12:09:04.858539+07:00,1785472188694,21850,21050,21800,21050,21540,9762010000,-200,-0.9153318077803204,23350,20350,21500.0,8200,21450,20600,21400,14800,21650.0,800,21700,1200,21750,400,2200,160000,287298376,2026-07-30,21.85,26.95175,21850.0
2026-07-31,2026-07-31T12:19:31.618146+07:00,GAS,HOSE,68700,68700,0.0,493200,493200,1443810.0,802116.6666666667,0.6148731481289089,80557.0,-14.718770559976166,True,False,False,False,True,BELOW_MA200,False,150,0.5555555555555556,OK,OK,2026-07-31T12:09:04.858539+07:00,1785472174902,68700,69800,69800,68600,69221,34139890000,0,0.0,73500,63900,68700.0,7000,68600,12300,68500,9500,68800.0,2000,68900,500,69000,1300,93300,48700,1133690244,2026-07-30,68.7,80.557,68700.0
2026-07-31,2026-07-31T12:19:31.618146+07:00,GEE,HOSE,66300,66300,0.0,536000,536000,1193790.0,663216.6666666667,0.8081823436282762,101226.75,-34.503478576562024,True,False,False,False,True,BELOW_MA200,False,150,0.5555555555555556,OK,OK,2026-07-31T12:09:04.858539+07:00,1785475147772,66900,67500,68000,66100,66760,35783550000,-600,-0.8968609865470852,71500,62300,66200.0,23700,66100,18100,66000,27500,66300.0,3000,66400,1600,66500,1000,38710,144500,313680159,2026-07-30,66.9,101.22675,66900.0
2026-07-31,2026-07-31T12:19:31.618146+07:00,GEG,HOSE,12150,12150,0.0,99200,99200,221810.0,123227.77777777778,0.8050132996708895,14009.7,-13.274374183601367,True,False,False,False,True,BELOW_MA200,False,150,0.5555555555555556,OK,OK,2026-07-31T12:09:04.858539+07:00,1785472176680,12150,12200,12200,12100,12139,1204215000,0,0.0,13000,11300,12100.0,24400,12050,26900,12000,43300,12150.0,5000,12200,10000,12250,11000,8400,0,22060790,2026-07-30,12.15,14.0097,12150.0
2026-07-31,2026-07-31T12:19:31.618146+07:00,GEX,HOSE,22600,22600,0.0,12115800,12115800,13756340.0,7642411.111111111,1.5853373789830725,29034.399999999994,-22.16129832199045,True,False,False,False,True,BELOW_MA200,False,150,0.5555555555555556,OK,OK,2026-07-31T12:09:04.858539+07:00,1785472208191,22100,22500,23050,22400,22707,275115600000,500,2.262443438914027,23600,20600,22550.0,101600,22500,223400,22450,140400,22600.0,31200,22650,17500,22700,62500,669700,2204600,568562336,2026-07-30,22.1,29.034399999999994,22100.0
2026-07-31,2026-07-31T12:19:31.618146+07:00,GIL,HOSE,6760,6760,0.0,121100,121100,326990.0,181661.11111111112,0.6666258907000213,13335.1,-49.306716860016046,True,False,False,False,True,BELOW_MA200,False,150,0.5555555555555556,OK,OK,2026-07-31T12:09:04.858539+07:00,1785472162292,6700,6930,6930,6700,6825,826452000,60,0.8955223880597015,7160,6240,6720.0,1000,6710,6800,6700,20400,6760.0,100,6770,100,6780,1600,1100,14000,49394192,2026-07-30,6.7,13.3351,6700.0
2026-07-31,2026-07-31T12:19:31.618146+07:00,GVR,HOSE,27950,27950,0.0,1294900,1294900,1463730.0,813183.3333333334,1.5923838412822036,32173.600000000002,-13.127533132754813,True,False,False,False,True,BELOW_MA200,False,150,0.5555555555555556,OK,OK,2026-07-31T12:09:04.858539+07:00,1785472176428,27550,27900,28400,27600,27966,36213215000,400,1.4519056261343013,29450,25650,27900.0,45300,27850,4900,27800,25400,27950.0,5500,28000,19400,28050,15400,67900,223800,495294120,2026-07-30,27.55,32.1736,27550.0
2026-07-31,2026-07-31T12:19:31.618146+07:00,HAG,HOSE,14000,14000,0.0,763800,763800,2648790.0,1471550.0,0.5190445448676565,16237.750000000002,-13.781158103801335,True,False,False,False,True,BELOW_MA200,False,150,0.5555555555555556,OK,OK,2026-07-31T12:09:04.858539+07:00,1785472179711,14200,14200,14200,13950,14040,10723480000,-200,-1.4084507042253522,15150,13250,14000.0,16900,13950,150400,13900,373900,14050.0,9900,14100,12500,14150,42800,100,8200,597720102,2026-07-30,14.2,16.237750000000002,14200.0
2026-07-31,2026-07-31T12:19:31.618146+07:00,HAH,HOSE,44900,44900,0.0,153800,153800,476130.0,264516.6666666667,0.581437842606011,54471.25,-17.571195814305714,True,False,False,False,True,BELOW_MA200,False,150,0.5555555555555556,OK,OK,2026-07-31T12:09:04.858539+07:00,1785472185105,45200,45600,45600,44750,45270,6962550000,-300,-0.6637168141592921,48350,42050,44900.0,11100,44800,4800,44750,6000,44950.0,400,45000,6500,45050,900,0,41600,38356142,2026-07-30,45.2,54.47125,45200.0
2026-07-31,2026-07-31T12:19:31.618146+07:00,HAX,HOSE,8550,8550,0.0,112700,112700,171500.0,95277.77777777778,1.1828571428571428,10375.0,-17.59036144578313,True,False,False,False,True,BELOW_MA200,False,150,0.5555555555555556,OK,OK,2026-07-31T12:09:04.858539+07:00,1785472151505,8460,8500,8600,8500,8572,966050000,90,1.0638297872340425,9050,7870,8550.0,1000,8540,4200,8530,500,8610.0,400,8620,2600,8630,1400,1100,1000,46564646,2026-07-30,8.46,10.375,8460.0
2026-07-31,2026-07-31T12:19:31.618146+07:00,HDB,HOSE,25500,25500,0.0,4031100,4031100,11914070.0,6618927.777777778,0.6090261346458431,26089.9,-2.2610282139831943,True,False,False,False,True,BELOW_MA200,False,150,0.5555555555555556,OK,OK,2026-07-31T12:09:04.858539+07:00,1785472209392,25700,25700,25800,25400,25584,103131000000,-200,-0.7782101167315175,27450,23950,25500.0,84000,25450,146400,25400,152100,25550.0,113000,25600,56100,25650,106600,290600,753200,272142723,2026-07-30,25.7,26.0899,25700.0
2026-07-31,2026-07-31T12:19:31.618146+07:00,HDC,HOSE,11550,11550,0.0,578800,578800,1649330.0,916294.4444444445,0.6316746800215844,18601.600000000002,-37.908567004988825,True,False,False,False,True,BELOW_MA200,False,150,0.5555555555555556,OK,OK,2026-07-31T12:09:04.858539+07:00,1785475149274,11600,11600,11600,11450,11529,6673050000,-50,-0.43103448275862066,12400,10800,11500.0,415200,11450,67700,11400,114600,11550.0,58700,11600,43500,11650,13100,100,253271,109217536,2026-07-30,11.6,18.6016,11600.0
2026-07-31,2026-07-31T12:19:31.618146+07:00,HDG,HOSE,16150,16150,0.0,985300,985300,1619900.0,899944.4444444445,1.0948453608247422,24197.249999999996,-33.25687836427692,True,False,False,False,True,BELOW_MA200,False,150,0.5555555555555556,OK,OK,2026-07-31T12:09:04.858539+07:00,1785472184787,16500,16650,16650,16100,16179,15941405000,-350,-2.1212121212121215,17650,15350,16150.0,2200,16100,184100,16050,249300,16200.0,5400,16250,10300,16300,31300,5700,70700,136740142,2026-07-30,16.5,24.197249999999997,16500.0
2026-07-31,2026-07-31T12:19:31.618146+07:00,HHS,HOSE,9630,9630,0.0,353600,353600,987530.0,548627.7777777778,0.6445171285935617,12593.75,-23.53349875930521,True,False,False,False,True,BELOW_MA200,False,150,0.5555555555555556,OK,OK,2026-07-31T12:09:04.858539+07:00,1785472180292,9800,9810,9870,9630,9717,3435930000,-170,-1.7346938775510203,10450,9120,9630.0,2800,9620,11500,9610,11100,9660.0,2900,9670,300,9700,1900,7600,94100,215081394,2026-07-30,9.8,12.59375,9800.0
2026-07-31,2026-07-31T12:19:31.618146+07:00,HHV,HOSE,9990,9990,0.0,981200,981200,2493130.0,1385072.2222222222,0.7084107126383301,11918.8,-16.182837198375672,True,False,False,False,True,BELOW_MA200,False,150,0.5555555555555556,OK,OK,2026-07-31T12:09:04.858539+07:00,1785472199509,10050,10150,10150,9990,10042,9852935000,-60,-0.5970149253731344,10750,9350,9990.0,7200,9980,25000,9970,11300,10000.0,25400,10050,15000,10100,85200,37300,15700,211076610,2026-07-30,10.05,11.9188,10050.0
2026-07-31,2026-07-31T12:19:31.618146+07:00,HPG,HOSE,21550,21550,0.0,12021400,12021400,30905820.0,17169900.0,0.7001438563998625,23886.600000000002,-9.782053536292324,True,False,False,False,True,BELOW_MA200,False,150,0.5555555555555556,OK,OK,2026-07-31T12:09:04.858539+07:00,1785475150173,21800,21800,21850,21450,21655,260324980000,-250,-1.146788990825688,23300,20300,21500.0,382500,21450,517200,21400,771200,21550.0,111100,21600,171300,21650,91700,1591083,3330412,2316209854,2026-07-30,21.8,23.8866,21800.0
2026-07-31,2026-07-31T12:19:31.618146+07:00,HPX,HOSE,4110,4110,0.0,110700,110700,668220.0,371233.3333333334,0.2981952051719493,4701.2,-12.575512635071892,True,False,False,False,True,BELOW_MA200,False,150,0.5555555555555556,OK,OK,2026-07-31T12:09:04.858539+07:00,1785471995737,4180,4250,4250,4110,4138,458115000,-70,-1.674641148325359,4470,3890,4120.0,1100,4110,20200,4100,4000,4170.0,14000,4180,17900,4190,5500,3100,2200,147966409,2026-07-30,4.18,4.7012,4180.0
2026-07-31,2026-07-31T12:19:31.618146+07:00,HQC,HOSE,2160,2160,0.0,1391000,1391000,2183730.0,1213183.3333333335,1.1465703177590634,2776.4500000000003,-22.20281294458752,True,False,False,False,True,BELOW_MA200,False,150,0.5555555555555556,OK,OK,2026-07-31T12:09:04.858539+07:00,1785472193185,2150,2190,2200,2160,2172,3021080000,10,0.46511627906976744,2300,2000,2160.0,7400,2150,72700,2140,88200,2170.0,44100,2180,34200,2190,65500,0,64000,308768818,2026-07-30,2.15,2.77645,2150.0
2026-07-31,2026-07-31T12:19:31.618146+07:00,HSG,HOSE,10750,10750,0.0,902300,902300,2645780.0,1469877.7777777778,0.6138605628585899,12157.050000000001,-11.573942691689194,True,False,False,False,True,BELOW_MA200,False,150,0.5555555555555556,OK,OK,2026-07-31T12:09:04.858539+07:00,1785472179091,10900,11000,11000,10700,10826,9768670000,-150,-1.3761467889908259,11650,10150,10750.0,45300,10700,133900,10650,91200,10800.0,45200,10850,17300,10900,57500,0,86500,369717615,2026-07-30,10.9,12.157050000000002,10900.0
2026-07-31,2026-07-31T12:19:31.618146+07:00,HT1,HOSE,12250,12250,0.0,54200,54200,136670.0,75927.77777777778,0.7138362478963928,15153.5,-19.160589962714887,True,False,False,False,True,BELOW_MA200,False,150,0.5555555555555556,OK,OK,2026-07-31T12:09:04.858539+07:00,1785472152218,12300,12300,12350,12150,12217,662145000,-50,-0.40650406504065045,13150,11450,12200.0,2600,12150,1000,12100,9500,12250.0,4000,12300,1500,12350,4000,1100,800,178881825,2026-07-30,12.3,15.1535,12300.0
2026-07-31,2026-07-31T12:19:31.618146+07:00,HTN,HOSE,6790,6790,0.0,73400,73400,93000.0,51666.66666666667,1.4206451612903224,7903.349999999999,-14.087064346131697,True,False,False,False,True,BELOW_MA200,False,150,0.5555555555555556,OK,OK,2026-07-31T12:09:04.858539+07:00,1785472189297,6600,6790,6800,6570,6776,497391000,190,2.878787878787879,7060,6140,6780.0,4000,6770,5000,6760,7000,6800.0,3000,6810,200,6820,200,0,0,43168426,2026-07-30,6.6,7.90335,6600.0
2026-07-31,2026-07-31T12:19:31.618146+07:00,HVN,HOSE,21750,21750,0.0,500600,500600,941530.0,523072.22222222225,0.9570380125965184,25515.25,-14.756861092875829,True,False,False,False,True,BELOW_MA200,False,150,0.5555555555555556,OK,OK,2026-07-31T12:09:04.858539+07:00,1785472179412,21800,21900,22350,21700,22007,11016495000,-50,-0.22935779816513763,23300,20300,21800.0,100,21750,7000,21700,13600,21900.0,3200,21950,600,22000,3800,26000,252300,668846581,2026-07-30,21.8,25.51525,21800.0
2026-07-31,2026-07-31T12:19:31.618146+07:00,IDI,HOSE,4820,4820,0.0,163100,163100,306470.0,170261.11111111112,0.9579404183117434,6548.2,-26.391985583824564,True,False,False,False,True,BELOW_MA200,False,150,0.5555555555555556,OK,OK,2026-07-31T12:09:04.858539+07:00,1785472176415,4700,5000,5000,4800,4906,800230000,120,2.553191489361702,5020,4380,4800.0,10900,4790,13100,4780,3000,4840.0,1000,4850,4100,4860,4900,0,1800,-1224652,2026-07-30,4.7,6.5482,4700.0
2026-07-31,2026-07-31T12:19:31.618146+07:00,IJC,HOSE,7070,7070,0.0,1138700,1138700,2282890.0,1268272.2222222222,0.8978356381604019,9966.65,-29.063426527469105,True,False,False,False,True,BELOW_MA200,False,150,0.5555555555555556,OK,OK,2026-07-31T12:09:04.858539+07:00,1785472176712,7200,7200,7230,7050,7095,8078727000,-130,-1.8055555555555554,7700,6700,7070.0,1300,7060,4600,7050,14000,7080.0,12800,7090,13000,7100,107300,3100,190600,282568240,2026-07-30,7.2,9.96665,7200.0
2026-07-31,2026-07-31T12:19:31.618146+07:00,KBC,HOSE,27400,27400,0.0,547600,547600,1444640.0,802577.7777777779,0.6823014730313434,32796.75,-16.455136560787274,True,False,False,False,True,BELOW_MA200,False,150,0.5555555555555556,OK,OK,2026-07-31T12:09:04.858539+07:00,1785472197396,28050,28000,28050,27400,27666,15149820000,-650,-2.3172905525846703,30000,26100,27400.0,3700,27350,10000,27300,23100,27500.0,13000,27550,1000,27600,48900,10900,243800,391633647,2026-07-30,28.05,32.79675,28050.0
2026-07-31,2026-07-31T12:19:31.618146+07:00,KDH,HOSE,17450,17450,0.0,2627100,2627100,5873300.0,3262944.4444444445,0.8051316976827337,27212.5,-35.87505741846578,True,False,False,False,True,BELOW_MA200,False,150,0.5555555555555556,OK,OK,2026-07-31T12:09:04.858539+07:00,1785472211793,17500,17600,17650,17450,17534,46064725000,-50,-0.2857142857142857,18700,16300,17450.0,6900,17400,102800,17350,56200,17500.0,68100,17550,37700,17600,86800,785400,967400,283326969,2026-07-30,17.5,27.2125,17500.0
2026-07-31,2026-07-31T12:19:31.618146+07:00,KHG,HOSE,4720,4720,0.0,1215600,1215600,3207120.0,1781733.3333333335,0.6822569782234528,6136.650000000001,-23.08507084484206,True,False,False,False,True,BELOW_MA200,False,150,0.5555555555555556,OK,OK,2026-07-31T12:09:04.858539+07:00,1785472191101,4730,4740,4760,4690,4727,5746294000,-10,-0.21141649048625794,5060,4400,4710.0,4800,4700,4400,4690,52600,4720.0,13200,4730,23600,4740,28400,2600,71700,219169169,2026-07-30,4.73,6.13665,4730.0
2026-07-31,2026-07-31T12:19:31.618146+07:00,KLB,HOSE,11350,11350,0.0,124500,124500,525310.0,291838.8888888889,0.42660524261864424,11738.950000000004,-3.3133287048671662,True,False,False,False,True,BELOW_MA200,False,150,0.5555555555555556,OK,OK,2026-07-31T12:09:04.858539+07:00,1785472157485,11250,11350,11500,11300,11379,1416700000,100,0.8888888888888888,12000,10500,11300.0,14300,11250,26500,11200,16700,11400.0,12100,11450,10700,11500,12700,0,43400,211730106,2026-07-30,11.25,11.738950000000004,11250.0
2026-07-31,2026-07-31T12:19:31.618146+07:00,KSB,HOSE,13250,13250,0.0,235400,235400,742780.0,412655.55555555556,0.570451546891408,16644.25,-20.39292848881746,True,False,False,False,True,BELOW_MA200,False,150,0.5555555555555556,OK,OK,2026-07-31T12:09:04.858539+07:00,1785472148796,13400,13500,13500,13200,13312,3133710000,-150,-1.1194029850746268,14300,12500,13250.0,500,13200,19200,13150,28300,13300.0,16500,13350,22700,13400,18000,0,1100,55139281,2026-07-30,13.4,16.64425,13400.0
2026-07-31,2026-07-31T12:19:31.618146+07:00,LCG,HOSE,7020,7020,0.0,283600,283600,920460.0,511366.6666666667,0.5545922690828499,9109.9,-22.940976300508233,True,False,False,False,True,BELOW_MA200,False,150,0.5555555555555556,OK,OK,2026-07-31T12:09:04.858539+07:00,1785472157795,7050,7150,7150,7020,7055,2000880000,-30,-0.425531914893617,7540,6560,7020.0,2500,7010,6300,7000,23800,7040.0,100,7050,2400,7060,5000,0,134600,100468176,2026-07-30,7.05,9.1099,7050.0
2026-07-31,2026-07-31T12:19:31.618146+07:00,LDG,HOSE,2700,2700,0.0,201000,201000,509750.0,283194.44444444444,0.7097596861206474,3744.85,-27.900984018051457,True,False,False,False,True,BELOW_MA200,False,150,0.5555555555555556,OK,OK,2026-07-31T12:09:04.858539+07:00,1785472163812,2690,2730,2730,2670,2694,541474000,10,0.37174721189591076,2870,2510,2690.0,1400,2680,12700,2670,700,2710.0,800,2720,2700,2730,6900,1100,64700,127708725,2026-07-30,2.69,3.74485,2690.0
2026-07-31,2026-07-31T12:19:31.618146+07:00,MBB,HOSE,22750,22750,0.0,7758800,7758800,14598350.0,8110194.444444445,0.9566725006593211,24551.400000000005,-7.337259789665781,True,False,False,False,True,BELOW_MA200,False,150,0.5555555555555556,OK,OK,2026-07-31T12:09:04.858539+07:00,1785472212694,22500,22850,23150,22550,22873,177467765000,250,1.1111111111111112,24050,20950,22700.0,62100,22650,517300,22600,748700,22750.0,12200,22800,259000,22850,256900,921800,1413300,97720546,2026-07-30,22.5,24.551400000000005,22500.0
2026-07-31,2026-07-31T12:19:31.618146+07:00,MCH,HOSE,141100,141100,0.0,401900,401900,437530.0,243072.22222222222,1.653418051333623,145775.1,-3.2070634834069778,True,False,False,False,True,BELOW_MA200,False,150,0.5555555555555556,OK,OK,2026-07-31T12:09:04.858539+07:00,1785472188384,142900,143000,143600,141000,142278,57181710000,-1800,-1.2596221133659902,152900,132900,141100.0,5500,141000,5200,140800,2600,141500.0,100,141600,800,141700,1300,156500,97000,1103705631,2026-07-30,142.9,145.7751,142900.0
2026-07-31,2026-07-31T12:19:31.618146+07:00,MIG,HOSE,16900,16900,0.0,6200,6200,125730.0,69850.0,0.08876163206871868,17803.75,-5.076177771536895,True,False,False,False,True,BELOW_MA200,False,150,0.5555555555555556,OK,OK,2026-07-31T12:09:04.858539+07:00,1785472131980,16800,17000,17000,16800,16891,104725000,100,0.5952380952380952,17950,15650,16800.0,5600,16700,600,16650,1000,16850.0,100,16900,500,16950,6000,100,0,175320019,2026-07-30,16.8,17.80375,16800.0
2026-07-31,2026-07-31T12:19:31.618146+07:00,MSN,HOSE,66800,66800,0.0,1527500,1527500,5005700.0,2780944.4444444445,0.5492738278362667,76023.5,-12.132432734614955,True,False,False,False,True,BELOW_MA200,False,150,0.5555555555555556,OK,OK,2026-07-31T12:09:04.858539+07:00,1785475153174,67900,67900,67900,66800,67218,102675450000,-1100,-1.6200294550810017,72600,63200,66800.0,92100,66700,71300,66600,31500,66900.0,2300,67000,9900,67100,6700,29420,295960,1164926216,2026-07-30,67.9,76.0235,67900.0
2026-07-31,2026-07-31T12:19:31.618146+07:00,MWG,HOSE,69100,69100,0.0,1837300,1837300,6622130.0,3678961.1111111115,0.4994072904035408,80875.75,-14.560297740670103,True,False,False,False,True,BELOW_MA200,False,150,0.5555555555555556,OK,OK,2026-07-31T12:09:04.858539+07:00,1785475153474,69800,70500,70500,68500,69422,127549160000,-700,-1.002865329512894,74600,65000,69100.0,14600,69000,43800,68900,18000,69200.0,10300,69400,10100,69500,3500,20700,6070,0,2026-07-30,69.8,80.87575,69800.0
2026-07-31,2026-07-31T12:19:31.618146+07:00,NKG,HOSE,10950,10950,0.0,651700,651700,2073780.0,1152100.0,0.5656627028903741,13309.2,-17.726084212424492,True,False,False,False,True,BELOW_MA200,False,150,0.5555555555555556,OK,OK,2026-07-31T12:09:04.858539+07:00,1785472184507,11100,11150,11150,10900,11008,7173690000,-150,-1.3513513513513513,11850,10350,10900.0,60500,10850,36600,10800,68800,10950.0,26500,11000,3500,11050,16100,5200,135900,223671262,2026-07-30,11.1,13.3092,11100.0
2026-07-31,2026-07-31T12:19:31.618146+07:00,NT2,HOSE,21050,21050,0.0,465200,465200,662520.0,368066.6666666667,1.2639014671255207,24268.75,-13.262941024980684,True,False,False,False,True,BELOW_MA200,False,150,0.5555555555555556,OK,OK,2026-07-31T12:09:04.858539+07:00,1785472154207,21050,21000,21300,21000,21062,9798175000,0,0.0,22500,19600,21050.0,7800,21000,23900,20950,11400,21100.0,4200,21200,4000,21250,3100,50500,64300,110995037,2026-07-30,21.05,24.26875,21050.0
2026-07-31,2026-07-31T12:19:31.618146+07:00,NTL,HOSE,13550,13550,0.0,101400,101400,282200.0,156777.77777777778,0.6467753366406803,16510.3,-17.930019442408675,True,False,False,False,True,BELOW_MA200,False,150,0.5555555555555556,OK,OK,2026-07-31T12:09:04.858539+07:00,1785472143997,13700,13800,13800,13550,13627,1381735000,-150,-1.094890510948905,14650,12750,13550.0,3600,13500,13200,13450,1700,13600.0,8300,13650,400,13700,2600,0,7700,43833008,2026-07-30,13.7,16.5103,13700.0
2026-07-31,2026-07-31T12:19:31.618146+07:00,NVL,HOSE,13050,13050,0.0,16020200,16020200,16216610.0,9009227.777777778,1.7781990194004789,13199.15,-1.1299970073830485,True,False,False,False,True,BELOW_MA200,False,150,0.5555555555555556,OK,OK,2026-07-31T12:09:04.858539+07:00,1785472214495,13000,13300,13500,13000,13290,212904375000,50,0.38461538461538464,13900,12100,13000.0,264300,12950,117100,12900,510600,13050.0,37000,13100,231800,13150,43100,380500,3658900,1058519244,2026-07-30,13.0,13.19915,13000.0
2026-07-31,2026-07-31T12:19:31.618146+07:00,OCB,HOSE,10300,10300,0.0,1016900,1016900,2297080.0,1276155.5555555555,0.7968464311212496,10358.1,-0.5609136810805105,True,False,False,False,True,BELOW_MA200,False,150,0.5555555555555556,OK,OK,2026-07-31T12:09:04.858539+07:00,1785472173082,10350,10400,10450,10250,10340,10514715000,-50,-0.4830917874396135,11050,9630,10300.0,37900,10250,110500,10200,101700,10350.0,19300,10400,87100,10450,148200,0,153900,73967846,2026-07-30,10.35,10.3581,10350.0
2026-07-31,2026-07-31T12:19:31.618146+07:00,OGC,HOSE,2120,2120,0.0,33700,33700,288650.0,160361.11111111112,0.21015070154165943,3331.8500000000004,-36.37168540000301,True,False,False,False,True,BELOW_MA200,False,150,0.5555555555555556,OK,OK,2026-07-31T12:09:04.858539+07:00,1785472064760,2120,2140,2150,2120,2132,71833000,0,0.0,2260,1980,2120.0,8700,2110,13700,2100,21500,2130.0,3700,2140,1800,2150,1300,400,7400,146174584,2026-07-30,2.12,3.33185,2120.0
2026-07-31,2026-07-31T12:19:31.618146+07:00,PAC,HOSE,15750,15750,0.0,97200,97200,145710.0,80950.0,1.2007411982705374,20687.800000000003,-23.868173512891666,True,False,False,False,True,BELOW_MA200,False,150,0.5555555555555556,OK,OK,2026-07-31T12:09:04.858539+07:00,1785475154975,15800,15850,15950,15500,15760,1531895000,-50,-0.31645569620253167,16900,14700,15600.0,3000,15550,3900,15500,11500,15700.0,100,15750,2200,15800,20000,300,25710,29219441,2026-07-30,15.8,20.687800000000003,15800.0
2026-07-31,2026-07-31T12:19:31.618146+07:00,PAN,HOSE,20950,20950,0.0,214500,214500,310740.0,172633.33333333334,1.2425178605908476,22822.8,-8.205829258460835,True,False,False,False,True,BELOW_MA200,False,150,0.5555555555555556,OK,OK,2026-07-31T12:09:04.858539+07:00,1785472215096,21300,21500,21500,20900,21198,4546870000,-350,-1.643192488262911,22750,19850,20900.0,13100,20850,1100,20800,5400,20950.0,1000,21000,5600,21200,300,46900,97600,68930676,2026-07-30,21.3,22.8228,21300.0
2026-07-31,2026-07-31T12:19:31.618146+07:00,PC1,HOSE,21250,21250,0.0,696100,696100,2239940.0,1244411.1111111112,0.5593810548496834,22793.3,-6.770849328530749,True,False,False,False,True,BELOW_MA200,False,150,0.5555555555555556,OK,OK,2026-07-31T12:09:04.858539+07:00,1785472166499,21650,21750,21900,21200,21384,14885325000,-400,-1.8475750577367205,23150,20150,21250.0,3700,21200,85600,21150,22600,21350.0,2700,21400,11700,21450,13600,14900,217600,169993546,2026-07-30,21.65,22.7933,21650.0
2026-07-31,2026-07-31T12:19:31.618146+07:00,PDR,HOSE,11550,11550,0.0,3064600,3064600,8358550.0,4643638.888888889,0.6599565714148985,17651.999999999996,-34.56832087015634,True,False,False,False,True,BELOW_MA200,False,150,0.5555555555555556,OK,OK,2026-07-31T12:09:04.858539+07:00,1785472186594,11850,11850,11850,11550,11677,35786350000,-300,-2.5316455696202533,12650,11050,11550.0,180100,11500,316600,11450,111800,11600.0,67400,11650,100800,11700,112100,7000,1412300,430343210,2026-07-30,11.85,17.651999999999997,11850.0
2026-07-31,2026-07-31T12:19:31.618146+07:00,PHR,HOSE,57100,57100,0.0,113500,113500,387360.0,215200.0,0.5274163568773235,60633.25,-5.827248250753506,True,False,False,False,True,BELOW_MA200,False,150,0.5555555555555556,OK,OK,2026-07-31T12:09:04.858539+07:00,1785472163492,57200,57500,57500,56500,56764,6442740000,-100,-0.17482517482517482,61200,53200,56900.0,5200,56800,8200,56700,35600,57100.0,500,57200,2100,57300,3000,12100,12400,49947707,2026-07-30,57.2,60.63325,57200.0
2026-07-31,2026-07-31T12:19:31.618146+07:00,PLX,HOSE,34150,34150,0.0,1659000,1659000,1618530.0,899183.3333333334,1.8450075068117364,41137.75,-16.986223116237518,True,False,False,False,True,BELOW_MA200,False,150,0.5555555555555556,OK,OK,2026-07-31T12:09:04.858539+07:00,1785472215697,33850,34650,34650,33900,34164,56677435000,300,0.8862629246676514,36200,31500,34150.0,5800,34100,36100,34050,8600,34200.0,38200,34250,20600,34300,16400,346200,88900,77040505,2026-07-30,33.85,41.13775,33850.0
2026-07-31,2026-07-31T12:19:31.618146+07:00,PNJ,HOSE,30300,30300,0.0,11405600,11405600,11815150.0,6563972.222222223,1.7376063782516513,65050.74999999999,-53.42098284800713,True,False,False,False,True,BELOW_MA200,False,150,0.5555555555555556,OK,OK,2026-07-31T12:09:04.858539+07:00,1785475155875,32500,30350,31250,30250,30355,346211335000,-2200,-6.769230769230769,34750,30250,30300.0,4600,30250,47600,0,0,30350.0,4000,30400,4100,30450,8700,1150200,2400945,31416440,2026-07-30,32.5,65.05075,32500.0
2026-07-31,2026-07-31T12:19:31.618146+07:00,PPC,HOSE,8830,8830,0.0,32000,32000,131540.0,73077.77777777778,0.4378896153261365,9911.300000000001,-10.909769656856326,True,False,False,False,True,BELOW_MA200,False,150,0.5555555555555556,OK,OK,2026-07-31T12:09:04.858539+07:00,1785472045302,8840,8810,8840,8810,8826,282440000,-10,-0.11312217194570137,9450,8230,8820.0,1100,8810,9400,8800,11500,8840.0,24000,8850,4500,8880,6900,0,0,145372946,2026-07-30,8.84,9.9113,8840.0
2026-07-31,2026-07-31T12:19:31.618146+07:00,PVT,HOSE,18550,18550,0.0,3108600,3108600,3215490.0,1786383.3333333335,1.7401640185477174,18924.65,-1.9796931515246066,True,False,False,False,True,BELOW_MA200,False,150,0.5555555555555556,OK,OK,2026-07-31T12:09:04.858539+07:00,1785475156476,18150,18700,18900,18450,18623,57891875000,400,2.203856749311295,19400,16900,18550.0,1800,18500,17800,18450,42000,18600.0,31800,18650,68300,18700,76800,842150,178100,168724821,2026-07-30,18.15,18.92465,18150.0
2026-07-31,2026-07-31T12:19:31.618146+07:00,QCG,HOSE,9970,9970,0.0,60600,60600,180650.0,100361.11111111111,0.603819540548021,13486.25,-26.072851978867366,True,False,False,False,True,BELOW_MA200,False,150,0.5555555555555556,OK,OK,2026-07-31T12:09:04.858539+07:00,1785472151516,9900,10100,10150,9950,10041,608467000,70,0.7070707070707071,10550,9210,9950.0,1000,9940,1000,9930,1000,10050.0,200,10100,3000,10150,3000,0,5400,129708995,2026-07-30,9.9,13.48625,9900.0
2026-07-31,2026-07-31T12:19:31.618146+07:00,REE,HOSE,45850,45850,0.0,350900,350900,561930.0,312183.3333333334,1.124019005926005,53156.5,-13.745261633102254,True,False,False,False,True,BELOW_MA200,False,150,0.5555555555555556,OK,OK,2026-07-31T12:09:04.858539+07:00,1785475156776,45300,45700,46000,45300,45764,16058670000,550,1.2141280353200883,48450,42150,45800.0,1100,45750,1300,45700,3800,45850.0,1100,45900,19200,45950,1500,94891,55620,609,2026-07-30,45.3,53.1565,45300.0
2026-07-31,2026-07-31T12:19:31.618146+07:00,SBT,HOSE,21200,21200,0.0,214600,214600,625140.0,347300.0,0.6179095882522315,22060.5,-3.900636884930079,True,False,False,False,True,BELOW_MA200,False,150,0.5555555555555556,OK,OK,2026-07-31T12:09:04.858539+07:00,1785472179713,21300,21300,21300,21150,21242,4558465000,-100,-0.4694835680751174,22750,19850,21150.0,5000,21100,1600,21050,1600,21200.0,5900,21250,10000,21300,55900,20100,10900,745812321,2026-07-30,21.3,22.0605,21300.0
2026-07-31,2026-07-31T12:19:31.618146+07:00,SCR,HOSE,4590,4590,0.0,451400,451400,1382850.0,768250.0,0.5875691506671006,6636.45,-30.836516511086497,True,False,False,False,True,BELOW_MA200,False,150,0.5555555555555556,OK,OK,2026-07-31T12:09:04.858539+07:00,1785472149086,4680,4730,4730,4590,4610,2081069000,-90,-1.9230769230769231,5000,4360,4590.0,14600,4580,17200,4570,17200,4600.0,5000,4610,4800,4620,8000,0,40300,214248449,2026-07-30,4.68,6.63645,4680.0
2026-07-31,2026-07-31T12:19:31.618146+07:00,SCS,HOSE,43600,43600,0.0,66900,66900,141110.0,78394.44444444445,0.8533767982425058,49509.799999999996,-11.936626688049632,True,False,False,False,True,BELOW_MA200,False,150,0.5555555555555556,OK,OK,2026-07-31T12:09:04.858539+07:00,1785472217497,43400,43650,43750,43450,43604,2917135000,200,0.4608294930875576,46400,40400,43550.0,2400,43500,3600,43450,2100,43600.0,300,43650,600,43700,2000,3600,25100,22310340,2026-07-30,43.4,49.5098,43400.0
2026-07-31,2026-07-31T12:19:31.618146+07:00,SHB,HOSE,11600,11600,0.0,18830900,18830900,60812130.0,33784516.66666667,0.5573825485145808,15020.2,-22.770668832638716,True,False,False,False,True,BELOW_MA200,False,150,0.5555555555555556,OK,OK,2026-07-31T12:09:04.858539+07:00,1785472198602,11750,11750,11800,11550,11642,219230265000,-150,-1.276595744680851,12550,10950,11550.0,1820800,11500,1916500,11450,1159800,11600.0,97500,11650,503400,11700,664900,1345900,3352500,1388294698,2026-07-30,11.75,15.0202,11750.0
2026-07-31,2026-07-31T12:19:31.618146+07:00,SHI,HOSE,14050,14050,0.0,101800,101800,126780.0,70433.33333333334,1.4453383814481777,14361.5,-2.168993489538001,True,False,False,False,True,BELOW_MA200,False,150,0.5555555555555556,OK,OK,2026-07-31T12:09:04.858539+07:00,1785471530302,14000,14000,14200,14000,14050,1430300000,50,0.35714285714285715,14950,13050,14000.0,2100,13950,4000,13900,5000,14100.0,1100,14150,2000,14200,900,0,0,83050683,2026-07-30,14.0,14.3615,14000.0
2026-07-31,2026-07-31T12:19:31.618146+07:00,SSI,HOSE,23750,23750,0.0,9441800,9441800,24786590.0,13770327.777777778,0.6856626909954132,29300.100000000002,-18.942256169774172,True,False,False,False,True,BELOW_MA200,False,150,0.5555555555555556,OK,OK,2026-07-31T12:09:04.858539+07:00,1785475158276,24000,24100,24100,23700,23881,225480640000,-250,-1.0416666666666665,25650,22350,23700.0,394300,23650,259100,23600,377800,23750.0,21100,23800,130900,23850,220700,925950,1565000,1753728320,2026-07-30,24.0,29.3001,24000.0
2026-07-31,2026-07-31T12:19:31.618146+07:00,SZC,HOSE,17900,17900,0.0,215100,215100,364720.0,202622.22222222222,1.0615814871682387,28184.25,-36.48935132210366,True,False,False,False,True,BELOW_MA200,False,150,0.5555555555555556,OK,OK,2026-07-31T12:09:04.858539+07:00,1785472218697,17950,18100,18150,17800,17921,3854835000,-50,-0.2785515320334262,19200,16700,17850.0,4900,17800,18800,17750,21700,17900.0,3900,17950,1300,18000,4700,22000,108100,33433468,2026-07-30,17.95,28.18425,17950.0
2026-07-31,2026-07-31T12:19:31.618146+07:00,TAL,HOSE,20950,20950,0.0,38900,38900,219900.0,122166.66666666667,0.3184174624829468,30890.350000000002,-32.179467050389526,True,False,False,False,True,BELOW_MA200,False,150,0.5555555555555556,OK,OK,2026-07-31T12:09:04.858539+07:00,1785472178801,20800,20900,21150,20750,20933,814305000,150,0.7211538461538461,22250,19350,20750.0,500,20700,2500,20650,500,21100.0,1100,21150,2800,21200,200,3300,6300,197248614,2026-07-30,20.8,30.89035,20800.0
2026-07-31,2026-07-31T12:19:31.618146+07:00,TCB,HOSE,29250,29250,0.0,6160000,6160000,12728500.0,7071388.888888889,0.8711159995286168,32943.85,-11.21256319464786,True,False,False,False,True,BELOW_MA200,False,150,0.5555555555555556,OK,OK,2026-07-31T12:09:04.858539+07:00,1785472218997,29300,29550,29550,29050,29316,180585410000,-50,-0.17064846416382254,31350,27250,29250.0,122800,29200,102600,29150,200100,29300.0,82200,29350,63000,29400,83300,322600,2079500,99479737,2026-07-30,29.3,32.94385,29300.0
2026-07-31,2026-07-31T12:19:31.618146+07:00,TCH,HOSE,11500,11500,0.0,2496900,2496900,5097580.0,2831988.888888889,0.8816771879990113,16853.899999999998,-31.76653474863384,True,False,False,False,True,BELOW_MA200,False,150,0.5555555555555556,OK,OK,2026-07-31T12:09:04.858539+07:00,1785472197094,11550,11700,11750,11500,11621,29017540000,-50,-0.4329004329004329,12350,10750,11500.0,182000,11450,31800,11400,72800,11550.0,3300,11600,68600,11650,21800,11800,712800,376676247,2026-07-30,11.55,16.8539,11550.0
2026-07-31,2026-07-31T12:19:31.618146+07:00,TCM,HOSE,16600,16600,0.0,1337600,1337600,1483620.0,824233.3333333334,1.6228414283981072,22966.35,-27.720338669401094,True,False,False,False,True,BELOW_MA200,False,150,0.5555555555555556,OK,OK,2026-07-31T12:09:04.858539+07:00,1785472219297,16700,16600,16750,16300,16419,21961835000,-100,-0.5988023952095809,17850,15550,16300.0,8700,16250,37000,16200,57200,16600.0,13600,16650,39400,16700,77500,30800,116100,1972790,2026-07-30,16.7,22.96635,16700.0
2026-07-31,2026-07-31T12:19:31.618146+07:00,TDC,HOSE,6940,6940,0.0,149500,149500,347980.0,193322.22222222222,0.7733203057646991,10178.2,-31.81505570729599,True,False,False,False,True,BELOW_MA200,False,150,0.5555555555555556,OK,OK,2026-07-31T12:09:04.858539+07:00,1785472038963,7010,7040,7050,6900,6933,1036416000,-70,-0.9985734664764622,7500,6520,6940.0,1000,6930,3000,6900,36800,6950.0,1800,6990,200,7000,4700,0,0,63095160,2026-07-30,7.01,10.1782,7010.0
2026-07-31,2026-07-31T12:19:31.618146+07:00,TDP,HOSE,28100,28100,0.0,162600,162600,254630.0,141461.11111111112,1.1494325099163492,29083.8,-3.3826391324379874,True,False,False,False,True,BELOW_MA200,False,150,0.5555555555555556,OK,OK,2026-07-31T12:09:04.858539+07:00,1785472152113,28000,28000,28100,28000,28012,4554810000,100,0.35714285714285715,29950,26050,27800.0,200,26200,100,26100,1000,28300.0,300,28700,500,28900,400,1000,9200,47518938,2026-07-30,28.0,29.0838,28000.0
2026-07-31,2026-07-31T12:19:31.618146+07:00,TPB,HOSE,14400,14400,0.0,4798000,4798000,9357370.0,5198538.888888889,0.9229516413265693,16564.05,-13.064739601727835,True,False,False,False,True,BELOW_MA200,False,150,0.5555555555555556,OK,OK,2026-07-31T12:09:04.858539+07:00,1785472193819,14400,14500,14700,14200,14488,69513095000,0,0.0,15400,13400,14350.0,258900,14300,160200,14250,396900,14400.0,114600,14450,83100,14500,107700,138500,1026500,219142232,2026-07-30,14.4,16.564049999999998,14400.0
2026-07-31,2026-07-31T12:19:31.618146+07:00,TV2,HOSE,26000,26000,0.0,83000,83000,142010.0,78894.44444444445,1.0520385888317723,33588.299999999996,-22.592093080030835,True,False,False,False,True,BELOW_MA200,False,150,0.5555555555555556,OK,OK,2026-07-31T12:09:04.858539+07:00,1785472194403,25550,25600,26000,25500,25821,2143165000,450,1.761252446183953,27300,23800,26000.0,2300,25850,18700,25700,10300,26050.0,6400,26100,5100,26150,1000,9600,5100,5564761,2026-07-30,25.55,33.5883,25550.0
2026-07-31,2026-07-31T12:19:31.618146+07:00,VAB,HOSE,10100,10100,0.0,234800,234800,574880.0,319377.7777777778,0.7351795157250208,10665.699999999999,-5.3039181675839275,True,False,False,False,True,BELOW_MA200,False,150,0.5555555555555556,OK,OK,2026-07-31T12:09:04.858539+07:00,1785472171324,10250,10300,10300,10100,10191,2392905000,-150,-1.4634146341463417,10950,9540,10100.0,17700,10050,17100,10000,236500,10150.0,1000,10200,56300,10250,21600,0,8200,1668299,2026-07-30,10.25,10.6657,10250.0
2026-07-31,2026-07-31T12:19:31.618146+07:00,VCG,HOSE,15600,15600,0.0,1177200,1177200,3695740.0,2053188.888888889,0.5733520215166651,19442.25,-19.762373182116267,True,False,False,False,True,BELOW_MA200,False,150,0.5555555555555556,OK,OK,2026-07-31T12:09:04.858539+07:00,1785472199792,15650,15800,15800,15600,15664,18440190000,-50,-0.3194888178913738,16700,14600,15600.0,51000,15550,36700,15500,96200,15650.0,46900,15700,60100,15750,96300,107200,26200,302846327,2026-07-30,15.65,19.44225,15650.0
2026-07-31,2026-07-31T12:19:31.618146+07:00,VCI,HOSE,21400,21400,0.0,4909000,4909000,10471160.0,5817311.111111111,0.8438606610919899,25702.75,-16.740426608047777,True,False,False,False,True,BELOW_MA200,False,150,0.5555555555555556,OK,OK,2026-07-31T12:09:04.858539+07:00,1785472197688,21500,21800,21800,21300,21462,105356315000,-100,-0.46511627906976744,23000,20000,21400.0,2900,21350,200200,21300,133400,21450.0,61300,21500,64400,21550,31900,735400,330000,954216447,2026-07-30,21.5,25.70275,21500.0
2026-07-31,2026-07-31T12:19:31.618146+07:00,VDS,HOSE,11950,11950,0.0,344600,344600,1265720.0,703177.7777777778,0.4900609929526278,16181.750000000002,-26.151374233318407,True,False,False,False,True,BELOW_MA200,False,150,0.5555555555555556,OK,OK,2026-07-31T12:09:04.858539+07:00,1785472193491,12200,12250,12250,11900,12053,4153610000,-250,-2.0491803278688523,13050,11350,11900.0,53100,11850,14400,11800,28600,11950.0,7500,12000,30000,12050,5300,0,60800,269438376,2026-07-30,12.2,16.18175,12200.0
2026-07-31,2026-07-31T12:19:31.618146+07:00,VGC,HOSE,37650,37650,0.0,209700,209700,450970.0,250538.8888888889,0.8369958090338603,42076.95,-10.521081019417988,True,False,False,False,True,BELOW_MA200,False,150,0.5555555555555556,OK,OK,2026-07-31T12:09:04.858539+07:00,1785475161579,37750,37900,37900,37300,37588,7882175000,-100,-0.26490066225165565,40350,35150,37500.0,6000,37400,8100,37350,7900,37650.0,2400,37700,1100,37750,3500,44036,25300,215701650,2026-07-30,37.75,42.07695,37750.0
2026-07-31,2026-07-31T12:19:31.618146+07:00,VHC,HOSE,54200,54200,0.0,83900,83900,204760.0,113755.55555555556,0.7375463957804258,58454.00000000001,-7.277517364081169,True,False,False,False,True,BELOW_MA200,False,150,0.5555555555555556,OK,OK,2026-07-31T12:09:04.858539+07:00,1785472151579,54100,54500,54700,53700,54223,4549310000,100,0.18484288354898337,57800,50400,54100.0,1400,54000,700,53900,1700,54200.0,1100,54500,19600,54600,7100,8400,10700,169990028,2026-07-30,54.1,58.45400000000001,54100.0
2026-07-31,2026-07-31T12:19:31.618146+07:00,VIB,HOSE,14700,14700,0.0,5150200,5150200,7159330.0,3977405.5555555555,1.2948641842183557,16542.5,-11.137977935620372,True,False,False,False,True,BELOW_MA200,False,150,0.5555555555555556,OK,OK,2026-07-31T12:09:04.858539+07:00,1785472222297,14750,14800,14950,14650,14753,75983155000,-50,-0.3389830508474576,15750,13750,14700.0,48900,14650,200700,14600,103700,14750.0,35100,14800,78700,14850,120200,201700,680700,51596915,2026-07-30,14.75,16.5425,14750.0
2026-07-31,2026-07-31T12:19:31.618146+07:00,VIX,HOSE,13100,13100,0.0,29565300,29565300,50384890.0,27991605.555555556,1.0562202279294448,18949.649999999998,-30.869435583242954,True,False,False,False,True,BELOW_MA200,False,150,0.5555555555555556,OK,OK,2026-07-31T12:09:04.858539+07:00,1785472198287,13050,13200,13400,13050,13210,390564190000,50,0.38314176245210724,13950,12150,13100.0,1834100,13050,1966900,13000,1594600,13150.0,279900,13200,916300,13250,407300,300500,3669000,2285752873,2026-07-30,13.05,18.94965,13050.0
2026-07-31,2026-07-31T12:19:31.618146+07:00,VJC,HOSE,124600,124600,0.0,665400,665400,1066370.0,592427.7777777778,1.1231748830143384,136915.05000000002,-8.994664940048605,True,False,False,False,True,BELOW_MA200,False,150,0.5555555555555556,OK,OK,2026-07-31T12:09:04.858539+07:00,1785472222597,124200,124400,126500,124100,125001,83175640000,400,0.322061191626409,132800,115600,124600.0,1800,124500,2800,124400,2000,124700.0,1200,124800,2100,124900,2600,97000,39400,183224677,2026-07-30,124.2,136.91505,124200.0
2026-07-31,2026-07-31T12:19:31.618146+07:00,VND,HOSE,16650,16650,0.0,5860200,5860200,14098650.0,7832583.333333334,0.7481822727707972,17785.35,-6.383624724843755,True,False,False,False,True,BELOW_MA200,False,150,0.5555555555555556,OK,OK,2026-07-31T12:09:04.858539+07:00,1785472198902,17050,17100,17100,16600,16804,98474810000,-400,-2.346041055718475,18200,15900,16600.0,265600,16550,340300,16500,405100,16650.0,6400,16700,39200,16750,35500,213700,1465400,1387298629,2026-07-30,17.05,17.785349999999998,17050.0
2026-07-31,2026-07-31T12:19:31.618146+07:00,VOS,HOSE,10900,10900,0.0,247700,247700,390820.0,217122.22222222222,1.1408320966173686,12892.75,-15.456361133195012,True,False,False,False,True,BELOW_MA200,False,150,0.5555555555555556,OK,OK,2026-07-31T12:09:04.858539+07:00,1785472195009,11100,11400,11400,10850,11070,2741930000,-200,-1.8018018018018018,11850,10350,10850.0,6300,10800,34600,10750,19700,10900.0,1600,11000,39800,11050,200,14800,21800,67616795,2026-07-30,11.1,12.89275,11100.0
2026-07-31,2026-07-31T12:19:31.618146+07:00,VPB,HOSE,24950,24950,0.0,6248500,6248500,15363400.0,8535222.222222222,0.7320840438965334,27314.3,-8.655905514693767,True,False,False,False,True,BELOW_MA200,False,150,0.5555555555555556,OK,OK,2026-07-31T12:09:04.858539+07:00,1785472196790,25000,25200,25500,24850,25118,156947025000,-50,-0.2,26750,23250,24900.0,218700,24850,143200,24800,265500,24950.0,56500,25000,48700,25050,153500,60500,1979000,527713651,2026-07-30,25.0,27.3143,25000.0
2026-07-31,2026-07-31T12:19:31.618146+07:00,VPG,HOSE,1880,1880,0.0,77200,77200,239130.0,132850.0,0.5811065111027475,4550.4,-58.68495077355836,True,False,False,False,True,BELOW_MA200,False,150,0.5555555555555556,OK,OK,2026-07-31T12:09:04.858539+07:00,1785472044058,1810,1870,1920,1850,1894,146191000,70,3.867403314917127,1930,1690,1880.0,3000,1870,2000,1860,1300,1890.0,6600,1910,36500,1920,68200,0,0,43023824,2026-07-30,1.81,4.5504,1810.0
2026-07-31,2026-07-31T12:19:31.618146+07:00,VPL,HOSE,78600,78600,0.0,231200,231200,661940.0,367744.44444444444,0.6286974650270417,85621.00000000001,-8.200091099146253,True,False,False,False,True,BELOW_MA200,False,150,0.5555555555555556,OK,OK,2026-07-31T12:09:04.858539+07:00,1785472163807,79500,80500,80500,78400,79252,18323120000,-900,-1.1320754716981132,85000,74000,78600.0,1700,78500,1200,78400,400,79200.0,500,79300,100,79400,1400,6200,38400,801694471,2026-07-30,79.5,85.62100000000001,79500.0
2026-07-31,2026-07-31T12:19:31.618146+07:00,VSC,HOSE,13700,13700,0.0,8674300,8674300,9083220.0,5046233.333333334,1.71896530085146,21533.999999999996,-36.37967864771988,True,False,False,False,True,BELOW_MA200,False,150,0.5555555555555556,OK,OK,2026-07-31T12:09:04.858539+07:00,1785472198302,13650,14050,14300,13700,13992,121371685000,50,0.3663003663003663,14600,12700,13700.0,172500,13650,268900,13600,231100,13750.0,73700,13800,76900,13850,51600,157600,1055800,168050228,2026-07-30,13.65,21.533999999999995,13650.0
2026-07-31,2026-07-31T12:19:31.618146+07:00,VTO,HOSE,10550,10550,0.0,7200,7200,98660.0,54811.11111111112,0.13136022704236772,10715.199999999999,-1.5417351052710069,True,False,False,False,True,BELOW_MA200,False,150,0.5555555555555556,OK,OK,2026-07-31T12:09:04.858539+07:00,1785472063563,10550,10600,10600,10450,10545,75925000,0,0.0,11250,9820,10450.0,4200,10400,5300,10350,9300,10550.0,2200,10600,14900,10650,4500,0,0,-3210048,2026-07-30,10.55,10.7152,10550.0
2026-07-31,2026-07-31T12:19:31.618146+07:00,VTP,HOSE,48300,48300,0.0,325200,325200,407980.0,226655.55555555556,1.4347762145203196,61072.25,-20.91334444039642,True,False,False,False,True,BELOW_MA200,False,150,0.5555555555555556,OK,OK,2026-07-31T12:09:04.858539+07:00,1785472193498,47000,47050,48600,46500,47797,15543745000,1300,2.7659574468085104,50200,43750,48300.0,600,48000,6100,47950,10000,48550.0,2400,48600,11900,48650,3200,30300,89700,77760135,2026-07-30,47.0,61.07225,47000.0
2026-07-31,2026-07-31T12:19:31.618146+07:00,YEG,HOSE,7450,7450,0.0,145500,145500,628250.0,349027.7777777778,0.41687226422602464,10339.55,-27.946574077208385,True,False,False,False,True,BELOW_MA200,False,150,0.5555555555555556,OK,OK,2026-07-31T12:09:04.858539+07:00,1785472170980,7550,7480,7550,7410,7465,1086102000,-100,-1.3245033112582782,8070,7030,7450.0,14300,7440,100,7430,6400,7490.0,4200,7500,4200,7530,6800,8600,50500,75725625,2026-07-30,7.55,10.33955,7550.0
2026-07-31,2026-07-31T12:19:31.618146+07:00,AAH,UPCOM,1900,1900,0.0,195400,195400,511530.0,284183.3333333334,0.6875843059058119,3242.0,-41.39420111042567,True,False,False,False,True,BELOW_MA200,False,150,0.5555555555555556,OK,OK,2026-07-31T12:09:04.858539+07:00,1785471663555,1900,2000,2000,1900,1901,371420000,0,0.0,2100,1700,1900.0,17900,1800,315900,1700,207300,2000.0,734900,2100,341900,0,0,0,0,0,2026-07-30,1.9,3.242,1900.0
2026-07-31,2026-07-31T12:19:31.618146+07:00,AAS,UPCOM,7200,7200,0.0,120100,120100,788120.0,437844.44444444444,0.2742983302035223,8979.5,-19.817361768472633,True,False,False,False,True,BELOW_MA200,False,150,0.5555555555555556,OK,OK,2026-07-31T12:09:04.858539+07:00,1785472139788,7300,7400,7400,7200,7265,872560000,-100,-1.36986301369863,8300,6300,7200.0,94000,7100,252700,7000,111200,7300.0,108300,7400,123400,7500,148400,0,0,229788805,2026-07-30,7.4,8.9795,7400.0
2026-07-31,2026-07-31T12:19:31.618146+07:00,AAV,UPCOM,6500,6500,0.0,354100,354100,330020.0,183344.44444444447,1.9313374946972908,6623.499999999999,-1.864573110893019,True,False,False,False,True,BELOW_MA200,False,150,0.5555555555555556,OK,OK,2026-07-31T12:09:04.858539+07:00,1785471779400,6400,6300,6500,6300,6412,2270610000,100,1.5625,7300,5500,6500.0,3000,6400,9000,6300,27100,6600.0,20700,6700,21000,6800,19600,0,0,33779977,2026-07-30,6.4,6.623499999999999,6400.0
2026-07-31,2026-07-31T12:19:31.618146+07:00,ACV,UPCOM,39400,39400,0.0,195100,195100,441930.0,245516.6666666667,0.7946507365419863,49036.0,-19.650868749490172,True,False,False,False,True,BELOW_MA200,False,150,0.5555555555555556,OK,OK,2026-07-31T12:09:04.858539+07:00,1785472196497,39200,39600,39900,39300,39507,7707720000,200,0.5102040816326531,45000,33400,39400.0,4900,39300,12300,39200,9300,39500.0,21500,39600,4900,39700,9100,27300,11200,1693589327,2026-07-30,39.5,49.036,39500.0
2026-07-31,2026-07-31T12:19:31.618146+07:00,BIG,UPCOM,4300,4300,0.0,311300,311300,454360.0,252422.22222222222,1.2332511664759223,5427.099999999999,-20.767997641465968,True,False,False,False,True,BELOW_MA200,False,150,0.5555555555555556,OK,OK,2026-07-31T12:09:04.858539+07:00,1785471890725,4200,4300,4500,4300,4407,1371850000,100,2.380952380952381,4800,3600,4300.0,65300,4200,76500,4100,109000,4400.0,28400,4500,48500,4600,60200,0,0,16399091,2026-07-30,4.3,5.427099999999999,4300.0
2026-07-31,2026-07-31T12:19:31.618146+07:00,C4G,UPCOM,5600,5600,0.0,163800,163800,208150.0,115638.88888888889,1.4164785010809513,7575.999999999999,-26.082365364308334,True,False,False,False,True,BELOW_MA200,False,150,0.5555555555555556,OK,OK,2026-07-31T12:09:04.858539+07:00,1785472171326,5700,5800,5800,5500,5582,914260000,-100,-1.7543859649122806,6500,4900,5600.0,1800,5500,87100,5400,47800,5700.0,63400,5800,71500,5900,46200,0,0,-99497,2026-07-30,5.7,7.575999999999999,5700.0
2026-07-31,2026-07-31T12:19:31.618146+07:00,DDV,UPCOM,18300,18300,0.0,37000,37000,322330.0,179072.22222222222,0.2066205441628145,25511.299999999996,-28.26708164617247,True,False,False,False,True,BELOW_MA200,False,150,0.5555555555555556,OK,OK,2026-07-31T12:09:04.858539+07:00,1785472113677,18300,18700,18700,18300,18351,678990000,0,0.0,21000,15600,18200.0,7600,18100,12400,18000,19700,18300.0,3000,18400,7500,18500,9000,0,0,67326251,2026-07-30,18.3,25.511299999999995,18300.0
2026-07-31,2026-07-31T12:19:31.618146+07:00,DRI,UPCOM,12900,12900,0.0,86500,86500,455000.0,252777.77777777778,0.3421978021978022,13054.0,-1.1797150298759,True,False,False,False,True,BELOW_MA200,False,150,0.5555555555555556,OK,OK,2026-07-31T12:09:04.858539+07:00,1785472146391,13000,13100,13200,12800,12963,1121300000,-100,-0.7692307692307693,14900,11100,12800.0,36000,12700,32900,12600,71200,12900.0,9500,13000,26400,13100,82200,0,0,35734521,2026-07-30,13.0,13.054,13000.0
2026-07-31,2026-07-31T12:19:31.618146+07:00,FOX,UPCOM,64100,64100,0.0,57100,57100,66160.0,36755.555555555555,1.5535066505441355,73880.5,-13.238269908839273,True,False,False,False,True,BELOW_MA200,False,150,0.5555555555555556,OK,OK,2026-07-31T12:09:04.858539+07:00,1785472034752,63900,65800,65900,63800,64153,3663130000,200,0.3129890453834116,73400,54400,64000.0,100,63900,400,63700,1300,64100.0,2000,64200,1300,64300,6000,0,0,-11957,2026-07-30,64.5,73.8805,64500.0
2026-07-31,2026-07-31T12:19:31.618146+07:00,HBC,UPCOM,4200,4200,0.0,85100,85100,717590.0,398661.1111111111,0.21346451316211207,5678.0,-26.03029235646354,True,False,False,False,True,BELOW_MA200,False,150,0.5555555555555556,OK,OK,2026-07-31T12:09:04.858539+07:00,1785472081576,4100,4100,4200,4100,4126,351150000,100,2.4390243902439024,4700,3500,4100.0,271000,4000,314900,3900,64500,4200.0,410000,4300,199600,4400,117200,0,0,142319042,2026-07-30,4.1,5.678,4100.0
2026-07-31,2026-07-31T12:19:31.618146+07:00,HNM,UPCOM,7900,7900,0.0,103900,103900,273720.0,152066.6666666667,0.6832529592284085,8018.499999999999,-1.4778325123152598,True,False,False,False,True,BELOW_MA200,False,150,0.5555555555555556,OK,OK,2026-07-31T12:09:04.858539+07:00,1785472197391,7800,7800,7900,7800,7881,818810000,100,1.282051282051282,8900,6700,7800.0,2000,7700,3100,7600,5900,8000.0,2600,8100,1900,8200,2400,0,0,-67950,2026-07-30,7.8,8.0185,7800.0
2026-07-31,2026-07-31T12:19:31.618146+07:00,OIL,UPCOM,13100,13100,0.0,530500,530500,1145000.0,636111.1111111111,0.8339737991266375,13855.0,-5.44929628293035,True,False,False,False,True,BELOW_MA200,False,150,0.5555555555555556,OK,OK,2026-07-31T12:09:04.858539+07:00,1785472171606,13300,13400,13600,13000,13230,7018470000,-200,-1.5037593984962405,15200,11400,13100.0,200,13000,104700,12900,96900,13200.0,17900,13300,41500,13400,45600,0,0,66629654,2026-07-30,13.4,13.855,13400.0
2026-07-31,2026-07-31T12:19:31.618146+07:00,PAS,UPCOM,2400,2400,0.0,7300,7300,114370.0,63538.88888888889,0.11489026842703506,2870.5000000000005,-16.390872670266518,True,False,False,False,True,BELOW_MA200,False,150,0.5555555555555556,OK,OK,2026-07-31T12:09:04.858539+07:00,1785471329231,2400,2400,2400,2400,2400,17520000,0,0.0,2700,2100,2400.0,58500,2300,46600,2200,43400,2500.0,12400,2600,50600,2700,45100,0,0,13247362,2026-07-30,2.4,2.8705000000000003,2400.0
2026-07-31,2026-07-31T12:19:31.618146+07:00,QTP,UPCOM,11100,11100,0.0,37800,37800,183570.0,101983.33333333334,0.3706487988233371,12175.599999999999,-8.83406156575445,True,False,False,False,True,BELOW_MA200,False,150,0.5555555555555556,OK,OK,2026-07-31T12:09:04.858539+07:00,1785471915922,11200,11200,11200,11100,11138,421030000,-100,-0.8928571428571428,12800,9600,11100.0,1100,11000,63100,10900,40400,11200.0,67800,11300,55300,11400,41200,0,0,-3887500,2026-07-30,11.2,12.1756,11200.0
2026-07-31,2026-07-31T12:19:31.618146+07:00,TOS,UPCOM,91600,91600,0.0,23600,23600,64600.0,35888.88888888889,0.6575851393188854,96819.05,-5.3905197375929665,True,False,False,False,True,BELOW_MA200,False,150,0.5555555555555556,OK,OK,2026-07-31T12:09:04.858539+07:00,1785471990035,92300,92300,93000,91600,92574,2184740000,-700,-0.7583965330444203,106100,78500,91000.0,400,90100,100,90000,1300,91600.0,300,91800,300,91900,400,0,0,0,2026-07-30,92.6,96.81905,92600.0
2026-07-31,2026-07-31T12:19:31.618146+07:00,TVN,UPCOM,8700,8700,0.0,241400,241400,435150.0,241750.0,0.9985522233712513,8920.499999999998,-2.4718345384227143,True,False,False,False,True,BELOW_MA200,False,150,0.5555555555555556,OK,OK,2026-07-31T12:09:04.858539+07:00,1785472174287,8600,8800,8900,8500,8702,2100740000,100,1.1627906976744187,9800,7400,8600.0,45900,8500,66800,8400,47500,8700.0,16100,8800,14100,8900,40300,0,0,329618000,2026-07-30,8.7,8.920499999999999,8700.0
2026-07-31,2026-07-31T12:19:31.618146+07:00,VEA,UPCOM,34300,34300,0.0,134900,134900,231860.0,128811.11111111112,1.0472699042525662,34803.3,-1.4461272350610515,True,False,False,False,True,BELOW_MA200,False,150,0.5555555555555556,OK,OK,2026-07-31T12:09:04.858539+07:00,1785472154492,34000,34300,34700,34300,34455,4647950000,300,0.8823529411764706,39100,28900,34300.0,4100,34200,11000,34100,14100,34500.0,28900,34600,23200,34700,28200,300,500,632500115,2026-07-30,34.2,34.8033,34200.0
2026-07-31,2026-07-31T12:19:31.618146+07:00,VGT,UPCOM,10900,10900,0.0,151300,151300,190990.0,106105.55555555556,1.4259385308131316,12228.9,-10.866880913246488,True,False,False,False,True,BELOW_MA200,False,150,0.5555555555555556,OK,OK,2026-07-31T12:09:04.858539+07:00,1785472188700,10600,10600,11100,10600,10946,1656070000,300,2.8301886792452833,12100,9100,10800.0,29100,10700,45300,10600,76200,10900.0,15700,11000,97700,11100,57700,0,0,174809530,2026-07-30,10.8,12.2289,10800.0
2026-07-31,2026-07-31T12:19:31.618146+07:00,VHG,UPCOM,1600,1600,0.0,9600,9600,260480.0,144711.11111111112,0.06633906633906633,1837.5,-12.925170068027212,True,False,False,False,True,BELOW_MA200,False,150,0.5555555555555556,OK,OK,2026-07-31T12:09:04.858539+07:00,1785471512305,1700,1700,1700,1600,1614,15490000,-100,-5.88235294117647,1900,1500,1600.0,107700,1500,355700,0,0,1700.0,111900,1800,247300,1900,398400,0,0,73272325,2026-07-30,1.6,1.8375,1600.0
2026-07-31,2026-07-31T12:19:31.618146+07:00,VNE,UPCOM,2000,2000,0.0,368200,368200,667690.0,370938.88888888893,0.9926163339274213,4851.35,-58.77436177558825,True,False,False,False,True,BELOW_MA200,False,150,0.5555555555555556,OK,OK,2026-07-31T12:09:04.858539+07:00,1785472158992,2000,2000,2100,1900,2004,737850000,0,0.0,2300,1700,1900.0,440800,1800,174100,1700,213500,2000.0,62500,2100,276200,2200,206100,0,0,43919654,2026-07-30,2.1,4.85135,2100.0
2026-07-31,2026-07-31T12:19:31.618146+07:00,ADC,HNX,0,0,,0,0,1890.0,1050.0,0.0,,,False,False,False,False,False,,False,150,0.5555555555555556,NOT_ENOUGH_DATA,OK,2026-07-31T12:09:04.858539+07:00,1785471092173,16500,0,0,0,0,0,0,0.0,18100,14900,15000.0,600,14900,100,0,0,18100.0,100,0,0,0,0,0,0,-327765,2026-07-30,16.5,,16.5
2026-07-31,2026-07-31T12:19:31.618146+07:00,AMV,HNX,1300,1300,0.0,214900,214900,573950.0,318861.1111111111,0.6739611464413277,,,False,False,False,False,False,,False,150,0.5555555555555556,NOT_ENOUGH_DATA,OK,2026-07-31T12:09:04.858539+07:00,1785472158383,1300,1300,1300,1200,1256,269900000,0,0.0,1400,1200,1200.0,710100,0,0,0,0,1300.0,125800,1400,610200,0,0,0,0,-370704,2026-07-30,1.3,,1300.0
2026-07-31,2026-07-31T12:19:31.618146+07:00,ARM,HNX,0,0,,0,0,1160.0,644.4444444444445,0.0,,,False,False,False,False,False,,False,150,0.5555555555555556,NOT_ENOUGH_DATA,OK,2026-07-31T12:09:04.858539+07:00,1785462230995,45800,0,0,0,0,0,0,0.0,50300,41300,,0,0,0,0,0,,0,0,0,0,0,0,0,1521996,2026-03-16,45.8,,45.8
2026-07-31,2026-07-31T12:19:31.618146+07:00,ATS,HNX,0,0,,0,0,160.0,88.88888888888889,0.0,,,False,False,False,False,False,,False,150,0.5555555555555556,NOT_ENOUGH_DATA,OK,2026-07-31T12:09:04.858539+07:00,1785465279442,24700,0,0,0,0,0,0,0.0,27100,22300,,0,0,0,0,0,22300.0,2400,0,0,0,0,0,0,-3400,2026-06-30,24.7,,24.7
2026-07-31,2026-07-31T12:19:31.618146+07:00,C69,HNX,16500,16500,0.0,224600,224600,603610.0,335338.8888888889,0.6697702158678617,15721.000000000002,4.9551555244577195,False,False,False,False,False,,False,150,0.5555555555555556,OK,OK,2026-07-31T12:09:04.858539+07:00,1785472177900,17400,17400,17400,16400,16820,3777810000,-900,-5.172413793103448,19100,15700,16600.0,100,16500,1700,16400,32400,16900.0,2500,17000,3600,17100,1700,6000,2500,29336826,2026-07-30,17.4,15.721000000000002,17400.0
2026-07-31,2026-07-31T12:19:31.618146+07:00,CAR,HNX,0,0,,0,0,118210.0,65672.22222222222,0.0,,,False,False,False,False,False,,False,150,0.5555555555555556,NOT_ENOUGH_DATA,OK,2026-07-31T12:09:04.858539+07:00,1785462231374,13600,0,0,0,0,0,0,0.0,14900,12300,,0,0,0,0,0,,0,0,0,0,0,0,0,2782062,2026-07-30,13.6,,13.6
2026-07-31,2026-07-31T12:19:31.618146+07:00,DXP,HNX,13800,13800,0.0,134700,134700,204610.0,113672.22222222223,1.1849860710620204,12314.0,12.067565372746468,False,False,False,False,False,,False,150,0.5555555555555556,OK,OK,2026-07-31T12:09:04.858539+07:00,1785472196194,14000,14200,14200,13800,13933,1876830000,-200,-1.4285714285714286,15400,12600,13800.0,2000,13700,20200,13600,12900,13900.0,25600,14000,15900,14100,13000,5000,10000,28797291,2026-07-30,14.0,12.314,14000.0
2026-07-31,2026-07-31T12:19:31.618146+07:00,EVS,HNX,5800,5800,0.0,168600,168600,670820.0,372677.7777777778,0.4524015384156703,5501.500000000001,5.425792965554831,False,False,False,False,False,,False,150,0.5555555555555556,OK,OK,2026-07-31T12:09:04.858539+07:00,1785472161721,5900,6000,6000,5700,5779,974280000,-100,-1.694915254237288,6400,5400,5700.0,32900,5600,112100,5500,99100,5900.0,32000,6000,134500,6100,127000,0,12200,163648418,2026-07-30,5.9,5.501500000000001,5900.0
2026-07-31,2026-07-31T12:19:31.618146+07:00,KSF,HNX,80000,80000,0.0,104200,104200,174700.0,97055.55555555556,1.0736119061247853,79710.5,0.3631892912477026,False,False,False,False,False,,False,150,0.5555555555555556,OK,OK,2026-07-31T12:09:04.858539+07:00,1785472173388,78200,79700,83700,79100,80617,8400280000,1800,2.3017902813299234,86000,70400,80100.0,2000,80000,1700,79900,1500,80600.0,8100,80800,7900,81000,100,8900,2200,449785968,2026-07-30,78.2,79.7105,78200.0
2026-07-31,2026-07-31T12:19:31.618146+07:00,MST,HNX,10300,10300,0.0,1907000,1907000,3327350.0,1848527.7777777778,1.0316317790433829,7423.500000000001,38.748568734424445,False,False,False,False,False,,False,150,0.5555555555555556,OK,OK,2026-07-31T12:09:04.858539+07:00,1785472139489,10400,10400,10700,10100,10419,19869110000,-100,-0.9615384615384616,11400,9400,10200.0,13100,10100,165900,10000,211200,10300.0,90900,10400,74000,10500,422900,107400,6300,55158147,2026-07-30,10.4,7.423500000000001,10400.0
2026-07-31,2026-07-31T12:19:31.618146+07:00,SHN,HNX,8600,8600,0.0,321500,321500,483330.0,268516.6666666667,1.1973186021972564,4573.5,88.03979446813163,False,False,False,False,False,,False,150,0.5555555555555556,OK,OK,2026-07-31T12:09:04.858539+07:00,1785472192910,8600,9000,9400,8600,9069,2915660000,0,0.0,9400,7800,8700.0,100,8600,12800,8500,800,9000.0,1800,9100,2500,9200,8000,0,12600,63456353,2026-07-30,8.6,4.5735,8600.0
2026-07-31,2026-07-31T12:19:31.618146+07:00,SVN,HNX,2700,2700,0.0,77600,77600,234000.0,130000.0,0.5969230769230769,2466.5,9.466855868639772,False,False,False,False,False,,False,150,0.5555555555555556,OK,OK,2026-07-31T12:09:04.858539+07:00,1785472131995,2800,2800,2800,2700,2755,213770000,-100,-3.571428571428571,3000,2600,2700.0,70100,2600,59600,0,0,2800.0,26300,2900,90700,3000,392700,0,0,10279200,2026-07-30,2.8,2.4665,2800.0
2026-07-31,2026-07-31T12:19:31.618146+07:00,VTZ,HNX,20400,20400,0.0,504200,504200,1027960.0,571088.8888888889,0.8828748200319079,19721.5,3.4404076769008447,False,False,False,False,False,,False,150,0.5555555555555556,OK,OK,2026-07-31T12:09:04.858539+07:00,1785472179108,20400,20500,20600,20400,20421,10296030000,0,0.0,22400,18400,20400.0,7400,20300,16800,20200,8600,20500.0,5000,20600,200,20700,2900,0,2000,37965318,2026-07-30,20.4,19.7215,20400.0
2026-07-31,2026-07-31T12:19:31.618146+07:00,ABS,HOSE,3100,3100,0.0,223500,223500,566900.0,314944.44444444444,0.7096489680719704,3025.5500000000006,2.460709623043723,False,False,False,False,False,,False,150,0.5555555555555556,OK,OK,2026-07-31T12:09:04.858539+07:00,1785472179383,3100,2990,3160,2990,3098,692440000,0,0.0,3310,2890,3100.0,9600,3070,300,3060,10100,3110.0,200,3120,200,3130,500,0,0,-1352,2026-07-30,3.1,3.025550000000001,3100.0
2026-07-31,2026-07-31T12:19:31.618146+07:00,ACB,HOSE,22200,22200,0.0,4710000,4710000,17872710.0,9929283.333333334,0.47435447674135595,21185.45,4.788899928960674,False,False,False,False,False,,False,150,0.5555555555555556,OK,OK,2026-07-31T12:09:04.858539+07:00,1785475140270,22350,22600,22600,22200,22321,105130060000,-150,-0.6711409395973155,23900,20800,22200.0,344100,22150,434600,22100,98100,22250.0,48600,22300,136300,22350,190500,219550,1551859,328081124,2026-07-30,22.35,21.18545,22350.0
2026-07-31,2026-07-31T12:19:31.618146+07:00,ASP,HOSE,11900,11900,0.0,336200,336200,409960.0,227755.55555555556,1.4761440140501512,5988.75,98.70590690878731,False,False,False,False,False,,False,150,0.5555555555555556,OK,OK,2026-07-31T12:09:04.858539+07:00,1785472187185,11150,11200,11900,11200,11760,3953840000,750,6.726457399103139,11900,10400,11850.0,9700,11800,1300,11700,5700,11900.0,137800,0,0,0,0,800,2900,3465,2026-07-30,11.15,5.98875,11150.0
2026-07-31,2026-07-31T12:19:31.618146+07:00,BAF,HOSE,29550,29550,0.0,573800,573800,1531880.0,851044.4444444445,0.6742303574692534,29398.399999999994,0.515674322412124,False,False,False,False,False,,False,150,0.5555555555555556,OK,OK,2026-07-31T12:09:04.858539+07:00,1785472132601,29650,29850,29850,29400,29555,16958610000,-100,-0.33726812816188867,31700,27600,29550.0,23600,29500,97500,29450,24100,29600.0,17200,29650,84800,29700,24300,0,24100,172974062,2026-07-30,29.65,29.398399999999995,29650.0
2026-07-31,2026-07-31T12:19:31.618146+07:00,BSR,HOSE,25850,25850,0.0,6024300,6024300,8375300.0,4652944.444444445,1.2947285470371208,23331.85,10.792757539586452,False,False,False,False,False,,False,150,0.5555555555555556,OK,OK,2026-07-31T12:09:04.858539+07:00,1785472202488,25700,26300,26450,25700,26074,157079750000,150,0.5836575875486382,27450,23950,25800.0,8800,25750,24900,25700,165100,25850.0,1500,25900,5400,25950,15900,854500,444800,2397516274,2026-07-30,25.7,23.33185,25700.0
2026-07-31,2026-07-31T12:19:31.618146+07:00,BWE,HOSE,43800,43800,0.0,12400,12400,156840.0,87133.33333333334,0.14231063504208108,43543.30000000001,0.5895281248779716,False,False,False,False,False,,False,150,0.5555555555555556,OK,OK,2026-07-31T12:09:04.858539+07:00,1785472151496,43000,43800,43800,43100,43652,541280000,800,1.8604651162790697,46000,40000,43150.0,400,43100,1100,43000,10900,43700.0,1900,43800,5000,44000,10200,900,1500,102639556,2026-07-30,43.0,43.54330000000001,43000.0
2026-07-31,2026-07-31T12:19:31.618146+07:00,CDC,HOSE,18700,18700,0.0,110700,110700,125290.0,69605.55555555556,1.590390294516721,17784.05,5.1504016239270625,False,False,False,False,False,,False,150,0.5555555555555556,OK,OK,2026-07-31T12:09:04.858539+07:00,1785472033287,18900,18800,18850,18500,18699,2069930000,-200,-1.0582010582010581,20200,17600,18600.0,700,18550,400,18500,1900,18700.0,900,18800,6800,18850,600,0,1600,51625333,2026-07-30,18.9,17.78405,18900.0
2026-07-31,2026-07-31T12:19:31.618146+07:00,CSM,HOSE,14700,14700,0.0,98200,98200,605280.0,336266.6666666667,0.29203013481363993,12936.75,13.629775639167487,False,False,False,False,False,,False,150,0.5555555555555556,OK,OK,2026-07-31T12:09:04.858539+07:00,1785472197399,14600,14650,14800,14600,14703,1443825000,100,0.684931506849315,15600,13600,14600.0,11300,14550,17800,14500,18500,14700.0,600,14750,4000,14800,22300,0,800,51041416,2026-07-30,14.6,12.93675,14600.0
2026-07-31,2026-07-31T12:19:31.618146+07:00,DHC,HOSE,32950,32950,0.0,150300,150300,344700.0,191500.0,0.7848563968668407,31185.15,5.659264104870422,False,False,False,False,False,,False,150,0.5555555555555556,OK,OK,2026-07-31T12:09:04.858539+07:00,1785472205189,32950,33250,33600,32950,33136,4980370000,0,0.0,35250,30650,32950.0,26800,32900,100,32800,100,33050.0,200,33100,200,33200,200,12000,10100,17190327,2026-07-30,32.95,31.18515,32950.0
2026-07-31,2026-07-31T12:19:31.618146+07:00,DHM,HOSE,6680,6680,0.0,4000,4000,115790.0,64327.77777777778,0.06218153553847482,6057.25,10.281068141483345,False,False,False,False,False,,False,150,0.5555555555555556,OK,OK,2026-07-31T12:09:04.858539+07:00,1785470757893,6700,6680,6680,6680,6680,26720000,-20,-0.2985074626865672,7160,6240,6280.0,13000,6270,2000,6260,3200,6600.0,2000,6680,5600,6690,2200,0,0,-39990,2026-07-30,6.7,6.05725,6700.0
2026-07-31,2026-07-31T12:19:31.618146+07:00,GEL,HOSE,25950,25950,0.0,1288300,1288300,1663470.0,924150.0,1.3940377644321809,,,False,False,False,False,False,,False,150,0.5555555555555556,NOT_ENOUGH_DATA,OK,2026-07-31T12:09:04.858539+07:00,1785472191398,25350,25700,26200,25400,25822,33266545000,600,2.366863905325444,27100,23600,25900.0,48600,25850,37300,25800,20500,26000.0,16700,26050,6300,26100,33000,33800,274600,416435741,2026-07-30,25.35,,25350.0
2026-07-31,2026-07-31T12:19:31.618146+07:00,GMD,HOSE,74800,74800,0.0,578700,578700,1404220.0,780122.2222222222,0.741806839384142,69512.99999999999,7.605771582293983,False,False,False,False,False,,False,150,0.5555555555555556,OK,OK,2026-07-31T12:09:04.858539+07:00,1785472208191,76400,77000,77000,74500,75425,43648720000,-1600,-2.094240837696335,81700,71100,74800.0,500,74700,6500,74600,3900,74900.0,2200,75000,5600,75100,400,95100,361400,35623310,2026-07-30,76.4,69.51299999999999,76400.0
2026-07-31,2026-07-31T12:19:31.618146+07:00,HCM,HOSE,25200,25200,0.0,1609600,1609600,5747860.0,3193255.5555555555,0.5040623814776282,21492.45,17.250476330060085,False,False,False,False,False,,False,150,0.5555555555555556,OK,OK,2026-07-31T12:09:04.858539+07:00,1785472197710,25700,25700,25750,25150,25343,40791695000,-500,-1.9455252918287937,27450,23950,25200.0,2200,25150,36100,25100,61100,25250.0,400,25300,1100,25350,5700,11000,99100,160155159,2026-07-30,25.7,21.49245,25700.0
2026-07-31,2026-07-31T12:19:31.618146+07:00,HHP,HOSE,15200,15200,0.0,155500,155500,1205820.0,669900.0,0.23212419764143902,13101.750000000004,16.015036159291665,False,False,False,False,False,,False,150,0.5555555555555556,OK,OK,2026-07-31T12:09:04.858539+07:00,1785472125680,15250,15250,15300,15000,15171,2359090000,-50,-0.32786885245901637,16300,14200,15150.0,1900,15100,3400,15050,3300,15200.0,13100,15250,16900,15300,10700,0,20000,35961806,2026-07-30,15.25,13.101750000000004,15250.0
2026-07-31,2026-07-31T12:19:31.618146+07:00,HII,HOSE,7090,7090,0.0,224500,224500,328740.0,182633.33333333334,1.2292389122102574,5573.250000000001,27.214820795765466,False,False,False,False,False,,False,150,0.5555555555555556,OK,OK,2026-07-31T12:09:04.858539+07:00,1785471598131,6630,7090,7090,7090,7090,1591705000,460,6.93815987933635,7090,6170,7090.0,4893200,7080,1000,7050,1000,,0,0,0,0,0,0,0,36635096,2026-07-30,6.63,5.573250000000001,6630.0
2026-07-31,2026-07-31T12:19:31.618146+07:00,LPB,HOSE,53300,53300,0.0,1060500,1060500,4125290.0,2291827.777777778,0.46273110496474185,45391.6,17.422606825932554,False,False,False,False,False,,False,150,0.5555555555555556,OK,OK,2026-07-31T12:09:04.858539+07:00,1785472212694,52600,52100,53500,52100,52893,56092570000,700,1.3307984790874523,56200,48950,53200.0,25200,53100,10300,53000,139800,53300.0,7500,53400,16100,53500,27900,280000,205700,111758960,2026-07-30,52.6,45.3916,52600.0
2026-07-31,2026-07-31T12:19:31.618146+07:00,MSB,HOSE,15850,15850,0.0,2270500,2270500,6857550.0,3809750.0,0.5959708642299364,13149.25,20.539194250622657,False,False,False,False,False,,False,150,0.5555555555555556,OK,OK,2026-07-31T12:09:04.858539+07:00,1785472212996,15750,15650,15900,15650,15749,35758525000,100,0.6349206349206349,16850,14650,15850.0,126100,15800,146400,15750,277700,15900.0,353800,15950,316100,16000,844300,650700,381300,703064438,2026-07-30,15.75,13.14925,15750.0
2026-07-31,2026-07-31T12:19:31.618146+07:00,MZG,HOSE,11750,11750,0.0,67400,67400,488120.0,271177.7777777778,0.24854543964598866,11432.0,2.781665500349895,False,False,False,False,False,,False,150,0.5555555555555556,OK,OK,2026-07-31T12:09:04.858539+07:00,1785472174315,11800,11900,11900,11750,11778,793845000,-50,-0.423728813559322,12600,11000,11700.0,51900,11650,66000,11600,300,11750.0,5600,11800,7700,11850,27200,0,28500,55987186,2026-07-30,11.8,11.432,11800.0
2026-07-31,2026-07-31T12:19:31.618146+07:00,NAB,HOSE,12200,12200,0.0,1166000,1166000,2081450.0,1156361.1111111112,1.0083355353239327,11965.6,1.9589489870963397,False,False,False,False,False,,False,150,0.5555555555555556,OK,OK,2026-07-31T12:09:04.858539+07:00,1785472167698,12300,12300,12500,12150,12276,14313780000,-100,-0.8130081300813009,13150,11450,12150.0,4400,12100,33200,12050,27000,12200.0,12000,12300,58000,12350,21400,51700,173700,623935725,2026-07-30,12.3,11.9656,12300.0
2026-07-31,2026-07-31T12:19:31.618146+07:00,NAF,HOSE,48150,48150,0.0,230600,230600,605990.0,336661.1111111111,0.6849617980494728,43261.75,11.29924240235312,False,False,False,False,False,,False,150,0.5555555555555556,OK,OK,2026-07-31T12:09:04.858539+07:00,1785472162593,48250,48250,48350,48000,48075,11086000000,-100,-0.20725388601036268,51600,44900,48100.0,7800,48050,21000,48000,33000,48150.0,800,48200,2100,48250,4200,18400,28200,55708634,2026-07-30,48.25,43.26175,48250.0
2026-07-31,2026-07-31T12:19:31.618146+07:00,ORS,HOSE,13950,13950,0.0,2167100,2167100,5207300.0,2892944.4444444445,0.749098381118814,13623.75,2.3947151114781176,False,False,False,False,False,,False,150,0.5555555555555556,OK,OK,2026-07-31T12:09:04.858539+07:00,1785472198615,14200,14250,14250,13950,14057,30463175000,-250,-1.7605633802816902,15150,13250,13950.0,2000,13900,201700,13850,135800,14000.0,27600,14050,2200,14100,34600,0,217300,304205098,2026-07-30,14.2,13.62375,14200.0
2026-07-31,2026-07-31T12:19:31.618146+07:00,PET,HOSE,37900,37900,0.0,71300,71300,352710.0,195950.0,0.3638683337586119,28351.649999999998,33.67828680165,False,False,False,False,False,,False,150,0.5555555555555556,OK,OK,2026-07-31T12:09:04.858539+07:00,1785472171602,38000,38250,38250,37850,38087,2715635000,-100,-0.2631578947368421,40650,35350,37850.0,3900,37800,2800,37700,1600,38000.0,9200,38050,2900,38200,22900,0,0,-1196162,2026-07-30,38.0,28.35165,38000.0
2026-07-31,2026-07-31T12:19:31.618146+07:00,PVP,HOSE,17300,17300,0.0,245100,245100,614490.0,341383.3333333334,0.7179612361470487,15783.400000000001,9.608829529759104,False,False,False,False,False,,False,150,0.5555555555555556,OK,OK,2026-07-31T12:09:04.858539+07:00,1785472195296,17300,17450,17500,17200,17292,4238190000,0,0.0,18500,16100,17200.0,100,17150,5200,17100,27000,17250.0,1300,17300,7900,17350,3000,60400,2900,48743117,2026-07-30,17.3,15.783400000000002,17300.0
2026-07-31,2026-07-31T12:19:31.618146+07:00,SAB,HOSE,43800,43800,0.0,339500,339500,614070.0,341150.0,0.9951634178513851,43794.55,0.012444470830267897,False,False,False,False,False,,False,150,0.5555555555555556,OK,OK,2026-07-31T12:09:04.858539+07:00,1785472193814,43400,43950,44000,43600,43845,14885425000,400,0.9216589861751152,46400,40400,43850.0,300,43800,4500,43750,6600,43900.0,7100,43950,41700,44000,53200,212800,24600,529616128,2026-07-30,43.4,43.79455,43400.0
2026-07-31,2026-07-31T12:19:31.618146+07:00,STB,HOSE,72000,72000,0.0,1133200,1133200,4756500.0,2642500.0,0.4288363292336802,62371.5,15.437339169332148,False,False,False,False,False,,False,150,0.5555555555555556,OK,OK,2026-07-31T12:09:04.858539+07:00,1785472218698,71600,71500,72300,71400,71784,81346190000,400,0.5586592178770949,76600,66600,71900.0,10000,71800,22600,71700,29800,72000.0,4800,72100,55400,72200,26300,185400,344900,354642981,2026-07-30,71.6,62.3715,71600.0
2026-07-31,2026-07-31T12:19:31.618146+07:00,TCX,HOSE,40300,40300,0.0,557700,557700,1390970.0,772761.1111111111,0.721697808004486,,,False,False,False,False,False,,False,150,0.5555555555555556,NOT_ENOUGH_DATA,OK,2026-07-31T12:09:04.858539+07:00,1785472187793,40600,40950,41000,40250,40528,22602435000,-300,-0.7389162561576355,43400,37800,40300.0,3500,40250,13900,40200,10000,40350.0,1300,40400,21200,40450,3000,170700,102100,2516010477,2026-07-30,40.6,,40600.0
2026-07-31,2026-07-31T12:19:31.618146+07:00,TNI,HOSE,6780,6780,0.0,1361100,1361100,1764110.0,980061.1111111111,1.3887909484102465,5175.650000000001,30.998038893665512,False,False,False,False,False,,False,150,0.5555555555555556,OK,OK,2026-07-31T12:09:04.858539+07:00,1785472191087,6900,6910,7150,6420,7057,9604745000,-120,-1.7391304347826086,7380,6420,6600.0,1000,6500,4600,6490,500,6780.0,1000,6800,1600,6900,4200,5000,0,25658212,2026-07-30,6.9,5.175650000000001,6900.0
2026-07-31,2026-07-31T12:19:31.618146+07:00,VCK,HOSE,30800,30800,0.0,769700,769700,2891910.0,1606616.6666666667,0.4790812992105563,,,False,False,False,False,False,,False,150,0.5555555555555556,NOT_ENOUGH_DATA,OK,2026-07-31T12:09:04.858539+07:00,1785472190804,31150,31150,31150,30700,30947,23820150000,-350,-1.1235955056179776,33300,29000,30800.0,28900,30750,30700,30700,56000,30850.0,17100,30900,5000,30950,11800,286100,94900,2345154479,2026-07-30,31.15,,31150.0
2026-07-31,2026-07-31T12:19:31.618146+07:00,VHM,HOSE,146900,146900,0.0,2981600,2981600,4233670.0,2352038.888888889,1.2676661147420558,118904.15000000001,23.544888887393746,False,False,False,False,False,,False,150,0.5555555555555556,OK,OK,2026-07-31T12:09:04.858539+07:00,1785475161879,147900,154000,154000,146000,149203,444864900000,-1000,-0.676132521974307,158200,137600,146800.0,4800,146700,8700,146600,6100,146900.0,900,147000,3200,147100,2800,188346,1557842,1768803277,2026-07-30,147.9,118.90415000000002,147900.0
2026-07-31,2026-07-31T12:19:31.618146+07:00,VIC,HOSE,219600,219600,0.0,2030700,2030700,3641290.0,2022938.888888889,1.0038365524305946,165701.5,32.52746655884226,False,False,False,False,False,,False,150,0.5555555555555556,OK,OK,2026-07-31T12:09:04.858539+07:00,1785472222296,220000,223800,223800,218700,220120,446997450000,-400,-0.18181818181818182,235400,204600,219600.0,2400,219500,7100,219400,5500,219700.0,6300,219800,5300,219900,5100,611000,444800,3481586842,2026-07-30,220.0,165.7015,220000.0
2026-07-31,2026-07-31T12:19:31.618146+07:00,VNM,HOSE,60500,60500,0.0,1827700,1827700,6269280.0,3482933.3333333335,0.5247588239797871,59843.200000000004,1.0975348911822824,False,False,False,False,False,,False,150,0.5555555555555556,OK,OK,2026-07-31T12:09:04.858539+07:00,1785475162778,61200,61200,61300,60100,60548,110663540000,-700,-1.1437908496732025,65400,57000,60300.0,1000,60200,58900,60100,60600,60500.0,400,60600,18500,60700,14300,337700,362226,1055590586,2026-07-30,61.2,59.8432,61200.0
2026-07-31,2026-07-31T12:19:31.618146+07:00,VPI,HOSE,64000,64000,0.0,1289200,1289200,1538090.0,854494.4444444445,1.5087283578984323,58523.0,9.358713668130479,False,False,False,False,False,,False,150,0.5555555555555556,OK,OK,2026-07-31T12:09:04.858539+07:00,1785472179720,64900,64800,64900,63800,64241,82819740000,-900,-1.386748844375963,69400,60400,63900.0,6900,63800,6300,63700,5400,64100.0,6500,64200,16500,64300,6600,14800,215800,125857776,2026-07-30,64.9,58.523,64900.00000000001
2026-07-31,2026-07-31T12:19:31.618146+07:00,VPX,HOSE,25150,25150,0.0,374700,374700,1558400.0,865777.7777777779,0.43279004106776175,,,False,False,False,False,False,,False,150,0.5555555555555556,NOT_ENOUGH_DATA,OK,2026-07-31T12:09:04.858539+07:00,1785472223498,25400,25500,25550,25050,25189,9438135000,-250,-0.984251968503937,27150,23650,25100.0,14500,25050,13200,25000,17600,25150.0,1200,25200,7000,25250,5500,92800,57000,1796230615,2026-07-30,25.4,,25400.0
2026-07-31,2026-07-31T12:19:31.618146+07:00,VVS,HOSE,102800,102800,0.0,97100,97100,241550.0,134194.44444444444,0.7235768991927137,59586.3,72.52287858115035,False,False,False,False,False,,False,150,0.5555555555555556,OK,OK,2026-07-31T12:09:04.858539+07:00,1785472198621,98800,98800,102800,98500,100801,9787790000,4000,4.048582995951417,105700,91900,102500.0,500,102400,500,102300,600,102800.0,1500,102900,800,103000,5700,27800,5500,9765513,2026-07-30,98.8,59.5863,98800.0
2026-07-31,2026-07-31T12:19:31.618146+07:00,ABB,UPCOM,17300,17300,0.0,1573500,1573500,1827640.0,1015355.5555555556,1.5497034426911207,12897.65,34.1329622062934,False,False,False,False,False,,False,150,0.5555555555555556,OK,OK,2026-07-31T12:09:04.858539+07:00,1785472148178,17400,17500,17500,17300,17394,27369710000,-100,-0.5747126436781609,20000,14800,17300.0,324100,17200,276300,17100,240300,17400.0,911100,17500,865700,17600,182400,0,0,62407064,2026-07-30,17.4,12.89765,17400.0
2026-07-31,2026-07-31T12:19:31.618146+07:00,ABW,UPCOM,14000,14000,0.0,49600,49600,519160.0,288422.22222222225,0.1719701055551275,11214.5,24.838378884479916,False,False,False,False,False,,False,150,0.5555555555555556,OK,OK,2026-07-31T12:09:04.858539+07:00,1785471992744,14000,14100,14100,14000,14007,694730000,0,0.0,16100,11900,14000.0,86500,13900,84100,13800,57300,14100.0,14400,14200,40800,14300,16700,0,0,301135100,2026-07-30,14.0,11.2145,14000.0
2026-07-31,2026-07-31T12:19:31.618146+07:00,BMS,UPCOM,13200,13200,0.0,71700,71700,134230.0,74572.22222222222,0.9614840199657305,13091.65,0.8276267697349102,False,False,False,False,False,,False,150,0.5555555555555556,OK,OK,2026-07-31T12:09:04.858539+07:00,1785472042257,13200,13300,13300,13200,13222,948040000,0,0.0,15100,11300,13100.0,9200,13000,14000,12900,5100,13200.0,3000,13300,4000,13400,1700,0,0,215141709,2026-07-30,13.3,13.09165,13300.0
2026-07-31,2026-07-31T12:19:31.618146+07:00,CLI,UPCOM,27400,27400,0.0,325800,325800,311050.0,172805.55555555556,1.8853560520816588,,,False,False,False,False,False,,False,150,0.5555555555555556,NOT_ENOUGH_DATA,OK,2026-07-31T12:09:04.858539+07:00,1785471854717,26400,27000,27600,26800,27382,8921140000,1000,3.787878787878788,30300,22500,27300.0,9900,27200,39500,27100,25300,27400.0,36600,27500,12900,27600,3500,0,0,34786687,2026-07-30,26.6,,26600.0
2026-07-31,2026-07-31T12:19:31.618146+07:00,CVN,UPCOM,1500,1500,0.0,518600,518600,487930.0,271072.22222222225,1.9131432787490008,,,False,False,False,False,False,,False,150,0.5555555555555556,NOT_ENOUGH_DATA,OK,2026-07-31T12:09:04.858539+07:00,1785472151528,1400,1500,1600,1300,1388,719890000,100,7.142857142857142,1600,1200,1300.0,202600,1200,547900,0,0,1500.0,222700,1600,1011000,0,0,0,0,-540,2026-07-30,1.4,,1400.0
2026-07-31,2026-07-31T12:19:31.618146+07:00,DDG,UPCOM,900,900,0.0,186800,186800,478420.0,265788.8888888889,0.7028134275322938,,,False,False,False,False,False,,False,150,0.5555555555555556,NOT_ENOUGH_DATA,OK,2026-07-31T12:09:04.858539+07:00,1785471856232,900,900,1000,900,901,168280000,0,0.0,1000,800,900.0,130400,800,525000,0,0,1000.0,664500,0,0,0,0,0,0,39509993,2026-07-30,0.9,,0.9
2026-07-31,2026-07-31T12:19:31.618146+07:00,DHB,UPCOM,13300,13300,0.0,73200,73200,197330.0,109627.77777777778,0.6677139816550955,10053.0,32.29881627374913,False,False,False,False,False,,False,150,0.5555555555555556,OK,OK,2026-07-31T12:09:04.858539+07:00,1785472137384,14000,14000,14200,13300,13499,988120000,-700,-5.0,16100,11900,13200.0,7900,13100,6500,13000,7200,13500.0,800,13700,2600,13900,200,1000,0,133365900,2026-07-30,14.0,10.053,14000.0
2026-07-31,2026-07-31T12:19:31.618146+07:00,F88,UPCOM,71900,71900,0.0,76500,76500,158600.0,88111.11111111111,0.8682219419924339,67151.84999999999,7.070765734674486,False,False,False,False,False,,False,150,0.5555555555555556,OK,OK,2026-07-31T12:09:04.858539+07:00,1785471993938,72600,72600,73600,71500,72839,5572180000,-700,-0.9641873278236914,83400,61800,71900.0,600,71800,1600,71700,1800,72000.0,6900,72200,300,72300,5000,0,1900,92827777,2026-07-30,72.4,67.15185,72400.0
2026-07-31,2026-07-31T12:19:31.618146+07:00,HNG,UPCOM,6800,6800,0.0,1648900,1648900,2817690.0,1565383.3333333335,1.0533522140476772,6449.5,5.434529808512288,False,False,False,False,False,,False,150,0.5555555555555556,OK,OK,2026-07-31T12:09:04.858539+07:00,1785472177587,6800,6900,7000,6700,6892,11364690000,0,0.0,7800,5800,6700.0,1661000,6600,1361300,6500,1413000,6800.0,56000,6900,367000,7000,665000,110000,0,539656107,2026-07-30,6.8,6.4495,6800.0
2026-07-31,2026-07-31T12:19:31.618146+07:00,MSR,UPCOM,36400,36400,0.0,270400,270400,937830.0,521016.6666666667,0.5189853171683567,35179.0,3.470820660052872,False,False,False,False,False,,False,150,0.5555555555555556,OK,OK,2026-07-31T12:09:04.858539+07:00,1785472194398,36400,36400,36700,36100,36349,9828800000,0,0.0,41800,31000,36400.0,700,36300,7800,36200,22300,36500.0,7300,36600,13000,36700,7900,500,0,1098233854,2026-07-30,36.3,35.179,36300.0
2026-07-31,2026-07-31T12:19:31.618146+07:00,PHP,UPCOM,37300,37300,0.0,94000,94000,147800.0,82111.11111111111,1.1447902571041948,34487.549999999996,8.15497186665914,False,False,False,False,False,,False,150,0.5555555555555556,OK,OK,2026-07-31T12:09:04.858539+07:00,1785472191392,38100,38100,38100,37300,37587,3533190000,-800,-2.099737532808399,43800,32400,37300.0,100,37200,4200,37100,6900,37600.0,1100,37700,1400,37800,1800,0,17200,159789456,2026-07-30,38.0,34.48755,38000.0
2026-07-31,2026-07-31T12:19:31.618146+07:00,PIV,UPCOM,6400,6400,0.0,73800,73800,99230.0,55127.77777777778,1.338708052000403,6090.0,5.0903119868637114,False,False,False,False,False,,False,150,0.5555555555555556,OK,OK,2026-07-31T12:09:04.858539+07:00,1785471952526,6200,6400,6600,6300,6471,477540000,200,3.225806451612903,7100,5300,6300.0,12500,6200,10600,6100,21000,6400.0,4900,6500,18500,6600,6100,0,0,8487841,2026-07-30,6.5,6.09,6500.0
2026-07-31,2026-07-31T12:19:31.618146+07:00,TAH,UPCOM,24000,24000,0.0,60600,60600,,,,,,False,False,False,False,False,,False,150,0.5555555555555556,NOT_ENOUGH_DATA,NOT_ENOUGH_DATA,2026-07-31T12:09:04.858539+07:00,1785472129896,23800,24100,24100,23900,24052,1457570000,200,0.8403361344537815,27300,20300,24000.0,6500,23900,4300,23800,9500,24100.0,5000,24200,4000,24300,9500,0,0,0,2026-07-30,24.6,,24600.0
2026-07-31,2026-07-31T12:19:31.618146+07:00,VIW,UPCOM,24300,24300,0.0,57400,57400,138100.0,76722.22222222222,0.748153511947864,23002.5,5.640691229214216,False,False,False,False,False,,False,150,0.5555555555555556,OK,OK,2026-07-31T12:09:04.858539+07:00,1785472195007,24400,24700,24800,24000,24239,1391300000,-100,-0.4098360655737705,28000,20800,24200.0,100,24100,700,24000,6800,24400.0,1000,24500,1200,24800,500,0,0,-200,2026-07-30,24.6,23.0025,24600.0
